nama_posisi,jenjang_utama,level_utama,jenjang_lain,jumlah_pegawai,jumlah_unit_induk
ASSISTANT MANAGER ADMINISTRASI KONTRAK,G3,13,,3,3
ASSISTANT MANAGER ADMINISTRASI KONTRAK PEMBANGKIT DAN JARINGAN,G3,13,,1,1
ASSISTANT MANAGER ADMINISTRASI PELANGGAN,G3,13,,22,22
ASSISTANT MANAGER ADMINISTRASI TEKNIK,G3,13,,11,11
ASSISTANT MANAGER AKUNTANSI,G3,13,,4,4
ASSISTANT MANAGER AKUNTANSI AT DAN PDP,G3,13,,28,28
ASSISTANT MANAGER AKUNTANSI UMUM DAN BIAYA,G3,13,,28,28
"ASSISTANT MANAGER AKUNTANSI, PAJAK DAN ASURANSI",G3,13,,1,1
ASSISTANT MANAGER ANALISA DAN EVALUASI OPERASI SISTEM,G3,13,,2,2
ASSISTANT MANAGER ANALISIS DAN EVALUASI OPERASI SISTEM,G3,13,,1,1
ASSISTANT MANAGER ANALISIS DAN EVALUASI SISTEM PEMBANGKITAN,G3,14,,1,1
ASSISTANT MANAGER ANALISIS DAN EVALUASI SISTEM PENYALURAN,G3,14,,1,1
ASSISTANT MANAGER ANGGARAN,G3,13,,11,11
ASSISTANT MANAGER APLIKASI SCADA,G3,13,,1,1
ASSISTANT MANAGER ASESMEN GI DAN GIS,G3,13,,4,3
ASSISTANT MANAGER ASESMEN JARINGAN DAN KABEL,G3,13,,4,3
ASSISTANT MANAGER ASESMEN PROTEKSI DAN CATU DAYA,G3,13,,4,3
ASSISTANT MANAGER ASET PROPERTI,G3,13,,27,27
ASSISTANT MANAGER ASET PROPERTI DAN UMUM,G3,13,,3,3
ASSISTANT MANAGER AUTOMATIC METER READING (AMR),G3,13,,1,1
ASSISTANT MANAGER BANTUAN HUKUM DAN REGULASI 1 JAKARTA,G3,14,,1,1
ASSISTANT MANAGER BANTUAN HUKUM DAN REGULASI 1 JAWA BARAT,G3,14,,1,1
ASSISTANT MANAGER BANTUAN HUKUM DAN REGULASI 1 JAWA TIMUR,G3,14,,1,1
ASSISTANT MANAGER BANTUAN HUKUM DAN REGULASI 1 KALIMANTAN TIMUR DAN KALIMANTAN UTARA,G3,14,,1,1
ASSISTANT MANAGER BANTUAN HUKUM DAN REGULASI 1 MALUKU,G3,14,,1,1
ASSISTANT MANAGER BANTUAN HUKUM DAN REGULASI 1 NUSA TENGGARA BARAT,G3,14,,1,1
ASSISTANT MANAGER BANTUAN HUKUM DAN REGULASI 1 RIAU DAN KEPULAUAN RIAU,G3,14,,1,1
ASSISTANT MANAGER BANTUAN HUKUM DAN REGULASI 1 SUMATERA UTARA,G3,14,,1,1
ASSISTANT MANAGER BANTUAN HUKUM DAN REGULASI 2 JAKARTA,G3,14,,1,1
ASSISTANT MANAGER BANTUAN HUKUM DAN REGULASI 2 JAWA BARAT,G3,14,,1,1
ASSISTANT MANAGER BANTUAN HUKUM DAN REGULASI 2 JAWA TIMUR,G3,14,,1,1
ASSISTANT MANAGER BANTUAN HUKUM DAN REGULASI 2 KALIMANTAN TIMUR DANKALIMANTAN UTARA,G3,14,,1,1
ASSISTANT MANAGER BANTUAN HUKUM DAN REGULASI 2 MALUKU,G3,14,,1,1
ASSISTANT MANAGER BANTUAN HUKUM DAN REGULASI 2 NUSA TENGGARA BARAT,G3,14,,1,1
ASSISTANT MANAGER BANTUAN HUKUM DAN REGULASI 2 RIAU DAN KEPULAUAN RIAU,G3,14,,1,1
ASSISTANT MANAGER BANTUAN HUKUM DAN REGULASI 2 SUMATERA UTARA,G3,14,,1,1
ASSISTANT MANAGER BANTUAN HUKUM DAN REGULASI BALI,G3,14,,1,1
ASSISTANT MANAGER BANTUAN HUKUM DAN REGULASI BANGKA BELITUNG,G3,14,,1,1
ASSISTANT MANAGER BANTUAN HUKUM DAN REGULASI JAWA TENGAH DAN D.I.YOGYAKARTA,G3,14,,1,1
ASSISTANT MANAGER BANTUAN HUKUM DAN REGULASI KALIMANTAN SELATAN,G3,14,,1,1
ASSISTANT MANAGER BANTUAN HUKUM DAN REGULASI LAMPUNG,G3,14,,1,1
ASSISTANT MANAGER BANTUAN HUKUM DAN REGULASI SULAWESI SELATAN,G3,14,,1,1
ASSISTANT MANAGER BANTUAN HUKUM DAN REGULASI SULAWESI UTARA,G3,14,,1,1
ASSISTANT MANAGER BANTUAN HUKUM DAN REGULASI SUMATERA SELATAN,G3,14,,1,1
ASSISTANT MANAGER COACHING MANAGEMENT,G3,13,,1,1
ASSISTANT MANAGER DATA METER,G3,13,,1,1
ASSISTANT MANAGER DESAIN KONSTRUKSI,G3,13,,1,1
ASSISTANT MANAGER DIGITAL SERVICE DAN CUSTOMER EXPERIENCE,G3,13,,22,22
"ASSISTANT MANAGER EFISIENSI, PENGUKURAN DAN MUTU SISTEM DISTRIBUSI",G3,13,,1,1
ASSISTANT MANAGER ELEKTROMEKANIK,G3,13,,1,1
ASSISTANT MANAGER ENJINIRING,G3,14,,8,6
ASSISTANT MANAGER ENJINIRING SIPIL,G3,13,,3,3
ASSISTANT MANAGER EVALUASI SISTEM,G3,13,,4,4
ASSISTANT MANAGER FASILITAS OPERASI,G3,14,,34,25
ASSISTANT MANAGER FASILITAS OPERASI BANTEN,G3,14,,1,1
ASSISTANT MANAGER FASILITAS OPERASI DKI JAKARTA,G3,14,,1,1
ASSISTANT MANAGER FASILITAS PEMELIHARAAN,G3,13,,2,2
ASSISTANT MANAGER HUBUNGAN INDUSTRIAL DAN ALIH DAYA UID ACEH,G3,14,,1,1
ASSISTANT MANAGER HUBUNGAN INDUSTRIAL DAN ALIH DAYA UID BALI,G3,14,,1,1
ASSISTANT MANAGER HUBUNGAN INDUSTRIAL DAN ALIH DAYA UID JAKARTA RAYA,G3,14,,1,1
ASSISTANT MANAGER HUBUNGAN INDUSTRIAL DAN ALIH DAYA UID JAWA BARAT,G3,14,,1,1
ASSISTANT MANAGER HUBUNGAN INDUSTRIAL DAN ALIH DAYA UID JAWA TENGAH DAN D.I. YOGYAKARTA,G3,14,,1,1
ASSISTANT MANAGER HUBUNGAN INDUSTRIAL DAN ALIH DAYA UID JAWA TIMUR,G3,14,,1,1
ASSISTANT MANAGER HUBUNGAN INDUSTRIAL DAN ALIH DAYA UID KALBAR,G3,14,,1,1
ASSISTANT MANAGER HUBUNGAN INDUSTRIAL DAN ALIH DAYA UID KALSELTENG,G3,14,,1,1
ASSISTANT MANAGER HUBUNGAN INDUSTRIAL DAN ALIH DAYA UID KALTIMRA,G3,14,,1,1
ASSISTANT MANAGER HUBUNGAN INDUSTRIAL DAN ALIH DAYA UID LAMPUNG,G3,14,,1,1
ASSISTANT MANAGER HUBUNGAN INDUSTRIAL DAN ALIH DAYA UID RIAU DAN KEPRI,G3,14,,1,1
ASSISTANT MANAGER HUBUNGAN INDUSTRIAL DAN ALIH DAYA UID S2JB,G3,14,,1,1
ASSISTANT MANAGER HUBUNGAN INDUSTRIAL DAN ALIH DAYA UID SULSELRABAR,G3,14,,1,1
ASSISTANT MANAGER HUBUNGAN INDUSTRIAL DAN ALIH DAYA UID SULUTTENGGO,G3,14,,1,1
ASSISTANT MANAGER HUBUNGAN INDUSTRIAL DAN ALIH DAYA UID SUMATERA BARAT,G3,14,,1,1
ASSISTANT MANAGER HUBUNGAN INDUSTRIAL DAN ALIH DAYA UID SUMATERA UTARA,G3,14,,1,1
ASSISTANT MANAGER HUBUNGAN INDUSTRIAL DAN ALIH DAYA UIP3B KALIMANTAN,G3,14,,1,1
ASSISTANT MANAGER HUBUNGAN INDUSTRIAL DAN ALIH DAYA UIP3B SULAWESI,G3,14,,1,1
ASSISTANT MANAGER HUBUNGAN INDUSTRIAL DAN ALIH DAYA UIP3B SUMATERA,G3,14,,1,1
ASSISTANT MANAGER HUBUNGAN INDUSTRIAL DAN ALIH DAYA UIT JBB,G3,14,,1,1
ASSISTANT MANAGER HUBUNGAN INDUSTRIAL DAN ALIH DAYA UIT JBT,G3,14,,1,1
ASSISTANT MANAGER HUBUNGAN INDUSTRIAL DAN ALIH DAYA UIT JBTB,G3,14,,1,1
ASSISTANT MANAGER HUBUNGAN INDUSTRIAL DAN ALIH DAYA UIW MALUKU DAN MALUKU UTARA,G3,14,,1,1
ASSISTANT MANAGER HUBUNGAN INDUSTRIAL DAN ALIH DAYA UIW NTB,G3,14,,1,1
ASSISTANT MANAGER HUBUNGAN INDUSTRIAL DAN ALIH DAYA UIW NTT,G3,14,,1,1
ASSISTANT MANAGER HUBUNGAN INDUSTRIAL DAN ALIH DAYA UIW PAPUA DAN PAPUA BARAT,G3,14,,1,1
ASSISTANT MANAGER IPP DAN EXCESS POWER,G3,13,,13,13
ASSISTANT MANAGER JARINGAN,G3,13,,1,1
ASSISTANT MANAGER JARINGAN DAN KONSTRUKSI,G3,14,,11,2
ASSISTANT MANAGER JARINGAN DAN KONSTRUKSI DISTRIBUSI,G3,14,,74,14
ASSISTANT MANAGER JARINGAN DISTRIBUSI,G3,14,,78,10
ASSISTANT MANAGER KEAMANAN,G3,13,,1,1
ASSISTANT MANAGER KESELAMATAN DAN KESEHATAN KERJA,G3,13,,1,1
"ASSISTANT MANAGER KESELAMATAN, KESEHATAN KERJA DAN KEAMANAN",G3,13,,11,11
"ASSISTANT MANAGER KESELAMATAN, KESEHATAN KERJA, DAN KEAMANAN",G3,13,,30,30
"ASSISTANT MANAGER KESELAMATAN, KESEHATAN KERJA, LINGKUNGAN DAN KEAMANAN",G3,13,,4,4
ASSISTANT MANAGER KEUANGAN DAN ANGGARAN,G3,13,,4,4
ASSISTANT MANAGER KEUANGAN DAN PAJAK,G3,13,,1,1
ASSISTANT MANAGER KEUANGAN DAN UMUM,G3,14,,236,31
"ASSISTANT MANAGER KEUANGAN PERIZINAN, PERTANAHAN DAN UMUM",G3,14,,4,1
"ASSISTANT MANAGER KEUANGAN, KOMUNIKASI DAN UMUM",G3,14,,5,1
"ASSISTANT MANAGER KEUANGAN, PERIZINAN, PERTANAHAN DAN UMUM",G3,14,,35,10
ASSISTANT MANAGER KINERJA PEMBANGKIT DAN TRANSMISI,G3,13,,1,1
ASSISTANT MANAGER KOMISIONING SISTEM PEMBANGKIT,G3,13,,1,1
ASSISTANT MANAGER KOMUNIKASI,G3,13,,6,6
ASSISTANT MANAGER KOMUNIKASI DAN MANAJEMEN STAKEHOLDER,G3,13,,21,21
ASSISTANT MANAGER KOMUNIKASI DAN TJSL,G3,13,,13,13
"ASSISTANT MANAGER KOMUNIKASI, MANAJEMEN STAKEHOLDER, DAN TJSL",G3,13,,1,1
ASSISTANT MANAGER KONSTRUKSI,G3,14,,20,4
ASSISTANT MANAGER KONSTRUKSI DAN PENYALURAN,G3,14,,21,5
ASSISTANT MANAGER KONSTRUKSI DISTRIBUSI,G3,14,,79,10
ASSISTANT MANAGER KONTRAK 1 JAKARTA,G3,14,,1,1
ASSISTANT MANAGER KONTRAK 1 SULAWESI SELATAN,G3,14,,1,1
ASSISTANT MANAGER KONTRAK 1 SUMSEL,G3,14,,1,1
ASSISTANT MANAGER KONTRAK 2 JAKARTA,G3,14,,1,1
ASSISTANT MANAGER KONTRAK 2 SULAWESI SELATAN,G3,14,,1,1
ASSISTANT MANAGER KONTRAK 2 SUMSEL,G3,14,,1,1
ASSISTANT MANAGER KONTRAK BANGKA BELITUNG,G3,14,,1,1
ASSISTANT MANAGER KONTRAK BANTEN,G3,14,,1,1
ASSISTANT MANAGER KONTRAK JAWA BARAT,G3,14,,1,1
ASSISTANT MANAGER KONTRAK JAWA TENGAH DAN D.I. YOGYAKARTA,G3,14,,1,1
ASSISTANT MANAGER KONTRAK JAWA TIMUR,G3,14,,1,1
ASSISTANT MANAGER KONTRAK KALIMANTAN BARAT,G3,14,,1,1
ASSISTANT MANAGER KONTRAK PAPUA,G3,14,,1,1
ASSISTANT MANAGER KONTRAK RIAU DAN KEPULAUAN RIAU,G3,14,,1,1
ASSISTANT MANAGER KONTRAK SUMBAR,G3,14,,1,1
ASSISTANT MANAGER KONTRAK SUMUT,G3,14,,1,1
ASSISTANT MANAGER LABORATORIUM,G3,13,,4,3
ASSISTANT MANAGER LAYANAN PRIORITAS DAN PAE,G3,13,,6,6
ASSISTANT MANAGER LINGKUNGAN,G3,13,,42,42
ASSISTANT MANAGER LOGISTIK,G3,13,,14,14
ASSISTANT MANAGER MANAJEMEN BILLING,G3,13,,22,22
ASSISTANT MANAGER MANAJEMEN KONSTRUKSI JARINGAN,G3,14,,5,1
ASSISTANT MANAGER MANAJEMEN KONSTRUKSI PEMBANGKITAN,G3,14,,4,1
ASSISTANT MANAGER MANAJEMEN MATERIAL DAN LOGISTIK,G3,13,,1,1
ASSISTANT MANAGER MANAJEMEN RISIKO DAN KEPATUHAN,G3,13,,2,2
"ASSISTANT MANAGER MANAJEMEN RISIKO, KEPATUHAN DAN SISTEM MANAJEMEN TERINTEGRASI",G3,13,,4,4
"ASSISTANT MANAGER MANAJEMEN RISIKO, KEPATUHAN DAN SISTEM MANAJEMENTERINTEGRASI",G3,13,,4,4
"ASSISTANT MANAGER MANAJEMEN RISIKO, KEPATUHAN, DAN SISTEM MANAJEMEN TERINTEGRASI",G3,13,,35,35
"ASSISTANT MANAGER MANAJEMEN RISIKO, KEPATUHAN, DAN SISTEM MANAJEMENTERINTEGRASI",G3,13,,1,1
ASSISTANT MANAGER MANAJEMEN STAKEHOLDER,G3,13,,6,6
"ASSISTANT MANAGER MANAJEMEN TALENTA, HUBUNGAN INDUSTRIAL DAN ALIH DAYA PUSDIKLAT",G3,14,,1,1
"ASSISTANT MANAGER MANAJEMEN TALENTA, HUBUNGAN INDUSTRIAL DAN ALIH DAYA PUSERTIF",G3,14,,1,1
"ASSISTANT MANAGER MANAJEMEN TALENTA, HUBUNGAN INDUSTRIAL DAN ALIH DAYA PUSHARLIS",G3,14,,1,1
"ASSISTANT MANAGER MANAJEMEN TALENTA, HUBUNGAN INDUSTRIAL DAN ALIH DAYA PUSLITBANG",G3,14,,1,1
"ASSISTANT MANAGER MANAJEMEN TALENTA, HUBUNGAN INDUSTRIAL DAN ALIH DAYA PUSMANPRO",G3,14,,1,1
"ASSISTANT MANAGER MANAJEMEN TALENTA, HUBUNGAN INDUSTRIAL DAN ALIH DAYA UIK TANJUNG JATI B",G3,14,,1,1
"ASSISTANT MANAGER MANAJEMEN TALENTA, HUBUNGAN INDUSTRIAL DAN ALIH DAYA UIP JBT",G3,14,,1,1
"ASSISTANT MANAGER MANAJEMEN TALENTA, HUBUNGAN INDUSTRIAL DAN ALIH DAYA UIP JBTB",G3,14,,1,1
"ASSISTANT MANAGER MANAJEMEN TALENTA, HUBUNGAN INDUSTRIAL DAN ALIH DAYA UIP KALBAGTIM",G3,14,,1,1
"ASSISTANT MANAGER MANAJEMEN TALENTA, HUBUNGAN INDUSTRIAL DAN ALIH DAYA UIP MALUKU DAN PAPUA",G3,14,,1,1
"ASSISTANT MANAGER MANAJEMEN TALENTA, HUBUNGAN INDUSTRIAL DAN ALIH DAYA UIP SULAWESI",G3,14,,1,1
"ASSISTANT MANAGER MANAJEMEN TALENTA, HUBUNGAN INDUSTRIAL DAN ALIH DAYA UIP SUMBAGSEL",G3,14,,1,1
"ASSISTANT MANAGER MANAJEMEN TALENTA, HUBUNGAN INDUSTRIAL DAN ALIH DAYA UIP SUMBAGTENG",G3,14,,1,1
"ASSISTANT MANAGER MANAJEMEN TALENTA, HUBUNGAN INDUSTRIAL DAN ALIH DAYA UIP SUMBAGUT",G3,14,,1,1
"ASSISTANT MANAGER MANAJEMEN TALENTA, HUBUNGAN INDUSTRIAL DAN ALIH DAYA UIP2B",G3,14,,1,1
"ASSISTANT MANAGER MANAJEMEN TALENTA, HUBUNGAN INDUSTRIAL DAN ALIH DAYA UIW BANGKA BELITUNG",G3,14,,1,1
"ASSISTANT MANAGER MANAJEMEN TALENTA, HUBUNGAN INDUSTRIAL DAN ALIH DAYAUIP KALBAGBAR",G3,14,,1,1
"ASSISTANT MANAGER MANAJEMEN TALENTA, HUBUNGAN INDUSTRIAL DAN ALIH DAYAUIP NUSRA",G3,14,,1,1
ASSISTANT MANAGER MASTER STATION,G3,13,,2,2
ASSISTANT MANAGER NIAGA,G3,14,,20,2
ASSISTANT MANAGER NIAGA DAN PEMASARAN,G3,14,,147,21
ASSISTANT MANAGER OPERASI DAN PEMELIHARAAN PEMBANGKITAN,G3,14,,7,5
ASSISTANT MANAGER OPERASI DAN PEMELIHARAAN SISTEM DISTRIBUSI DAN PDKB,G3,13,,1,1
ASSISTANT MANAGER OPERASI SISTEM,G3,14,,14,6
ASSISTANT MANAGER OPERASI SISTEM BANTEN,G3,14,,1,1
ASSISTANT MANAGER OPERASI SISTEM DAN TRANSMISI,G3,14,,1,1
ASSISTANT MANAGER OPERASI SISTEM DISTRIBUSI,G3,14,,16,16
ASSISTANT MANAGER OPERASI SISTEM DISTRIBUSI DAN SCADA,G3,13,,4,4
ASSISTANT MANAGER OPERASI SISTEM DISTRIBUSI I,G3,14,,2,2
ASSISTANT MANAGER OPERASI SISTEM DISTRIBUSI II,G3,14,,1,1
ASSISTANT MANAGER OPERASI SISTEM DKI JAKARTA,G3,14,,1,1
ASSISTANT MANAGER OPERASI SISTEM I,G3,14,,2,2
ASSISTANT MANAGER OPERASI SISTEM II,G3,14,,2,2
ASSISTANT MANAGER OPERASIONAL SISTEM TEKNOLOGI INFORMASI ACEH,G3,14,,1,1
ASSISTANT MANAGER OPERASIONAL SISTEM TEKNOLOGI INFORMASI BALI,G3,14,,1,1
ASSISTANT MANAGER OPERASIONAL SISTEM TEKNOLOGI INFORMASI BANGKA BELITUNG,G3,14,,1,1
ASSISTANT MANAGER OPERASIONAL SISTEM TEKNOLOGI INFORMASI BANTEN 1,G3,14,,1,1
ASSISTANT MANAGER OPERASIONAL SISTEM TEKNOLOGI INFORMASI BANTEN 2,G3,14,,1,1
ASSISTANT MANAGER OPERASIONAL SISTEM TEKNOLOGI INFORMASI BENGKULU,G3,14,,1,1
ASSISTANT MANAGER OPERASIONAL SISTEM TEKNOLOGI INFORMASI D.I. YOGYAKARTA,G3,14,,1,1
ASSISTANT MANAGER OPERASIONAL SISTEM TEKNOLOGI INFORMASI JAKARTA 1,G3,14,,1,1
ASSISTANT MANAGER OPERASIONAL SISTEM TEKNOLOGI INFORMASI JAKARTA 2,G3,14,,1,1
ASSISTANT MANAGER OPERASIONAL SISTEM TEKNOLOGI INFORMASI JAKARTA 3,G3,14,,1,1
ASSISTANT MANAGER OPERASIONAL SISTEM TEKNOLOGI INFORMASI JAKARTA 4,G3,14,,1,1
ASSISTANT MANAGER OPERASIONAL SISTEM TEKNOLOGI INFORMASI JAKARTA 5,G3,14,,1,1
ASSISTANT MANAGER OPERASIONAL SISTEM TEKNOLOGI INFORMASI JAMBI,G3,14,,1,1
ASSISTANT MANAGER OPERASIONAL SISTEM TEKNOLOGI INFORMASI JAWA BARAT 1,G3,14,,1,1
ASSISTANT MANAGER OPERASIONAL SISTEM TEKNOLOGI INFORMASI JAWA BARAT 2,G3,14,,1,1
ASSISTANT MANAGER OPERASIONAL SISTEM TEKNOLOGI INFORMASI JAWA TENGAH,G3,14,,1,1
ASSISTANT MANAGER OPERASIONAL SISTEM TEKNOLOGI INFORMASI JAWA TIMUR 1,G3,14,,1,1
ASSISTANT MANAGER OPERASIONAL SISTEM TEKNOLOGI INFORMASI JAWA TIMUR 2,G3,14,,1,1
ASSISTANT MANAGER OPERASIONAL SISTEM TEKNOLOGI INFORMASI JAWA TIMUR 3,G3,14,,1,1
ASSISTANT MANAGER OPERASIONAL SISTEM TEKNOLOGI INFORMASI KALIMANTAN BARAT,G3,14,,1,1
ASSISTANT MANAGER OPERASIONAL SISTEM TEKNOLOGI INFORMASI KALIMANTAN SELATAN DAN KALIMANTAN TENGAH 1,G3,14,,1,1
ASSISTANT MANAGER OPERASIONAL SISTEM TEKNOLOGI INFORMASI KALIMANTAN SELATAN DAN KALIMANTAN TENGAH 2,G3,14,,1,1
ASSISTANT MANAGER OPERASIONAL SISTEM TEKNOLOGI INFORMASI KALIMANTAN TIMUR DAN KALIMANTAN UTARA,G3,14,,1,1
ASSISTANT MANAGER OPERASIONAL SISTEM TEKNOLOGI INFORMASI KEPULAUAN RIAU,G3,14,,1,1
ASSISTANT MANAGER OPERASIONAL SISTEM TEKNOLOGI INFORMASI LAMPUNG,G3,14,,1,1
ASSISTANT MANAGER OPERASIONAL SISTEM TEKNOLOGI INFORMASI MALUKU,G3,14,,1,1
ASSISTANT MANAGER OPERASIONAL SISTEM TEKNOLOGI INFORMASI MALUKU UTARA,G3,14,,1,1
ASSISTANT MANAGER OPERASIONAL SISTEM TEKNOLOGI INFORMASI NTB,G3,14,,1,1
ASSISTANT MANAGER OPERASIONAL SISTEM TEKNOLOGI INFORMASI NTT,G3,14,,1,1
ASSISTANT MANAGER OPERASIONAL SISTEM TEKNOLOGI INFORMASI PAPUA,G3,14,,1,1
ASSISTANT MANAGER OPERASIONAL SISTEM TEKNOLOGI INFORMASI PAPUA BARAT,G3,14,,1,1
ASSISTANT MANAGER OPERASIONAL SISTEM TEKNOLOGI INFORMASI RIAU 1,G3,14,,1,1
ASSISTANT MANAGER OPERASIONAL SISTEM TEKNOLOGI INFORMASI RIAU 2,G3,14,,1,1
"ASSISTANT MANAGER OPERASIONAL SISTEM TEKNOLOGI INFORMASI SULAWESI SELATAN, SULAWESI TENGGARA DAN SULAWESI BARAT 1",G3,14,,1,1
"ASSISTANT MANAGER OPERASIONAL SISTEM TEKNOLOGI INFORMASI SULAWESI SELATAN, SULAWESI TENGGARA DAN SULAWESI BARAT 2",G3,14,,1,1
"ASSISTANT MANAGER OPERASIONAL SISTEM TEKNOLOGI INFORMASI SULAWESI SELATAN, SULAWESI TENGGARA DAN SULAWESI BARAT 3",G3,14,,1,1
ASSISTANT MANAGER OPERASIONAL SISTEM TEKNOLOGI INFORMASI SULAWESI TENGAH,G3,14,,1,1
ASSISTANT MANAGER OPERASIONAL SISTEM TEKNOLOGI INFORMASI SULAWESI UTARA DAN GORONTALO,G3,14,,1,1
ASSISTANT MANAGER OPERASIONAL SISTEM TEKNOLOGI INFORMASI SUMATERA BARAT,G3,14,,1,1
ASSISTANT MANAGER OPERASIONAL SISTEM TEKNOLOGI INFORMASI SUMATERA SELATAN 1,G3,14,,1,1
ASSISTANT MANAGER OPERASIONAL SISTEM TEKNOLOGI INFORMASI SUMATERA SELATAN 2,G3,14,,1,1
ASSISTANT MANAGER OPERASIONAL SISTEM TEKNOLOGI INFORMASI SUMATERA UTARA 1,G3,14,,1,1
ASSISTANT MANAGER OPERASIONAL SISTEM TEKNOLOGI INFORMASI SUMATERA UTARA 2,G3,14,,1,1
ASSISTANT MANAGER PAJAK DAN ASURANSI,G3,13,,28,28
ASSISTANT MANAGER PDKB,G3,13,,21,20
"ASSISTANT MANAGER PDKB, ALAT BERAT, DAN MOBILE SUBSTATION",G3,13,,4,3
ASSISTANT MANAGER PEKERJAAN DALAM KEADAAN BERTEGANGAN (PDKB),G3,14,,34,6
ASSISTANT MANAGER PELAKSANA PENGADAAN,G3,13,,5,5
ASSISTANT MANAGER PELAKSANAAN ASSESMENT TECHNICAL COMPETENCE,G3,13,,1,1
ASSISTANT MANAGER PELAKSANAAN PEMBELAJARAN,G3,14,,11,1
ASSISTANT MANAGER PELAKSANAAN SERTIFIKASI,G3,13,,1,1
ASSISTANT MANAGER PELAYANAN ASESMEN,G3,13,,1,1
ASSISTANT MANAGER PELAYANAN HUMAN CAPITAL AMBON,G3,13,,1,1
ASSISTANT MANAGER PELAYANAN HUMAN CAPITAL BALIKPAPAN,G3,13,,1,1
ASSISTANT MANAGER PELAYANAN HUMAN CAPITAL BANDA ACEH,G3,13,,1,1
ASSISTANT MANAGER PELAYANAN HUMAN CAPITAL BANDAR LAMPUNG,G3,13,,1,1
ASSISTANT MANAGER PELAYANAN HUMAN CAPITAL BANDUNG,G3,13,,1,1
ASSISTANT MANAGER PELAYANAN HUMAN CAPITAL BANJARBARU,G3,13,,1,1
ASSISTANT MANAGER PELAYANAN HUMAN CAPITAL DENPASAR,G3,13,,1,1
ASSISTANT MANAGER PELAYANAN HUMAN CAPITAL DEPOK,G3,13,,1,1
ASSISTANT MANAGER PELAYANAN HUMAN CAPITAL JAKARTA,G3,13,,1,1
ASSISTANT MANAGER PELAYANAN HUMAN CAPITAL JAYAPURA,G3,13,,1,1
ASSISTANT MANAGER PELAYANAN HUMAN CAPITAL KANTOR PUSAT,G3,13,,1,1
ASSISTANT MANAGER PELAYANAN HUMAN CAPITAL KUPANG,G3,13,,1,1
ASSISTANT MANAGER PELAYANAN HUMAN CAPITAL MAKASSAR,G3,13,,1,1
ASSISTANT MANAGER PELAYANAN HUMAN CAPITAL MANADO,G3,13,,1,1
ASSISTANT MANAGER PELAYANAN HUMAN CAPITAL MATARAM,G3,13,,1,1
ASSISTANT MANAGER PELAYANAN HUMAN CAPITAL MEDAN,G3,13,,1,1
ASSISTANT MANAGER PELAYANAN HUMAN CAPITAL PADANG,G3,13,,1,1
ASSISTANT MANAGER PELAYANAN HUMAN CAPITAL PALEMBANG,G3,13,,1,1
ASSISTANT MANAGER PELAYANAN HUMAN CAPITAL PANGKAL PINANG,G3,13,,1,1
ASSISTANT MANAGER PELAYANAN HUMAN CAPITAL PEKANBARU,G3,13,,1,1
ASSISTANT MANAGER PELAYANAN HUMAN CAPITAL PONTIANAK,G3,13,,1,1
ASSISTANT MANAGER PELAYANAN HUMAN CAPITAL SEMARANG,G3,13,,1,1
ASSISTANT MANAGER PELAYANAN HUMAN CAPITAL SURABAYA,G3,13,,1,1
ASSISTANT MANAGER PELAYANAN HUMAN CAPITAL TANGERANG,G3,13,,1,1
ASSISTANT MANAGER PELAYANAN REGION 1,G3,13,,1,1
ASSISTANT MANAGER PELAYANAN REGION 2,G3,13,,1,1
ASSISTANT MANAGER PELAYANAN REGION 3,G3,13,,1,1
"ASSISTANT MANAGER PELAYANAN, KEUANGAN, DAN UMUM",G3,14,,11,1
ASSISTANT MANAGER PEMASARAN,G3,14,,20,2
ASSISTANT MANAGER PEMBAYARAN KANTOR PUSAT,G3,14,,1,1
ASSISTANT MANAGER PEMBAYARAN PUSAT PENUNJANG,G3,14,,1,1
ASSISTANT MANAGER PEMBAYARAN TERPUSAT,G3,14,,1,1
ASSISTANT MANAGER PEMBAYARAN UID & UIW-1,G3,14,,1,1
ASSISTANT MANAGER PEMBAYARAN UID & UIW-2,G3,14,,1,1
ASSISTANT MANAGER PEMBAYARAN UID & UIW-3,G3,14,,1,1
ASSISTANT MANAGER PEMBAYARAN UID 1,G3,14,,1,1
ASSISTANT MANAGER PEMBAYARAN UID 2,G3,14,,1,1
ASSISTANT MANAGER PEMBAYARAN UIP,G3,14,,1,1
ASSISTANT MANAGER PEMBAYARAN UIT,G3,14,,1,1
ASSISTANT MANAGER PEMELIHARAAN,G3,14,,17,17
ASSISTANT MANAGER PEMELIHARAAN DAN PDKB,G3,13,,4,4
ASSISTANT MANAGER PEMELIHARAAN GARDU INDUK,G3,13,,2,2
ASSISTANT MANAGER PEMELIHARAAN GARDU INDUK DAN JARINGAN,G3,13,,2,1
ASSISTANT MANAGER PEMELIHARAAN JARINGAN,G3,13,,2,2
ASSISTANT MANAGER PEMELIHARAAN OTOMASI DAN CATU DAYA,G3,13,,2,1
ASSISTANT MANAGER PEMELIHARAAN PROTEKSI,G3,13,,2,1
ASSISTANT MANAGER PENERTIBAN PEMAKAIAN TENAGA LISTRIK,G3,13,,17,17
ASSISTANT MANAGER PENGELOLAAN APLIKASI DAN DATA OPERASI REAL TIME,G3,14,,2,2
ASSISTANT MANAGER PENGELOLAAN ASET DISTRIBUSI,G3,13,,17,17
ASSISTANT MANAGER PENGELOLAAN DATA ASET,G3,13,,3,3
ASSISTANT MANAGER PENGELOLAAN ENERGI PRIMER,G3,13,,4,4
ASSISTANT MANAGER PENGELOLAAN INSPEKSI DISTRIBUSI 1,G3,13,,1,1
ASSISTANT MANAGER PENGELOLAAN INSPEKSI DISTRIBUSI 2,G3,13,,1,1
ASSISTANT MANAGER PENGELOLAAN INSPEKSI DISTRIBUSI 3,G3,13,,1,1
ASSISTANT MANAGER PENGELOLAAN INSPEKSI SISTEM PEMBANGKIT,G3,13,,1,1
ASSISTANT MANAGER PENGELOLAAN INSPEKSI TRANSMISI DAN GARDU INDUK 1,G3,13,,1,1
ASSISTANT MANAGER PENGELOLAAN INSPEKSI TRANSMISI DAN GARDU INDUK 2,G3,13,,1,1
ASSISTANT MANAGER PENGELOLAAN KALIBRASI,G3,13,,1,1
ASSISTANT MANAGER PENGELOLAAN KONSTRUKSI,G3,13,,1,1
ASSISTANT MANAGER PENGELOLAAN KONSTRUKSI DAN LOGISTIK,G3,13,,10,10
ASSISTANT MANAGER PENGELOLAAN KONSTRUKSI DISTRIBUSI,G3,13,,6,6
ASSISTANT MANAGER PENGELOLAAN LOGISTIK,G3,13,,1,1
ASSISTANT MANAGER PENGELOLAAN PENGUJIAN PRODUK TEGANGAN DAN ARUS TINGGI 1,G3,13,,1,1
ASSISTANT MANAGER PENGELOLAAN PENGUJIAN PRODUK TEGANGAN DAN ARUS TINGGI 2,G3,13,,1,1
ASSISTANT MANAGER PENGELOLAAN PENGUJIAN PRODUK TEGANGAN RENDAH 1,G3,13,,1,1
ASSISTANT MANAGER PENGELOLAAN PENGUJIAN PRODUK TEGANGAN RENDAH 2,G3,13,,1,1
ASSISTANT MANAGER PENGELOLAAN PENGUJIAN SISTEM PEMBANGKIT,G3,13,,1,1
ASSISTANT MANAGER PENGELOLAAN PENGUJIAN SISTEM TRANSMISI DAN DISTRIBUSI,G3,13,,1,1
ASSISTANT MANAGER PENGELOLAAN SERTIFIKASI SISTEM MANAJEMEN,G3,13,,1,1
ASSISTANT MANAGER PENGELOLAAN SISTEM METERING,G3,13,,2,2
ASSISTANT MANAGER PENGELOLAAN TRANSAKSI,G3,13,,1,1
ASSISTANT MANAGER PENGELOLAAN TRANSAKSI TENAGA LISTRIK,G3,13,,2,2
ASSISTANT MANAGER PENGEMBANGAN MATERI ASESMEN PSIKOLOGI,G3,13,,1,1
ASSISTANT MANAGER PENGEMBANGAN MATERI ASSESSMENT CENTER,G3,13,,1,1
ASSISTANT MANAGER PENGEMBANGAN MATERI UJI ASESMEN,G3,13,,1,1
ASSISTANT MANAGER PENGEMBANGAN PRODUK,G3,13,,1,1
ASSISTANT MANAGER PENGEMBANGAN SERTIFIKASI,G3,13,,1,1
ASSISTANT MANAGER PENGEMBANGAN SOFT COMPETENCY DAN PERSONAL ATTRIBUTE,G3,13,,1,1
ASSISTANT MANAGER PENGEMBANGAN TALENTA UID ACEH,G3,14,,1,1
ASSISTANT MANAGER PENGEMBANGAN TALENTA UID BALI,G3,14,,1,1
ASSISTANT MANAGER PENGEMBANGAN TALENTA UID BANTEN,G3,14,,1,1
ASSISTANT MANAGER PENGEMBANGAN TALENTA UID JAKARTA RAYA,G3,14,,1,1
ASSISTANT MANAGER PENGEMBANGAN TALENTA UID JAWA BARAT,G3,14,,1,1
ASSISTANT MANAGER PENGEMBANGAN TALENTA UID JAWA TENGAH DAN DIY,G3,14,,1,1
ASSISTANT MANAGER PENGEMBANGAN TALENTA UID JAWA TIMUR,G3,14,,1,1
ASSISTANT MANAGER PENGEMBANGAN TALENTA UID KALBAR,G3,14,,1,1
ASSISTANT MANAGER PENGEMBANGAN TALENTA UID KALSELTENG,G3,14,,1,1
ASSISTANT MANAGER PENGEMBANGAN TALENTA UID KALTIMRA,G3,14,,1,1
ASSISTANT MANAGER PENGEMBANGAN TALENTA UID LAMPUNG,G3,14,,1,1
ASSISTANT MANAGER PENGEMBANGAN TALENTA UID RIAU DAN KEPRI,G3,14,,1,1
ASSISTANT MANAGER PENGEMBANGAN TALENTA UID SULSELRABAR,G3,14,,1,1
ASSISTANT MANAGER PENGEMBANGAN TALENTA UID SULUTTENGGO,G3,14,,1,1
ASSISTANT MANAGER PENGEMBANGAN TALENTA UID SUMATERA BARAT,G3,14,,1,1
ASSISTANT MANAGER PENGEMBANGAN TALENTA UID SUMATERA UTARA,G3,14,,1,1
ASSISTANT MANAGER PENGEMBANGAN TALENTA UIP3B KALIMANTAN,G3,14,,1,1
ASSISTANT MANAGER PENGEMBANGAN TALENTA UIP3B SULAWESI,G3,14,,1,1
ASSISTANT MANAGER PENGEMBANGAN TALENTA UIP3B SUMATERA,G3,14,,1,1
ASSISTANT MANAGER PENGEMBANGAN TALENTA UIT JBB,G3,14,,1,1
ASSISTANT MANAGER PENGEMBANGAN TALENTA UIT JBT,G3,14,,1,1
ASSISTANT MANAGER PENGEMBANGAN TALENTA UIT JBTB,G3,14,,1,1
ASSISTANT MANAGER PENGEMBANGAN TALENTA UIW MALUKU DAN MALUKU UTARA,G3,14,,1,1
ASSISTANT MANAGER PENGEMBANGAN TALENTA UIW NTB,G3,14,,1,1
ASSISTANT MANAGER PENGEMBANGAN TALENTA UIW NTT,G3,14,,1,1
ASSISTANT MANAGER PENGEMBANGAN TALENTA UIW PAPUA DAN PAPUA BARAT,G3,14,,1,1
ASSISTANT MANAGER PENGENAAN PAJAK KANTOR PUSAT,G3,14,,1,1
ASSISTANT MANAGER PENGENDALIAN ADMINISTRASI INSPEKSI,G3,13,,1,1
ASSISTANT MANAGER PENGENDALIAN ADMINISTRASI PENGUJIAN,G3,13,,1,1
ASSISTANT MANAGER PENGENDALIAN KONSTRUKSI,G3,13,,7,7
ASSISTANT MANAGER PENGENDALIAN KONSTRUKSI 1,G3,13,,7,7
ASSISTANT MANAGER PENGENDALIAN KONSTRUKSI 2,G3,13,,7,7
ASSISTANT MANAGER PENGENDALIAN KONSTRUKSI JARINGAN,G3,13,,3,3
ASSISTANT MANAGER PENGENDALIAN KONSTRUKSI PERALATAN GARDU INDUK,G3,13,,3,3
ASSISTANT MANAGER PENGENDALIAN KONTRAK DAN RISIKO PROYEK,G3,13,,4,4
ASSISTANT MANAGER PENGENDALIAN KONTRAK DAN RISIKO PROYEK 1,G3,13,,7,7
ASSISTANT MANAGER PENGENDALIAN KONTRAK DAN RISIKO PROYEK 2,G3,13,,7,7
ASSISTANT MANAGER PENGENDALIAN MUTU DAN KINERJA,G3,13,,1,1
ASSISTANT MANAGER PENGENDALIAN OPERASI REAL TIME A,G3,14,,2,2
ASSISTANT MANAGER PENGENDALIAN OPERASI REAL TIME B,G3,13,,2,2
ASSISTANT MANAGER PENGENDALIAN OPERASI REAL TIME C,G3,13,,2,2
ASSISTANT MANAGER PENGENDALIAN OPERASI REAL TIME D,G3,14,,2,2
ASSISTANT MANAGER PENGENDALIAN OPERASI REAL TIME E,G3,13,,2,2
ASSISTANT MANAGER PENGENDALIAN PEMELIHARAAN GI DAN GIS,G3,13,,4,3
ASSISTANT MANAGER PENGENDALIAN PEMELIHARAAN JARINGAN DAN KABEL,G3,13,,4,3
ASSISTANT MANAGER PENGENDALIAN PEMELIHARAAN PROTEKSI DAN CATU DAYA,G3,13,,6,5
ASSISTANT MANAGER PENGENDALIAN PEMELIHARAAN SCADA DAN OTOMASI,G3,13,,1,1
ASSISTANT MANAGER PENGENDALIAN PIUTANG,G3,13,,21,21
ASSISTANT MANAGER PENGENDALIAN PROYEK,G3,14,,40,11
ASSISTANT MANAGER PENGENDALIAN SISTEM METER,G3,13,,17,17
ASSISTANT MANAGER PENGENDALIAN SUSUT,G3,13,,4,4
ASSISTANT MANAGER PENGOLAHAN DATA,G3,13,,1,1
ASSISTANT MANAGER PENYALURAN,G3,13,,4,4
ASSISTANT MANAGER PENYETORAN PAJAK,G3,14,,1,1
ASSISTANT MANAGER PERENCANA PENGADAAN,G3,13,,5,5
ASSISTANT MANAGER PERENCANAAN,G3,14,,188,24
ASSISTANT MANAGER PERENCANAAN DAN DISTRIBUSI,G3,14,,1,1
ASSISTANT MANAGER PERENCANAAN DAN EVALUASI,G3,14,,41,8
ASSISTANT MANAGER PERENCANAAN DAN EVALUASI OPERASI SISTEM,G3,14,,5,1
ASSISTANT MANAGER PERENCANAAN DAN EVALUASI PEMELIHARAAN GARDU INDUK,G3,13,,2,1
ASSISTANT MANAGER PERENCANAAN DAN EVALUASI PEMELIHARAAN JARINGAN,G3,13,,2,1
ASSISTANT MANAGER PERENCANAAN DAN PENGELOLAAN ASET DISTRIBUSI,G3,13,,3,3
ASSISTANT MANAGER PERENCANAAN DAN PENGENDALIAN OPERASI PEMBANGKITAN,G3,13,,3,3
ASSISTANT MANAGER PERENCANAAN DAN PENGENDALIAN OPERASI PEMBANGKITan,G3,13,,1,1
ASSISTANT MANAGER PERENCANAAN DAN PENGENDALIAN OUTAGE,G3,13,,1,1
ASSISTANT MANAGER PERENCANAAN DAN PENGENDALIAN PEMELIHARAAN,G3,13,,1,1
ASSISTANT MANAGER PERENCANAAN DAN PENGENDALIAN PEMELIHARAAN PEMBANGKIT,G3,13,,4,4
ASSISTANT MANAGER PERENCANAAN ELEKTROMEKANIK,G3,13,,11,11
ASSISTANT MANAGER PERENCANAAN MINGGUAN OPERASI SISTEM,G3,14,,1,1
ASSISTANT MANAGER PERENCANAAN OPERASI MINGGUAN,G3,13,,1,1
ASSISTANT MANAGER PERENCANAAN OPERASI PEMBANGKITAN,G3,13,,1,1
ASSISTANT MANAGER PERENCANAAN OPERASI PENYALURAN,G3,13,,1,1
ASSISTANT MANAGER PERENCANAAN OPERASI REAL TIME,G3,14,,1,1
ASSISTANT MANAGER PERENCANAAN OPERASI SISTEM,G3,13,,3,3
ASSISTANT MANAGER PERENCANAAN OPERASI SISTEM PEMBANGKITAN,G3,14,,1,1
ASSISTANT MANAGER PERENCANAAN OPERASI SISTEM PENYALURAN,G3,14,,1,1
ASSISTANT MANAGER PERENCANAAN SIPIL,G3,13,,11,11
ASSISTANT MANAGER PERENCANAAN SISTEM DISTRIBUSI,G3,13,,1,1
ASSISTANT MANAGER PERENCANAAN SISTEM PEMBANGKIT DAN PENYALURAN,G3,13,,1,1
ASSISTANT MANAGER PERENCANAAN SISTEM PEMBANGKITAN,G3,13,,1,1
ASSISTANT MANAGER PERENCANAAN SISTEM PENYALURAN,G3,13,,1,1
ASSISTANT MANAGER PERENCANAAN UMUM DAN KINERJA,G3,13,,10,10
"ASSISTANT MANAGER PERENCANAAN, EVALUASI DAN KINERJA",G3,13,,1,1
ASSISTANT MANAGER PERIZINAN,G3,13,,12,12
ASSISTANT MANAGER PERTANAHAN DAN ROW,G3,13,,11,11
ASSISTANT MANAGER PMIS,G3,13,,11,11
ASSISTANT MANAGER PRODUKSI,G3,14,,6,1
ASSISTANT MANAGER PROJECT SITE,G3,14,,7,4
ASSISTANT MANAGER PROJECT SITE (PLTMG AMBON 50MW),G3,14,,1,1
ASSISTANT MANAGER PROJECT SITE (PLTMG LUWUK 40MW),G3,14,,1,1
ASSISTANT MANAGER PROJECT SITE (PLTMG RIAU PEAKER & CNG PLANT),G3,14,,1,1
ASSISTANT MANAGER PROJECT SITE (PLTP MATALOKO),G3,14,,1,1
ASSISTANT MANAGER PROJECT SITE (PLTP ULUMBU),G3,14,,1,1
ASSISTANT MANAGER PROJECT SITE (PLTU PALU-3 2X50MW),G3,14,,1,1
ASSISTANT MANAGER PROJECT SITE (PLTU SULSEL BARRU 2),G3,14,,1,1
ASSISTANT MANAGER PROJECT SITE (PLTU SULUT-1 2X50MW),G3,14,,1,1
ASSISTANT MANAGER PROJECT SITE PLTU KALSELTENG 2 X 100 MW,G3,14,,1,1
ASSISTANT MANAGER PROTEKSI SISTEM,G3,13,,4,4
ASSISTANT MANAGER PROYEK PLTU LOMBOK FTP 2 2X50 MW,G3,14,,1,1
ASSISTANT MANAGER PROYEK PLTU TIMOR 2 X 50 MW,G3,14,,1,1
ASSISTANT MANAGER REGULASI EKSTERNAL,G3,14,,1,1
ASSISTANT MANAGER RISET ENERGI,G3,13,,1,1
ASSISTANT MANAGER RISET NON LISTRIK,G3,13,,1,1
ASSISTANT MANAGER RISET SISTEM PEMBANGKITAN,G3,13,,1,1
ASSISTANT MANAGER RISET TEKNOLOGI DISTRIBUSI,G3,13,,1,1
ASSISTANT MANAGER RISET TEKNOLOGI TRANSMISI,G3,13,,1,1
ASSISTANT MANAGER SCADA DAN OTOMASI,G3,13,,2,2
ASSISTANT MANAGER SERTIFIKASI,G3,13,,11,11
ASSISTANT MANAGER SERTIFIKASI PRODUK TEGANGAN RENDAH,G3,13,,1,1
ASSISTANT MANAGER SERTIFIKASI PRODUK TEGANGAN TINGGI DAN TEGANGAN MENENGAH,G3,13,,1,1
ASSISTANT MANAGER SETELMEN PEMBANGKIT IPP,G3,13,,1,1
ASSISTANT MANAGER SETELMEN PEMBANGKIT PLN GROUP,G3,13,,1,1
ASSISTANT MANAGER SIPIL PEMBANGKIT DAN JARINGAN,G3,13,,1,1
ASSISTANT MANAGER SISTEM METERING,G3,13,,1,1
ASSISTANT MANAGER STANDARDISASI,G3,13,,1,1
ASSISTANT MANAGER STATISTIK DAN PUBLIKASI OPERASI SISTEM,G3,14,,2,2
ASSISTANT MANAGER TELEKOMUNIKASI,G3,13,,2,2
ASSISTANT MANAGER TJSL,G3,13,,28,28
ASSISTANT MANAGER TRANSAKSI ENERGI LISTRIK,G3,14,,166,22
ASSISTANT MANAGER TRANSMISI,G3,14,,2,2
ASSISTANT MANAGER UMUM,G3,13,,27,27
ASSISTANT MANAGER VERIFIKASI NON PURCHASE ORDER KANTOR PUSAT,G3,14,,1,1
ASSISTANT MANAGER VERIFIKASI PEMBELIAN TENAGA LISTRIK,G3,14,,1,1
ASSISTANT MANAGER VERIFIKASI PURCHASE ORDER KANTOR PUSAT,G3,14,,1,1
ASSISTANT MANAGER WIDE AREA MONITORING SYSTEM (WAMS),G3,13,,1,1
EXECUTIVE VICE PRESIDENT AKUNTANSI,MA,22,,1,1
EXECUTIVE VICE PRESIDENT ANEKA ENERGI BARU TERBARUKAN,MA,22,,1,1
EXECUTIVE VICE PRESIDENT ANGGARAN,MA,23,,1,1
EXECUTIVE VICE PRESIDENT AUDIT INVESTIGASI,MA,22,,1,1
"EXECUTIVE VICE PRESIDENT AUDIT KONSTRUKSI, PEMBANGKIT, DAN EBT",MA,22,,1,1
"EXECUTIVE VICE PRESIDENT AUDIT NIAGA, TEKNOLOGI INFORMASI, DAN ENABLER",MA,22,,1,1
EXECUTIVE VICE PRESIDENT AUDIT TRANSMISI DAN DISTRIBUSI,MA,22,,1,1
EXECUTIVE VICE PRESIDENT BANTUAN HUKUM,MA,23,,1,1
EXECUTIVE VICE PRESIDENT CUSTOMER EXPERIENCE DAN EXCELLENCE SERVICES,MA,22,,1,1
EXECUTIVE VICE PRESIDENT ENJINIRING DAN PERENCANAAN PENGADAAN,MA,22,,1,1
EXECUTIVE VICE PRESIDENT KEBIJAKAN STRATEGIS MANAJEMEN RISIKO,MA,22,,1,1
EXECUTIVE VICE PRESIDENT KEPATUHAN,MA,22,,1,1
"EXECUTIVE VICE PRESIDENT KESELAMATAN DAN KESEHATAN KERJA, KEAMANAN, DANLINGKUNGAN",MA,23,,1,1
EXECUTIVE VICE PRESIDENT KEUANGAN KORPORAT,MA,23,,1,1
EXECUTIVE VICE PRESIDENT KOMUNIKASI KORPORAT DAN TJSL,MA,22,,1,1
"EXECUTIVE VICE PRESIDENT KONSTRUKSI SUMATERA, KALIMANTAN DAN SULAWESI",MA,22,,1,1
EXECUTIVE VICE PRESIDENT KORPORASI DAN LEGAL BUSINESS PARTNER,MA,23,,1,1
EXECUTIVE VICE PRESIDENT LEGAL ASET PROPERTI DAN PERIZINAN TERINTEGRASI,MA,22,,1,1
"EXECUTIVE VICE PRESIDENT MANAJEMEN ASET, ENJINIRING DAN SISTEM MANAJEMEN TERINTEGRASI",MA,23,,1,1
EXECUTIVE VICE PRESIDENT MANAJEMEN DIGITAL,MA,22,,1,1
EXECUTIVE VICE PRESIDENT MANAJEMEN PORTOFOLIO,MA,23,,1,1
EXECUTIVE VICE PRESIDENT MANAJEMEN RANTAI PASOK,MA,23,,1,1
EXECUTIVE VICE PRESIDENT MANAJEMEN RISIKO FINANSIAL DAN ENABLER,MA,22,,1,1
EXECUTIVE VICE PRESIDENT MANAJEMEN RISIKO OPERASI,MA,22,,1,1
"EXECUTIVE VICE PRESIDENT MANAJEMEN RISIKO STRATEGIS, REGULASI DAN KEBIJAKAN",MA,22,,1,1
EXECUTIVE VICE PRESIDENT MANAJEMEN STAKEHOLDER DAN BOD SUPPORT,MA,22,,1,1
EXECUTIVE VICE PRESIDENT MANAJEMEN VALUASI ASET,MA,22,,1,1
EXECUTIVE VICE PRESIDENT NIAGA DAN PEMASARAN,MA,23,,1,1
"EXECUTIVE VICE PRESIDENT OPERASI DISTRIBUSI JAWA, MADURA, DAN BALI",MA,23,,1,1
"EXECUTIVE VICE PRESIDENT OPERASI DISTRIBUSI SULAWESI, MALUKU, PAPUA, DAN NUSA TENGGARA",MA,23,,1,1
EXECUTIVE VICE PRESIDENT OPERASI DISTRIBUSI SUMATERA DAN KALIMANTAN,MA,23,,1,1
EXECUTIVE VICE PRESIDENT OPERASI PEMBANGKITAN DAN INDEPENDENT POWER PRODUCER,MA,22,,1,1
EXECUTIVE VICE PRESIDENT OPERASI SISTEM KETENAGALISTRIKAN,MA,23,,1,1
EXECUTIVE VICE PRESIDENT PANAS BUMI,MA,22,,1,1
EXECUTIVE VICE PRESIDENT PELAYANAN HUMAN CAPITAL,MA,22,,1,1
EXECUTIVE VICE PRESIDENT PENGADAAN PEMBANGKIT DAN IPP,MA,22,,1,1
"EXECUTIVE VICE PRESIDENT PENGADAAN TRANSMISI, GARDU INDUK, DAN MATERIAL TERPUSAT",MA,22,,1,1
EXECUTIVE VICE PRESIDENT PENGEMBANGAN BISNIS KORPORAT DAN INVESTASI,MA,23,,1,1
EXECUTIVE VICE PRESIDENT PENGEMBANGAN LISTRIK DESA,MA,22,,1,1
EXECUTIVE VICE PRESIDENT PENGEMBANGAN PRODUK NIAGA,MA,22,,1,1
EXECUTIVE VICE PRESIDENT PENGEMBANGAN TALENTA,MA,23,,1,1
"EXECUTIVE VICE PRESIDENT PENGEMBANGAN, PINJAMAN, DAN PERIZINAN PROYEK",MA,22,,1,1
EXECUTIVE VICE PRESIDENT PENGENDALIAN KINERJA KORPORAT,MA,22,,1,1
EXECUTIVE VICE PRESIDENT PENGENDALIAN PEMBANGKITAN DAN INDEPENDENT POWER PRODUCER,MA,22,,1,1
EXECUTIVE VICE PRESIDENT PENJUALAN DAN PELAYANAN PELANGGAN ENTERPRISE,MA,23,,1,1
EXECUTIVE VICE PRESIDENT PENJUALAN DAN PELAYANAN PELANGGAN RETAIL,MA,23,,1,1
EXECUTIVE VICE PRESIDENT PERBENDAHARAAN,MA,23,,1,1
EXECUTIVE VICE PRESIDENT PERENCANAAN SISTEM KETENAGALISTRIKAN,MA,23,,1,1
EXECUTIVE VICE PRESIDENT PERENCANAAN STRATEGIS DISTRIBUSI,MA,23,,1,1
EXECUTIVE VICE PRESIDENT PERENCANAAN STRATEGIS KORPORAT,MA,23,,1,1
EXECUTIVE VICE PRESIDENT PERENCANAAN STRATEGIS PEMBANGKITAN,MA,23,,1,1
EXECUTIVE VICE PRESIDENT PERENCANAAN STRATEGIS TRANSMISI,MA,23,,1,1
EXECUTIVE VICE PRESIDENT PROJECT MANAGEMENT OFFICE,MA,23,,1,1
EXECUTIVE VICE PRESIDENT REGULASI DAN KEBIJAKAN,MA,22,,1,1
EXECUTIVE VICE PRESIDENT SISTEM DAN TEKNOLOGI INFORMASI,MA,22,,1,1
EXECUTIVE VICE PRESIDENT STRATEGI HUMAN CAPITAL,MA,23,,1,1
EXECUTIVE VICE PRESIDENT TRANSFORMASI KORPORAT DAN CEO OFFICE,MA,22,,1,1
EXECUTIVE VICE PRESIDENT TRANSISI ENERGI DAN KEBERLANJUTAN,MA,22,,1,1
"EXECUTIVE VICE PRESIDENT TRANSMISI KALIMANTAN, SULAWESI, MALUKU, PAPUA, DAN NUSA TENGGARA",MA,23,,1,1
"EXECUTIVE VICE PRESIDENT TRANSMISI SUMATERA, JAWA, MADURA, DAN BALI",MA,23,,1,1
EXECUTIVE VICE PRESIDENT UMUM DAN ASET PROPERTI,MA,23,,1,1
GENERAL MANAGER,MA,21,,45,45
"JUNIOR EXPERT COMMISIONING, PENGUJIAN DAN SERTIFIKASI",JE,15,,1,1
JUNIOR EXPERT DESAIN MANUFAKTUR,JE,15,,1,1
"JUNIOR EXPERT MATERIAL, BOILER DAN TURBIN",JE,15,,1,1
JUNIOR EXPERT OPERASI SISTEM,JE,15,,1,1
JUNIOR EXPERT SCADA/TELEKOMUNIKASI,JE,16,,1,1
"JUNIOR EXPERT SCADA/TELEKOMUNIKASI, AUTOMASI DAN POLA OPERASI DISTRIBUSI",JE,15,,1,1
JUNIOR EXPERT STANDAR DESAIN MESIN,JE,16,,1,1
JUNIOR EXPERT TEKNIK SIPIL,JE,15,,1,1
JUNIOR OFFICER ACCOUNT EXECUTIVE,G1,10,,15,3
JUNIOR OFFICER ADMINISTRASI,G1,10,,1,1
JUNIOR OFFICER ADMINISTRASI DAN PELAYANAN PELANGGAN,G1,10,,8,1
JUNIOR OFFICER ADMINISTRASI DAN UMUM,G1,10,,100,22
JUNIOR OFFICER ADMINISTRASI MANAJEMEN DIGITAL,G1,10,,1,1
JUNIOR OFFICER ADMINISTRASI PENGADAAN,G1,10,,2,1
JUNIOR OFFICER ADMINISTRASI STRATEGI HUMAN CAPITAL,G1,10,,1,1
JUNIOR OFFICER ADMINISTRASI TEKNIK,G1,10,,2,2
JUNIOR OFFICER ADMINISTRASI UMUM,G1,10,,59,11
JUNIOR OFFICER ADMINITRASI DAN UMUM,G1,09,,2,1
JUNIOR OFFICER AKUNTANSI,G1,10,,3,3
JUNIOR OFFICER ASESMEN DAN DIAGNOSA,G1,10,,17,6
JUNIOR OFFICER ASET,G1,10,,1,1
JUNIOR OFFICER DANA PENSIUN DAN JAMINAN SOSIAL,G1,10,,1,1
JUNIOR OFFICER ENJINIRING JARINGAN DAN GARDU INDUK,G1,10,,8,3
"JUNIOR OFFICER ENJINIRING PROTEKSI, METER DAN OTOMASI",G1,10,,6,4
"JUNIOR OFFICER ENJINIRING PROTEKSI, METER, DAN OTOMASI",G1,10,,3,1
JUNIOR OFFICER FASILITAS OPERASI DAN PROTEKSI SISTEM,G1,09,,1,1
JUNIOR OFFICER HUBUNGAN PEMERINTAHAN,G1,08,,1,1
JUNIOR OFFICER KESELAMATAN DAN KESEHATAN KERJA,G1,10,,1,1
"JUNIOR OFFICER KESELAMATAN, KESEHATAN KERJA DAN KEAMANAN",G1,10,,1,1
"JUNIOR OFFICER KESELAMATAN, KESEHATAN KERJA, DAN KEAMANAN",G1,10,,6,2
"JUNIOR OFFICER KESELAMATAN, KESEHATAN KERJA, LINGKUNGAN DAN KEAMANAN",G1,10,,14,7
"JUNIOR OFFICER KESELAMATAN, KESEHATAN KERJA, LINGKUNGAN, DAN KEAMANAN",G1,10,,26,13
JUNIOR OFFICER KEUANGAN,G1,10,,6,5
JUNIOR OFFICER KEUANGAN DAN AKUNTANSI,G1,10,,30,12
JUNIOR OFFICER KOMUNIKASI DAN MANAJEMEN STAKEHOLDER,G1,10,,3,3
JUNIOR OFFICER KOMUNIKASI DAN TJSL,G1,10,,2,2
JUNIOR OFFICER LINGKUNGAN,G1,10,,4,2
JUNIOR OFFICER LOGISTIK,G1,10,,43,18
JUNIOR OFFICER LOGISTIK DAN KEPABEANAN,G1,10,,2,1
JUNIOR OFFICER LOGISTIK TRANSMISI DAN GARDU INDUK,G1,09,,2,1
JUNIOR OFFICER MAPPING DATA JARINGAN DAN PELANGGAN,G1,10,,5,3
JUNIOR OFFICER NIAGA DAN PELAYANAN PELANGGAN,G1,10,,15,6
JUNIOR OFFICER OPERASI SISTEM BANGKA,G1,10,,5,1
JUNIOR OFFICER OPERASI SISTEM BELITUNG,G1,10,,6,1
JUNIOR OFFICER PELAKSANA PENGADAAN,G1,10,,30,12
JUNIOR OFFICER PELAYANAN DAN FASILITAS TEKNOLOGI INFORMASI PEMBELAJARAN,G1,08,,1,1
JUNIOR OFFICER PELAYANAN HUMAN CAPITAL AMBON,G1,10,,2,1
JUNIOR OFFICER PELAYANAN HUMAN CAPITAL BALIKPAPAN,G1,10,,1,1
JUNIOR OFFICER PELAYANAN HUMAN CAPITAL BANJARBARU,G1,10,,1,1
JUNIOR OFFICER PELAYANAN HUMAN CAPITAL DEPOK,G1,09,,1,1
JUNIOR OFFICER PELAYANAN HUMAN CAPITAL KANTOR PUSAT,G1,10,,1,1
JUNIOR OFFICER PELAYANAN HUMAN CAPITAL KUPANG,G1,10,,1,1
JUNIOR OFFICER PELAYANAN HUMAN CAPITAL MAKASSAR,G1,10,,1,1
JUNIOR OFFICER PELAYANAN HUMAN CAPITAL PADANG,G1,10,,1,1
JUNIOR OFFICER PELAYANAN HUMAN CAPITAL PALEMBANG,G1,10,,1,1
JUNIOR OFFICER PELAYANAN HUMAN CAPITAL PEKANBARU,G1,10,,1,1
JUNIOR OFFICER PELAYANAN HUMAN CAPITAL PONTIANAK,G1,10,,1,1
JUNIOR OFFICER PELAYANAN HUMAN CAPITAL SURABAYA,G1,10,,3,1
JUNIOR OFFICER PELAYANAN PELANGGAN,G1,10,,551,21
JUNIOR OFFICER PEMBACAAN METER,G1,10,,9,2
JUNIOR OFFICER PEMBAYARAN UNIT,G1,09,,1,1
JUNIOR OFFICER PEMBINAAN OPERASI DAN PEMELIHARAAN SCADA,G1,10,,1,1
JUNIOR OFFICER PENGADAAN TANAH DAN PENGENDALIAN ROW,G1,09,,49,10
JUNIOR OFFICER PENGELOLAAN DATA,G1,10,,7,5
JUNIOR OFFICER PENGELOLAAN KENDARAAN,G1,08,,1,1
JUNIOR OFFICER PENGELOLAAN PEMBANGKITAN,G1,10,,1,1
JUNIOR OFFICER PENGELOLAAN PIUTANG,G1,09,,9,2
JUNIOR OFFICER PENGELOLAAN REKENING DAN PEMBACAAN METER,G1,09,,2,1
JUNIOR OFFICER PENGENDALIAN ADMINISTRASI KONTRAK,G1,10,,10,5
JUNIOR OFFICER PENGENDALIAN KONSTRUKSI,G1,10,,9,4
JUNIOR OFFICER PENGENDALIAN MATERIAL DAN LOGISTIK,G1,10,,1,1
"JUNIOR OFFICER PENGENDALIAN PEMELIHARAAN ASET JARINGAN, GI DAN PROTEKSI",G1,10,,3,1
"JUNIOR OFFICER PENGENDALIAN PEMELIHARAAN ASET JARINGAN, GI, DAN PROTEKSI",G1,10,,8,2
JUNIOR OFFICER PENGENDALIAN PIUTANG,G1,10,,5,3
JUNIOR OFFICER PENYETORAN PAJAK,G1,10,,1,1
JUNIOR OFFICER PERENCANAAN DAN EVALUASI OPERASI SISTEM,G1,09,,7,3
JUNIOR OFFICER PERENCANAAN DAN EVALUASI PENYALURAN,G1,10,,3,2
JUNIOR OFFICER PERENCANAAN DAN EVALUASI SISTEM DISTRIBUSI,G1,10,,3,2
JUNIOR OFFICER PERENCANAAN LISTRIK PERDESAAN,G1,09,,22,13
JUNIOR OFFICER PERENCANAAN PENGUSAHAAN,G1,10,,6,2
JUNIOR OFFICER PERIZINAN,G1,09,,11,4
JUNIOR OFFICER PERTANAHAN DAN ROW,G1,10,,2,2
JUNIOR OFFICER PRIVATE OFFICE,G1,08,,1,1
JUNIOR OFFICER PROTOKOLER DIREKSI,G1,08,,5,1
JUNIOR OFFICER SALES RETAIL,G1,10,,6,4
JUNIOR OFFICER SEKRETARIS DIREKSI,G1,09,,6,1
JUNIOR OFFICER SUPPLY CHAIN MANAGEMENT,G1,10,,3,1
JUNIOR OFFICER UMUM,G1,10,,5,3
JUNIOR OFFICER VERIFIKASI ENERGI PRIMER,G1,10,,1,1
"JUNIOR TECHNICIAN ASESMEN, DIAGNOSA, DAN PENGELOLAAN DATA",G1,10,,1,1
JUNIOR TECHNICIAN DATA DISTURBANCE FAULT RECORDER (DFR) DAN PHASOR MEASUREMENT UNIT (PMU),G1,10,,4,1
JUNIOR TECHNICIAN ELEKTRIKAL,G1,10,,1,1
JUNIOR TECHNICIAN ENJINIRING,G1,09,,2,2
JUNIOR TECHNICIAN FASILITAS OPERASI,G1,10,,2,1
JUNIOR TECHNICIAN GAMBAR TEKNIK,G1,10,,1,1
JUNIOR TECHNICIAN HARDWARE MASTER STATION,G1,10,,2,2
JUNIOR TECHNICIAN HARDWARE MASTER STATION DAN CATU DAYA,G1,10,,1,1
JUNIOR TECHNICIAN JARINGAN DAN GARDU INDUK (GI BELOPA),G1,10,,1,1
JUNIOR TECHNICIAN JARINGAN DAN GARDU INDUK (GI BENGKAYANG),G1,10,,6,1
JUNIOR TECHNICIAN JARINGAN DAN GARDU INDUK (GI KOLAKA DAN GI KOLAKA SMELTER),G1,10,,1,1
JUNIOR TECHNICIAN JARINGAN DAN GARDU INDUK (GI LOPANA DAN GI AMURANG),G1,10,,1,1
JUNIOR TECHNICIAN JARINGAN DAN GARDU INDUK (GI PANIKI DAN GI RANOMUUT),G1,10,,1,1
JUNIOR TECHNICIAN JARINGAN DAN GARDU INDUK (GI RANTAU),G1,10,,1,1
JUNIOR TECHNICIAN JARINGAN DAN GARDU INDUK (GI SEKADAU),G1,10,,1,1
JUNIOR TECHNICIAN JARINGAN DAN GARDU INDUK (GI SINTANG),G1,10,,1,1
JUNIOR TECHNICIAN JARINGAN DAN GARDU INDUK (GI TAYAN),G1,10,,1,1
JUNIOR TECHNICIAN JARINGAN DAN GARDU INDUK (GI TELLING 70 & 150 KV),G1,10,,1,1
JUNIOR TECHNICIAN JARINGAN DAN GARDU INDUK (GI TONSEALAMA DAN SAWANGAN),G1,10,,1,1
JUNIOR TECHNICIAN JARINGAN DAN GARDU INDUK (KASIPUTE),G1,10,,1,1
JUNIOR TECHNICIAN JARINGAN DAN GARDU INDUK (SOPPENG),G1,10,,1,1
JUNIOR TECHNICIAN JARINGAN DAN GARDU INDUK (WOTU & MASAMBA),G1,09,,1,1
JUNIOR TECHNICIAN JARINGAN DAN GARDU INDUK ENREKANG,G1,10,,1,1
JUNIOR TECHNICIAN JARINGAN TRANSMISI DAN GARDU INDUK,G1,10,,638,6
JUNIOR TECHNICIAN JARINGAN TRANSMISI DAN GARDU INDUK (BABADAN),G1,10,,1,1
JUNIOR TECHNICIAN JARINGAN TRANSMISI DAN GARDU INDUK (BANARAN),G1,10,,4,1
JUNIOR TECHNICIAN JARINGAN TRANSMISI DAN GARDU INDUK (BANGIL),G1,10,,2,1
JUNIOR TECHNICIAN JARINGAN TRANSMISI DAN GARDU INDUK (BANGKALAN),G1,10,,1,1
JUNIOR TECHNICIAN JARINGAN TRANSMISI DAN GARDU INDUK (BENGKAYANG),G1,10,,1,1
JUNIOR TECHNICIAN JARINGAN TRANSMISI DAN GARDU INDUK (BONDOWOSO),G1,09,,1,1
JUNIOR TECHNICIAN JARINGAN TRANSMISI DAN GARDU INDUK (BUDURAN),G1,10,,2,1
JUNIOR TECHNICIAN JARINGAN TRANSMISI DAN GARDU INDUK (BUMICOKRO),G1,10,,1,1
JUNIOR TECHNICIAN JARINGAN TRANSMISI DAN GARDU INDUK (CARUBAN),G1,10,,1,1
JUNIOR TECHNICIAN JARINGAN TRANSMISI DAN GARDU INDUK (CERME),G1,09,,1,1
JUNIOR TECHNICIAN JARINGAN TRANSMISI DAN GARDU INDUK (DRIYOREJO),G1,10,,2,1
JUNIOR TECHNICIAN JARINGAN TRANSMISI DAN GARDU INDUK (GI BANDARANGURAH RAI),G1,10,,1,1
JUNIOR TECHNICIAN JARINGAN TRANSMISI DAN GARDU INDUK (GI BANTUL),G1,10,,1,1
JUNIOR TECHNICIAN JARINGAN TRANSMISI DAN GARDU INDUK (GI CIAWI),G1,10,,3,1
JUNIOR TECHNICIAN JARINGAN TRANSMISI DAN GARDU INDUK (GI CIKARANG LIPPO),G1,09,,4,1
JUNIOR TECHNICIAN JARINGAN TRANSMISI DAN GARDU INDUK (GI CIRATA),G1,10,,2,1
JUNIOR TECHNICIAN JARINGAN TRANSMISI DAN GARDU INDUK (GI INDORAMA),G1,10,,1,1
JUNIOR TECHNICIAN JARINGAN TRANSMISI DAN GARDU INDUK (GI ITP),G1,10,,2,1
JUNIOR TECHNICIAN JARINGAN TRANSMISI DAN GARDU INDUK (GI JAJAR),G1,10,,2,1
JUNIOR TECHNICIAN JARINGAN TRANSMISI DAN GARDU INDUK (GI KADIPATEN),G1,10,,1,1
JUNIOR TECHNICIAN JARINGAN TRANSMISI DAN GARDU INDUK (GI KALIWUNGU),G1,10,,4,1
JUNIOR TECHNICIAN JARINGAN TRANSMISI DAN GARDU INDUK (GI KAPAL),G1,10,,3,1
JUNIOR TECHNICIAN JARINGAN TRANSMISI DAN GARDU INDUK (GI KEDUNG BADAK),G1,10,,4,1
JUNIOR TECHNICIAN JARINGAN TRANSMISI DAN GARDU INDUK (GI KENTUNGAN),G1,10,,3,1
JUNIOR TECHNICIAN JARINGAN TRANSMISI DAN GARDU INDUK (GI KRAPYAK),G1,10,,3,1
JUNIOR TECHNICIAN JARINGAN TRANSMISI DAN GARDU INDUK (GI MALIGI),G1,10,,4,1
JUNIOR TECHNICIAN JARINGAN TRANSMISI DAN GARDU INDUK (GI MEKARSARI),G1,10,,3,1
JUNIOR TECHNICIAN JARINGAN TRANSMISI DAN GARDU INDUK (GI PEKALONGAN),G1,10,,4,1
JUNIOR TECHNICIAN JARINGAN TRANSMISI DAN GARDU INDUK (GI PELABUHAN RATU),G1,10,,1,1
JUNIOR TECHNICIAN JARINGAN TRANSMISI DAN GARDU INDUK (GI PINAYUNGAN),G1,10,,3,1
JUNIOR TECHNICIAN JARINGAN TRANSMISI DAN GARDU INDUK (GI PLTU REMBANG),G1,10,,3,1
JUNIOR TECHNICIAN JARINGAN TRANSMISI DAN GARDU INDUK (GI PONCOL BARU),G1,10,,2,1
JUNIOR TECHNICIAN JARINGAN TRANSMISI DAN GARDU INDUK (GI SEMEN BARU),G1,10,,2,1
JUNIOR TECHNICIAN JARINGAN TRANSMISI DAN GARDU INDUK (GI SRAGEN),G1,10,,3,1
JUNIOR TECHNICIAN JARINGAN TRANSMISI DAN GARDU INDUK (GI TAMBAK LOROK),G1,10,,6,1
JUNIOR TECHNICIAN JARINGAN TRANSMISI DAN GARDU INDUK (GI TOYOGIRI),G1,10,,1,1
JUNIOR TECHNICIAN JARINGAN TRANSMISI DAN GARDU INDUK (GI WONOSOBO),G1,10,,3,1
JUNIOR TECHNICIAN JARINGAN TRANSMISI DAN GARDU INDUK (GILI TIMUR),G1,09,,1,1
JUNIOR TECHNICIAN JARINGAN TRANSMISI DAN GARDU INDUK (GIS CIBABAT BARU),G1,10,,2,1
JUNIOR TECHNICIAN JARINGAN TRANSMISI DAN GARDU INDUK (GIS GUNUNG SALAK BARU),G1,10,,2,1
JUNIOR TECHNICIAN JARINGAN TRANSMISI DAN GARDU INDUK (GIS KREMBANGAN),G1,10,,2,1
JUNIOR TECHNICIAN JARINGAN TRANSMISI DAN GARDU INDUK (GIS PLTU PELABUHANRATU),G1,10,,3,1
JUNIOR TECHNICIAN JARINGAN TRANSMISI DAN GARDU INDUK (GIS TAMBAK LOROK),G1,10,,1,1
JUNIOR TECHNICIAN JARINGAN TRANSMISI DAN GARDU INDUK (GIS WARU),G1,10,,1,1
JUNIOR TECHNICIAN JARINGAN TRANSMISI DAN GARDU INDUK (GITET KEDIRI),G1,10,,6,1
JUNIOR TECHNICIAN JARINGAN TRANSMISI DAN GARDU INDUK (GONDANG WETAN),G1,09,,2,1
JUNIOR TECHNICIAN JARINGAN TRANSMISI DAN GARDU INDUK (GULUK-GULUK),G1,10,,1,1
JUNIOR TECHNICIAN JARINGAN TRANSMISI DAN GARDU INDUK (KARANGKATES),G1,10,,2,1
JUNIOR TECHNICIAN JARINGAN TRANSMISI DAN GARDU INDUK (KENDAWANGAN),G1,09,,1,1
JUNIOR TECHNICIAN JARINGAN TRANSMISI DAN GARDU INDUK (KENJERAN),G1,10,,1,1
JUNIOR TECHNICIAN JARINGAN TRANSMISI DAN GARDU INDUK (KERTOSONO),G1,10,,3,1
JUNIOR TECHNICIAN JARINGAN TRANSMISI DAN GARDU INDUK (KRAKSAAN),G1,09,,1,1
JUNIOR TECHNICIAN JARINGAN TRANSMISI DAN GARDU INDUK (KUPANG),G1,10,,1,1
JUNIOR TECHNICIAN JARINGAN TRANSMISI DAN GARDU INDUK (LAMONGAN),G1,10,,1,1
JUNIOR TECHNICIAN JARINGAN TRANSMISI DAN GARDU INDUK (LUMAJANG),G1,10,,2,1
JUNIOR TECHNICIAN JARINGAN TRANSMISI DAN GARDU INDUK (MAGETAN),G1,10,,1,1
JUNIOR TECHNICIAN JARINGAN TRANSMISI DAN GARDU INDUK (MANISREJO),G1,10,,2,1
JUNIOR TECHNICIAN JARINGAN TRANSMISI DAN GARDU INDUK (MRANGGEN),G1,10,,1,1
JUNIOR TECHNICIAN JARINGAN TRANSMISI DAN GARDU INDUK (NGAGEL),G1,09,,1,1
JUNIOR TECHNICIAN JARINGAN TRANSMISI DAN GARDU INDUK (NGANJUK),G1,10,,2,1
JUNIOR TECHNICIAN JARINGAN TRANSMISI DAN GARDU INDUK (NGAWI),G1,10,,1,1
JUNIOR TECHNICIAN JARINGAN TRANSMISI DAN GARDU INDUK (PADANG SAMBIAN),G1,10,,1,1
JUNIOR TECHNICIAN JARINGAN TRANSMISI DAN GARDU INDUK (PANDAAN),G1,10,,2,1
JUNIOR TECHNICIAN JARINGAN TRANSMISI DAN GARDU INDUK (PEMARON),G1,10,,1,1
JUNIOR TECHNICIAN JARINGAN TRANSMISI DAN GARDU INDUK (PLTU GRESIK),G1,10,,3,1
JUNIOR TECHNICIAN JARINGAN TRANSMISI DAN GARDU INDUK (PLTU TANJUNG AWAR- AWAR),G1,10,,1,1
JUNIOR TECHNICIAN JARINGAN TRANSMISI DAN GARDU INDUK (POLEHAN),G1,10,,1,1
JUNIOR TECHNICIAN JARINGAN TRANSMISI DAN GARDU INDUK (PONOROGO),G1,10,,2,1
JUNIOR TECHNICIAN JARINGAN TRANSMISI DAN GARDU INDUK (SAMPANG),G1,09,,1,1
JUNIOR TECHNICIAN JARINGAN TRANSMISI DAN GARDU INDUK (SAWAHAN),G1,09,,1,1
JUNIOR TECHNICIAN JARINGAN TRANSMISI DAN GARDU INDUK (SEGOROMADU),G1,10,,3,1
JUNIOR TECHNICIAN JARINGAN TRANSMISI DAN GARDU INDUK (SENGGURUH),G1,10,,1,1
JUNIOR TECHNICIAN JARINGAN TRANSMISI DAN GARDU INDUK (SENGKALING),G1,10,,1,1
JUNIOR TECHNICIAN JARINGAN TRANSMISI DAN GARDU INDUK (SIMAN),G1,10,,1,1
JUNIOR TECHNICIAN JARINGAN TRANSMISI DAN GARDU INDUK (SITUBONDO),G1,09,,2,1
JUNIOR TECHNICIAN JARINGAN TRANSMISI DAN GARDU INDUK (SUKOLILO),G1,10,,1,1
JUNIOR TECHNICIAN JARINGAN TRANSMISI DAN GARDU INDUK (SUKOREJO),G1,09,,1,1
JUNIOR TECHNICIAN JARINGAN TRANSMISI DAN GARDU INDUK (SUMENEP),G1,10,,1,1
JUNIOR TECHNICIAN JARINGAN TRANSMISI DAN GARDU INDUK (TANDES),G1,09,,1,1
JUNIOR TECHNICIAN JARINGAN TRANSMISI DAN GARDU INDUK (TANGGUL),G1,10,,2,1
JUNIOR TECHNICIAN JARINGAN TRANSMISI DAN GARDU INDUK (TULUNGAGUNG),G1,10,,3,1
JUNIOR TECHNICIAN JARINGAN TRANSMISI DAN GARDU INDUK (UNDAAN),G1,10,,2,1
JUNIOR TECHNICIAN JARINGAN TRANSMISI DAN GARDU INDUK (WARU),G1,10,,1,1
JUNIOR TECHNICIAN JARINGAN TRANSMISI DAN GARDU INDUK (WLINGI),G1,10,,2,1
JUNIOR TECHNICIAN JARINGAN TRANSMISI DAN GARDU INDUK (WONOKROMO),G1,10,,1,1
JUNIOR TECHNICIAN JARINGAN TRANSMISI DAN GARDU INDUK TEGANGAN EKSTRA TINGGI,G1,10,,169,3
JUNIOR TECHNICIAN JARINGAN TRANSMISI DAN GARDU INDUK TEGANGAN EKSTRA TINGGI (GITET CIRATA),G1,09,,4,1
JUNIOR TECHNICIAN K3 PDKB,G1,10,,1,1
"JUNIOR TECHNICIAN KESELAMATAN, KESEHATAN KERJA, LINGKUNGAN, DAN KEAMANAN",G1,10,,1,1
JUNIOR TECHNICIAN KONSTRUKSI,G1,10,,26,3
JUNIOR TECHNICIAN KONSTRUKSI DAN PENYALURAN,G1,10,,1,1
JUNIOR TECHNICIAN KONSTRUKSI LISTRIK PERDESAAN,G1,10,,40,12
JUNIOR TECHNICIAN MANAJEMEN KONSTRUKSI LISTRIK,G1,10,,1,1
JUNIOR TECHNICIAN MEKANIKAL,G1,10,,5,1
JUNIOR TECHNICIAN OPERASI DAN PEMELIHARAAN DISTRIBUSI,G1,10,,12,2
JUNIOR TECHNICIAN OPERASI DAN PEMELIHARAAN DISTRIBUSI (SANGA SANGA),G1,10,,1,1
"JUNIOR TECHNICIAN OPERASI DAN PEMELIHARAAN JARINGAN DAN GARDU INDUK (GI 150 kV BANTAENG NEW, SWITCHING, SMELTER)",G1,09,,1,1
JUNIOR TECHNICIAN OPERASI DAN PEMELIHARAAN METER ELEKTRONIK,G1,10,,6,2
JUNIOR TECHNICIAN OPERASI DAN PEMELIHARAAN PUSAT LISTRIK,G1,10,,1,1
JUNIOR TECHNICIAN OPERASI DAN PEMELIHARAAN PUSAT LISTRIK (ADONARA),G1,10,,2,1
JUNIOR TECHNICIAN OPERASI DAN PEMELIHARAAN PUSAT LISTRIK (KALABAHI),G1,10,,3,1
JUNIOR TECHNICIAN OPERASI DAN PEMELIHARAAN PUSAT LISTRIK (LABUAN BAJO),G1,10,,1,1
JUNIOR TECHNICIAN OPERASI DAN PEMELIHARAAN PUSAT LISTRIK (LABUHAN),G1,10,,1,1
JUNIOR TECHNICIAN OPERASI DAN PEMELIHARAAN PUSAT LISTRIK (LEMBATA),G1,10,,3,1
JUNIOR TECHNICIAN OPERASI DAN PEMELIHARAAN PUSAT LISTRIK (RUTENG),G1,10,,2,1
JUNIOR TECHNICIAN OPERASI DAN PEMELIHARAAN PUSAT LISTRIK (SABU),G1,09,,1,1
JUNIOR TECHNICIAN OPERASI DAN PEMELIHARAAN PUSAT LISTRIK (SEMAU),G1,10,,1,1
JUNIOR TECHNICIAN OPERASI DAN PEMELIHARAAN PUSAT LISTRIK (SUMBA BARAT),G1,10,,1,1
JUNIOR TECHNICIAN OPERASI DAN PEMELIHARAAN PUSAT LISTRIK (SUMBA JAYA),G1,09,,1,1
JUNIOR TECHNICIAN OPERASI DAN PEMELIHARAAN PUSAT LISTRIK(ADONARA),G1,09,,1,1
JUNIOR TECHNICIAN OPERASI DAN PEMELIHARAAN SISTEM SCADA DAN TELEKOMUNIKASI,G1,09,,1,1
JUNIOR TECHNICIAN OPERASI DAN PEMELIHARAAN UNIT PUSAT LISTRIK TERSEBAR (BELINYU),G1,10,,1,1
JUNIOR TECHNICIAN OPERASI DAN PEMELIHARAAN UNIT PUSAT LISTRIK TERSEBAR (TOBOALI),G1,10,,1,1
JUNIOR TECHNICIAN OPERASI DAN PEMELIHARAAN UNIT PUSAT LISTRIK TERSEBAR(MUNTOK),G1,10,,1,1
JUNIOR TECHNICIAN OPERASI DISTRIBUSI,G1,10,,97,6
JUNIOR TECHNICIAN OPERASI PENGATUR BEBAN,G1,10,,8,1
JUNIOR TECHNICIAN OPERASI PUSAT LISTRIK,G1,10,,83,3
JUNIOR TECHNICIAN OPERASI REAL TIME A,G1,10,,21,6
JUNIOR TECHNICIAN OPERASI REAL TIME B,G1,10,,17,6
JUNIOR TECHNICIAN OPERASI REAL TIME C,G1,10,,17,6
JUNIOR TECHNICIAN OPERASI REAL TIME D,G1,10,,21,6
JUNIOR TECHNICIAN OPERASI REAL TIME E,G1,10,,22,6
JUNIOR TECHNICIAN PDKB,G1,10,,492,22
JUNIOR TECHNICIAN PDKB GI/GITET,G1,10,,92,6
JUNIOR TECHNICIAN PDKB SUTT/SUTET,G1,10,,193,6
JUNIOR TECHNICIAN PEMELIHARAAN APP,G1,10,,5,2
JUNIOR TECHNICIAN PEMELIHARAAN DAN INSTALASI INTERFACE RTU,G1,09,,2,1
JUNIOR TECHNICIAN PEMELIHARAAN DISTRIBUSI,G1,10,,18,6
JUNIOR TECHNICIAN PEMELIHARAAN ELEKTROMEKANIK,G1,10,,1,1
JUNIOR TECHNICIAN PEMELIHARAAN GARDU INDUK,G1,10,,288,9
JUNIOR TECHNICIAN PEMELIHARAAN GARDU INDUK (GI AESESA),G1,10,,1,1
JUNIOR TECHNICIAN PEMELIHARAAN GARDU INDUK (GI BOLOK),G1,09,,1,1
JUNIOR TECHNICIAN PEMELIHARAAN GARDU INDUK (GI MAUMERE),G1,09,,1,1
JUNIOR TECHNICIAN PEMELIHARAAN GARDU INDUK (GI NAIBONAT),G1,10,,1,1
JUNIOR TECHNICIAN PEMELIHARAAN GARDU INDUK (GI NONOHONIS),G1,10,,1,1
JUNIOR TECHNICIAN PEMELIHARAAN GARDU INDUK (GI ROPA),G1,09,,1,1
JUNIOR TECHNICIAN PEMELIHARAAN GARDU INDUK (GI ULUMBU),G1,10,,1,1
JUNIOR TECHNICIAN PEMELIHARAAN GARDU INDUK (GI WAIRITA),G1,10,,1,1
JUNIOR TECHNICIAN PEMELIHARAAN JARINGAN,G1,09,,24,3
JUNIOR TECHNICIAN PEMELIHARAAN JARINGAN TRANSMISI,G1,10,,216,9
JUNIOR TECHNICIAN PEMELIHARAAN JARINGAN TRANSMISI (AESESA),G1,10,,1,1
JUNIOR TECHNICIAN PEMELIHARAAN JARINGAN TRANSMISI (BAJAWA),G1,10,,1,1
JUNIOR TECHNICIAN PEMELIHARAAN JARINGAN TRANSMISI (BORONG),G1,09,,1,1
JUNIOR TECHNICIAN PEMELIHARAAN JARINGAN TRANSMISI (ENDE),G1,10,,1,1
JUNIOR TECHNICIAN PEMELIHARAAN JARINGAN TRANSMISI (LABUAN BAJO),G1,09,,1,1
JUNIOR TECHNICIAN PEMELIHARAAN JARINGAN TRANSMISI (MAULAFA),G1,10,,1,1
JUNIOR TECHNICIAN PEMELIHARAAN JARINGAN TRANSMISI (RUTENG),G1,10,,1,1
JUNIOR TECHNICIAN PEMELIHARAAN JARINGAN TRANSMISI (TENAU),G1,09,,1,1
JUNIOR TECHNICIAN PEMELIHARAAN JARINGAN TRANSMISI DAN GARDU INDUK,G1,09,,16,2
JUNIOR TECHNICIAN PEMELIHARAAN JARINGAN TRANSMISI DAN GARDU INDUK (GIS TERNATE),G1,09,,3,1
JUNIOR TECHNICIAN PEMELIHARAAN METER TRANSAKSI,G1,10,,4,2
"JUNIOR TECHNICIAN PEMELIHARAAN PROTEKSI, METER, DAN OTOMASI",G1,09,,28,2
"JUNIOR TECHNICIAN PEMELIHARAAN PROTEKSI, METER, DAN OTOMASI TRANSMISI DAN GARDU INDUK",G1,10,,155,9
"JUNIOR TECHNICIAN PEMELIHARAAN PROTEKSI, METER, DAN OTOMASI TRANSMISIDAN GARDU INDUK",G1,09,,5,4
JUNIOR TECHNICIAN PEMELIHARAAN PUSAT LISTRIK,G1,09,,33,5
JUNIOR TECHNICIAN PENGATUR OPERASI SISTEM,G1,10,,2,1
JUNIOR TECHNICIAN PENGATURAN OPERASI,G1,10,,219,18
JUNIOR TECHNICIAN PENGATURAN OPERASI (GORONTALO),G1,10,,5,1
JUNIOR TECHNICIAN PENGATURAN OPERASI (MANADO),G1,09,,9,1
JUNIOR TECHNICIAN PENGELOLAAN KONSTRUKSI,G1,10,,8,3
JUNIOR TECHNICIAN PENGELOLAAN UNIT LAYANAN PELANGGAN TERSEBAR,G1,10,,2,2
JUNIOR TECHNICIAN PENGELOLAAN UNIT LAYANAN PELANGGAN TERSEBAR (AIR BUAYA),G1,09,,1,1
JUNIOR TECHNICIAN PENGELOLAAN UNIT LAYANAN PELANGGAN TERSEBAR (AMARSEKARU),G1,10,,1,1
JUNIOR TECHNICIAN PENGELOLAAN UNIT LAYANAN PELANGGAN TERSEBAR (AMBALAU),G1,10,,1,1
JUNIOR TECHNICIAN PENGELOLAAN UNIT LAYANAN PELANGGAN TERSEBAR (ANJIR PASAR),G1,10,,1,1
JUNIOR TECHNICIAN PENGELOLAAN UNIT LAYANAN PELANGGAN TERSEBAR (ASERA),G1,09,,2,1
JUNIOR TECHNICIAN PENGELOLAAN UNIT LAYANAN PELANGGAN TERSEBAR (ATSJ),G1,09,,1,1
JUNIOR TECHNICIAN PENGELOLAAN UNIT LAYANAN PELANGGAN TERSEBAR (BATU JUNGKU),G1,09,,1,1
JUNIOR TECHNICIAN PENGELOLAAN UNIT LAYANAN PELANGGAN TERSEBAR (BETUN),G1,09,,1,1
JUNIOR TECHNICIAN PENGELOLAAN UNIT LAYANAN PELANGGAN TERSEBAR (BICOLI),G1,09,,1,1
JUNIOR TECHNICIAN PENGELOLAAN UNIT LAYANAN PELANGGAN TERSEBAR (BOMBERAI),G1,10,,1,1
JUNIOR TECHNICIAN PENGELOLAAN UNIT LAYANAN PELANGGAN TERSEBAR (BOSNIK),G1,10,,1,1
JUNIOR TECHNICIAN PENGELOLAAN UNIT LAYANAN PELANGGAN TERSEBAR (BUANO),G1,09,,1,1
JUNIOR TECHNICIAN PENGELOLAAN UNIT LAYANAN PELANGGAN TERSEBAR (BULI),G1,10,,1,1
JUNIOR TECHNICIAN PENGELOLAAN UNIT LAYANAN PELANGGAN TERSEBAR (BUPUL),G1,09,,2,1
JUNIOR TECHNICIAN PENGELOLAAN UNIT LAYANAN PELANGGAN TERSEBAR (DAIKLINGGA),G1,09,,1,1
JUNIOR TECHNICIAN PENGELOLAAN UNIT LAYANAN PELANGGAN TERSEBAR (DEIYAI),G1,09,,2,1
JUNIOR TECHNICIAN PENGELOLAAN UNIT LAYANAN PELANGGAN TERSEBAR (EREKE),G1,10,,1,1
JUNIOR TECHNICIAN PENGELOLAAN UNIT LAYANAN PELANGGAN TERSEBAR (GESER),G1,10,,1,1
JUNIOR TECHNICIAN PENGELOLAAN UNIT LAYANAN PELANGGAN TERSEBAR (GULI-GULI),G1,10,,1,1
JUNIOR TECHNICIAN PENGELOLAAN UNIT LAYANAN PELANGGAN TERSEBAR (ILWAKI),G1,09,,1,1
JUNIOR TECHNICIAN PENGELOLAAN UNIT LAYANAN PELANGGAN TERSEBAR (JORONG),G1,10,,1,1
JUNIOR TECHNICIAN PENGELOLAAN UNIT LAYANAN PELANGGAN TERSEBAR (KESUI),G1,09,,1,1
JUNIOR TECHNICIAN PENGELOLAAN UNIT LAYANAN PELANGGAN TERSEBAR (KIANDARAT),G1,09,,1,1
JUNIOR TECHNICIAN PENGELOLAAN UNIT LAYANAN PELANGGAN TERSEBAR (KOTA BARU),G1,10,,1,1
JUNIOR TECHNICIAN PENGELOLAAN UNIT LAYANAN PELANGGAN TERSEBAR (LANGARA IWAWO),G1,10,,1,1
JUNIOR TECHNICIAN PENGELOLAAN UNIT LAYANAN PELANGGAN TERSEBAR (LAWA),G1,09,,1,1
JUNIOR TECHNICIAN PENGELOLAAN UNIT LAYANAN PELANGGAN TERSEBAR (LEKEBAI),G1,09,,2,1
JUNIOR TECHNICIAN PENGELOLAAN UNIT LAYANAN PELANGGAN TERSEBAR (LIANG AWAIYA),G1,10,,1,1
JUNIOR TECHNICIAN PENGELOLAAN UNIT LAYANAN PELANGGAN TERSEBAR (LUBUK MALAKO),G1,10,,1,1
JUNIOR TECHNICIAN PENGELOLAAN UNIT LAYANAN PELANGGAN TERSEBAR (LUHU),G1,09,,2,1
JUNIOR TECHNICIAN PENGELOLAAN UNIT LAYANAN PELANGGAN TERSEBAR (MAMBERAMORAYA),G1,10,,1,1
JUNIOR TECHNICIAN PENGELOLAAN UNIT LAYANAN PELANGGAN TERSEBAR (MAUPONGGO),G1,09,,1,1
JUNIOR TECHNICIAN PENGELOLAAN UNIT LAYANAN PELANGGAN TERSEBAR (MBORONG),G1,09,,1,1
JUNIOR TECHNICIAN PENGELOLAAN UNIT LAYANAN PELANGGAN TERSEBAR (MUARA BENGKAL),G1,09,,1,1
JUNIOR TECHNICIAN PENGELOLAAN UNIT LAYANAN PELANGGAN TERSEBAR (NEBE),G1,09,,1,1
JUNIOR TECHNICIAN PENGELOLAAN UNIT LAYANAN PELANGGAN TERSEBAR (NUSAPENIDA),G1,09,,2,1
JUNIOR TECHNICIAN PENGELOLAAN UNIT LAYANAN PELANGGAN TERSEBAR (OKSIBIL),G1,10,,1,1
JUNIOR TECHNICIAN PENGELOLAAN UNIT LAYANAN PELANGGAN TERSEBAR (OLONG),G1,10,,1,1
JUNIOR TECHNICIAN PENGELOLAAN UNIT LAYANAN PELANGGAN TERSEBAR (ONDOR),G1,10,,1,1
JUNIOR TECHNICIAN PENGELOLAAN UNIT LAYANAN PELANGGAN TERSEBAR (PANGKALAN),G1,10,,1,1
JUNIOR TECHNICIAN PENGELOLAAN UNIT LAYANAN PELANGGAN TERSEBAR (PERDANA),G1,09,,1,1
JUNIOR TECHNICIAN PENGELOLAAN UNIT LAYANAN PELANGGAN TERSEBAR (PLTS PULAU PANJANG),G1,10,,1,1
JUNIOR TECHNICIAN PENGELOLAAN UNIT LAYANAN PELANGGAN TERSEBAR (PLTS TIOOR),G1,10,,1,1
JUNIOR TECHNICIAN PENGELOLAAN UNIT LAYANAN PELANGGAN TERSEBAR (RANSIKI),G1,10,,3,1
JUNIOR TECHNICIAN PENGELOLAAN UNIT LAYANAN PELANGGAN TERSEBAR (RUMAHKAY),G1,10,,1,1
JUNIOR TECHNICIAN PENGELOLAAN UNIT LAYANAN PELANGGAN TERSEBAR (SANGKULIRANG),G1,09,,1,1
JUNIOR TECHNICIAN PENGELOLAAN UNIT LAYANAN PELANGGAN TERSEBAR (SEBATIK),G1,09,,1,1
JUNIOR TECHNICIAN PENGELOLAAN UNIT LAYANAN PELANGGAN TERSEBAR (SEMITAU),G1,09,,1,1
JUNIOR TECHNICIAN PENGELOLAAN UNIT LAYANAN PELANGGAN TERSEBAR (SENGAYAM),G1,10,,1,1
JUNIOR TECHNICIAN PENGELOLAAN UNIT LAYANAN PELANGGAN TERSEBAR (SENGGI),G1,10,,1,1
JUNIOR TECHNICIAN PENGELOLAAN UNIT LAYANAN PELANGGAN TERSEBAR (SIKELI),G1,09,,1,1
JUNIOR TECHNICIAN PENGELOLAAN UNIT LAYANAN PELANGGAN TERSEBAR (SINYONYOI),G1,09,,1,1
JUNIOR TECHNICIAN PENGELOLAAN UNIT LAYANAN PELANGGAN TERSEBAR (SIRIWO),G1,10,,1,1
JUNIOR TECHNICIAN PENGELOLAAN UNIT LAYANAN PELANGGAN TERSEBAR (SOLOR BARAT),G1,09,,2,1
JUNIOR TECHNICIAN PENGELOLAAN UNIT LAYANAN PELANGGAN TERSEBAR (SULIKI),G1,10,,1,1
JUNIOR TECHNICIAN PENGELOLAAN UNIT LAYANAN PELANGGAN TERSEBAR (TAHALUPU),G1,10,,1,1
JUNIOR TECHNICIAN PENGELOLAAN UNIT LAYANAN PELANGGAN TERSEBAR (TALISAYAN),G1,09,,1,1
JUNIOR TECHNICIAN PENGELOLAAN UNIT LAYANAN PELANGGAN TERSEBAR (TAMBELAN),G1,10,,1,1
JUNIOR TECHNICIAN PENGELOLAAN UNIT LAYANAN PELANGGAN TERSEBAR (TAYANDO YAMTEL),G1,09,,1,1
JUNIOR TECHNICIAN PENGELOLAAN UNIT LAYANAN PELANGGAN TERSEBAR (TELUKDALAM),G1,09,,1,1
JUNIOR TECHNICIAN PENGELOLAAN UNIT LAYANAN PELANGGAN TERSEBAR (TIGA BALATA),G1,10,,1,1
JUNIOR TECHNICIAN PENGELOLAAN UNIT LAYANAN PELANGGAN TERSEBAR (TOPOYO),G1,09,,2,1
JUNIOR TECHNICIAN PENGELOLAAN UNIT LAYANAN PELANGGAN TERSEBAR (UJOH BILANG),G1,09,,1,1
JUNIOR TECHNICIAN PENGELOLAAN UNIT LAYANAN PELANGGAN TERSEBAR (WAHA TOMIA),G1,09,,1,1
JUNIOR TECHNICIAN PENGELOLAAN UNIT LAYANAN PELANGGAN TERSEBAR (WAHAI),G1,09,,1,1
JUNIOR TECHNICIAN PENGELOLAAN UNIT LAYANAN PELANGGAN TERSEBAR (WAISAMU),G1,10,,1,1
JUNIOR TECHNICIAN PENGELOLAAN UNIT LAYANAN PELANGGAN TERSEBAR (WATULEA),G1,10,,1,1
JUNIOR TECHNICIAN PENGELOLAAN UNIT LAYANAN PELANGGAN TERSEBAR (WERINAMA),G1,10,,2,1
JUNIOR TECHNICIAN PENGELOLAAN UNIT LAYANAN PELANGGAN TERSEBAR (WONRELI),G1,10,,1,1
JUNIOR TECHNICIAN PENGELOLAAN UNIT LAYANAN PELANGGAN TERSEBAR (YAHUKIMO),G1,09,,1,1
JUNIOR TECHNICIAN PENGELOLAAN UNIT LAYANAN PELANGGAN TERSEBAR(BATU SOPANG),G1,10,,1,1
JUNIOR TECHNICIAN PENGELOLAAN UNIT LAYANAN PELANGGAN TERSEBAR(MARANGKAYU),G1,10,,1,1
JUNIOR TECHNICIAN PENGELOLAAN UNIT LAYANAN PELANGGAN TERSEBAR(TIDUNG PALE),G1,10,,1,1
JUNIOR TECHNICIAN PENGELOLAAN UNIT TERSEBAR (KIT KEPULAUAN MENTAWAI),G1,10,,1,1
JUNIOR TECHNICIAN PENGELOLAAN UNIT TERSEBAR (SEPASO),G1,10,,1,1
JUNIOR TECHNICIAN PENGENDALIAN APP,G1,10,,2,1
JUNIOR TECHNICIAN PENGENDALIAN KONSTRUKSI DISTRIBUSI,G1,10,,12,2
JUNIOR TECHNICIAN PENGENDALIAN KONTRAK DAN PELAPORAN,G1,09,,10,6
JUNIOR TECHNICIAN PENGENDALIAN O & M PERALATAN SCADA DAN OTOMASI,G1,10,,1,1
JUNIOR TECHNICIAN PENGENDALIAN OPERASI SISTEM,G1,10,,9,2
JUNIOR TECHNICIAN PENGENDALIAN OPERASI SISTEM (JAYAPURA),G1,10,,1,1
JUNIOR TECHNICIAN PENGENDALIAN OPERASI SISTEM (SORONG),G1,09,,5,1
JUNIOR TECHNICIAN PENGENDALIAN OPERASI SISTEM (TERNATE),G1,10,,2,1
JUNIOR TECHNICIAN PENGENDALIAN OPERASI SISTEM (TIMIKA),G1,09,,4,1
JUNIOR TECHNICIAN PENGENDALIAN SUSUT,G1,10,,17,2
JUNIOR TECHNICIAN PENGENDALIAN SUSUT DAN P2TL,G1,10,,1,1
JUNIOR TECHNICIAN PENGENDALIAN SUSUT DAN PJU,G1,09,,4,2
JUNIOR TECHNICIAN PENGUJIAN ARUS TINGGI,G1,10,,2,1
JUNIOR TECHNICIAN PENGUJIAN ELEKTROMEKANIK,G1,10,,1,1
JUNIOR TECHNICIAN PENGUJIAN ENERGI TERBARUKAN,G1,10,,1,1
JUNIOR TECHNICIAN PENGUJIAN PRODUK ALAT PENGUKUR,G1,10,,1,1
JUNIOR TECHNICIAN PENGUJIAN PRODUK KABEL KONDUKTOR,G1,10,,1,1
JUNIOR TECHNICIAN PENGUJIAN TEGANGAN TINGGI,G1,10,,1,1
JUNIOR TECHNICIAN PENYAMBUNGAN DAN PEMUTUSAN,G1,09,,13,3
JUNIOR TECHNICIAN PROTEKSI SISTEM,G1,10,,2,2
JUNIOR TECHNICIAN PROYEK,G1,09,,5,2
JUNIOR TECHNICIAN QUALITY CONTROL,G1,10,,1,1
JUNIOR TECHNICIAN SCADA DAN TELEKOMUNIKASI,G1,10,,2,2
JUNIOR TECHNICIAN SISTEM PROTEKSI,G1,10,,1,1
JUNIOR TECHNICIAN TEKNIK ELEKTRIKAL,G1,09,,24,6
JUNIOR TECHNICIAN TEKNIK LAYANAN PELANGGAN,G1,10,,821,21
JUNIOR TECHNICIAN TEKNIK LAYANAN PELANGGAN (ANGGANA),G1,10,,1,1
JUNIOR TECHNICIAN TEKNIK LAYANAN PELANGGAN (BABULU),G1,09,,1,1
JUNIOR TECHNICIAN TEKNIK LAYANAN PELANGGAN (BONGAN),G1,10,,1,1
JUNIOR TECHNICIAN TEKNIK LAYANAN PELANGGAN (KAWAL),G1,09,,1,1
JUNIOR TECHNICIAN TEKNIK LAYANAN PELANGGAN (LAMBING),G1,09,,1,1
JUNIOR TECHNICIAN TEKNIK LAYANAN PELANGGAN (LEMPAKE),G1,10,,1,1
JUNIOR TECHNICIAN TEKNIK LAYANAN PELANGGAN (MUARA JAWA),G1,09,,1,1
JUNIOR TECHNICIAN TEKNIK LAYANAN PELANGGAN (MUARA KAMAN),G1,09,,1,1
JUNIOR TECHNICIAN TEKNIK LAYANAN PELANGGAN (MUARA WAHAU),G1,09,,1,1
JUNIOR TECHNICIAN TEKNIK LAYANAN PELANGGAN (SEI PAKNING),G1,10,,1,1
JUNIOR TECHNICIAN TEKNIK MEKANIKAL,G1,10,,2,1
JUNIOR TECHNICIAN TEKNIK SIPIL,G1,10,,2,1
JUNIOR TECHNICIAN TEKNISI PDKB,G1,10,,1,1
JUNIOR TECHNICIAN TELEKOMUNIKASI,G1,10,,14,4
JUNIOR TECHNICIAN TRANSAKSI ENERGI LAYANAN PELANGGAN,G1,10,,656,21
JUNIOR TECHNICIAN TRANSAKSI TENAGA LISTRIK DAN METERING,G1,10,,6,5
KEPALA SATUAN DIGITAL DAN TEKNOLOGI INFORMASI,MAK,24,,1,1
KEPALA SATUAN PENGAWASAN INTERN,MAK,24,,1,1
MANAGER ACADEMY BUSINESS DEVELOPMENT,MD,15,,1,1
MANAGER ACADEMY CORPORATE SECRETARY,MD,15,,1,1
MANAGER ACADEMY CUSTOMER EXPERIENCE DAN LAYANAN PELANGGAN,MD,15,,1,1
MANAGER ACADEMY DIGITAL DAN TEKNOLOGI INFORMASI,MD,15,,1,1
MANAGER ACADEMY DISTRIBUSI,MD,15,,1,1
MANAGER ACADEMY ENERGI BARU DAN ENERGY STORAGE SYSTEM,MD,15,,1,1
MANAGER ACADEMY ENERGI PRIMER,MD,15,,1,1
MANAGER ACADEMY ENERGI TERBARUKAN,MD,15,,1,1
MANAGER ACADEMY HSSE,MD,15,,1,1
MANAGER ACADEMY HUMAN CAPITAL DAN GENERAL AFFAIR,MD,15,,1,1
MANAGER ACADEMY KEUANGAN,MD,15,,1,1
MANAGER ACADEMY KONSTRUKSI DAN MANAJEMEN PROYEK,MD,15,,1,1
MANAGER ACADEMY LEADERSHIP,MD,15,,1,1
MANAGER ACADEMY LEGAL DAN REGULASI,MD,15,,1,1
MANAGER ACADEMY MANAJEMEN PEMBANGKITAN,MD,15,,1,1
"MANAGER ACADEMY NIAGA, PEMASARAN, DAN PENJUALAN",MD,15,,1,1
MANAGER ACADEMY NON TECHNICAL SUSTAINABILITY,MD,15,,1,1
MANAGER ACADEMY OPERASI SISTEM DAN FASILITAS OPERASI,MD,15,,1,1
"MANAGER ACADEMY PENELITIAN DAN PENGEMBANGAN, PEMELIHARAANKETENAGALISTRIKAN, DAN SERTIFIKASI",MD,15,,1,1
MANAGER ACADEMY PERENCANAAN SISTEM DAN MANAJEMEN ASET,MD,15,,1,1
MANAGER ACADEMY RISIKO DAN KEPATUHAN,MD,15,,1,1
MANAGER ACADEMY SMART GRID DAN DEKARBONISASI SISTEM ENERGI,MD,15,,1,1
MANAGER ACADEMY SUPPLY CHAIN MANAGEMENT,MD,15,,1,1
MANAGER ACADEMY TRANSMISI,MD,15,,1,1
MANAGER ADMINISTRASI AKUNTANSI PINJAMAN KANTOR PUSAT,MD,16,,1,1
MANAGER ADMINISTRASI DAN KONTROL INTERNAL,MD,16,,1,1
MANAGER ADMINISTRASI DAN MONITORING ADDITIONAL DEMAND,MD,16,,1,1
MANAGER ADMINISTRASI DAN PENGEMBANGAN SDM,MD,16,,1,1
MANAGER ADMINISTRASI EKSEKUTIF DIREKSI,MD,16,,5,1
MANAGER ADMINISTRASI KONSTRUKSI DAN PMIS,MD,16,,2,1
MANAGER ADMINISTRASI KONTRAK,MD,15,,5,5
MANAGER ADMINISTRASI LOAN DAN PDP,MD,16,,1,1
MANAGER ADMINISTRASI LOGISTIK DAN KEPABEANAN,MD,16,,1,1
MANAGER ADMINISTRASI PELAYANAN PELANGGAN,MD,16,,1,1
MANAGER ADMINISTRASI PENGADAAN PEMBANGKIT DAN IPP,MD,16,,1,1
"MANAGER ADMINISTRASI PENGADAAN TRANSMISI, GARDU INDUK, DAN MATERIAL TERPUSAT",MD,16,,1,1
MANAGER ADMINISTRASI PENGEMBANGAN PRODUK NIAGA,MD,16,,1,1
"MANAGER ADMINISTRASI PERIZINAN DAN PEMBEBASAN LAHAN JARINGAN JAWA, MADURA, BALI, MALUKU, PAPUA DAN NUSA TENGGARA",MD,16,,1,1
"MANAGER ADMINISTRASI PERIZINAN DAN PEMBEBASAN LAHAN JARINGAN SUMATERA,KALIMANTAN DAN SULAWESI",MD,16,,1,1
"MANAGER ADMINISTRASI PERIZINAN DAN PEMBEBASAN LAHAN PEMBANGKIT JAWA, MADURA, BALI, MALUKU, PAPUA DAN NUSA TENGGARA",MD,16,,1,1
"MANAGER ADMINISTRASI PERIZINAN DAN PEMBEBASAN LAHAN PEMBANGKIT SUMATERA, KALIMANTAN DAN SULAWESI",MD,16,,1,1
MANAGER ADMINISTRASI SEKRETARIAT PERUSAHAAN,MD,16,,1,1
MANAGER AKUISISI PELANGGAN DAN GREEN ENERGY,MD,16,,1,1
MANAGER AKUNTANSI,MD,15,,41,41
MANAGER AKUNTANSI DAN SISTEM INFORMASI ASET,MD,16,,1,1
MANAGER AKUNTANSI TRANSAKSI KANTOR PUSAT 1,MD,16,,1,1
MANAGER AKUNTANSI TRANSAKSI KANTOR PUSAT 2,MD,16,,1,1
MANAGER ANALISA DAN EVALUASI JABATAN,MD,16,,1,1
MANAGER ANALISA DAN EVALUASI OPERASI SISTEM,MD,15,,1,1
MANAGER ANALISIS DAN EVALUASI OPERASI SISTEM,MD,17,,1,1
MANAGER ANALISIS DAN HARMONISASI MATERI,MD,16,,1,1
MANAGER ANEKA ENERGI IPP,MD,16,,1,1
MANAGER ANEKA ENERGI PLN,MD,16,,1,1
MANAGER ANGGARAN DAN ADMINISTRASI KOMUNIKASI DAN TJSL,MD,16,,1,1
MANAGER ANGGARAN DAN NIAGA,MD,15,,1,1
MANAGER ANGGARAN INVESTASI NIAGA,MD,16,,1,1
MANAGER ANGGARAN INVESTASI SARANA,MD,16,,1,1
MANAGER ANGGARAN OPERASI NIAGA,MD,16,,1,1
MANAGER ANGGARAN PEMBANGKITAN,MD,16,,1,1
MANAGER ANGGARAN SARANA KANTOR PUSAT,MD,16,,1,1
MANAGER ANGGARAN SARANA KORPORAT,MD,16,,1,1
MANAGER APLIKASI DISTRIBUSI,MD,16,,1,1
MANAGER APLIKASI MOBILE SUPPORT,MD,16,,1,1
MANAGER APLIKASI PELAYANAN PELANGGAN MOBILE,MD,16,,1,1
MANAGER APLIKASI PEMBANGKITAN,MD,16,,1,1
MANAGER APLIKASI PROYEK,MD,16,,1,1
MANAGER APLIKASI TRANSMISI,MD,16,,1,1
MANAGER ASET PROPERTI DAN UMUM,MD,15,,27,27
"MANAGER ASET PROPERTI, KOMUNIKASI DAN UMUM",MD,15,,1,1
"MANAGER ASET PROPERTI, KOMUNIKASI, DAN UMUM",MD,15,,7,7
MANAGER AUDIT DATA ANALITIK DAN CONTINUOUS AUDIT 1,MD,16,,1,1
MANAGER AUDIT DATA ANALITIK DAN CONTINUOUS AUDIT 2,MD,16,,1,1
MANAGER AUDIT INVESTIGASI 1A,MD,16,,1,1
MANAGER AUDIT INVESTIGASI 1B,MD,16,,1,1
MANAGER AUDIT INVESTIGASI 2A,MD,16,,1,1
MANAGER AUDIT INVESTIGASI 2B,MD,16,,1,1
MANAGER AUDIT KEUANGAN KORPORASI 1,MD,16,,1,1
MANAGER AUDIT KEUANGAN KORPORASI 2,MD,16,,1,1
MANAGER AUDIT KEUANGAN KORPORASI 3,MD,16,,1,1
MANAGER AUDIT KEUANGAN KORPORASI 4,MD,16,,1,1
MANAGER AUDIT KEUANGAN KORPORASI 5,MD,16,,1,1
"MANAGER AUDIT KONSTRUKSI, PEMBANGKITAN, DAN EBT 1A",MD,16,,1,1
"MANAGER AUDIT KONSTRUKSI, PEMBANGKITAN, DAN EBT 1B",MD,16,,1,1
"MANAGER AUDIT KONSTRUKSI, PEMBANGKITAN, DAN EBT 1C",MD,16,,1,1
"MANAGER AUDIT KONSTRUKSI, PEMBANGKITAN, DAN EBT 1D",MD,16,,1,1
"MANAGER AUDIT KONSTRUKSI, PEMBANGKITAN, DAN EBT 2B",MD,16,,1,1
"MANAGER AUDIT KONSTRUKSI, PEMBANGKITAN, DAN EBT 2C",MD,16,,1,1
"MANAGER AUDIT KONSTRUKSI, PEMBANGKITAN, DAN EBT 3A",MD,16,,1,1
"MANAGER AUDIT KONSTRUKSI, PEMBANGKITAN, DAN EBT 3B",MD,16,,1,1
"MANAGER AUDIT KONSTRUKSI, PEMBANGKITAN, DAN EBT 3C",MD,16,,1,1
"MANAGER AUDIT NIAGA, LEGAL, HUMAN CAPITAL, DAN ENABLER 1",MD,16,,1,1
"MANAGER AUDIT NIAGA, LEGAL, HUMAN CAPITAL, DAN ENABLER 2",MD,16,,1,1
"MANAGER AUDIT NIAGA, LEGAL, HUMAN CAPITAL, DAN ENABLER 3",MD,16,,1,1
"MANAGER AUDIT NIAGA, LEGAL, HUMAN CAPITAL, DAN ENABLER 4",MD,16,,1,1
MANAGER AUDIT TEKNOLOGI INFORMASI 1,MD,16,,1,1
MANAGER AUDIT TEKNOLOGI INFORMASI 3,MD,16,,1,1
MANAGER AUDIT TRANSMISI DAN DISTRIBUSI 1A,MD,16,,1,1
MANAGER AUDIT TRANSMISI DAN DISTRIBUSI 1B,MD,16,,1,1
MANAGER AUDIT TRANSMISI DAN DISTRIBUSI 1C,MD,16,,1,1
MANAGER AUDIT TRANSMISI DAN DISTRIBUSI 1D,MD,16,,1,1
MANAGER AUDIT TRANSMISI DAN DISTRIBUSI 2A,MD,16,,1,1
MANAGER AUDIT TRANSMISI DAN DISTRIBUSI 2B,MD,16,,1,1
MANAGER AUDIT TRANSMISI DAN DISTRIBUSI 2C,MD,16,,1,1
MANAGER AUDIT TRANSMISI DAN DISTRIBUSI 2D,MD,16,,1,1
MANAGER AUDIT TRANSMISI DAN DISTRIBUSI 3A,MD,16,,1,1
MANAGER AUDIT TRANSMISI DAN DISTRIBUSI 3B,MD,16,,1,1
MANAGER AUDIT TRANSMISI DAN DISTRIBUSI 3C,MD,16,,1,1
MANAGER AUDIT TRANSMISI DAN DISTRIBUSI 3D,MD,16,,1,1
MANAGER BANTUAN HUKUM ANAK PERUSAHAAN,MD,16,,1,1
MANAGER BANTUAN HUKUM DAN REGULASI JAKARTA,MD,16,,1,1
MANAGER BANTUAN HUKUM DAN REGULASI JAWA BARAT,MD,16,,1,1
MANAGER BANTUAN HUKUM DAN REGULASI JAWA TENGAH DAN D.I. YOGYAKARTA,MD,16,,1,1
MANAGER BANTUAN HUKUM DAN REGULASI JAWA TIMUR,MD,16,,1,1
"MANAGER BANTUAN HUKUM DAN REGULASI JAWA, MADURA, DAN BALI",MD,16,,1,1
MANAGER BANTUAN HUKUM DAN REGULASI RIAU DAN KEPULAUAN RIAU,MD,16,,1,1
"MANAGER BANTUAN HUKUM DAN REGULASI SULAWESI, MALUKU, PAPUA DAN NUSA TENGGARA",MD,16,,1,1
MANAGER BANTUAN HUKUM DAN REGULASI SUMATERA KALIMANTAN,MD,16,,1,1
MANAGER BANTUAN HUKUM DAN REGULASI SUMATERA SELATAN,MD,16,,1,1
MANAGER BANTUAN HUKUM DAN REGULASI SUMATERA UTARA,MD,16,,1,1
MANAGER BANTUAN HUKUM KANTOR PUSAT,MD,16,,1,1
MANAGER BIO ENERGI,MD,16,,1,1
MANAGER BRAND,MD,16,,1,1
MANAGER BUDAYA PERUSAHAAN,MD,16,,1,1
MANAGER COMMUNITY INVOLVEMENT AND DEVELOPMENT,MD,16,,1,1
MANAGER CONTACT CENTER 123,MD,16,,1,1
MANAGER CONTINUOUS IMPROVEMENT PAYMENT CENTRALIZATION,MD,16,,1,1
MANAGER DANA PENSIUN DAN JAMINAN SOSIAL,MD,16,,1,1
MANAGER DATA ANALITIK,MD,16,,1,1
MANAGER DEI DAN ENGAGEMENT,MD,16,,1,1
MANAGER DESAIN PELAYANAN HUMAN CAPITAL AND QUALITY CONTROL,MD,16,,1,1
MANAGER DIGITAL FORENSIK,MD,16,,1,1
MANAGER DIGITAL MARKETING,MD,16,,1,1
MANAGER DIGITALISASI PEMBANGKITAN DAN TRANSMISI,MD,16,,1,1
MANAGER DIGITALISASI PROSES BISNIS INTERNAL DAN BEYOND KWH,MD,16,,1,1
MANAGER DISTRIBUSI,MD,15,,1,1
MANAGER EFEKTIVITAS ORGANISASI ANAK PERUSAHAAN DAN AFILIASI,MD,16,,1,1
MANAGER EFEKTIVITAS ORGANISASI KANTOR PUSAT,MD,16,,1,1
MANAGER EFEKTIVITAS ORGANISASI UNIT,MD,16,,1,1
"MANAGER EFISIENSI, PENGUKURAN DAN MUTU SISTEM DISTRIBUSI",MD,15,,20,20
"MANAGER EFISIENSI, PENGUKURAN, DAN MUTU SISTEM DISTRIBUSI",MD,15,,1,1
MANAGER EKSPLORASI DAN PERIZINAN PLTP,MD,16,,1,1
MANAGER ENERGI HIDRO IPP,MD,16,,1,1
MANAGER ENERGI HIDRO PLN,MD,16,,1,1
"MANAGER ENERGI PRIMER JAWA, MADURA DAN BALI",MD,16,,1,1
"MANAGER ENERGI PRIMER SULAWESI, MALUKU, PAPUA DAN NUSA TENGGARA",MD,16,,1,1
MANAGER ENERGI PRIMER SUMATERA DAN KALIMANTAN,MD,16,,1,1
MANAGER ENJINIRING,MD,15,,7,7
MANAGER ENJINIRING DAN MANAJEMEN ASET,MD,15,,1,1
MANAGER ENJINIRING DAN PERENCANAAN PENGADAAN GARDU INDUK,MD,16,,1,1
MANAGER ENJINIRING DAN PERENCANAAN PENGADAAN PEMBANGKIT NON EBT 1,MD,16,,1,1
MANAGER ENJINIRING DAN PERENCANAAN PENGADAAN PEMBANGKIT NON EBT 2,MD,16,,1,1
MANAGER ENJINIRING DAN PERENCANAAN PENGADAAN TRANSMISI,MD,16,,1,1
MANAGER ENJINIRING PEMBANGKIT EBT,MD,16,,1,1
MANAGER ENJINIRING PEMBANGKIT NON EBT,MD,16,,1,1
MANAGER ENJINIRING PEMBANGKITAN,MD,15,,4,4
"MANAGER ENJINIRING TEKNOLOGI TRANSMISI KALIMANTAN, SULAWESI, MALUKU, PAPUA DAN NUSA TENGGARA",MD,16,,1,1
"MANAGER ENJINIRING TEKNOLOGI TRANSMISI SUMATERA, JAWA, MADURA, DAN BALI",MD,16,,1,1
MANAGER ENJINIRING TRANSMISI DAN GARDU INDUK,MD,16,,1,1
MANAGER ENVIRONMENT SAFEGUARD,MD,16,,1,1
"MANAGER ENVIRONMENTAL, SOCIAL, AND GOVERNANCE RATING",MD,16,,1,1
MANAGER ERP BUDGET PLANNING AND CONTROLLING,MD,16,,1,1
MANAGER ERP FINANCE AND ACCOUNTING,MD,16,,1,1
MANAGER ERP HELP CENTER AND RETIREMENT,MD,16,,1,1
MANAGER ERP HUMAN CAPITAL AND QUALITY CONTROL,MD,16,,1,1
MANAGER ERP LOGISTICS,MD,16,,1,1
MANAGER ERP SUPPLY CHAIN MANAGEMENT,MD,16,,1,1
MANAGER EVALUASI CUSTOMER JOURNEY,MD,16,,1,1
MANAGER EVALUASI PORTOFOLIO,MD,16,,1,1
MANAGER EVALUASI SUBSIDI,MD,16,,1,1
MANAGER EVALUASI TARIF,MD,16,,1,1
MANAGER FASILITAS OPERASI,MD,15,,3,3
MANAGER FASILITAS SARANA DAN PRASARANA KANTOR PUSAT,MD,16,,1,1
MANAGER FASILITAS TEKNOLOGI INFORMASI KANTOR PUSAT,MD,16,,1,1
MANAGER GEOSPASIAL,MD,16,,1,1
MANAGER HARMONISASI DAN MONITORING KEBIJAKAN 1,MD,16,,1,1
MANAGER HEALTH CARE PROVIDER,MD,16,,1,1
MANAGER HEALTH CARE SERVICES,MD,16,,1,1
MANAGER HUBUNGAN INVESTOR DAN GCG,MD,16,,1,1
MANAGER HUBUNGAN LEGISLATIF,MD,16,,1,1
MANAGER HUBUNGAN MEDIA,MD,16,,1,1
MANAGER HUBUNGAN NON PEMERINTAHAN,MD,16,,1,1
MANAGER HUBUNGAN PEMERINTAHAN,MD,16,,1,1
MANAGER HUKUM ACEH,MD,16,,1,1
MANAGER HUKUM BALI,MD,16,,1,1
MANAGER HUKUM BANTEN,MD,16,,1,1
MANAGER HUKUM KALIMANTAN BARAT,MD,16,,1,1
MANAGER HUKUM KALIMANTAN SELATAN,MD,16,,1,1
MANAGER HUKUM KALIMANTAN TIMUR,MD,16,,1,1
MANAGER HUKUM LAMPUNG,MD,16,,1,1
MANAGER HUKUM NTT,MD,16,,1,1
MANAGER HUKUM NUSA TENGGARA BARAT,MD,16,,1,1
MANAGER HUKUM PAPUA,MD,16,,1,1
MANAGER HUKUM SUMBAR,MD,16,,1,1
MANAGER HUMAN CAPITAL HELP CENTER,MD,16,,1,1
MANAGER IMBANGAN AUDIT EKSTERNAL 1,MD,16,,1,1
MANAGER IMBANGAN AUDIT EKSTERNAL 3,MD,16,,1,1
MANAGER IMBANGAN AUDIT EKSTERNAL 4,MD,16,,1,1
MANAGER IMBANGAN AUDIT EKSTERNAL 5,MD,16,,1,1
MANAGER IMPLEMENTASI ASSET MANAGEMENT,MD,16,,1,1
MANAGER IMPLEMENTASI ASSET MANAGEMENT KORPORAT,MD,16,,1,1
MANAGER IMPLEMENTASI MANAJEMEN ASET PEMBANGKITAN,MD,16,,1,1
MANAGER INFRASTRUKTUR MANAJEMEN KEPATUHAN DAN DATA PROTECTION,MD,16,,1,1
MANAGER INOVASI DAN PENGEMBANGAN PRODUK,MD,15,,1,1
MANAGER INSPEKSI DAN KOMISIONING SISTEM PEMBANGKIT,MD,15,,1,1
MANAGER INSPEKSI DISTRIBUSI,MD,15,,1,1
MANAGER INSPEKSI TRANSMISI DAN GARDU INDUK,MD,15,,1,1
MANAGER INSTITUSI KEUANGAN,MD,16,,1,1
MANAGER INTEGRASI INFRASTRUKTUR APLIKASI,MD,16,,1,1
MANAGER IPP DAN EXCESS POWER,MD,15,,7,7
MANAGER IT BUSINESS PARTNER DISTRIBUSI,MD,16,,1,1
MANAGER IT BUSINESS PARTNER NIAGA DAN PROYEK,MD,16,,1,1
MANAGER IT BUSINESS PARTNER PEMBANGKITAN DAN TRANSMISI,MD,16,,1,1
MANAGER IT BUSINESS PARTNER SUPPORT,MD,16,,1,1
MANAGER JAMINAN KUALITAS AUDIT,MD,16,,1,1
MANAGER JAMINAN KUALITAS MANAJEMEN RISIKO,MD,16,,1,1
MANAGER JETTY DAN COAL HANDLING FACILITY,MD,15,,1,1
MANAGER KAJIAN DAN INVESTIGASI TEKNIK DAN TEKNOLOGI SISTEM TRANSMISI DAN DISTRIBUSI,MD,15,,1,1
MANAGER KAJIAN DAN INVESTIGASI TEKNIK TEKNOLOGI SISTEM PEMBANGKITAN DAN ENERGI,MD,15,,1,1
MANAGER KALIBRASI,MD,15,,1,1
"MANAGER KEAMANAN JAWA, MADURA DAN BALI",MD,16,,1,1
"MANAGER KEAMANAN SULAWESI, MALUKU, PAPUA DAN NUSA TENGGARA",MD,16,,1,1
MANAGER KEAMANAN SUMATERA DAN KALIMANTAN,MD,16,,1,1
MANAGER KEBIJAKAN DAN SISTEM INFORMASI ASET PROPERTI,MD,16,,1,1
MANAGER KEBIJAKAN NIAGA,MD,16,,1,1
MANAGER KEBIJAKAN OPERASIONAL HUMAN CAPITAL,MD,16,,1,1
MANAGER KEBIJAKAN OPERASIONAL TEKNOLOGI INFORMASI,MD,16,,1,1
MANAGER KEBIJAKAN STRATEGIS HUMAN CAPITAL,MD,16,,1,1
MANAGER KELAYAKAN KOMERSIALISASI PRODUK NIAGA,MD,16,,1,1
MANAGER KESEKRETARIATAN DAN ADMINISTRASI DEWAN KOMISARIS,MD,16,,1,1
MANAGER KESEKRETARIATAN DAN ADMINISTRASI DIREKSI,MD,16,,1,1
MANAGER KESELAMATAN DAN KESEHATAN KERJA DISTRIBUSI,MD,16,,1,1
"MANAGER KESELAMATAN DAN KESEHATAN KERJA PEMBANGKIT, PROYEK DAN KANTORPUSAT",MD,16,,1,1
MANAGER KESELAMATAN DAN KESEHATAN KERJA TRANSMISI,MD,16,,1,1
"MANAGER KESELAMATAN, KESEHATAN KERJA, LINGKUNGAN DAN KEAMANAN",MD,15,,11,11
"MANAGER KESELAMATAN, KESEHATAN KERJA, LINGKUNGAN, DAN KEAMANAN",MD,15,,31,31
MANAGER KETAHANAN KEAMANAN,MD,16,,1,1
MANAGER KEUANGAN DAN AKUNTANSI,MD,15,,1,1
MANAGER KEUANGAN DAN ANGGARAN,MD,15,,41,41
"MANAGER KEUANGAN, ANGGARAN, DAN AKUNTANSI",MD,15,,4,4
MANAGER KINERJA DIREKTORAT KORPORAT DAN UNIT BINAAN 1,MD,16,,1,1
MANAGER KINERJA DIREKTORAT KORPORAT DAN UNIT BINAAN 2,MD,16,,1,1
MANAGER KINERJA DISTRIBUSI,MD,16,,1,1
MANAGER KINERJA NIAGA DAN LAPORAN MANAJEMEN,MD,16,,1,1
MANAGER KINERJA PEMBANGKITAN,MD,16,,1,1
MANAGER KINERJA RANTAI PASOK,MD,16,,1,1
"MANAGER KINERJA SUBHOLDING, ANAK PERUSAHAAN, DAN AFILIASI 1",MD,16,,1,1
"MANAGER KINERJA SUBHOLDING, ANAK PERUSAHAAN, DAN AFILIASI 2",MD,16,,1,1
MANAGER KOMUNIKASI CEO OFFICE,MD,16,,1,1
MANAGER KOMUNIKASI DAN KOLABORASI PENGEMBANGAN BISNIS,MD,16,,1,1
MANAGER KOMUNIKASI DAN TJSL,MD,15,,27,27
MANAGER KOMUNIKASI INTERNAL,MD,16,,1,1
MANAGER KOMUNIKASI PERUBAHAN,MD,16,,1,1
MANAGER KONSOLIDASI DATA LAPORAN KEUANGAN,MD,16,,1,1
MANAGER KONSTRUKSI,MD,15,,2,2
"MANAGER KONSTRUKSI JARINGAN JAWA, MADURA, BALI",MD,16,,1,1
MANAGER KONSTRUKSI JARINGAN KALIMANTAN DAN SULAWESI,MD,16,,1,1
"MANAGER KONSTRUKSI JARINGAN MALUKU, PAPUA DAN NUSA TENGGARA",MD,16,,1,1
MANAGER KONSTRUKSI JARINGAN SUMATERA,MD,16,,1,1
"MANAGER KONSTRUKSI PEMBANGKIT IPP EBT JAWA, MADURA, BALI, MALUKU, PAPUA DAN NUSA TENGGARA",MD,16,,1,1
"MANAGER KONSTRUKSI PEMBANGKIT IPP EBT SUMATERA, KALIMANTAN DAN SULAWESI",MD,16,,1,1
"MANAGER KONSTRUKSI PEMBANGKIT IPP NON EBT JAWA, MADURA, BALI, MALUKU,PAPUA DAN NUSA TENGGARA",MD,16,,1,1
"MANAGER KONSTRUKSI PEMBANGKIT IPP NON EBT SUMATERA, KALIMANTAN DAN SULAWESI",MD,16,,1,1
"MANAGER KONSTRUKSI PEMBANGKIT PLN EBT JAWA, MADURA, BALI, MALUKU, PAPUA DAN NUSA TENGGARA",MD,16,,1,1
"MANAGER KONSTRUKSI PEMBANGKIT PLN EBT SUMATERA, KALIMANTAN DAN SULAWESI",MD,16,,1,1
"MANAGER KONSTRUKSI PEMBANGKIT PLN NON EBT JAWA, MADURA, BALI, MALUKU,PAPUA DAN NUSA TENGGARA",MD,16,,1,1
"MANAGER KONSTRUKSI PEMBANGKIT PLN NON EBT SUMATERA, KALIMANTAN DAN SULAWESI",MD,16,,1,1
"MANAGER KONSTRUKSI TRANSMISI KALIMANTAN, SULAWESI, MALUKU, PAPUA DAN NUSA TENGGARA",MD,16,,1,1
"MANAGER KONSTRUKSI TRANSMISI SUMATERA, JAWA, MADURA, DAN BALI",MD,16,,1,1
MANAGER KONSULTANSI AUDIT 1A,MD,16,,1,1
MANAGER KONSULTANSI AUDIT 1B,MD,16,,1,1
MANAGER KONSULTANSI AUDIT 2A,MD,16,,1,1
MANAGER KONSULTANSI AUDIT 2B,MD,16,,1,1
MANAGER KONSULTANSI AUDIT 3A,MD,16,,1,1
MANAGER KONSULTANSI AUDIT 3B,MD,16,,1,1
MANAGER KONSUMSI ENERGI,MD,16,,1,1
MANAGER KONTRAK JAKARTA,MD,16,,1,1
MANAGER KONTRAK JAWA BARAT,MD,16,,1,1
MANAGER KONTRAK JAWA TENGAH DAN D.I. YOGYAKARTA,MD,16,,1,1
MANAGER KONTRAK JAWA TIMUR,MD,16,,1,1
MANAGER KONTRAK RIAU DAN KEPULAUAN RIAU,MD,16,,1,1
MANAGER KONTRAK SULAWESI SELATAN,MD,16,,1,1
MANAGER KONTRAK SUMSEL,MD,16,,1,1
MANAGER KONTRAK SUMUT,MD,16,,1,1
MANAGER KONTROL KUALITAS DAN REGULASI PENGADAAN PEMBANGKIT DAN IPP,MD,16,,1,1
"MANAGER KONTROL KUALITAS DAN REGULASI PENGADAAN TRANSMISI, GARDU INDUK, DAN MATERIAL TERPUSAT",MD,16,,1,1
MANAGER KORPORASI,MD,16,,1,1
MANAGER KPKU,MD,16,,1,1
"MANAGER KUALITAS DAN EFISIENSI DISTRIBUSI JAWA, MADURA, DAN BALI",MD,16,,1,1
"MANAGER KUALITAS DAN EFISIENSI DISTRIBUSI SULAWESI, MALUKU, PAPUA, DAN NUSA TENGGARA",MD,16,,1,1
MANAGER KUALITAS DAN EFISIENSI DISTRIBUSI SUMATERA DAN KALIMANTAN,MD,16,,1,1
MANAGER LAPORAN MANAJEMEN DAN STATISTIK,MD,16,,1,1
MANAGER LAYANAN KHUSUS DAN PENGUSAHAAN,MD,16,,1,1
MANAGER LAYANAN PRIORITAS DAN PAE,MD,15,,14,14
"MANAGER LEGAL ASET PROPERTI KALIMANTAN, SULAWESI, MALUKU, PAPUA, DAN NUSA TENGGARA",MD,16,,1,1
"MANAGER LEGAL ASET PROPERTI SUMATERA, JAWA, MADURA, DAN BALI",MD,16,,1,1
MANAGER LEGAL BUSINESS PARTNER DISTRIBUSI,MD,16,,1,1
MANAGER LEGAL BUSINESS PARTNER HUMAN CAPITAL,MD,16,,1,1
MANAGER LEGAL BUSINESS PARTNER IPP DAN PEMBANGKITAN,MD,16,,1,1
MANAGER LEGAL BUSINESS PARTNER KEUANGAN DAN PENDANAAN,MD,16,,1,1
MANAGER LEGAL BUSINESS PARTNER KONSTRUKSI DAN PMO,MD,16,,1,1
MANAGER LEGAL BUSINESS PARTNER PENGADAAN ENERGI BARU TERBARUKAN,MD,16,,1,1
MANAGER LEGAL BUSINESS PARTNER PENGADAAN KONSTRUKSI DAN RANTAI PASOK,MD,16,,1,1
MANAGER LEGAL BUSINESS PARTNER RETAIL DAN NIAGA,MD,16,,1,1
MANAGER LEGAL BUSINESS PARTNER TRANSISI ENERGI,MD,16,,1,1
MANAGER LEGAL SHARE SERVICE,MD,16,,1,1
MANAGER LOGISTIK,MD,15,,1,1
MANAGER LOGISTIK DAN INVENTORY,MD,15,,1,1
MANAGER LOGISTIK DAN KEPABEANAN,MD,15,,11,11
MANAGER MANAJEMEN ASET,MD,15,,6,6
MANAGER MANAJEMEN ASET DISTRIBUSI,MD,16,,1,1
MANAGER MANAJEMEN ASET TRANSMISI,MD,16,,1,1
MANAGER MANAJEMEN DAN ENJINIRING DATA PERUSAHAAN,MD,16,,1,1
MANAGER MANAJEMEN DEMAND,MD,16,,2,1
MANAGER MANAJEMEN HUBUNGAN INDUSTRIAL,MD,16,,1,1
MANAGER MANAJEMEN INTEGRITAS,MD,16,,1,1
MANAGER MANAJEMEN KELAYAKAN INFRASTRUKTUR PEMBANGKITAN,MD,16,,1,1
MANAGER MANAJEMEN KELAYAKAN INFRASTRUKTUR TRANSMISI DAN GARDU INDUK,MD,16,,1,1
MANAGER MANAJEMEN KEPATUHAN REGULASI,MD,16,,1,1
MANAGER MANAJEMEN KINERJA HUMAN CAPITAL,MD,16,,1,1
MANAGER MANAJEMEN LOGISTIK,MD,16,,2,1
MANAGER MANAJEMEN MUTU DAN SISTEM MANAJEMEN TERINTEGRASI,MD,15,,1,1
MANAGER MANAJEMEN PENGETAHUAN,MD,15,,1,1
MANAGER MANAJEMEN RISIKO DAN KEPATUHAN PERBENDAHARAAN,MD,16,,1,1
MANAGER MANAJEMEN RISIKO DAN PERFORMA VENDOR,MD,16,,1,1
MANAGER MANAJEMEN RISIKO KECURANGAN OPERASI DAN PROYEK,MD,16,,1,1
MANAGER MANAJEMEN RISIKO KECURANGAN STRATEGI DAN KEUANGAN,MD,16,,1,1
MANAGER MANAJEMEN SUPPLY,MD,16,,1,1
MANAGER MEDIA SOSIAL DAN DIGITAL,MD,16,,1,1
MANAGER MONITORING 1,MD,16,,1,1
MANAGER MONITORING 2,MD,16,,1,1
MANAGER MONITORING DAN EVALUASI INVESTASI,MD,16,,1,1
MANAGER MONITORING DAN EVALUASI PENJUALAN,MD,16,,1,1
MANAGER MONITORING DAN EVALUASI RUPTL,MD,16,,1,1
MANAGER MONITORING KEMITRAAN TENAGA KERJA,MD,16,,1,1
MANAGER MONITORING PINJAMAN DAN PELAPORAN,MD,16,,1,1
"MANAGER OPERASI DAN PEMELIHARAAN GARDU INDUK KALIMANTAN, SULAWESI, MALUKU, PAPUA DAN NUSA TENGGARA",MD,16,,1,1
"MANAGER OPERASI DAN PEMELIHARAAN GARDU INDUK SUMATERA, JAWA, MADURA, DAN BALI",MD,16,,1,1
MANAGER OPERASI DAN PEMELIHARAAN SISTEM DISTRIBUSI,MD,15,,20,20
MANAGER OPERASI PEMBANGKITAN,MD,15,,4,4
"MANAGER OPERASI PEMBANGKITAN IPP JAWA, MADURA DAN BALI",MD,16,,1,1
"MANAGER OPERASI PEMBANGKITAN IPP SULAWESI, MALUKU, PAPUA DAN NUSA TENGGARA",MD,16,,1,1
MANAGER OPERASI PEMBANGKITAN IPP SUMATERA DAN KALIMANTAN,MD,16,,1,1
"MANAGER OPERASI PEMBANGKITAN PLN SULAWESI, MALUKU, PAPUA DAN NUSA TENGGARA",MD,16,,1,1
"MANAGER OPERASI PEMBANGKITAN PLN SUMATERA, KALIMANTAN, JAWA, MADURA, DAN BALI",MD,16,,1,1
"MANAGER OPERASI PEMBANGKITAN SUBHOLDING DAN ANAK PERUSAHAAN JAWA, MADURA DAN BALI",MD,16,,1,1
"MANAGER OPERASI PEMBANGKITAN SUBHOLDING DAN ANAK PERUSAHAAN SULAWESI,MALUKU, PAPUA DAN NUSA TENGGARA",MD,16,,1,1
MANAGER OPERASI PEMBANGKITAN SUBHOLDING DAN ANAK PERUSAHAAN SUMATERA DAN KALIMANTAN,MD,16,,1,1
MANAGER OPERASI PROYEK JARINGAN,MD,15,,1,1
MANAGER OPERASI PROYEK PEMBANGKIT,MD,15,,1,1
MANAGER OPERASIONAL PAYMENT CENTRALIZATION,MD,16,,1,1
MANAGER OPERASIONAL SISTEM TEKNOLOGI INFORMASI ACEH,MD,15,,1,1
MANAGER OPERASIONAL SISTEM TEKNOLOGI INFORMASI BALI DAN NUSA TENGGARA,MD,15,,1,1
MANAGER OPERASIONAL SISTEM TEKNOLOGI INFORMASI BANTEN,MD,16,,1,1
MANAGER OPERASIONAL SISTEM TEKNOLOGI INFORMASI JAKARTA 1,MD,16,,1,1
MANAGER OPERASIONAL SISTEM TEKNOLOGI INFORMASI JAKARTA 2,MD,16,,1,1
MANAGER OPERASIONAL SISTEM TEKNOLOGI INFORMASI JAWA BARAT,MD,16,,1,1
MANAGER OPERASIONAL SISTEM TEKNOLOGI INFORMASI JAWA TENGAH DAN D.I. YOGYAKARTA,MD,16,,1,1
MANAGER OPERASIONAL SISTEM TEKNOLOGI INFORMASI JAWA TIMUR,MD,16,,1,1
MANAGER OPERASIONAL SISTEM TEKNOLOGI INFORMASI KALIMANTAN BARAT,MD,15,,1,1
MANAGER OPERASIONAL SISTEM TEKNOLOGI INFORMASI KALIMANTAN SELATAN DAN KALIMANTAN TENGAH,MD,16,,1,1
MANAGER OPERASIONAL SISTEM TEKNOLOGI INFORMASI KALIMANTAN TIMUR DAN KALIMANTAN UTARA,MD,15,,1,1
MANAGER OPERASIONAL SISTEM TEKNOLOGI INFORMASI PAPUA DAN PAPUA BARAT,MD,16,,1,1
"MANAGER OPERASIONAL SISTEM TEKNOLOGI INFORMASI SULAWESI SELATAN, SULAWESI TENGGARA DAN SULAWESI BARAT",MD,16,,1,1
MANAGER OPERASIONAL SISTEM TEKNOLOGI INFORMASI SUMATERA SELATAN,MD,15,,1,1
MANAGER OPERASIONAL SISTEM TEKNOLOGI INFORMASI SUMATERA TENGAH,MD,16,,1,1
MANAGER OPERASIONAL SISTEM TEKNOLOGI INFORMASI SUMATERA UTARA,MD,16,,1,1
MANAGER PAJAK PEMBAYARAN TERPUSAT,MD,16,,1,1
MANAGER PDKB,MD,15,,2,1
MANAGER PDKB DAN FASILITAS PEMELIHARAAN,MD,15,,6,5
MANAGER PELAKSANA PENGADAAN,MD,15,,42,42
MANAGER PELAKSANA PENGADAAN EPC PEMBANGKIT EBT,MD,16,,1,1
MANAGER PELAKSANA PENGADAAN EPC PEMBANGKIT NON EBT,MD,16,,1,1
MANAGER PELAKSANA PENGADAAN I,MD,16,,1,1
MANAGER PELAKSANA PENGADAAN II,MD,16,,1,1
MANAGER PELAKSANA PENGADAAN IPP ANEKA ENERGI,MD,16,,1,1
MANAGER PELAKSANA PENGADAAN IPP HIDRO,MD,16,,1,1
MANAGER PELAKSANA PENGADAAN IPP PANAS BUMI DAN NON EBT,MD,16,,1,1
MANAGER PELAKSANA PENGADAAN MATERIAL TERPUSAT 1,MD,16,,1,1
MANAGER PELAKSANA PENGADAAN MATERIAL TERPUSAT 2,MD,16,,1,1
MANAGER PELAKSANA PENGADAAN MATERIAL TERPUSAT 3,MD,16,,1,1
MANAGER PELAKSANA PENGADAAN TRANSMISI DAN GARDU INDUK 1,MD,16,,1,1
MANAGER PELAKSANA PENGADAAN TRANSMISI DAN GARDU INDUK 2,MD,16,,1,1
MANAGER PELAKSANA PENGADAAN TRANSMISI DAN GARDU INDUK 3,MD,16,,1,1
MANAGER PELAKSANAAN KONSULTASI SISTEM MANAJEMEN,MD,15,,1,1
MANAGER PELAPORAN AUDIT,MD,16,,1,1
MANAGER PELAPORAN DAN EVALUASI ASET,MD,16,,1,1
MANAGER PELAPORAN DAN EVALUASI KEUANGAN MANAJEMEN KORPORAT,MD,16,,1,1
"MANAGER PELAPORAN DAN EVALUASI KINERJA KEUANGAN DISTRIBUSI, RETAIL, NIAGA, DAN ANALISA PENDAPATAN",MD,16,,1,1
MANAGER PELAPORAN DAN EVALUASI KINERJA KEUANGAN PEMBANGKITAN DAN ANALISA VARIABLE COST,MD,16,,1,1
MANAGER PELAPORAN DAN EVALUASI KINERJA KEUANGAN TRANSMISI DAN ANALISA FIXED COST,MD,16,,1,1
MANAGER PELAPORAN DAN PENGENDALIAN ANGGARAN,MD,16,,1,1
MANAGER PELAPORAN KEUANGAN KANTOR PUSAT,MD,16,,1,1
MANAGER PELAPORAN KEUANGAN KONSOLIDASI DAN PLN HOLDING,MD,16,,1,1
MANAGER PELAPORAN PENUTUPAN DAN RISIKO ASURANSI,MD,16,,1,1
MANAGER PELAPORAN TATA USAHA PELANGGAN,MD,16,,1,1
MANAGER PELAPORAN TJSL,MD,16,,1,1
MANAGER PELAYANAN ASESMEN DAN KEUANGAN,MD,15,,1,1
MANAGER PELAYANAN BUMN,MD,16,,1,1
MANAGER PELAYANAN DATA HUMAN CAPITAL DAN PURNAKARYA,MD,16,,1,1
MANAGER PELAYANAN FASILITAS TERPUSAT,MD,16,,1,1
MANAGER PELAYANAN HUMAN CAPITAL BANTEN DAN JAKARTA RAYA,MD,15,,1,1
MANAGER PELAYANAN HUMAN CAPITAL JAWA BARAT,MD,15,,1,1
MANAGER PELAYANAN HUMAN CAPITAL JAWA TENGAH DAN DIY,MD,15,,1,1
MANAGER PELAYANAN HUMAN CAPITAL JAWA TIMUR DAN BALI,MD,15,,1,1
MANAGER PELAYANAN HUMAN CAPITAL KALIMANTAN,MD,15,,1,1
MANAGER PELAYANAN HUMAN CAPITAL MALUKU DAN PAPUA,MD,15,,1,1
MANAGER PELAYANAN HUMAN CAPITAL NUSA TENGGARA,MD,15,,1,1
MANAGER PELAYANAN HUMAN CAPITAL SULAWESI,MD,15,,1,1
MANAGER PELAYANAN HUMAN CAPITAL SUMATERA BAGIAN SELATAN,MD,15,,1,1
MANAGER PELAYANAN HUMAN CAPITAL SUMATERA BAGIAN UTARA,MD,15,,1,1
MANAGER PELAYANAN INFORMASI PUBLIK,MD,16,,1,1
MANAGER PELAYANAN KOMPENSASI HUMAN CAPITAL,MD,16,,1,1
MANAGER PELAYANAN PELANGGAN,MD,15,,22,22
MANAGER PELAYANAN PEMERINTAH,MD,16,,1,1
MANAGER PELAYANAN SERTIFIKASI DAN ASESMEN,MD,15,,1,1
MANAGER PEMANTAUAN DAN PELAPORAN MANAJEMEN RISIKO KORPORASI,MD,16,,1,1
MANAGER PEMASARAN,MD,15,,2,2
MANAGER PEMBANGKITAN,MD,15,,11,11
MANAGER PEMBAYARAN KANTOR PUSAT,MD,16,,1,1
MANAGER PEMBAYARAN PUSAT PENUNJANG,MD,16,,1,1
MANAGER PEMBAYARAN UID & UIW-1,MD,16,,1,1
MANAGER PEMBAYARAN UID & UIW-2,MD,16,,1,1
MANAGER PEMBAYARAN UID & UIW-3,MD,16,,1,1
MANAGER PEMBAYARAN UID 1,MD,16,,1,1
MANAGER PEMBAYARAN UID 2,MD,16,,1,1
MANAGER PEMBAYARAN UIP,MD,16,,1,1
MANAGER PEMBAYARAN UIT,MD,16,,1,1
MANAGER PEMBINAAN PEMELIHARAAN PROTEKSI,MD,15,,2,1
MANAGER PEMBINAAN PEMELIHARAAN TRANSMISI,MD,15,,2,1
MANAGER PEMBINAAN VENDOR,MD,16,,1,1
MANAGER PEMELIHARAAN GARDU INDUK,MD,15,,4,3
MANAGER PEMELIHARAAN JARINGAN,MD,15,,4,3
MANAGER PEMELIHARAAN JARINGAN DAN GARDU INDUK,MD,15,,2,2
MANAGER PEMELIHARAAN PEMBANGKITAN,MD,15,,4,4
MANAGER PEMELIHARAAN PROTEKSI DAN METER,MD,15,,6,5
"MANAGER PEMELIHARAAN TRANSMISI KALIMANTAN, SULAWESI, MALUKU, PAPUA DANNUSA TENGGARA",MD,16,,1,1
"MANAGER PEMELIHARAAN TRANSMISI SUMATERA, JAWA, MADURA DAN BALI",MD,16,,1,1
MANAGER PEMETAAN ADDITIONAL DEMAND,MD,16,,1,1
MANAGER PEMODELAN RISIKO,MD,16,,1,1
MANAGER PENCARIAN DAN KUALIFIKASI VENDOR,MD,16,,1,1
MANAGER PENDANAAN DAN HIBAH DALAM NEGERI,MD,16,,1,1
MANAGER PENDANAAN DAN HIBAH LUAR NEGERI,MD,16,,1,1
MANAGER PENDAPATAN INSTANSI VERTIKAL,MD,16,,1,1
MANAGER PENDAPATAN TERPUSAT,MD,16,,1,1
MANAGER PENDAYAGUNAAN ASET PROPERTI,MD,16,,1,1
MANAGER PENDIDIKAN FORMAL,MD,16,,1,1
MANAGER PENGAMANAN PENDAPATAN,MD,15,,22,22
MANAGER PENGELOLAAN ANGGARAN INVESTASI 1,MD,16,,1,1
MANAGER PENGELOLAAN ANGGARAN INVESTASI 2,MD,16,,1,1
MANAGER PENGELOLAAN ANGGARAN OPERASI 1A,MD,16,,1,1
MANAGER PENGELOLAAN ANGGARAN OPERASI 1B,MD,16,,1,1
MANAGER PENGELOLAAN ANGGARAN OPERASI 2A,MD,16,,1,1
MANAGER PENGELOLAAN ANGGARAN OPERASI 2B,MD,16,,1,1
MANAGER PENGELOLAAN ANGGARAN TRANSMISI,MD,16,,1,1
"MANAGER PENGELOLAAN ASET DISTRIBUSI JAWA, MADURA, DAN BALI",MD,16,,1,1
"MANAGER PENGELOLAAN ASET DISTRIBUSI SULAWESI, MALUKU, PAPUA, DAN NUSA TENGGARA",MD,16,,1,1
MANAGER PENGELOLAAN ASET DISTRIBUSI SUMATERA DAN KALIMANTAN,MD,16,,1,1
MANAGER PENGELOLAAN COVENANT DAN PENARIKAN PMN,MD,16,,1,1
MANAGER PENGELOLAAN DAN PEMELIHARAAN ASET PROPERTI,MD,16,,1,1
MANAGER PENGELOLAAN DATA CENTER DAN FASILITAS,MD,16,,1,1
MANAGER PENGELOLAAN DATABASE KOMUNIKASI DAN TJSL,MD,16,,1,1
MANAGER PENGELOLAAN JARINGAN DAN KOMUNIKASI DATA,MD,16,,1,1
MANAGER PENGELOLAAN KAJIAN SISTEM KETENAGALISTRIKAN,MD,16,,1,1
MANAGER PENGELOLAAN KEARSIPAN,MD,16,,1,1
MANAGER PENGELOLAAN KEMITRAAN DAN RANTAI PASOK PEMBELAJARAN,MD,15,,1,1
MANAGER PENGELOLAAN KLAIM ASURANSI,MD,16,,1,1
MANAGER PENGELOLAAN KOMERSIALISASI PRODUK,MD,16,,1,1
MANAGER PENGELOLAAN KUALITAS AIR DAN UDARA,MD,16,,1,1
MANAGER PENGELOLAAN LIKUIDITAS MATA UANG ASING,MD,16,,1,1
MANAGER PENGELOLAAN LIKUIDITAS MATA UANG LOKAL,MD,16,,1,1
MANAGER PENGELOLAAN LIMBAH B3 DAN NON B3,MD,16,,1,1
"MANAGER PENGELOLAAN LISTRIK DESA SULAWESI, MALUKU, PAPUA, DAN NUSA TENGGARA",MD,16,,1,1
"MANAGER PENGELOLAAN LISTRIK DESA SUMATERA, KALIMANTAN, JAWA, MADURA, DAN BALI",MD,16,,1,1
MANAGER PENGELOLAAN MATERIAL CADANG TRANSMISI,MD,16,,1,1
MANAGER PENGELOLAAN PAJAK PENGHASILAN (PPh),MD,16,,1,1
MANAGER PENGELOLAAN PAJAK PERTAMBAHAN NILAI (PPN),MD,16,,1,1
MANAGER PENGELOLAAN PEMBAYARAN PINJAMAN,MD,16,,1,1
"MANAGER PENGELOLAAN PEMBELAJARAN, ASESMEN, DAN SERTIFIKASI BERBASISDIGITAL",MD,15,,1,1
MANAGER PENGELOLAAN PERGUDANGAN TRANSMISI,MD,16,,1,1
MANAGER PENGELOLAAN PERUBAHAN IKLIM,MD,16,,1,1
MANAGER PENGELOLAAN PIUTANG,MD,16,,1,1
"MANAGER PENGELOLAAN SAHAM, SHL, AP, DAN AFILIASI",MD,16,,1,1
MANAGER PENGELOLAAN SERVICE MANAGEMENT TEKNOLOGI INFORMASI,MD,16,,1,1
MANAGER PENGELOLAAN SISTEM INFORMASI PROYEK DAN INVESTASI REGIONAL 1,MD,16,,1,1
MANAGER PENGELOLAAN SISTEM INFORMASI PROYEK DAN INVESTASI REGIONAL 2,MD,16,,1,1
MANAGER PENGELOLAAN SISTEM KONTROL KETENAGALISTRIKAN,MD,16,,1,1
"MANAGER PENGELOLAAN SISTEM PROTEKSI TRANSMISI KALIMANTAN, SULAWESI, MALUKU, PAPUA, DAN NUSA TENGGARA",MD,16,,1,1
"MANAGER PENGELOLAAN SISTEM PROTEKSI TRANSMISI SUMATERA, JAWA, MADURA DAN BALI",MD,16,,1,1
MANAGER PENGELOLAAN UMK,MD,16,,1,1
MANAGER PENGELOLAAN WHISTLE BLOWING SYSTEM,MD,16,,1,1
MANAGER PENGEMBANGAN BISNIS DEKARBONISASI DAN MANAJEMEN ENERGI 1,MD,16,,1,1
MANAGER PENGEMBANGAN BISNIS DEKARBONISASI DAN MANAJEMEN ENERGI 2,MD,16,,1,1
MANAGER PENGEMBANGAN BISNIS KETENAGALISTRIKAN 1A,MD,16,,1,1
MANAGER PENGEMBANGAN BISNIS KETENAGALISTRIKAN 1B,MD,16,,1,1
MANAGER PENGEMBANGAN BISNIS KETENAGALISTRIKAN 2B,MD,16,,1,1
MANAGER PENGEMBANGAN BISNIS TEKNOLOGI BARU DAN SOLUSI INOVATIF 1,MD,16,,1,1
MANAGER PENGEMBANGAN BISNIS TEKNOLOGI BARU DAN SOLUSI INOVATIF 2,MD,16,,1,1
MANAGER PENGEMBANGAN DAN EVALUASI PLN MOBILE,MD,16,,1,1
MANAGER PENGEMBANGAN DAN PELAPORAN ICOFR,MD,16,,1,1
MANAGER PENGEMBANGAN DAN PROJECT EXCELLENCE,MD,16,,1,1
MANAGER PENGEMBANGAN EKSEKUTIF,MD,16,,1,1
MANAGER PENGEMBANGAN EKSEKUTIF 2,MD,16,,1,1
MANAGER PENGEMBANGAN ENJINIRING PEMBANGKIT DAN EBT,MD,16,,1,1
MANAGER PENGEMBANGAN ENJINIRING TRANSMISI DAN DISTRIBUSI,MD,16,,1,1
"MANAGER PENGEMBANGAN INSTRUKTUR, ASESOR DAN KONSULTAN SISTEM MANAJEMEN",MD,15,,1,1
MANAGER PENGEMBANGAN KEAHLIAN HUMAN CAPITAL,MD,16,,1,1
MANAGER PENGEMBANGAN KEAMANAN IT/OT,MD,16,,1,1
MANAGER PENGEMBANGAN KEARSIPAN,MD,16,,1,1
MANAGER PENGEMBANGAN LABORATORIUM,MD,15,,1,1
MANAGER PENGEMBANGAN MANAJEMEN,MD,16,,1,1
MANAGER PENGEMBANGAN MANAJEMEN RISIKO,MD,16,,1,1
MANAGER PENGEMBANGAN MATERI,MD,15,,1,1
MANAGER PENGEMBANGAN MATERI DAN PENGOLAHAN DATA,MD,15,,1,1
MANAGER PENGEMBANGAN MATERI DIGITAL,MD,15,,1,1
MANAGER PENGEMBANGAN PEMBELAJARAN PRAJABATAN DAN PURNABAKTI,MD,15,,1,1
MANAGER PENGEMBANGAN SISTEM ANGGARAN,MD,16,,1,1
MANAGER PENGEMBANGAN SISTEM DAN KAPABILITAS ASSET MANAGEMENT,MD,16,,1,1
MANAGER PENGEMBANGAN SISTEM MANAJEMEN VALUASI ASET,MD,16,,1,1
MANAGER PENGEMBANGAN SOFT COMPETENCY DAN PERSONAL ATTRIBUTE,MD,15,,1,1
MANAGER PENGEMBANGAN TALENTA AREA DAN ANAK PERUSAHAAN,MD,16,,1,1
MANAGER PENGEMBANGAN TALENTA KANTOR PUSAT,MD,16,,1,1
MANAGER PENGEMBANGAN TALENTA PUSDIKLAT DAN UIP JBB,MD,16,,1,1
"MANAGER PENGEMBANGAN TALENTA PUSERTIF, PUSLITBANG, PUSHARLIS DAN UIP JBT",MD,16,,1,1
"MANAGER PENGEMBANGAN TALENTA PUSMANPRO, UIK TJB DAN UIP JBTB",MD,16,,1,1
MANAGER PENGEMBANGAN TALENTA UID ACEH,MD,16,,1,1
MANAGER PENGEMBANGAN TALENTA UID BALI,MD,16,,1,1
MANAGER PENGEMBANGAN TALENTA UID BANTEN,MD,16,,1,1
MANAGER PENGEMBANGAN TALENTA UID JAKARTA RAYA,MD,16,,1,1
MANAGER PENGEMBANGAN TALENTA UID JAWA BARAT,MD,16,,1,1
MANAGER PENGEMBANGAN TALENTA UID JAWA TENGAH DAN DIY,MD,16,,1,1
MANAGER PENGEMBANGAN TALENTA UID JAWA TIMUR,MD,16,,1,1
MANAGER PENGEMBANGAN TALENTA UID KALBAR DAN UIP KALBAGBAR,MD,16,,1,1
MANAGER PENGEMBANGAN TALENTA UID KALSELTENG,MD,16,,1,1
MANAGER PENGEMBANGAN TALENTA UID KALTIMRA DAN UIP KALBAGTIM,MD,16,,1,1
MANAGER PENGEMBANGAN TALENTA UID LAMPUNG,MD,16,,1,1
MANAGER PENGEMBANGAN TALENTA UID RIAU DAN KEPRI,MD,16,,1,1
MANAGER PENGEMBANGAN TALENTA UID S2JB DAN UIW BANGKA BELITUNG,MD,16,,1,1
MANAGER PENGEMBANGAN TALENTA UID SULSELRABAR,MD,16,,1,1
MANAGER PENGEMBANGAN TALENTA UID SULUTTENGGO,MD,16,,1,1
MANAGER PENGEMBANGAN TALENTA UID SUMATERA BARAT,MD,16,,1,1
MANAGER PENGEMBANGAN TALENTA UID SUMATERA UTARA,MD,16,,1,1
MANAGER PENGEMBANGAN TALENTA UIP2B DAN UIT JBB,MD,16,,1,1
MANAGER PENGEMBANGAN TALENTA UIP3B KALIMANTAN,MD,16,,1,1
MANAGER PENGEMBANGAN TALENTA UIP3B SULAWESI DAN UIP SULAWESI,MD,16,,1,1
MANAGER PENGEMBANGAN TALENTA UIP3B SUMATERA DAN UIP SUMBAGTENG,MD,16,,1,1
MANAGER PENGEMBANGAN TALENTA UIT JBT,MD,16,,1,1
MANAGER PENGEMBANGAN TALENTA UIT JBTB,MD,16,,1,1
MANAGER PENGEMBANGAN TALENTA UIW MALUKU DAN MALUKU UTARA,MD,16,,1,1
MANAGER PENGEMBANGAN TALENTA UIW NTB DAN UIP NUSRA,MD,16,,1,1
MANAGER PENGEMBANGAN TALENTA UIW NTT,MD,16,,1,1
"MANAGER PENGEMBANGAN TALENTA UIW PAPUA DAN PAPUA BARAT, UIP MALUKU PAPUA",MD,16,,1,1
"MANAGER PENGEMBANGAN, IZIN, DAN LAHAN ANEKA EBT",MD,16,,1,1
MANAGER PENGENDALIAN ANEKA EBT,MD,16,,1,1
"MANAGER PENGENDALIAN ANGGARAN DISTRIBUSI JAWA, MADURA, DAN BALI",MD,16,,1,1
"MANAGER PENGENDALIAN ANGGARAN DISTRIBUSI SULAWESI, MALUKU, PAPUA, DAN NUSA TENGGARA",MD,16,,1,1
MANAGER PENGENDALIAN ANGGARAN DISTRIBUSI SUMATERA DAN KALIMANTAN,MD,16,,1,1
MANAGER PENGENDALIAN DAMPAK LINGKUNGAN,MD,16,,1,1
MANAGER PENGENDALIAN KINERJA DAN ANGGARAN KONSTRUKSI,MD,16,,2,1
MANAGER PENGENDALIAN KINERJA TRANSMISI,MD,16,,1,1
MANAGER PENGENDALIAN KONSTRUKSI,MD,15,,2,2
MANAGER PENGENDALIAN KONSTRUKSI DAN LOGISTIK,MD,15,,4,4
"MANAGER PENGENDALIAN KONSTRUKSI DAN SERTIFIKASI ASET DISTRIBUSI JAWA,MADURA DAN BALI",MD,16,,1,1
MANAGER PENGENDALIAN KONSTRUKSI DAN SERTIFIKASI ASET DISTRIBUSI SUMATERADAN KALIMANTAN,MD,16,,1,1
MANAGER PENGENDALIAN LAYANAN TEKNOLOGI INFORMASI,MD,16,,1,1
MANAGER PENGENDALIAN LOGISTIK,MD,16,,1,1
MANAGER PENGENDALIAN MUTU DAN DATA ENJINIRING,MD,16,,1,1
"MANAGER PENGENDALIAN MUTU KINERJA, KEUANGAN, DAN UMUM",MD,15,,1,1
"MANAGER PENGENDALIAN OPERASI DAN PEMELIHARAAN DISTRIBUSI JAWA, MADURA, DAN BALI",MD,16,,1,1
"MANAGER PENGENDALIAN OPERASI DAN PEMELIHARAAN DISTRIBUSI SULAWESI, MALUKU, PAPUA, DAN NUSA TENGGARA",MD,16,,1,1
MANAGER PENGENDALIAN OPERASI DAN PEMELIHARAAN DISTRIBUSI SUMATERA DAN KALIMANTAN,MD,16,,1,1
MANAGER PENGENDALIAN OPERASI REAL TIME,MD,15,,1,1
MANAGER PENGENDALIAN OPERASI SISTEM,MD,17,,1,1
"MANAGER PENGENDALIAN OPERASI SISTEM JAWA, MADURA, BALI, MALUKU, PAPUA,DAN NUSA TENGGARA",MD,16,,1,1
"MANAGER PENGENDALIAN OPERASI SISTEM SUMATERA, KALIMANTAN, DAN SULAWESI",MD,16,,1,1
MANAGER PENGENDALIAN OPERASIONAL TEKNOLOGI INFORMASI,MD,16,,1,1
"MANAGER PENGENDALIAN PEMBANGKITAN IPP JAWA, MADURA DAN BALI",MD,16,,1,1
"MANAGER PENGENDALIAN PEMBANGKITAN IPP SULAWESI, MALUKU, PAPUA DAN NUSATENGGARA",MD,16,,1,1
MANAGER PENGENDALIAN PEMBANGKITAN IPP SUMATERA DAN KALIMANTAN,MD,16,,1,1
"MANAGER PENGENDALIAN PEMBANGKITAN PLN SULAWESI, MALUKU, PAPUA DAN NUSATENGGARA",MD,16,,1,1
"MANAGER PENGENDALIAN PEMBANGKITAN PLN SUMATERA, KALIMANTAN, JAWA, MADURA, DAN BALI",MD,16,,1,1
"MANAGER PENGENDALIAN PEMBANGKITAN SUBHOLDING DAN ANAK PERUSAHAAN JAWA,MADURA DAN BALI",MD,16,,1,1
"MANAGER PENGENDALIAN PEMBANGKITAN SUBHOLDING DAN ANAK PERUSAHAAN SULAWESI, MALUKU, PAPUA DAN NUSA TENGGARA",MD,16,,1,1
MANAGER PENGENDALIAN PEMBANGKITAN SUBHOLDING DAN ANAK PERUSAHAAN SUMATERA DAN KALIMANTAN,MD,16,,1,1
MANAGER PENGENDALIAN PRODUKSI,MD,15,,1,1
MANAGER PENGENDALIAN PROYEK,MD,15,,4,4
MANAGER PENGENDALIAN PROYEK 1,MD,15,,7,7
MANAGER PENGENDALIAN PROYEK 2,MD,15,,7,7
MANAGER PENGENDALIAN WORKSHOP,MD,15,,1,1
MANAGER PENGHAPUSAN ASET,MD,16,,1,1
MANAGER PENGUJIAN PRODUK TEGANGAN DAN ARUS TINGGI,MD,15,,1,1
MANAGER PENGUJIAN PRODUK TEGANGAN RENDAH,MD,15,,1,1
MANAGER PENGUJIAN SISTEM PEMBANGKIT,MD,15,,1,1
MANAGER PENGUJIAN SISTEM TRANSMISI DAN DISTRIBUSI,MD,15,,1,1
"MANAGER PENGUKURAN DISTRIBUSI JAWA, MADURA, DAN BALI",MD,16,,1,1
"MANAGER PENGUKURAN DISTRIBUSI SULAWESI, MALUKU, PAPUA, DAN NUSA TENGGARA",MD,16,,1,1
MANAGER PENGUKURAN DISTRIBUSI SUMATERA DAN KALIMANTAN,MD,16,,1,1
MANAGER PENYELESAIAN PERMASALAHAN HUBUNGAN INDUSTRIAL,MD,16,,1,1
MANAGER PERATURAN DAN URUSAN KEBIJAKAN OPERASI DAN PROYEK,MD,16,,1,1
MANAGER PERATURAN DAN URUSAN KEBIJAKAN STRATEGI DAN KEUANGAN,MD,16,,1,1
MANAGER PERBAIKAN PENGALAMAN PELANGGAN,MD,16,,1,1
MANAGER PERENCANA PENGADAAN,MD,15,,41,41
MANAGER PERENCANA PENGADAAN GENERAL AFFAIR,MD,16,,1,1
MANAGER PERENCANA PENGADAAN PLTP IPP,MD,16,,1,1
MANAGER PERENCANA PENGADAAN PLTP PLN,MD,16,,1,1
MANAGER PERENCANAAN,MD,15,,2,2
"MANAGER PERENCANAAN DAN EVALUASI KESELAMATAN DAN KESEHATAN KERJA, LINGKUNGAN DAN KEAMANAN",MD,16,,1,1
MANAGER PERENCANAAN DAN EVALUASI PEMBELAJARAN ANAK PERUSAHAAN,MD,15,,1,1
MANAGER PERENCANAAN DAN EVALUASI PEMELIHARAAN TRANSMISI,MD,15,,2,1
MANAGER PERENCANAAN DAN EVALUASI TJSL,MD,16,,1,1
"MANAGER PERENCANAAN DAN MONITORING ANGGARAN KESELAMATAN DAN KESEHATANKERJA, LINGKUNGAN DAN KEAMANAN",MD,16,,1,1
MANAGER PERENCANAAN DAN MONITORING PEMANFAATAN FABA,MD,16,,1,1
MANAGER PERENCANAAN DAN PENGEMBANGAN SISTEM MANAJEMEN STAKEHOLDER,MD,16,,1,1
MANAGER PERENCANAAN DAN PENGENDALIAN ANGGARAN HUMAN CAPITAL,MD,16,,1,1
MANAGER PERENCANAAN DAN PENGENDALIAN ENERGI PRIMER DAN BATU KAPUR,MD,15,,1,1
MANAGER PERENCANAAN DAN PENGENDALIAN OPERASI DAN TRANSAKSI,MD,15,,1,1
MANAGER PERENCANAAN DAN PENGENDALIAN PEMELIHARAAN DAN OUTAGE,MD,15,,1,1
MANAGER PERENCANAAN DAN STRATEGI PERBENDAHARAAN,MD,16,,1,1
MANAGER PERENCANAAN ELEKTROMEKANIK,MD,15,,11,11
MANAGER PERENCANAAN KINERJA HUMAN CAPITAL,MD,16,,1,1
MANAGER PERENCANAAN KONSTRUKSI,MD,15,,1,1
"MANAGER PERENCANAAN LISTRIK DESA SULAWESI, MALUKU, PAPUA DAN NUSATENGGARA",MD,16,,1,1
"MANAGER PERENCANAAN LISTRIK DESA SUMATERA, KALIMANTAN, JAWA, MADURA, DANBALI",MD,16,,1,1
MANAGER PERENCANAAN LOGISTIK,MD,16,,1,1
"MANAGER PERENCANAAN OPERASI DAN PEMELIHARAAN KALIMANTAN, SULAWESI, MALUKU, PAPUA DAN NUSA TENGGARA",MD,16,,1,1
"MANAGER PERENCANAAN OPERASI DAN PEMELIHARAAN SUMATERA, JAWA, MADURA, DAN BALI",MD,16,,1,1
MANAGER PERENCANAAN OPERASI SISTEM,MD,15,,2,2
MANAGER PERENCANAAN PAJAK,MD,16,,1,1
MANAGER PERENCANAAN PENGADAAN MATERIAL DISTRIBUSI UTAMA,MD,16,,1,1
MANAGER PERENCANAAN PENGADAAN MATERIAL TERPUSAT,MD,16,,1,1
MANAGER PERENCANAAN PENGEMBANGAN BISNIS,MD,16,,1,1
MANAGER PERENCANAAN PENGUSAHAAN,MD,15,,31,31
MANAGER PERENCANAAN PENYERTAAN MODAL NEGARA,MD,16,,1,1
MANAGER PERENCANAAN PERUBAHAN,MD,16,,1,1
MANAGER PERENCANAAN PINJAMAN DAN HIBAH,MD,16,,1,1
MANAGER PERENCANAAN PORTOFOLIO,MD,16,,1,1
MANAGER PERENCANAAN SIPIL,MD,15,,11,11
MANAGER PERENCANAAN SISTEM,MD,15,,2,2
MANAGER PERENCANAAN SISTEM DISTRIBUSI,MD,15,,20,20
MANAGER PERENCANAAN SISTEM KELISTRIKAN,MD,15,,23,23
"MANAGER PERENCANAAN SISTEM KETENAGALISTRIKAN JAWA, MADURA, DAN BALI",MD,16,,1,1
"MANAGER PERENCANAAN SISTEM KETENAGALISTRIKAN SULAWESI, MALUKU, PAPUA, DAN NUSA TENGGARA",MD,16,,1,1
MANAGER PERENCANAAN SISTEM KETENAGALISTRIKAN SUMATERA DAN KALIMANTAN,MD,16,,1,1
"MANAGER PERENCANAAN SISTEM TRANSMISI, GARDU INDUK DAN DEMAND FORECASTJAWA, MADURA, DAN BALI",MD,16,,1,1
"MANAGER PERENCANAAN SISTEM TRANSMISI, GARDU INDUK DAN DEMAND FORECASTSULAWESI, MALUKU, PAPUA, DAN NUSA TENGGARA",MD,16,,1,1
"MANAGER PERENCANAAN SISTEM TRANSMISI, GARDU INDUK DAN DEMAND FORECASTSUMATERA DAN KALIMANTAN",MD,16,,1,1
MANAGER PERENCANAAN STRATEGIS DISTRIBUSI,MD,16,,1,1
MANAGER PERENCANAAN STRATEGIS PEMBANGKIT ENERGI BARU TERBARUKAN,MD,16,,1,1
MANAGER PERENCANAAN STRATEGIS PEMBANGKIT NON ENERGI BARU TERBARUKAN,MD,16,,1,1
MANAGER PERENCANAAN STRATEGIS SISTEM TRANSMISI,MD,16,,1,1
MANAGER PERENCANAAN TENAGA KERJA,MD,16,,1,1
MANAGER PERENCANAAN UMUM,MD,15,,11,11
"MANAGER PERENCANAAN, ANALISIS DAN EVALUASI OPERASI SISTEM",MD,15,,2,2
"MANAGER PERENCANAAN, EVALUASI PEMBELAJARAN, DAN KINERJA",MD,15,,1,1
"MANAGER PERENCANAAN, KINERJA, DAN EVALUASI KEBIJAKAN HUMAN CAPITAL",MD,16,,1,1
MANAGER PERFORMANCE DAILY OPERATION PLN MOBILE,MD,16,,1,1
MANAGER PERIZINAN DAN KELEMBAGAAN 1A,MD,16,,1,1
MANAGER PERIZINAN DAN KELEMBAGAAN 1B,MD,16,,1,1
MANAGER PERIZINAN DAN KELEMBAGAAN 2A,MD,16,,1,1
MANAGER PERIZINAN DAN KELEMBAGAAN 2B,MD,16,,1,1
MANAGER PERIZINAN DAN KOMUNIKASI,MD,15,,10,10
MANAGER PERTANAHAN DAN ASET,MD,15,,11,11
MANAGER PINJAMAN LUAR NEGERI (PHLN),MD,16,,1,1
MANAGER PMIS DAN ADMINISTRASI TEKNIK,MD,15,,11,11
MANAGER PMN DAN PINJAMAN DALAM NEGERI,MD,16,,1,1
MANAGER PRIORITISASI DAN INTEGRASI INVESTASI,MD,16,,1,1
MANAGER PRIORITY ACCOUNT EXECUTIVE KAWASAN EKONOMI KHUSUS DAN WILAYAHUSAHA,MD,16,,1,1
MANAGER PRIORITY ACCOUNT EXECUTIVE KAWASAN INDUSTRI,MD,16,,1,1
MANAGER PRIORITY ACCOUNT EXECUTIVE SEKTOR INDIVIDU,MD,16,,1,1
MANAGER PRIORITY ACCOUNT EXECUTIVE SEKTOR KORPORASI,MD,16,,1,1
MANAGER PRODUCT BRANDING,MD,16,,1,1
MANAGER PRODUKTIVITAS TENAGA KERJA DAN STRATEGI ALIH DAYA,MD,16,,1,1
MANAGER PROGRAM KELISTRIKAN,MD,16,,1,1
MANAGER PROGRAM PERUBAHAN 1,MD,16,,1,1
MANAGER PROGRAM PERUBAHAN 2,MD,16,,1,1
MANAGER PROJECT CONTROL,MD,15,,1,1
MANAGER PROSES BISNIS DAN SISTEM INFORMASI PELAYANAN PELANGGAN,MD,16,,1,1
MANAGER PROSES BISNIS KANTOR PUSAT,MD,16,,1,1
MANAGER PROSES BISNIS UNIT DAN ANAK PERUSAHAAN,MD,16,,1,1
MANAGER PROSES DAN EVALUASI BILLING,MD,16,,1,1
"MANAGER PROTEKSI DAN SCADATEL DISTRIBUSI JAWA, MADURA, DAN BALI",MD,16,,1,1
"MANAGER PROTEKSI DAN SCADATEL DISTRIBUSI SULAWESI, MALUKU, PAPUA, DAN NUSA TENGGARA",MD,16,,1,1
MANAGER PROTEKSI DAN SCADATEL DISTRIBUSI SUMATERA DAN KALIMANTAN,MD,16,,1,1
MANAGER PROTEKSI SISTEM,MD,15,,1,1
MANAGER PROTEKSI SISTEM KETENAGALISTRIKAN,MD,16,,1,1
MANAGER PROTOKOLER DIREKSI,MD,16,,1,1
MANAGER PROYEK DAN INFORMASI STRATEGIS,MD,16,,1,1
MANAGER QUALITY ASSURANCE AND QUALITY CONTROL JARINGAN,MD,15,,1,1
MANAGER QUALITY ASSURANCE AND QUALITY CONTROL PEMBANGKIT,MD,15,,1,1
MANAGER REGULASI EKSTERNAL BISNIS KORPORAT,MD,16,,1,1
MANAGER REGULASI EKSTERNAL INFRASTRUKTUR KETENAGALISTRIKAN,MD,16,,1,1
MANAGER REGULASI INTERNAL BISNIS KORPORAT,MD,16,,1,1
MANAGER REGULASI INTERNAL INFRASTRUKTUR KETENAGALISTRIKAN,MD,16,,1,1
MANAGER REKRUTMEN DAN ONBOARDING,MD,16,,1,1
MANAGER RISET DAN ASESMEN TEKNOLOGI SISTEM PEMBANGKITAN DAN ENERGI,MD,15,,1,1
MANAGER RISET DAN ASESMEN TEKNOLOGI SISTEM TRANSMISI DAN DISTRIBUSI,MD,15,,1,1
MANAGER RISET PASAR,MD,16,,1,1
MANAGER RISIKO DAN BENEFIT PROYEK,MD,16,,1,1
"MANAGER RISIKO DAN PELAPORAN ENVIRONMENTAL, SOCIAL, AND GOVERNANCE",MD,16,,1,1
MANAGER RISIKO DIGITAL DAN ADOPSI TEKNOLOGI,MD,16,,1,1
MANAGER RISIKO DISTRIBUSI JAWA BAGIAN BARAT,MD,16,,1,1
MANAGER RISIKO DISTRIBUSI JBT DAN JBTB,MD,16,,1,1
MANAGER RISIKO DISTRIBUSI KALIMANTAN,MD,16,,1,1
MANAGER RISIKO DISTRIBUSI MALUKU DAN PAPUA,MD,16,,1,1
MANAGER RISIKO DISTRIBUSI SULAWESI DAN NUSA TENGGARA,MD,16,,1,1
MANAGER RISIKO DISTRIBUSI SUMATERA BAGIAN SELATAN,MD,16,,1,1
MANAGER RISIKO DISTRIBUSI SUMATERA BAGIAN UTARA,MD,16,,1,1
MANAGER RISIKO ENERGI PRIMER,MD,16,,1,1
MANAGER RISIKO JAMINAN PENDAPATAN,MD,16,,1,1
MANAGER RISIKO KEBIJAKAN KORPORASI,MD,16,,1,1
MANAGER RISIKO KEUANGAN,MD,16,,1,1
"MANAGER RISIKO KONSTRUKSI JAWA, MADURA, BALI, MALUKU, PAPUA DAN NUSA TENGGARA",MD,16,,1,1
"MANAGER RISIKO KONSTRUKSI SUMATERA, KALIMANTAN DAN SULAWESI",MD,16,,1,1
MANAGER RISIKO OPERASI DAN PERENCANAAN SISTEM KETENAGALISTRIKAN,MD,16,,1,1
MANAGER RISIKO ORGANISASI DAN HUMAN CAPITAL,MD,16,,1,1
MANAGER RISIKO PELAYANAN PELANGGAN,MD,16,,1,1
MANAGER RISIKO PENGEMBANGAN BISNIS DAN KEMITRAAN,MD,16,,1,1
MANAGER RISIKO PENGENDALIAN DAN PENGOPERASIAN PEMBANGKIT,MD,16,,1,1
MANAGER RISIKO PERENCANAAN DAN OPERASI DISTRIBUSI,MD,16,,1,1
MANAGER RISIKO PERENCANAAN PEMBANGKITAN,MD,16,,1,1
MANAGER RISIKO PERENCANAAN STRATEGIS,MD,16,,1,1
"MANAGER RISIKO PERENCANAAN, KONTRAK PROYEK DAN PMO",MD,16,,1,1
MANAGER RISIKO PORTOFOLIO DAN REVENUE MODEL,MD,16,,1,1
MANAGER RISIKO RANTAI PASOK DAN PUSAT-PUSAT,MD,16,,1,1
MANAGER RISIKO REGULASI DAN PEMANGKU KEPENTINGAN,MD,16,,1,1
"MANAGER RISIKO TRANSMISI KALIMANTAN, SULAWESI, MALUKU, PAPUA DAN NUSATENGGARA",MD,16,,1,1
"MANAGER RISIKO TRANSMISI SUMATERA, JAWA, MADURA DAN BALI",MD,16,,1,1
MANAGER RKAP ANAK PERUSAHAAN DAN AFILIASI,MD,16,,1,1
MANAGER RKAP KONSOLIDASI,MD,16,,1,1
MANAGER SCADA DAN OTOMASI,MD,15,,1,1
MANAGER SCADA DAN TELEKOMUNIKASI,MD,16,,1,1
"MANAGER SERTIFIKASI ASET PROPERTI KALIMANTAN, SULAWESI, MALUKU, PAPUA, DAN NUSA TENGGARA",MD,16,,1,1
"MANAGER SERTIFIKASI ASET PROPERTI SUMATERA, JAWA, MADURA, DAN BALI",MD,16,,1,1
MANAGER SERTIFIKASI PRODUK,MD,15,,1,1
MANAGER SERTIFIKASI SISTEM MANAJEMEN,MD,15,,1,1
MANAGER SETELMEN,MD,15,,1,1
MANAGER SISTEM AKUNTANSI KORPORAT,MD,16,,1,1
MANAGER SISTEM DAN PENGEMBANGAN KAPABILITAS,MD,16,,1,1
"MANAGER SISTEM DAN TATA KELOLA KESELAMATAN DAN KESEHATAN KERJA,LINGKUNGAN DAN KEAMANAN",MD,16,,1,1
MANAGER SISTEM KOMPETENSI,MD,16,,1,1
MANAGER SISTEM MANAJEMEN TERINTEGRASI,MD,16,,1,1
MANAGER SOCIAL SAFEGUARD,MD,16,,1,1
"MANAGER STANDAR, KUALITAS DAN PENGEMBANGAN PELAPORAN PERBENDAHARAAN",MD,16,,1,1
MANAGER STANDARDISASI KEBIJAKAN DISTRIBUSI,MD,16,,1,1
"MANAGER STANDARDISASI MUTU, PROSES, DAN SISTEM MANAJEMEN TERINTEGRASI",MD,15,,1,1
MANAGER STANDARISASI DAN PENGEMBANGAN ENJINIRING TRANSMISI DAN GARDU INDUK,MD,16,,1,1
MANAGER STRATEGI ASET,MD,16,,1,1
MANAGER STRATEGI AUDIT,MD,16,,1,1
MANAGER STRATEGI DAN ARSITEKTUR TEKNOLOGI INFORMASI,MD,16,,1,1
MANAGER STRATEGI DAN EVALUASI GENERAL AFFAIR,MD,16,,1,1
MANAGER STRATEGI DAN KEBIJAKAN MANAJEMEN RISIKO,MD,16,,1,1
MANAGER STRATEGI DAN PENGELOLAAN PORTOFOLIO ANAK PERUSAHAAN 1A,MD,16,,1,1
MANAGER STRATEGI DAN PENGELOLAAN PORTOFOLIO ANAK PERUSAHAAN 2A,MD,16,,1,1
MANAGER STRATEGI DAN PENGELOLAAN PORTOFOLIO ANAK PERUSAHAAN 2B,MD,16,,1,1
MANAGER STRATEGI KOMUNIKASI,MD,16,,1,1
MANAGER STRATEGI NIAGA,MD,16,,1,1
MANAGER STRATEGI OFFICE OF STRATEGY MANAGEMENT,MD,16,,1,1
MANAGER STRATEGI PEMASARAN,MD,15,,21,21
MANAGER STRATEGI SUSTAINABILITY 1,MD,16,,1,1
MANAGER STRATEGI SUSTAINABILITY 2,MD,16,,1,1
MANAGER STRATEGIC DELIVERY UNIT REGIONAL 1A,MD,16,,1,1
MANAGER STRATEGIC DELIVERY UNIT REGIONAL 1B,MD,16,,1,1
MANAGER STRATEGIC DELIVERY UNIT REGIONAL 1C,MD,16,,1,1
MANAGER STRATEGIC DELIVERY UNIT REGIONAL 2A,MD,16,,1,1
MANAGER STRATEGIC DELIVERY UNIT REGIONAL 2B,MD,16,,1,1
MANAGER STRATEGIC DELIVERY UNIT REGIONAL 2C,MD,16,,1,1
MANAGER SUPPLY CHAIN MANAGEMENT,MD,15,,1,1
"MANAGER TATA KELOLA, REGULASI DAN PROSES EXCELLENCE",MD,16,,1,1
MANAGER TELEKOMUNIKASI,MD,15,,1,1
MANAGER TRACKING 1,MD,16,,1,1
MANAGER TRANSAKSI ENERGI,MD,15,,1,1
MANAGER TRANSAKSI TENAGA LISTRIK,MD,15,,4,4
MANAGER TRANSISI ENERGI,MD,16,,1,1
MANAGER TRANSMISI,MD,15,,5,5
MANAGER UMUM,MD,15,,11,11
MANAGER UNIT LAYANAN PELANGGAN (KISARAN),G3,14,,1,1
MANAGER UNIT LAYANAN PELANGGAN ABEPURA,G3,14,,1,1
MANAGER UNIT LAYANAN PELANGGAN ADONARA,G3,13,,1,1
MANAGER UNIT LAYANAN PELANGGAN AEK KANOPAN,G3,14,,1,1
MANAGER UNIT LAYANAN PELANGGAN AEK KOTA BATU,G3,13,,1,1
MANAGER UNIT LAYANAN PELANGGAN AEK NABARA,G3,13,,1,1
MANAGER UNIT LAYANAN PELANGGAN AGATS,G3,13,,1,1
MANAGER UNIT LAYANAN PELANGGAN AHMAD YANI,G3,14,,1,1
MANAGER UNIT LAYANAN PELANGGAN AIMAS,G3,13,,1,1
MANAGER UNIT LAYANAN PELANGGAN AIR MOLEK,G3,13,,1,1
MANAGER UNIT LAYANAN PELANGGAN AIRMADIDI,G3,14,,1,1
MANAGER UNIT LAYANAN PELANGGAN AJIBARANG,G3,14,,1,1
MANAGER UNIT LAYANAN PELANGGAN ALAS,G3,13,,1,1
MANAGER UNIT LAYANAN PELANGGAN AMBARAWA,G3,13,,1,1
MANAGER UNIT LAYANAN PELANGGAN AMBON KOTA,G3,13,,1,1
MANAGER UNIT LAYANAN PELANGGAN AMBULU,G3,14,,1,1
MANAGER UNIT LAYANAN PELANGGAN AMBUNTEN,G3,14,,1,1
MANAGER UNIT LAYANAN PELANGGAN AMPANA,G3,13,,1,1
MANAGER UNIT LAYANAN PELANGGAN AMPENAN,G3,14,,1,1
MANAGER UNIT LAYANAN PELANGGAN AMPERA,G3,14,,1,1
MANAGER UNIT LAYANAN PELANGGAN AMUNTAI,G3,14,,1,1
MANAGER UNIT LAYANAN PELANGGAN AMURANG,G3,13,,1,1
MANAGER UNIT LAYANAN PELANGGAN ANAMBAS,G3,13,,1,1
MANAGER UNIT LAYANAN PELANGGAN ANYER,G3,14,,1,1
MANAGER UNIT LAYANAN PELANGGAN ARGA MAKMUR,G3,14,,1,1
MANAGER UNIT LAYANAN PELANGGAN ARSO,G3,13,,1,1
MANAGER UNIT LAYANAN PELANGGAN ASEMBAGUS,G3,14,,1,1
MANAGER UNIT LAYANAN PELANGGAN ATAMBUA,G3,14,,1,1
MANAGER UNIT LAYANAN PELANGGAN BABAT,G3,14,,1,1
MANAGER UNIT LAYANAN PELANGGAN BABELAN,G3,14,,1,1
MANAGER UNIT LAYANAN PELANGGAN BACAN,G3,13,,1,1
MANAGER UNIT LAYANAN PELANGGAN BAGAN BATU,G3,14,,1,1
MANAGER UNIT LAYANAN PELANGGAN BAGAN SIAPI API,G3,13,,1,1
MANAGER UNIT LAYANAN PELANGGAN BAGUALA,G3,13,,1,1
MANAGER UNIT LAYANAN PELANGGAN BAJAWA,G3,14,,1,1
MANAGER UNIT LAYANAN PELANGGAN BALAI KARANGAN,G3,13,,1,1
MANAGER UNIT LAYANAN PELANGGAN BALAI SELASA,G3,14,,1,1
MANAGER UNIT LAYANAN PELANGGAN BALAPULANG,G3,13,,1,1
MANAGER UNIT LAYANAN PELANGGAN BALE ENDAH,G3,14,,1,1
MANAGER UNIT LAYANAN PELANGGAN BALIGE,G3,13,,1,1
MANAGER UNIT LAYANAN PELANGGAN BALIKPAPAN SELATAN,G3,14,,1,1
MANAGER UNIT LAYANAN PELANGGAN BALIKPAPAN UTARA,G3,14,,1,1
MANAGER UNIT LAYANAN PELANGGAN BALONG,G3,14,,1,1
MANAGER UNIT LAYANAN PELANGGAN BANDA,G3,13,,1,1
MANAGER UNIT LAYANAN PELANGGAN BANDARJAYA,G3,14,,1,1
MANAGER UNIT LAYANAN PELANGGAN BANDUNG BARAT,G3,14,,1,1
MANAGER UNIT LAYANAN PELANGGAN BANDUNG SELATAN,G3,14,,1,1
MANAGER UNIT LAYANAN PELANGGAN BANDUNG TIMUR,G3,14,,1,1
MANAGER UNIT LAYANAN PELANGGAN BANDUNG UTARA,G3,14,,1,1
MANAGER UNIT LAYANAN PELANGGAN BANGGAI,G3,13,,1,1
MANAGER UNIT LAYANAN PELANGGAN BANGIL,G3,14,,1,1
MANAGER UNIT LAYANAN PELANGGAN BANGKALAN,G3,14,,1,1
MANAGER UNIT LAYANAN PELANGGAN BANGKINANG,G3,14,,1,1
MANAGER UNIT LAYANAN PELANGGAN BANGKIR,G3,13,,1,1
MANAGER UNIT LAYANAN PELANGGAN BANGKO,G3,14,,1,1
MANAGER UNIT LAYANAN PELANGGAN BANGLI,G3,14,,1,1
MANAGER UNIT LAYANAN PELANGGAN BANGSRI,G3,14,,1,1
MANAGER UNIT LAYANAN PELANGGAN BANJAR KOTA,G3,14,,1,1
MANAGER UNIT LAYANAN PELANGGAN BANJARAN,G3,14,,1,1
MANAGER UNIT LAYANAN PELANGGAN BANJARBARU,G3,14,,1,1
MANAGER UNIT LAYANAN PELANGGAN BANJARNEGARA,G3,14,,1,1
MANAGER UNIT LAYANAN PELANGGAN BANTAENG,G3,14,,1,1
MANAGER UNIT LAYANAN PELANGGAN BANTAR GEBANG,G3,14,,1,1
MANAGER UNIT LAYANAN PELANGGAN BANTUL,G3,14,,1,1
MANAGER UNIT LAYANAN PELANGGAN BANYUMAS,G3,13,,1,1
MANAGER UNIT LAYANAN PELANGGAN BANYUWANGI KOTA,G3,14,,1,1
MANAGER UNIT LAYANAN PELANGGAN BARABAI KOTA,G3,13,,1,1
MANAGER UNIT LAYANAN PELANGGAN BARRU,G3,13,,1,1
MANAGER UNIT LAYANAN PELANGGAN BARUS,G3,13,,1,1
MANAGER UNIT LAYANAN PELANGGAN BASO,G3,13,,1,1
MANAGER UNIT LAYANAN PELANGGAN BATANG,G3,14,,1,1
MANAGER UNIT LAYANAN PELANGGAN BATU,G3,14,,1,1
MANAGER UNIT LAYANAN PELANGGAN BATULICIN,G3,14,,1,1
MANAGER UNIT LAYANAN PELANGGAN BATURAJA,G3,14,,1,1
MANAGER UNIT LAYANAN PELANGGAN BATUSANGKAR,G3,14,,1,1
MANAGER UNIT LAYANAN PELANGGAN BAUBAU KOTA,G3,14,,1,1
MANAGER UNIT LAYANAN PELANGGAN BAWEAN,G3,13,,1,1
MANAGER UNIT LAYANAN PELANGGAN BEKASI KOTA,G3,14,,1,1
MANAGER UNIT LAYANAN PELANGGAN BELAKANG PADANG,G3,13,,1,1
MANAGER UNIT LAYANAN PELANGGAN BELANTI,G3,14,,1,1
MANAGER UNIT LAYANAN PELANGGAN BELAWAN,G3,14,,1,1
MANAGER UNIT LAYANAN PELANGGAN BELOPA,G3,14,,1,1
MANAGER UNIT LAYANAN PELANGGAN BENGKALIS,G3,13,,1,1
MANAGER UNIT LAYANAN PELANGGAN BENGKAYANG,G3,13,,1,1
MANAGER UNIT LAYANAN PELANGGAN BENJENG,G3,14,,1,1
MANAGER UNIT LAYANAN PELANGGAN BENUBENUA,G3,14,,1,1
MANAGER UNIT LAYANAN PELANGGAN BEO,G3,13,,1,1
MANAGER UNIT LAYANAN PELANGGAN BESUKI,G3,14,,1,1
MANAGER UNIT LAYANAN PELANGGAN BEUREUNUN,G3,14,,1,1
MANAGER UNIT LAYANAN PELANGGAN BIAK KOTA,G3,13,,1,1
MANAGER UNIT LAYANAN PELANGGAN BIMA KOTA,G3,13,,1,1
MANAGER UNIT LAYANAN PELANGGAN BINJAI BARAT,G3,14,,1,1
MANAGER UNIT LAYANAN PELANGGAN BINJAI KOTA,G3,14,,1,1
MANAGER UNIT LAYANAN PELANGGAN BINJAI TIMUR,G3,14,,1,1
MANAGER UNIT LAYANAN PELANGGAN BINTAN CENTER,G3,13,,1,1
MANAGER UNIT LAYANAN PELANGGAN BINTUHAN,G3,13,,1,1
MANAGER UNIT LAYANAN PELANGGAN BINTUNI,G3,13,,1,1
MANAGER UNIT LAYANAN PELANGGAN BINUANG,G3,13,,1,1
MANAGER UNIT LAYANAN PELANGGAN BIREUEN,G3,13,,1,1
MANAGER UNIT LAYANAN PELANGGAN BITUNG,G3,14,,1,1
MANAGER UNIT LAYANAN PELANGGAN BLAMBANGAN UMPU,G3,14,,1,1
MANAGER UNIT LAYANAN PELANGGAN BLANG PIDIE,G3,13,,1,1
MANAGER UNIT LAYANAN PELANGGAN BLANGKEJEREN,G3,13,,1,1
MANAGER UNIT LAYANAN PELANGGAN BLEGA,G3,14,,1,1
MANAGER UNIT LAYANAN PELANGGAN BLIMBING,G3,14,,1,1
MANAGER UNIT LAYANAN PELANGGAN BLITAR,G3,14,,1,1
MANAGER UNIT LAYANAN PELANGGAN BLORA,G3,14,,1,1
MANAGER UNIT LAYANAN PELANGGAN BOBONG,G3,13,,1,1
MANAGER UNIT LAYANAN PELANGGAN BOGOR BARAT,G3,14,,1,1
MANAGER UNIT LAYANAN PELANGGAN BOGOR KOTA,G3,14,,1,1
MANAGER UNIT LAYANAN PELANGGAN BOGOR TIMUR,G3,14,,1,1
MANAGER UNIT LAYANAN PELANGGAN BOJA,G3,14,,1,1
MANAGER UNIT LAYANAN PELANGGAN BOJONEGORO,G3,14,,1,1
MANAGER UNIT LAYANAN PELANGGAN BOJONG GEDE,G3,14,,1,1
MANAGER UNIT LAYANAN PELANGGAN BOLMUT,G3,13,,1,1
MANAGER UNIT LAYANAN PELANGGAN BOMBANA,G3,13,,1,1
MANAGER UNIT LAYANAN PELANGGAN BONDOWOSO,G3,14,,1,1
MANAGER UNIT LAYANAN PELANGGAN BONTANG KOTA,G3,14,,1,1
MANAGER UNIT LAYANAN PELANGGAN BOROBUDUR,G3,14,,1,1
MANAGER UNIT LAYANAN PELANGGAN BOYOLALI,G3,14,,1,1
MANAGER UNIT LAYANAN PELANGGAN BRASTAGI,G3,13,,1,1
MANAGER UNIT LAYANAN PELANGGAN BREBES,G3,14,,1,1
MANAGER UNIT LAYANAN PELANGGAN BRONDONG,G3,14,,1,1
MANAGER UNIT LAYANAN PELANGGAN BUKIT KEMUNING,G3,13,,1,1
MANAGER UNIT LAYANAN PELANGGAN BUKITTINGGI,G3,14,,1,1
MANAGER UNIT LAYANAN PELANGGAN BULA,G3,13,,1,1
MANAGER UNIT LAYANAN PELANGGAN BULULAWANG,G3,14,,1,1
MANAGER UNIT LAYANAN PELANGGAN BUMI ABUNG,G3,14,,1,1
MANAGER UNIT LAYANAN PELANGGAN BUMIAYU,G3,14,,1,1
MANAGER UNIT LAYANAN PELANGGAN BUNGKU,G3,14,,1,1
MANAGER UNIT LAYANAN PELANGGAN BUNTOK,G3,13,,1,1
MANAGER UNIT LAYANAN PELANGGAN CAKRANEGARA,G3,14,,1,1
MANAGER UNIT LAYANAN PELANGGAN CALANG,G3,13,,1,1
MANAGER UNIT LAYANAN PELANGGAN CAMPURDARAT,G3,14,,1,1
MANAGER UNIT LAYANAN PELANGGAN CARUBAN,G3,14,,1,1
MANAGER UNIT LAYANAN PELANGGAN CEPU,G3,14,,1,1
MANAGER UNIT LAYANAN PELANGGAN CIAMIS,G3,14,,1,1
MANAGER UNIT LAYANAN PELANGGAN CIANJUR KOTA,G3,14,,1,1
MANAGER UNIT LAYANAN PELANGGAN CIBADAK,G3,14,,1,1
MANAGER UNIT LAYANAN PELANGGAN CIBATU,G3,14,,1,1
MANAGER UNIT LAYANAN PELANGGAN CIBINONG,G3,14,,1,1
MANAGER UNIT LAYANAN PELANGGAN CIBITUNG,G3,14,,1,1
MANAGER UNIT LAYANAN PELANGGAN CICURUG,G3,14,,1,1
MANAGER UNIT LAYANAN PELANGGAN CIJAWURA,G3,14,,1,1
MANAGER UNIT LAYANAN PELANGGAN CIKAJANG,G3,14,,1,1
MANAGER UNIT LAYANAN PELANGGAN CIKAMPEK,G3,14,,1,1
MANAGER UNIT LAYANAN PELANGGAN CIKANDE,G3,14,,1,1
MANAGER UNIT LAYANAN PELANGGAN CIKARANG KOTA,G3,14,,1,1
MANAGER UNIT LAYANAN PELANGGAN CIKEDUNG,G3,14,,1,1
MANAGER UNIT LAYANAN PELANGGAN CIKEMBAR,G3,14,,1,1
MANAGER UNIT LAYANAN PELANGGAN CILACAP KOTA,G3,14,,1,1
MANAGER UNIT LAYANAN PELANGGAN CILEDUG,G3,14,,1,1
MANAGER UNIT LAYANAN PELANGGAN CILEGON,G3,14,,1,1
MANAGER UNIT LAYANAN PELANGGAN CILEUNGSI,G3,14,,1,1
MANAGER UNIT LAYANAN PELANGGAN CILILIN,G3,14,,1,1
MANAGER UNIT LAYANAN PELANGGAN CILIMUS,G3,14,,1,1
MANAGER UNIT LAYANAN PELANGGAN CIMAHI KOTA,G3,14,,1,1
MANAGER UNIT LAYANAN PELANGGAN CIMAHI SELATAN,G3,14,,1,1
MANAGER UNIT LAYANAN PELANGGAN CIMANGGIS,G3,14,,1,1
MANAGER UNIT LAYANAN PELANGGAN CIPANAS,G3,14,,1,1
MANAGER UNIT LAYANAN PELANGGAN CIPAYUNG,G3,14,,1,1
MANAGER UNIT LAYANAN PELANGGAN CIREBON KOTA,G3,14,,1,1
MANAGER UNIT LAYANAN PELANGGAN CITEUREUP,G3,14,,1,1
MANAGER UNIT LAYANAN PELANGGAN COMAL,G3,14,,1,1
MANAGER UNIT LAYANAN PELANGGAN CURUP,G3,14,,1,1
MANAGER UNIT LAYANAN PELANGGAN DABO SINGKEP,G3,13,,1,1
MANAGER UNIT LAYANAN PELANGGAN DAHA,G3,13,,1,1
MANAGER UNIT LAYANAN PELANGGAN DAMPIT,G3,14,,1,1
MANAGER UNIT LAYANAN PELANGGAN DARMO PERMAI,G3,14,,1,1
MANAGER UNIT LAYANAN PELANGGAN DARUBA,G3,13,,1,1
MANAGER UNIT LAYANAN PELANGGAN DAYA,G3,14,,1,1
MANAGER UNIT LAYANAN PELANGGAN DELANGGU,G3,13,,1,1
MANAGER UNIT LAYANAN PELANGGAN DELI TUA,G3,14,,1,1
MANAGER UNIT LAYANAN PELANGGAN DEMAK,G3,14,,1,1
MANAGER UNIT LAYANAN PELANGGAN DENPASAR,G3,14,,1,1
MANAGER UNIT LAYANAN PELANGGAN DEPOK KOTA,G3,14,,1,1
MANAGER UNIT LAYANAN PELANGGAN DINOYO,G3,14,,1,1
MANAGER UNIT LAYANAN PELANGGAN DOBO,G3,13,,1,1
MANAGER UNIT LAYANAN PELANGGAN DOFA,G3,13,,1,1
MANAGER UNIT LAYANAN PELANGGAN DOLOK MASIHUL,G3,13,,1,1
MANAGER UNIT LAYANAN PELANGGAN DOLOK SANGGUL,G3,14,,1,1
MANAGER UNIT LAYANAN PELANGGAN DOLOPO,G3,14,,1,1
MANAGER UNIT LAYANAN PELANGGAN DOMPU,G3,14,,1,1
MANAGER UNIT LAYANAN PELANGGAN DONGGALA,G3,13,,1,1
MANAGER UNIT LAYANAN PELANGGAN DUKUH KUPANG,G3,14,,1,1
MANAGER UNIT LAYANAN PELANGGAN DUMAI KOTA,G3,14,,1,1
MANAGER UNIT LAYANAN PELANGGAN DURI,G3,14,,1,1
MANAGER UNIT LAYANAN PELANGGAN ELAT,G3,13,,1,1
MANAGER UNIT LAYANAN PELANGGAN EMBONG WUNGU,G3,14,,1,1
MANAGER UNIT LAYANAN PELANGGAN EMPANG,G3,13,,1,1
MANAGER UNIT LAYANAN PELANGGAN ENAROTALI,G3,13,,1,1
MANAGER UNIT LAYANAN PELANGGAN ENDE,G3,13,,1,1
MANAGER UNIT LAYANAN PELANGGAN ENREKANG,G3,13,,1,1
MANAGER UNIT LAYANAN PELANGGAN FAKFAK,G3,13,,1,1
MANAGER UNIT LAYANAN PELANGGAN GALANG,G3,13,,1,1
MANAGER UNIT LAYANAN PELANGGAN GAMBUT,G3,14,,1,1
MANAGER UNIT LAYANAN PELANGGAN GANDAPURA,G3,13,,1,1
MANAGER UNIT LAYANAN PELANGGAN GARUT KOTA,G3,14,,1,1
MANAGER UNIT LAYANAN PELANGGAN GEBANG,G3,13,,1,1
MANAGER UNIT LAYANAN PELANGGAN GEDANGAN,G3,14,,1,1
MANAGER UNIT LAYANAN PELANGGAN GENTENG,G3,14,,1,1
MANAGER UNIT LAYANAN PELANGGAN GENYEM,G3,13,,1,1
MANAGER UNIT LAYANAN PELANGGAN GERUNG,G3,13,,1,1
MANAGER UNIT LAYANAN PELANGGAN GEUDONG,G3,13,,1,1
MANAGER UNIT LAYANAN PELANGGAN GIANYAR,G3,14,,1,1
MANAGER UNIT LAYANAN PELANGGAN GILIMANUK,G3,13,,1,1
MANAGER UNIT LAYANAN PELANGGAN GIRI,G3,14,,1,1
MANAGER UNIT LAYANAN PELANGGAN GOMBONG,G3,14,,1,1
MANAGER UNIT LAYANAN PELANGGAN GONDANG WETAN,G3,14,,1,1
MANAGER UNIT LAYANAN PELANGGAN GONDANGLEGI,G3,14,,1,1
MANAGER UNIT LAYANAN PELANGGAN GRATI,G3,14,,1,1
MANAGER UNIT LAYANAN PELANGGAN GRINGSING,G3,13,,1,1
MANAGER UNIT LAYANAN PELANGGAN GROGOL,G3,14,,2,2
MANAGER UNIT LAYANAN PELANGGAN GUNUNG SITOLI,G3,14,,1,1
MANAGER UNIT LAYANAN PELANGGAN GUNUNG TUA,G3,14,,1,1
MANAGER UNIT LAYANAN PELANGGAN HARUKU,G3,13,,1,1
MANAGER UNIT LAYANAN PELANGGAN HASANUDDIN,G3,14,,1,1
MANAGER UNIT LAYANAN PELANGGAN HAURGEULIS,G3,14,,1,1
MANAGER UNIT LAYANAN PELANGGAN HELVETIA,G3,14,,1,1
MANAGER UNIT LAYANAN PELANGGAN HITU,G3,13,,1,1
MANAGER UNIT LAYANAN PELANGGAN IDI,G3,14,,1,1
MANAGER UNIT LAYANAN PELANGGAN IMANDI,G3,13,,1,1
MANAGER UNIT LAYANAN PELANGGAN INDARUNG,G3,14,,1,1
MANAGER UNIT LAYANAN PELANGGAN INDRALAYA,G3,14,,1,1
MANAGER UNIT LAYANAN PELANGGAN INDRAMAYU KOTA,G3,14,,1,1
MANAGER UNIT LAYANAN PELANGGAN INDRAPURA,G3,13,,2,2
MANAGER UNIT LAYANAN PELANGGAN INOBONTO,G3,13,,1,1
MANAGER UNIT LAYANAN PELANGGAN JAILOLO,G3,13,,1,1
MANAGER UNIT LAYANAN PELANGGAN JAJAG,G3,14,,1,1
MANAGER UNIT LAYANAN PELANGGAN JANARATA,G3,14,,1,1
MANAGER UNIT LAYANAN PELANGGAN JANTHO,G3,13,,1,1
MANAGER UNIT LAYANAN PELANGGAN JASINGA,G3,14,,1,1
MANAGER UNIT LAYANAN PELANGGAN JATIBARANG,G3,14,,2,2
MANAGER UNIT LAYANAN PELANGGAN JATIROGO,G3,14,,1,1
MANAGER UNIT LAYANAN PELANGGAN JATISRONO,G3,14,,1,1
MANAGER UNIT LAYANAN PELANGGAN JATIWANGI,G3,14,,1,1
MANAGER UNIT LAYANAN PELANGGAN JAYAPURA,G3,13,,1,1
MANAGER UNIT LAYANAN PELANGGAN JEMBER KOTA,G3,14,,1,1
MANAGER UNIT LAYANAN PELANGGAN JENEPONTO,G3,14,,1,1
MANAGER UNIT LAYANAN PELANGGAN JEPARA,G3,14,,1,1
MANAGER UNIT LAYANAN PELANGGAN JEURAM,G3,14,,1,1
MANAGER UNIT LAYANAN PELANGGAN JOHOR,G3,14,,1,1
MANAGER UNIT LAYANAN PELANGGAN JOMBANG,G3,14,,1,1
MANAGER UNIT LAYANAN PELANGGAN JONGGOL,G3,14,,1,1
MANAGER UNIT LAYANAN PELANGGAN JUWANA,G3,14,,1,1
MANAGER UNIT LAYANAN PELANGGAN KABANJAHE,G3,13,,1,1
MANAGER UNIT LAYANAN PELANGGAN KAIMANA,G3,13,,1,1
MANAGER UNIT LAYANAN PELANGGAN KAIRATU,G3,13,,1,1
MANAGER UNIT LAYANAN PELANGGAN KALABAHI,G3,13,,1,1
MANAGER UNIT LAYANAN PELANGGAN KALASAN,G3,14,,1,1
MANAGER UNIT LAYANAN PELANGGAN KALEBAJENG,G3,13,,1,1
MANAGER UNIT LAYANAN PELANGGAN KALIANDA,G3,14,,1,1
MANAGER UNIT LAYANAN PELANGGAN KALIREJO,G3,14,,1,1
MANAGER UNIT LAYANAN PELANGGAN KALISAT,G3,14,,1,1
MANAGER UNIT LAYANAN PELANGGAN KALUMPANG,G3,13,,1,1
MANAGER UNIT LAYANAN PELANGGAN KAMAL,G3,13,,1,1
MANAGER UNIT LAYANAN PELANGGAN KAMONJI,G3,14,,1,1
MANAGER UNIT LAYANAN PELANGGAN KAMPAR,G3,14,,1,1
MANAGER UNIT LAYANAN PELANGGAN KANDANGAN,G3,14,,1,1
MANAGER UNIT LAYANAN PELANGGAN KAPUAS KOTA,G3,13,,1,1
MANAGER UNIT LAYANAN PELANGGAN KARANG,G3,14,,1,1
MANAGER UNIT LAYANAN PELANGGAN KARANGANYAR,G3,14,,1,1
MANAGER UNIT LAYANAN PELANGGAN KARANGASEM,G3,14,,1,1
MANAGER UNIT LAYANAN PELANGGAN KARANGNUNGGAL,G3,14,,1,1
MANAGER UNIT LAYANAN PELANGGAN KARANGPILANG,G3,14,,1,1
MANAGER UNIT LAYANAN PELANGGAN KARAWANG KOTA,G3,14,,1,1
MANAGER UNIT LAYANAN PELANGGAN KAREBOSI,G3,14,,1,1
MANAGER UNIT LAYANAN PELANGGAN KARIANGO,G3,13,,1,1
MANAGER UNIT LAYANAN PELANGGAN KARTASURA,G3,14,,1,1
MANAGER UNIT LAYANAN PELANGGAN KASONGAN,G3,14,,1,1
MANAGER UNIT LAYANAN PELANGGAN KAWANGKOAN,G3,13,,1,1
MANAGER UNIT LAYANAN PELANGGAN KAYU AGUNG,G3,14,,1,1
MANAGER UNIT LAYANAN PELANGGAN KAYU ARO,G3,13,,1,1
MANAGER UNIT LAYANAN PELANGGAN KEBON AGUNG,G3,14,,1,1
MANAGER UNIT LAYANAN PELANGGAN KEBUMEN,G3,14,,1,1
MANAGER UNIT LAYANAN PELANGGAN KEDIRI KOTA,G3,14,,1,1
MANAGER UNIT LAYANAN PELANGGAN KEDUNGWUNI,G3,14,,1,1
MANAGER UNIT LAYANAN PELANGGAN KEFAMENANU,G3,13,,1,1
MANAGER UNIT LAYANAN PELANGGAN KENCONG,G3,14,,1,1
MANAGER UNIT LAYANAN PELANGGAN KENDAL,G3,14,,1,1
MANAGER UNIT LAYANAN PELANGGAN KENJERAN,G3,14,,1,1
MANAGER UNIT LAYANAN PELANGGAN KENTEN,G3,14,,1,1
MANAGER UNIT LAYANAN PELANGGAN KEPAHIANG,G3,14,,1,1
MANAGER UNIT LAYANAN PELANGGAN KEPANJEN,G3,14,,1,1
MANAGER UNIT LAYANAN PELANGGAN KEPI,G3,13,,1,1
MANAGER UNIT LAYANAN PELANGGAN KEPULAUAN KANGEAN,G3,13,,1,1
MANAGER UNIT LAYANAN PELANGGAN KERSIK TUO,G3,13,,1,1
MANAGER UNIT LAYANAN PELANGGAN KERTOSONO,G3,14,,1,1
MANAGER UNIT LAYANAN PELANGGAN KETAPANG,G3,14,,1,1
MANAGER UNIT LAYANAN PELANGGAN KETAPANG KOTA,G3,14,,1,1
MANAGER UNIT LAYANAN PELANGGAN KEUDE BIENG,G3,13,,1,1
MANAGER UNIT LAYANAN PELANGGAN KIJANG,G3,13,,1,1
MANAGER UNIT LAYANAN PELANGGAN KLAKAH,G3,14,,1,1
MANAGER UNIT LAYANAN PELANGGAN KLATEN KOTA,G3,14,,1,1
MANAGER UNIT LAYANAN PELANGGAN KLUNGKUNG,G3,14,,1,1
MANAGER UNIT LAYANAN PELANGGAN KOBA,G3,13,,1,1
MANAGER UNIT LAYANAN PELANGGAN KOBISONTA,G3,13,,1,1
MANAGER UNIT LAYANAN PELANGGAN KOLAKA,G3,14,,1,1
MANAGER UNIT LAYANAN PELANGGAN KOLAKA UTARA,G3,13,,1,1
MANAGER UNIT LAYANAN PELANGGAN KONAWE SELATAN,G3,14,,1,1
MANAGER UNIT LAYANAN PELANGGAN KOPANG,G3,13,,1,1
MANAGER UNIT LAYANAN PELANGGAN KOPO,G3,14,,1,1
MANAGER UNIT LAYANAN PELANGGAN KOSAMBI,G3,14,,1,1
MANAGER UNIT LAYANAN PELANGGAN KOTA AGUNG,G3,14,,1,1
MANAGER UNIT LAYANAN PELANGGAN KOTA BANGUN,G3,13,,1,1
MANAGER UNIT LAYANAN PELANGGAN KOTA BARU,G3,14,,1,1
MANAGER UNIT LAYANAN PELANGGAN KOTA BUNGO,G3,14,,1,1
MANAGER UNIT LAYANAN PELANGGAN KOTA FAJAR,G3,13,,1,1
MANAGER UNIT LAYANAN PELANGGAN KOTA METRO,G3,14,,1,1
MANAGER UNIT LAYANAN PELANGGAN KOTA NOPAN,G3,13,,1,1
MANAGER UNIT LAYANAN PELANGGAN KOTA PINANG,G3,14,,1,1
MANAGER UNIT LAYANAN PELANGGAN KOTABARU KOTA,G3,13,,1,1
MANAGER UNIT LAYANAN PELANGGAN KOTARAYA,G3,13,,1,1
MANAGER UNIT LAYANAN PELANGGAN KOTO TUO,G3,13,,1,1
MANAGER UNIT LAYANAN PELANGGAN KRAKSAAN,G3,14,,1,1
MANAGER UNIT LAYANAN PELANGGAN KRIAN,G3,14,,1,1
MANAGER UNIT LAYANAN PELANGGAN KROYA,G3,14,,1,1
MANAGER UNIT LAYANAN PELANGGAN KRUENG GEUKUEH,G3,13,,1,1
MANAGER UNIT LAYANAN PELANGGAN KUALA,G3,14,,1,1
MANAGER UNIT LAYANAN PELANGGAN KUALA ENOK,G3,13,,1,1
MANAGER UNIT LAYANAN PELANGGAN KUALA KURUN,G3,13,,1,1
MANAGER UNIT LAYANAN PELANGGAN KUALA PEMBUANG,G3,13,,1,1
MANAGER UNIT LAYANAN PELANGGAN KUALA SIMPANG,G3,14,,1,1
MANAGER UNIT LAYANAN PELANGGAN KUALA TUNGKAL,G3,14,,1,1
MANAGER UNIT LAYANAN PELANGGAN KUDUS KOTA,G3,14,,1,1
MANAGER UNIT LAYANAN PELANGGAN KUNINGAN,G3,14,,1,1
MANAGER UNIT LAYANAN PELANGGAN KUPANG,G3,14,,1,1
MANAGER UNIT LAYANAN PELANGGAN KUPRIK,G3,13,,1,1
MANAGER UNIT LAYANAN PELANGGAN KURANJI,G3,14,,1,1
MANAGER UNIT LAYANAN PELANGGAN KURIK,G3,13,,1,1
MANAGER UNIT LAYANAN PELANGGAN KUTA,G3,14,,1,1
MANAGER UNIT LAYANAN PELANGGAN KUTACANE,G3,14,,1,1
MANAGER UNIT LAYANAN PELANGGAN KUTOARJO,G3,14,,1,1
MANAGER UNIT LAYANAN PELANGGAN KWANDANG,G3,13,,1,1
MANAGER UNIT LAYANAN PELANGGAN LABUAN,G3,14,,1,1
MANAGER UNIT LAYANAN PELANGGAN LABUAN BAJO,G3,14,,1,1
MANAGER UNIT LAYANAN PELANGGAN LABUHAN,G3,14,,1,1
MANAGER UNIT LAYANAN PELANGGAN LABUHAN BILIK,G3,14,,1,1
MANAGER UNIT LAYANAN PELANGGAN LABUHAN HAJI,G3,13,,1,1
MANAGER UNIT LAYANAN PELANGGAN LAIWUI,G3,13,,1,1
MANAGER UNIT LAYANAN PELANGGAN LAKAWAN,G3,13,,1,1
MANAGER UNIT LAYANAN PELANGGAN LAMBARO,G3,14,,1,1
MANAGER UNIT LAYANAN PELANGGAN LAMBUNG MANGKURAT,G3,14,,1,1
MANAGER UNIT LAYANAN PELANGGAN LAMONGAN,G3,14,,1,1
MANAGER UNIT LAYANAN PELANGGAN LANGSA KOTA,G3,14,,1,1
MANAGER UNIT LAYANAN PELANGGAN LARANTUKA,G3,13,,1,1
MANAGER UNIT LAYANAN PELANGGAN LAWANG,G3,13,,1,1
MANAGER UNIT LAYANAN PELANGGAN LELES,G3,14,,1,1
MANAGER UNIT LAYANAN PELANGGAN LEMAH ABANG,G3,14,,1,1
MANAGER UNIT LAYANAN PELANGGAN LEMBANG,G3,14,,1,1
MANAGER UNIT LAYANAN PELANGGAN LEMBATA,G3,13,,1,1
MANAGER UNIT LAYANAN PELANGGAN LEMBAYUNG,G3,14,,1,1
MANAGER UNIT LAYANAN PELANGGAN LEOK,G3,13,,1,1
MANAGER UNIT LAYANAN PELANGGAN LEUWILIANG,G3,14,,1,1
MANAGER UNIT LAYANAN PELANGGAN LHOKSEUMAWE KOTA,G3,14,,1,1
MANAGER UNIT LAYANAN PELANGGAN LHOKSUKON,G3,13,,1,1
MANAGER UNIT LAYANAN PELANGGAN LIMA PULUH,G3,13,,1,1
MANAGER UNIT LAYANAN PELANGGAN LIMA PULUH KOTA,G3,14,,1,1
MANAGER UNIT LAYANAN PELANGGAN LIMBOTO,G3,14,,1,1
MANAGER UNIT LAYANAN PELANGGAN LINTAU,G3,13,,1,1
MANAGER UNIT LAYANAN PELANGGAN LIPAT KAIN,G3,13,,1,1
MANAGER UNIT LAYANAN PELANGGAN LIRUNG,G3,13,,1,1
MANAGER UNIT LAYANAN PELANGGAN LIWA,G3,14,,1,1
MANAGER UNIT LAYANAN PELANGGAN LONG IKIS,G3,13,,1,1
MANAGER UNIT LAYANAN PELANGGAN LUBUK ALUNG,G3,14,,1,1
MANAGER UNIT LAYANAN PELANGGAN LUBUK BASUNG,G3,14,,1,1
MANAGER UNIT LAYANAN PELANGGAN LUBUK LINGGAU,G3,14,,1,1
MANAGER UNIT LAYANAN PELANGGAN LUBUK PAKAM,G3,14,,1,1
MANAGER UNIT LAYANAN PELANGGAN LUBUK SIKAPING,G3,14,,1,1
MANAGER UNIT LAYANAN PELANGGAN LUMAJANG,G3,14,,1,1
MANAGER UNIT LAYANAN PELANGGAN MABA,G3,13,,1,1
MANAGER UNIT LAYANAN PELANGGAN MADIUN KOTA,G3,14,,1,1
MANAGER UNIT LAYANAN PELANGGAN MAGELANG KOTA,G3,14,,1,1
MANAGER UNIT LAYANAN PELANGGAN MAGETAN,G3,14,,1,1
MANAGER UNIT LAYANAN PELANGGAN MAJALAYA KOTA,G3,14,,1,1
MANAGER UNIT LAYANAN PELANGGAN MAJALENGKA,G3,14,,1,1
MANAGER UNIT LAYANAN PELANGGAN MAJENANG,G3,14,,1,1
MANAGER UNIT LAYANAN PELANGGAN MAJENE,G3,14,,1,1
MANAGER UNIT LAYANAN PELANGGAN MAKALE,G3,13,,1,1
MANAGER UNIT LAYANAN PELANGGAN MAKO,G3,13,,1,1
MANAGER UNIT LAYANAN PELANGGAN MALANG KOTA,G3,14,,1,1
MANAGER UNIT LAYANAN PELANGGAN MALILI,G3,13,,1,1
MANAGER UNIT LAYANAN PELANGGAN MALINAU,G3,13,,1,1
MANAGER UNIT LAYANAN PELANGGAN MALINGPING,G3,14,,1,1
MANAGER UNIT LAYANAN PELANGGAN MALINO,G3,13,,1,1
MANAGER UNIT LAYANAN PELANGGAN MAMASA,G3,13,,1,1
MANAGER UNIT LAYANAN PELANGGAN MANADO SELATAN,G3,14,,1,1
MANAGER UNIT LAYANAN PELANGGAN MANADO UTARA,G3,14,,1,1
MANAGER UNIT LAYANAN PELANGGAN MANAHAN,G3,14,,1,1
MANAGER UNIT LAYANAN PELANGGAN MANAKARRA,G3,14,,1,1
MANAGER UNIT LAYANAN PELANGGAN MANDE,G3,14,,1,1
MANAGER UNIT LAYANAN PELANGGAN MANGGAR,G3,14,,1,1
MANAGER UNIT LAYANAN PELANGGAN MANNA,G3,14,,1,1
MANAGER UNIT LAYANAN PELANGGAN MANOKWARI KOTA,G3,13,,1,1
MANAGER UNIT LAYANAN PELANGGAN MANTINGAN,G3,14,,1,1
MANAGER UNIT LAYANAN PELANGGAN MAOSPATI,G3,14,,1,1
MANAGER UNIT LAYANAN PELANGGAN MARABAHAN,G3,14,,1,1
MANAGER UNIT LAYANAN PELANGGAN MARIANA,G3,14,,1,1
MANAGER UNIT LAYANAN PELANGGAN MARISA,G3,14,,1,1
MANAGER UNIT LAYANAN PELANGGAN MAROS,G3,14,,1,1
MANAGER UNIT LAYANAN PELANGGAN MARTAPURA,G3,14,,2,2
MANAGER UNIT LAYANAN PELANGGAN MASAMBA,G3,14,,1,1
MANAGER UNIT LAYANAN PELANGGAN MASOHI,G3,13,,1,1
MANAGER UNIT LAYANAN PELANGGAN MATANG GLUMPANG DUA,G3,13,,1,1
MANAGER UNIT LAYANAN PELANGGAN MATTIROTASI,G3,14,,1,1
MANAGER UNIT LAYANAN PELANGGAN MATTOANGING,G3,14,,1,1
MANAGER UNIT LAYANAN PELANGGAN MAWASANGKA,G3,13,,1,1
MANAGER UNIT LAYANAN PELANGGAN MEDAN BARU,G3,14,,1,1
MANAGER UNIT LAYANAN PELANGGAN MEDAN DENAI,G3,14,,1,1
MANAGER UNIT LAYANAN PELANGGAN MEDAN KOTA,G3,14,,1,1
MANAGER UNIT LAYANAN PELANGGAN MEDAN SATRIA,G3,14,,1,1
MANAGER UNIT LAYANAN PELANGGAN MEDAN SELATAN,G3,14,,1,1
MANAGER UNIT LAYANAN PELANGGAN MEDAN TIMUR,G3,14,,1,1
MANAGER UNIT LAYANAN PELANGGAN MELAK,G3,13,,1,1
MANAGER UNIT LAYANAN PELANGGAN MELONGUANE,G3,13,,1,1
MANAGER UNIT LAYANAN PELANGGAN MEMPAWAH,G3,14,,1,1
MANAGER UNIT LAYANAN PELANGGAN MENGANTI,G3,14,,1,1
MANAGER UNIT LAYANAN PELANGGAN MENGGALA,G3,14,,1,1
MANAGER UNIT LAYANAN PELANGGAN MENGWI,G3,14,,1,1
MANAGER UNIT LAYANAN PELANGGAN MENTAWAI,G3,13,,1,1
MANAGER UNIT LAYANAN PELANGGAN MENTOK,G3,14,,1,1
MANAGER UNIT LAYANAN PELANGGAN MERAUKE KOTA,G3,13,,1,1
MANAGER UNIT LAYANAN PELANGGAN MERDUATI KOTA,G3,14,,1,1
MANAGER UNIT LAYANAN PELANGGAN MESUJI,G3,13,,1,1
MANAGER UNIT LAYANAN PELANGGAN MEULABOH KOTA,G3,13,,1,1
MANAGER UNIT LAYANAN PELANGGAN MEUREUDU,G3,13,,1,1
MANAGER UNIT LAYANAN PELANGGAN MOA,G3,13,,1,1
MANAGER UNIT LAYANAN PELANGGAN MODAYAG,G3,13,,1,1
MANAGER UNIT LAYANAN PELANGGAN MOJOAGUNG,G3,14,,1,1
MANAGER UNIT LAYANAN PELANGGAN MOJOKERTO,G3,14,,1,1
MANAGER UNIT LAYANAN PELANGGAN MOJOSARI,G3,14,,1,1
MANAGER UNIT LAYANAN PELANGGAN MOLIBAGU,G3,13,,1,1
MANAGER UNIT LAYANAN PELANGGAN MOTOLING,G3,13,,1,1
MANAGER UNIT LAYANAN PELANGGAN MOUTONG,G3,13,,1,1
MANAGER UNIT LAYANAN PELANGGAN MUARA AMAN,G3,13,,1,1
MANAGER UNIT LAYANAN PELANGGAN MUARA BELITI,G3,14,,1,1
MANAGER UNIT LAYANAN PELANGGAN MUARA BULIAN,G3,14,,1,1
MANAGER UNIT LAYANAN PELANGGAN MUARA DUA,G3,14,,1,1
MANAGER UNIT LAYANAN PELANGGAN MUARA ENIM,G3,14,,1,1
MANAGER UNIT LAYANAN PELANGGAN MUARA LABUH,G3,13,,1,1
MANAGER UNIT LAYANAN PELANGGAN MUARA SABAK,G3,14,,1,1
MANAGER UNIT LAYANAN PELANGGAN MUARA TEBO,G3,14,,1,1
MANAGER UNIT LAYANAN PELANGGAN MUARA TEWEH,G3,13,,1,1
MANAGER UNIT LAYANAN PELANGGAN MUKO-MUKO,G3,14,,1,1
MANAGER UNIT LAYANAN PELANGGAN MUNCAR,G3,14,,1,1
MANAGER UNIT LAYANAN PELANGGAN MURATARA,G3,14,,1,1
MANAGER UNIT LAYANAN PELANGGAN MUSTIKA JAYA,G3,14,,1,1
MANAGER UNIT LAYANAN PELANGGAN NABIRE KOTA,G3,13,,1,1
MANAGER UNIT LAYANAN PELANGGAN NAMLEA,G3,13,,1,1
MANAGER UNIT LAYANAN PELANGGAN NAMROLE,G3,13,,1,1
MANAGER UNIT LAYANAN PELANGGAN NANGA BULIK,G3,13,,1,1
MANAGER UNIT LAYANAN PELANGGAN NANGA PINOH,G3,13,,1,1
MANAGER UNIT LAYANAN PELANGGAN NATAL,G3,13,,1,1
MANAGER UNIT LAYANAN PELANGGAN NATAR,G3,14,,1,1
MANAGER UNIT LAYANAN PELANGGAN NATUNA,G3,13,,1,1
MANAGER UNIT LAYANAN PELANGGAN NEGARA,G3,14,,1,1
MANAGER UNIT LAYANAN PELANGGAN NGABANG,G3,14,,1,1
MANAGER UNIT LAYANAN PELANGGAN NGADILUWIH,G3,14,,1,1
MANAGER UNIT LAYANAN PELANGGAN NGAGEL,G3,14,,1,1
MANAGER UNIT LAYANAN PELANGGAN NGANJUK,G3,14,,1,1
MANAGER UNIT LAYANAN PELANGGAN NGAWI,G3,14,,1,1
MANAGER UNIT LAYANAN PELANGGAN NGORO,G3,14,,1,1
MANAGER UNIT LAYANAN PELANGGAN NGUNUT,G3,14,,1,1
MANAGER UNIT LAYANAN PELANGGAN NIAS BARAT,G3,13,,1,1
MANAGER UNIT LAYANAN PELANGGAN NUNUKAN,G3,13,,1,1
MANAGER UNIT LAYANAN PELANGGAN NUSA INDAH,G3,14,,1,1
MANAGER UNIT LAYANAN PELANGGAN NUSANIWE,G3,13,,1,1
MANAGER UNIT LAYANAN PELANGGAN OESAO,G3,14,,1,1
MANAGER UNIT LAYANAN PELANGGAN PACET,G3,14,,1,1
MANAGER UNIT LAYANAN PELANGGAN PACITAN,G3,14,,1,1
MANAGER UNIT LAYANAN PELANGGAN PADALARANG,G3,14,,1,1
MANAGER UNIT LAYANAN PELANGGAN PADANG PANJANG,G3,13,,1,1
MANAGER UNIT LAYANAN PELANGGAN PADANGAN,G3,14,,1,1
MANAGER UNIT LAYANAN PELANGGAN PAGADEN,G3,14,,1,1
MANAGER UNIT LAYANAN PELANGGAN PAGAR ALAM,G3,14,,1,1
MANAGER UNIT LAYANAN PELANGGAN PAINAN,G3,14,,1,1
MANAGER UNIT LAYANAN PELANGGAN PAJALESANG,G3,13,,1,1
MANAGER UNIT LAYANAN PELANGGAN PAKUAN BOGOR,G3,14,,1,1
MANAGER UNIT LAYANAN PELANGGAN PALANGKARAYA BARAT,G3,13,,1,1
MANAGER UNIT LAYANAN PELANGGAN PALANGKARAYA TIMUR,G3,14,,1,1
MANAGER UNIT LAYANAN PELANGGAN PALOPO KOTA,G3,14,,1,1
MANAGER UNIT LAYANAN PELANGGAN PALU KOTA,G3,14,,1,1
MANAGER UNIT LAYANAN PELANGGAN PALUR,G3,14,,1,1
MANAGER UNIT LAYANAN PELANGGAN PAMANUKAN,G3,14,,1,1
MANAGER UNIT LAYANAN PELANGGAN PAMEKASAN,G3,14,,1,1
MANAGER UNIT LAYANAN PELANGGAN PAMEUNGPEUK,G3,14,,1,1
MANAGER UNIT LAYANAN PELANGGAN PANAKKUKANG,G3,14,,1,1
MANAGER UNIT LAYANAN PELANGGAN PANAM,G3,14,,1,1
MANAGER UNIT LAYANAN PELANGGAN PANARUKAN,G3,14,,1,1
MANAGER UNIT LAYANAN PELANGGAN PANCUR BATU,G3,14,,1,1
MANAGER UNIT LAYANAN PELANGGAN PANDAAN,G3,14,,1,1
MANAGER UNIT LAYANAN PELANGGAN PANDEGLANG,G3,14,,1,1
MANAGER UNIT LAYANAN PELANGGAN PANGANDARAN,G3,14,,1,1
MANAGER UNIT LAYANAN PELANGGAN PANGKAL PINANG,G3,14,,1,1
MANAGER UNIT LAYANAN PELANGGAN PANGKALAN BALAI,G3,14,,1,1
MANAGER UNIT LAYANAN PELANGGAN PANGKALAN BRANDAN,G3,13,,1,1
MANAGER UNIT LAYANAN PELANGGAN PANGKALAN BUN,G3,14,,1,1
MANAGER UNIT LAYANAN PELANGGAN PANGKALAN KERINCI,G3,14,,1,1
MANAGER UNIT LAYANAN PELANGGAN PANGKALAN SUSU,G3,13,,1,1
MANAGER UNIT LAYANAN PELANGGAN PANGKEP,G3,14,,1,1
MANAGER UNIT LAYANAN PELANGGAN PANGSID,G3,13,,1,1
MANAGER UNIT LAYANAN PELANGGAN PANGURURAN,G3,14,,1,1
MANAGER UNIT LAYANAN PELANGGAN PANIKI,G3,14,,1,1
MANAGER UNIT LAYANAN PELANGGAN PANRITA LOPI,G3,14,,1,1
MANAGER UNIT LAYANAN PELANGGAN PANTON LABU,G3,13,,1,1
MANAGER UNIT LAYANAN PELANGGAN PARAKAN,G3,13,,1,1
MANAGER UNIT LAYANAN PELANGGAN PARAPAT,G3,13,,1,1
MANAGER UNIT LAYANAN PELANGGAN PARE,G3,14,,1,1
MANAGER UNIT LAYANAN PELANGGAN PARIA,G3,13,,1,1
MANAGER UNIT LAYANAN PELANGGAN PARIAMAN,G3,14,,1,1
MANAGER UNIT LAYANAN PELANGGAN PARIGI,G3,14,,1,1
MANAGER UNIT LAYANAN PELANGGAN PARINGIN,G3,13,,1,1
MANAGER UNIT LAYANAN PELANGGAN PASANGKAYU,G3,14,,1,1
MANAGER UNIT LAYANAN PELANGGAN PASAR WAJO,G3,13,,1,1
MANAGER UNIT LAYANAN PELANGGAN PASIR PENGARAIAN,G3,14,,1,1
MANAGER UNIT LAYANAN PELANGGAN PASURUAN KOTA,G3,14,,1,1
MANAGER UNIT LAYANAN PELANGGAN PATANGKAI,G3,14,,1,1
MANAGER UNIT LAYANAN PELANGGAN PATI,G3,14,,1,1
MANAGER UNIT LAYANAN PELANGGAN PAYAKUMBUH,G3,14,,1,1
MANAGER UNIT LAYANAN PELANGGAN PEDAN,G3,14,,1,1
MANAGER UNIT LAYANAN PELANGGAN PEKALONGAN KOTA,G3,14,,1,1
MANAGER UNIT LAYANAN PELANGGAN PEKANBARU KOTA BARAT,G3,14,,1,1
MANAGER UNIT LAYANAN PELANGGAN PEKANBARU KOTA TIMUR,G3,14,,1,1
MANAGER UNIT LAYANAN PELANGGAN PEKKABATA,G3,13,,1,1
MANAGER UNIT LAYANAN PELANGGAN PELABUHAN RATU,G3,14,,1,1
MANAGER UNIT LAYANAN PELANGGAN PELAIHARI,G3,14,,1,1
MANAGER UNIT LAYANAN PELANGGAN PEMALANG,G3,14,,1,1
MANAGER UNIT LAYANAN PELANGGAN PEMANGKAT,G3,14,,1,1
MANAGER UNIT LAYANAN PELANGGAN PEMATANG RAYA,G3,14,,1,1
MANAGER UNIT LAYANAN PELANGGAN PENDOPO,G3,14,,1,1
MANAGER UNIT LAYANAN PELANGGAN PENYABUNGAN,G3,14,,1,1
MANAGER UNIT LAYANAN PELANGGAN PERAK,G3,14,,1,1
MANAGER UNIT LAYANAN PELANGGAN PERAWANG,G3,13,,1,1
MANAGER UNIT LAYANAN PELANGGAN PERBAUNGAN,G3,14,,1,1
MANAGER UNIT LAYANAN PELANGGAN PERDAGANGAN,G3,14,,1,1
MANAGER UNIT LAYANAN PELANGGAN PETTA,G3,13,,1,1
MANAGER UNIT LAYANAN PELANGGAN PETUNG,G3,14,,1,1
MANAGER UNIT LAYANAN PELANGGAN PEUREULAK,G3,14,,1,1
MANAGER UNIT LAYANAN PELANGGAN PIRU,G3,13,,1,1
MANAGER UNIT LAYANAN PELANGGAN PLERED,G3,14,,1,1
MANAGER UNIT LAYANAN PELANGGAN PLOSO,G3,14,,2,1
MANAGER UNIT LAYANAN PELANGGAN POLEWALI,G3,13,,1,1
MANAGER UNIT LAYANAN PELANGGAN PONOROGO,G3,14,,1,1
MANAGER UNIT LAYANAN PELANGGAN PONTIANAK KOTA,G3,14,,1,1
MANAGER UNIT LAYANAN PELANGGAN PORONG,G3,14,,1,1
MANAGER UNIT LAYANAN PELANGGAN PORSEA,G3,13,,1,1
MANAGER UNIT LAYANAN PELANGGAN POSO,G3,13,,1,1
MANAGER UNIT LAYANAN PELANGGAN PRABUMULIH,G3,14,,1,1
MANAGER UNIT LAYANAN PELANGGAN PRAFI,G3,13,,1,1
MANAGER UNIT LAYANAN PELANGGAN PRAYA,G3,14,,1,1
MANAGER UNIT LAYANAN PELANGGAN PRIGEN,G3,13,,1,1
MANAGER UNIT LAYANAN PELANGGAN PRIMA BEKASI,G3,14,,1,1
MANAGER UNIT LAYANAN PELANGGAN PRIMA CIBABAT,G3,14,,1,1
MANAGER UNIT LAYANAN PELANGGAN PRIMA KARAWANG,G3,14,,1,1
MANAGER UNIT LAYANAN PELANGGAN PRIMA KRAKATAU,G3,14,,1,1
MANAGER UNIT LAYANAN PELANGGAN PRIMA MAJALAYA,G3,14,,1,1
MANAGER UNIT LAYANAN PELANGGAN PRIMA PRIANGAN,G3,14,,1,1
MANAGER UNIT LAYANAN PELANGGAN PRINGGABAYA,G3,14,,1,1
MANAGER UNIT LAYANAN PELANGGAN PRINGSEWU,G3,14,,1,1
MANAGER UNIT LAYANAN PELANGGAN PROBOLINGGO,G3,14,,1,1
MANAGER UNIT LAYANAN PELANGGAN PULANG PISAU,G3,13,,1,1
MANAGER UNIT LAYANAN PELANGGAN PULUNG KENCANA,G3,14,,1,1
MANAGER UNIT LAYANAN PELANGGAN PURBALINGGA,G3,14,,1,1
MANAGER UNIT LAYANAN PELANGGAN PURUK CAHU,G3,13,,1,1
MANAGER UNIT LAYANAN PELANGGAN PURWAKARTA KOTA,G3,14,,1,1
MANAGER UNIT LAYANAN PELANGGAN PURWODADI,G3,14,,1,1
MANAGER UNIT LAYANAN PELANGGAN PURWOKERTO KOTA,G3,14,,1,1
MANAGER UNIT LAYANAN PELANGGAN PURWOREJO,G3,14,,1,1
MANAGER UNIT LAYANAN PELANGGAN PUTUSSIBAU,G3,14,,1,1
MANAGER UNIT LAYANAN PELANGGAN RAHA,G3,14,,1,1
MANAGER UNIT LAYANAN PELANGGAN RAJAMANDALA,G3,14,,1,1
MANAGER UNIT LAYANAN PELANGGAN RAJAPOLAH,G3,14,,1,1
MANAGER UNIT LAYANAN PELANGGAN RAMBIPUJI,G3,14,,1,1
MANAGER UNIT LAYANAN PELANGGAN RANCAEKEK,G3,14,,1,1
MANAGER UNIT LAYANAN PELANGGAN RANDUDONGKAL,G3,14,,1,1
MANAGER UNIT LAYANAN PELANGGAN RANGKASBITUNG,G3,14,,1,1
MANAGER UNIT LAYANAN PELANGGAN RANSIKI,G3,13,,1,1
MANAGER UNIT LAYANAN PELANGGAN RANTAU,G3,13,,1,1
MANAGER UNIT LAYANAN PELANGGAN RANTAU KOTA,G3,14,,1,1
MANAGER UNIT LAYANAN PELANGGAN RANTEPAO,G3,14,,1,1
MANAGER UNIT LAYANAN PELANGGAN RAPPANG,G3,13,,1,1
MANAGER UNIT LAYANAN PELANGGAN RASAU JAYA,G3,14,,1,1
MANAGER UNIT LAYANAN PELANGGAN RATAHAN,G3,13,,1,1
MANAGER UNIT LAYANAN PELANGGAN REMBANG,G3,14,,1,1
MANAGER UNIT LAYANAN PELANGGAN RENGASDENGKLOK,G3,14,,1,1
MANAGER UNIT LAYANAN PELANGGAN RENGAT KOTA,G3,14,,1,1
MANAGER UNIT LAYANAN PELANGGAN RIMBO BUJANG,G3,14,,1,1
MANAGER UNIT LAYANAN PELANGGAN RIMO,G3,13,,1,1
MANAGER UNIT LAYANAN PELANGGAN RIVAI,G3,14,,1,1
MANAGER UNIT LAYANAN PELANGGAN ROGOJAMPI,G3,14,,1,1
MANAGER UNIT LAYANAN PELANGGAN ROTE NDAO,G3,13,,1,1
MANAGER UNIT LAYANAN PELANGGAN RUMBAI,G3,13,,1,1
MANAGER UNIT LAYANAN PELANGGAN RUMBIA,G3,14,,1,1
MANAGER UNIT LAYANAN PELANGGAN RUNGKUT,G3,14,,1,1
MANAGER UNIT LAYANAN PELANGGAN RUTENG,G3,14,,1,1
MANAGER UNIT LAYANAN PELANGGAN SABANG,G3,14,,1,1
MANAGER UNIT LAYANAN PELANGGAN SABU RAIJUA,G3,13,,1,1
MANAGER UNIT LAYANAN PELANGGAN SAKETA,G3,13,,1,1
MANAGER UNIT LAYANAN PELANGGAN SALATIGA KOTA,G3,14,,1,1
MANAGER UNIT LAYANAN PELANGGAN SAMALANGA,G3,13,,1,1
MANAGER UNIT LAYANAN PELANGGAN SAMARINDA ILIR,G3,14,,1,1
MANAGER UNIT LAYANAN PELANGGAN SAMARINDA KOTA,G3,14,,1,1
MANAGER UNIT LAYANAN PELANGGAN SAMARINDA SEBERANG,G3,14,,1,1
MANAGER UNIT LAYANAN PELANGGAN SAMARINDA ULU,G3,14,,1,1
MANAGER UNIT LAYANAN PELANGGAN SAMAWA REA,G3,14,,1,1
MANAGER UNIT LAYANAN PELANGGAN SAMBAS,G3,13,,1,1
MANAGER UNIT LAYANAN PELANGGAN SAMBOJA,G3,13,,1,1
MANAGER UNIT LAYANAN PELANGGAN SAMPANG,G3,14,,1,1
MANAGER UNIT LAYANAN PELANGGAN SAMPIT,G3,14,,1,1
MANAGER UNIT LAYANAN PELANGGAN SANANA,G3,13,,1,1
MANAGER UNIT LAYANAN PELANGGAN SANDAI,G3,13,,1,1
MANAGER UNIT LAYANAN PELANGGAN SANGATTA,G3,14,,1,1
MANAGER UNIT LAYANAN PELANGGAN SANGGAU KOTA,G3,14,,1,1
MANAGER UNIT LAYANAN PELANGGAN SANUR,G3,14,,1,1
MANAGER UNIT LAYANAN PELANGGAN SAPARUA,G3,13,,1,1
MANAGER UNIT LAYANAN PELANGGAN SAPE,G3,13,,1,1
MANAGER UNIT LAYANAN PELANGGAN SARMI,G3,13,,1,1
MANAGER UNIT LAYANAN PELANGGAN SAROLANGUN,G3,14,,1,1
MANAGER UNIT LAYANAN PELANGGAN SATUI,G3,13,,1,1
MANAGER UNIT LAYANAN PELANGGAN SAUMLAKI,G3,13,,1,1
MANAGER UNIT LAYANAN PELANGGAN SAWAHLUNTO,G3,13,,1,1
MANAGER UNIT LAYANAN PELANGGAN SAWANGAN,G3,14,,1,1
MANAGER UNIT LAYANAN PELANGGAN SEBERANG KOTA,G3,13,,1,1
MANAGER UNIT LAYANAN PELANGGAN SEDAYU,G3,14,,1,1
MANAGER UNIT LAYANAN PELANGGAN SEI DURI,G3,13,,1,1
MANAGER UNIT LAYANAN PELANGGAN SEI RAMPAH,G3,14,,1,1
MANAGER UNIT LAYANAN PELANGGAN SEKADAU,G3,14,,1,1
MANAGER UNIT LAYANAN PELANGGAN SEKAYU,G3,14,,1,1
MANAGER UNIT LAYANAN PELANGGAN SEKURA,G3,13,,1,1
MANAGER UNIT LAYANAN PELANGGAN SELAT PANJANG,G3,13,,1,1
MANAGER UNIT LAYANAN PELANGGAN SELAYAR,G3,13,,1,1
MANAGER UNIT LAYANAN PELANGGAN SELONG,G3,14,,1,1
MANAGER UNIT LAYANAN PELANGGAN SEMARANG BARAT,G3,14,,1,1
MANAGER UNIT LAYANAN PELANGGAN SEMARANG SELATAN,G3,14,,1,1
MANAGER UNIT LAYANAN PELANGGAN SEMARANG TENGAH,G3,14,,1,1
MANAGER UNIT LAYANAN PELANGGAN SEMARANG TIMUR,G3,14,,1,1
MANAGER UNIT LAYANAN PELANGGAN SENGKANG,G3,14,,1,1
MANAGER UNIT LAYANAN PELANGGAN SENTANI,G3,13,,1,1
MANAGER UNIT LAYANAN PELANGGAN SERANG,G3,14,,1,1
MANAGER UNIT LAYANAN PELANGGAN SERIRIT,G3,14,,1,1
MANAGER UNIT LAYANAN PELANGGAN SERUI,G3,13,,1,1
MANAGER UNIT LAYANAN PELANGGAN SIAK SRI INDRAPURA,G3,13,,1,1
MANAGER UNIT LAYANAN PELANGGAN SIANTAN,G3,14,,1,1
MANAGER UNIT LAYANAN PELANGGAN SIANTAR KOTA,G3,14,,1,1
MANAGER UNIT LAYANAN PELANGGAN SIAU,G3,13,,1,1
MANAGER UNIT LAYANAN PELANGGAN SIBOLGA KOTA,G3,14,,1,1
MANAGER UNIT LAYANAN PELANGGAN SIBORONGBORONG,G3,14,,1,1
MANAGER UNIT LAYANAN PELANGGAN SIBUHUAN,G3,14,,1,1
MANAGER UNIT LAYANAN PELANGGAN SICINCIN,G3,13,,1,1
MANAGER UNIT LAYANAN PELANGGAN SIDAREJA,G3,14,,1,1
MANAGER UNIT LAYANAN PELANGGAN SIDAYU,G3,14,,1,1
MANAGER UNIT LAYANAN PELANGGAN SIDEMPUAN KOTA,G3,14,,1,1
MANAGER UNIT LAYANAN PELANGGAN SIDIKALANG,G3,14,,1,1
MANAGER UNIT LAYANAN PELANGGAN SIDOARJO KOTA,G3,14,,1,1
MANAGER UNIT LAYANAN PELANGGAN SIDOMULYO,G3,14,,1,1
MANAGER UNIT LAYANAN PELANGGAN SIGLI KOTA,G3,14,,1,1
MANAGER UNIT LAYANAN PELANGGAN SIJUNJUNG,G3,13,,1,1
MANAGER UNIT LAYANAN PELANGGAN SILUNGKANG,G3,13,,1,1
MANAGER UNIT LAYANAN PELANGGAN SIMPANG EMPAT,G3,14,,1,1
MANAGER UNIT LAYANAN PELANGGAN SIMPANG KAWAT,G3,13,,1,1
MANAGER UNIT LAYANAN PELANGGAN SIMPANG TIGA,G3,14,,1,1
MANAGER UNIT LAYANAN PELANGGAN SINABANG,G3,13,,1,1
MANAGER UNIT LAYANAN PELANGGAN SINGAPARNA,G3,14,,1,1
MANAGER UNIT LAYANAN PELANGGAN SINGARAJA,G3,14,,1,1
MANAGER UNIT LAYANAN PELANGGAN SINGKARAK,G3,13,,1,1
MANAGER UNIT LAYANAN PELANGGAN SINGKAWANG KOTA,G3,14,,1,1
MANAGER UNIT LAYANAN PELANGGAN SINGKIL,G3,13,,1,1
MANAGER UNIT LAYANAN PELANGGAN SINGOSARI,G3,14,,1,1
MANAGER UNIT LAYANAN PELANGGAN SINJAI,G3,14,,1,1
MANAGER UNIT LAYANAN PELANGGAN SINTANG,G3,14,,1,1
MANAGER UNIT LAYANAN PELANGGAN SIPIROK,G3,13,,1,1
MANAGER UNIT LAYANAN PELANGGAN SITIUNG,G3,13,,1,1
MANAGER UNIT LAYANAN PELANGGAN SLAWI,G3,14,,1,1
MANAGER UNIT LAYANAN PELANGGAN SLEMAN,G3,14,,1,1
MANAGER UNIT LAYANAN PELANGGAN SO'E,G3,14,,1,1
MANAGER UNIT LAYANAN PELANGGAN SOA SIU,G3,13,,1,1
MANAGER UNIT LAYANAN PELANGGAN SOFIFI,G3,13,,1,1
MANAGER UNIT LAYANAN PELANGGAN SOLOK,G3,13,,1,1
MANAGER UNIT LAYANAN PELANGGAN SOREANG,G3,14,,1,1
MANAGER UNIT LAYANAN PELANGGAN SORONG KOTA,G3,14,,1,1
MANAGER UNIT LAYANAN PELANGGAN SRAGEN,G3,14,,1,1
MANAGER UNIT LAYANAN PELANGGAN SRENGAT,G3,14,,1,1
MANAGER UNIT LAYANAN PELANGGAN SRIBHAWONO,G3,14,,1,1
MANAGER UNIT LAYANAN PELANGGAN STABAT,G3,14,,1,1
MANAGER UNIT LAYANAN PELANGGAN SUBANG,G3,14,,1,1
MANAGER UNIT LAYANAN PELANGGAN SUBULUSSALAM KOTA,G3,13,,1,1
MANAGER UNIT LAYANAN PELANGGAN SUKABUMI KOTA,G3,14,,1,1
MANAGER UNIT LAYANAN PELANGGAN SUKADANA,G3,14,,2,2
MANAGER UNIT LAYANAN PELANGGAN SUKAMARA,G3,13,,1,1
MANAGER UNIT LAYANAN PELANGGAN SUKANAGARA,G3,14,,1,1
MANAGER UNIT LAYANAN PELANGGAN SUKARAJA,G3,14,,1,1
MANAGER UNIT LAYANAN PELANGGAN SUKARAMI,G3,14,,1,1
MANAGER UNIT LAYANAN PELANGGAN SUKOHARJO,G3,14,,1,1
MANAGER UNIT LAYANAN PELANGGAN SUKOREJO,G3,14,,1,1
MANAGER UNIT LAYANAN PELANGGAN SUMBA BARAT,G3,13,,1,1
MANAGER UNIT LAYANAN PELANGGAN SUMBA JAYA,G3,13,,1,1
MANAGER UNIT LAYANAN PELANGGAN SUMBA TIMUR,G3,13,,1,1
MANAGER UNIT LAYANAN PELANGGAN SUMBER,G3,14,,1,1
MANAGER UNIT LAYANAN PELANGGAN SUMBER REJO,G3,14,,1,1
MANAGER UNIT LAYANAN PELANGGAN SUMBERLAWANG,G3,14,,1,1
MANAGER UNIT LAYANAN PELANGGAN SUMBERPUCUNG,G3,14,,1,1
MANAGER UNIT LAYANAN PELANGGAN SUMEDANG KOTA,G3,14,,1,1
MANAGER UNIT LAYANAN PELANGGAN SUMENEP,G3,14,,1,1
MANAGER UNIT LAYANAN PELANGGAN SUNGAI JAWI,G3,13,,1,1
MANAGER UNIT LAYANAN PELANGGAN SUNGAI KAKAP,G3,13,,1,1
MANAGER UNIT LAYANAN PELANGGAN SUNGAI LILIN,G3,13,,1,1
MANAGER UNIT LAYANAN PELANGGAN SUNGAI PENUH,G3,14,,1,1
MANAGER UNIT LAYANAN PELANGGAN SUNGAI RAYA,G3,13,,1,1
MANAGER UNIT LAYANAN PELANGGAN SUNGAI RUMBAI,G3,13,,1,1
MANAGER UNIT LAYANAN PELANGGAN SUNGAILIAT,G3,14,,1,1
MANAGER UNIT LAYANAN PELANGGAN SUNGGAL,G3,14,,1,1
MANAGER UNIT LAYANAN PELANGGAN SUNGGUMINASA,G3,14,,1,1
MANAGER UNIT LAYANAN PELANGGAN SURAKARTA KOTA,G3,14,,1,1
MANAGER UNIT LAYANAN PELANGGAN SUTAMI,G3,14,,1,1
MANAGER UNIT LAYANAN PELANGGAN SUTOJAYAN,G3,14,,1,1
MANAGER UNIT LAYANAN PELANGGAN SYIAH KUALA,G3,14,,1,1
MANAGER UNIT LAYANAN PELANGGAN TABANAN,G3,14,,1,1
MANAGER UNIT LAYANAN PELANGGAN TABING,G3,14,,1,1
MANAGER UNIT LAYANAN PELANGGAN TAGULANDANG,G3,13,,1,1
MANAGER UNIT LAYANAN PELANGGAN TAIS,G3,13,,1,1
MANAGER UNIT LAYANAN PELANGGAN TAKALAR,G3,14,,1,1
MANAGER UNIT LAYANAN PELANGGAN TAKENGON,G3,14,,1,1
MANAGER UNIT LAYANAN PELANGGAN TALANG PADANG,G3,14,,1,1
MANAGER UNIT LAYANAN PELANGGAN TALIWANG,G3,13,,1,1
MANAGER UNIT LAYANAN PELANGGAN TALUK KUANTAN,G3,14,,1,1
MANAGER UNIT LAYANAN PELANGGAN TAMAKO,G3,13,,1,1
MANAGER UNIT LAYANAN PELANGGAN TAMAN,G3,14,,1,1
MANAGER UNIT LAYANAN PELANGGAN TAMBU,G3,13,,1,1
MANAGER UNIT LAYANAN PELANGGAN TAMBUN,G3,14,,1,1
MANAGER UNIT LAYANAN PELANGGAN TAMIANG LAYANG,G3,13,,1,1
MANAGER UNIT LAYANAN PELANGGAN TANAH GROGOT,G3,14,,1,1
MANAGER UNIT LAYANAN PELANGGAN TANAH JAWA,G3,13,,1,1
MANAGER UNIT LAYANAN PELANGGAN TANAH MERAH,G3,13,,1,1
MANAGER UNIT LAYANAN PELANGGAN TANDES,G3,14,,1,1
MANAGER UNIT LAYANAN PELANGGAN TANETE,G3,13,,1,1
MANAGER UNIT LAYANAN PELANGGAN TANGGEUNG,G3,14,,1,1
MANAGER UNIT LAYANAN PELANGGAN TANGGUL,G3,14,,1,1
MANAGER UNIT LAYANAN PELANGGAN TANJUNG,G3,14,,2,2
MANAGER UNIT LAYANAN PELANGGAN TANJUNG BALAI,G3,14,,1,1
MANAGER UNIT LAYANAN PELANGGAN TANJUNG BALAI KARIMUN,G3,14,,1,1
MANAGER UNIT LAYANAN PELANGGAN TANJUNG BATU,G3,13,,1,1
MANAGER UNIT LAYANAN PELANGGAN TANJUNG MORAWA,G3,14,,1,1
MANAGER UNIT LAYANAN PELANGGAN TANJUNG PANDAN,G3,14,,1,1
MANAGER UNIT LAYANAN PELANGGAN TANJUNG PINANG KOTA,G3,14,,1,1
MANAGER UNIT LAYANAN PELANGGAN TANJUNG PURA,G3,14,,1,1
MANAGER UNIT LAYANAN PELANGGAN TANJUNG RAYA,G3,14,,1,1
MANAGER UNIT LAYANAN PELANGGAN TANJUNG REDEB,G3,14,,1,1
MANAGER UNIT LAYANAN PELANGGAN TANJUNG SARI,G3,14,,1,1
MANAGER UNIT LAYANAN PELANGGAN TANJUNG SELOR,G3,14,,1,1
MANAGER UNIT LAYANAN PELANGGAN TANJUNG TIRAM,G3,13,,1,1
MANAGER UNIT LAYANAN PELANGGAN TANJUNG UBAN,G3,13,,1,1
MANAGER UNIT LAYANAN PELANGGAN TANRU TEDDONG,G3,13,,1,1
MANAGER UNIT LAYANAN PELANGGAN TAPAK TUAN,G3,13,,1,1
MANAGER UNIT LAYANAN PELANGGAN TARAKAN,G3,14,,1,1
MANAGER UNIT LAYANAN PELANGGAN TARUTUNG,G3,13,,1,1
MANAGER UNIT LAYANAN PELANGGAN TASIKMALAYA KOTA,G3,14,,1,1
MANAGER UNIT LAYANAN PELANGGAN TAWAELI,G3,13,,1,1
MANAGER UNIT LAYANAN PELANGGAN TEBING TINGGI,G3,14,,2,2
MANAGER UNIT LAYANAN PELANGGAN TEGAL KOTA,G3,14,,1,1
MANAGER UNIT LAYANAN PELANGGAN TEGAL TIMUR,G3,14,,1,1
MANAGER UNIT LAYANAN PELANGGAN TEGALREJO,G3,13,,1,1
MANAGER UNIT LAYANAN PELANGGAN TEGOWANU,G3,14,,1,1
MANAGER UNIT LAYANAN PELANGGAN TEJAKULA,G3,13,,1,1
MANAGER UNIT LAYANAN PELANGGAN TELAGA,G3,14,,1,1
MANAGER UNIT LAYANAN PELANGGAN TELANAI PURA,G3,14,,1,1
MANAGER UNIT LAYANAN PELANGGAN TELLU BOCCOE,G3,13,,1,1
MANAGER UNIT LAYANAN PELANGGAN TELUK BETUNG,G3,14,,1,1
MANAGER UNIT LAYANAN PELANGGAN TELUK DALAM,G3,13,,1,1
MANAGER UNIT LAYANAN PELANGGAN TELUK SEGARA,G3,14,,1,1
MANAGER UNIT LAYANAN PELANGGAN TEMANGGUNG,G3,14,,1,1
MANAGER UNIT LAYANAN PELANGGAN TEMBILAHAN,G3,14,,1,1
MANAGER UNIT LAYANAN PELANGGAN TEMINABUAN,G3,13,,1,1
MANAGER UNIT LAYANAN PELANGGAN TEMPEH,G3,14,,1,1
MANAGER UNIT LAYANAN PELANGGAN TENGGARONG,G3,14,,1,1
MANAGER UNIT LAYANAN PELANGGAN TENTENA,G3,13,,1,1
MANAGER UNIT LAYANAN PELANGGAN TERNATE SELATAN,G3,14,,1,1
MANAGER UNIT LAYANAN PELANGGAN TEUNOM,G3,13,,1,1
MANAGER UNIT LAYANAN PELANGGAN TIGABINANGA,G3,13,,1,1
MANAGER UNIT LAYANAN PELANGGAN TIMIKA JAYA,G3,13,,1,1
MANAGER UNIT LAYANAN PELANGGAN TIMIKA KOTA,G3,13,,1,1
MANAGER UNIT LAYANAN PELANGGAN TOBELO,G3,14,,1,1
MANAGER UNIT LAYANAN PELANGGAN TOBOALI,G3,14,,1,1
MANAGER UNIT LAYANAN PELANGGAN TOILI,G3,13,,1,1
MANAGER UNIT LAYANAN PELANGGAN TOMOHON,G3,13,,1,1
MANAGER UNIT LAYANAN PELANGGAN TOMONI,G3,13,,1,1
MANAGER UNIT LAYANAN PELANGGAN TONDANO,G3,13,,1,1
MANAGER UNIT LAYANAN PELANGGAN TRENGGALEK,G3,14,,1,1
MANAGER UNIT LAYANAN PELANGGAN TUAL KOTA,G3,13,,1,1
MANAGER UNIT LAYANAN PELANGGAN TUBAN,G3,14,,1,1
MANAGER UNIT LAYANAN PELANGGAN TUGU MULYO,G3,14,,1,1
MANAGER UNIT LAYANAN PELANGGAN TULUNG,G3,13,,1,1
MANAGER UNIT LAYANAN PELANGGAN TULUNGAGUNG,G3,14,,1,1
MANAGER UNIT LAYANAN PELANGGAN TUMBANG TITI,G3,13,,1,1
MANAGER UNIT LAYANAN PELANGGAN TUMPANG,G3,14,,1,1
MANAGER UNIT LAYANAN PELANGGAN UJUNG BATU,G3,13,,1,1
MANAGER UNIT LAYANAN PELANGGAN UJUNG BERUNG,G3,14,,1,1
MANAGER UNIT LAYANAN PELANGGAN ULOE,G3,13,,1,1
MANAGER UNIT LAYANAN PELANGGAN UNAAHA,G3,14,,1,1
MANAGER UNIT LAYANAN PELANGGAN UNGARAN,G3,14,,1,1
MANAGER UNIT LAYANAN PELANGGAN WAISAI,G3,13,,1,1
MANAGER UNIT LAYANAN PELANGGAN WAMENA KOTA,G3,13,,1,1
MANAGER UNIT LAYANAN PELANGGAN WANGI-WANGI,G3,13,,1,1
MANAGER UNIT LAYANAN PELANGGAN WANGON,G3,13,,1,1
MANAGER UNIT LAYANAN PELANGGAN WAROPEN,G3,13,,1,1
MANAGER UNIT LAYANAN PELANGGAN WARU,G3,14,,1,1
MANAGER UNIT LAYANAN PELANGGAN WARUJAYENG,G3,14,,1,1
MANAGER UNIT LAYANAN PELANGGAN WASIOR,G3,13,,1,1
MANAGER UNIT LAYANAN PELANGGAN WATAN SOPPENG,G3,13,,1,1
MANAGER UNIT LAYANAN PELANGGAN WATANG SAWITTO,G3,13,,1,1
MANAGER UNIT LAYANAN PELANGGAN WATES,G3,14,,1,1
MANAGER UNIT LAYANAN PELANGGAN WAY HALIM,G3,14,,1,1
MANAGER UNIT LAYANAN PELANGGAN WEDA,G3,13,,1,1
MANAGER UNIT LAYANAN PELANGGAN WELERI,G3,13,,1,1
MANAGER UNIT LAYANAN PELANGGAN WIRADESA,G3,13,,1,1
MANAGER UNIT LAYANAN PELANGGAN WIROSARI,G3,14,,1,1
MANAGER UNIT LAYANAN PELANGGAN WLINGI,G3,14,,1,1
MANAGER UNIT LAYANAN PELANGGAN WOHA,G3,14,,1,1
MANAGER UNIT LAYANAN PELANGGAN WONOGIRI,G3,14,,1,1
MANAGER UNIT LAYANAN PELANGGAN WONOMULYO,G3,14,,1,1
MANAGER UNIT LAYANAN PELANGGAN WONOSARI,G3,14,,2,2
MANAGER UNIT LAYANAN PELANGGAN WONOSOBO,G3,14,,1,1
MANAGER UNIT LAYANAN PELANGGAN WUA-WUA,G3,14,,1,1
MANAGER UNIT LAYANAN PELANGGAN YALIMO,G3,13,,1,1
MANAGER UNIT LAYANAN PELANGGAN YOGYAKARTA KOTA,G3,14,,1,1
MANAGER UNIT LAYANAN PELANGGAN YOMDORI,G3,13,,1,1
MANAGER UNIT LAYANAN PUSAT LISTRIK ATAMBUA,G3,13,,1,1
MANAGER UNIT LAYANAN PUSAT LISTRIK ENDE,G3,14,,1,1
MANAGER UNIT LAYANAN PUSAT LISTRIK JAYAPURA,G3,13,,1,1
MANAGER UNIT LAYANAN PUSAT LISTRIK KAIRATU,G3,13,,1,1
MANAGER UNIT LAYANAN PUSAT LISTRIK KAYU MERAH,G3,14,,1,1
MANAGER UNIT LAYANAN PUSAT LISTRIK KUPANG,G3,14,,1,1
MANAGER UNIT LAYANAN PUSAT LISTRIK LANGGUR,G3,13,,1,1
MANAGER UNIT LAYANAN PUSAT LISTRIK MANOKWARI,G3,13,,1,1
MANAGER UNIT LAYANAN PUSAT LISTRIK MATALOKO,G3,13,,1,1
MANAGER UNIT LAYANAN PUSAT LISTRIK MAUMERE,G3,14,,1,1
MANAGER UNIT LAYANAN PUSAT LISTRIK MERAWANG,G3,14,,1,1
MANAGER UNIT LAYANAN PUSAT LISTRIK NAMLEA,G3,13,,1,1
MANAGER UNIT LAYANAN PUSAT LISTRIK PAOK MOTONG,G3,13,,1,1
MANAGER UNIT LAYANAN PUSAT LISTRIK PILANG,G3,13,,1,1
MANAGER UNIT LAYANAN PUSAT LISTRIK POKA,G3,14,,1,1
MANAGER UNIT LAYANAN PUSAT LISTRIK TENAGA AIR ORYA GENYEM,G3,13,,1,1
MANAGER UNIT LAYANAN PUSAT LISTRIK TENAGA DIESEL AMPENAN,G3,14,,1,1
MANAGER UNIT LAYANAN PUSAT LISTRIK TENAGA DIESEL BIAK,G3,13,,1,1
MANAGER UNIT LAYANAN PUSAT LISTRIK TENAGA DIESEL BIMA,G3,14,,1,1
MANAGER UNIT LAYANAN PUSAT LISTRIK TENAGA DIESEL LABUHAN,G3,14,,1,1
MANAGER UNIT LAYANAN PUSAT LISTRIK TENAGA DIESEL MERAUKE,G3,13,,1,1
MANAGER UNIT LAYANAN PUSAT LISTRIK TENAGA DIESEL SORONG,G3,13,,1,1
MANAGER UNIT LAYANAN PUSAT LISTRIK TENAGA DIESEL TOBELO,G3,13,,1,1
MANAGER UNIT LAYANAN PUSAT LISTRIK TENAGA MIKRO HYDRO / SURYA TANJUNG,G3,13,,1,1
MANAGER UNIT LAYANAN PUSAT LISTRIK TENAGA UAP SUMBAWA,G3,13,,1,1
MANAGER UNIT LAYANAN PUSAT LISTRIK WAINGAPU,G3,13,,1,1
MANAGER UNIT LAYANAN TRANSMISI DAN GARDU INDUK AMBON,G3,13,,1,1
MANAGER UNIT LAYANAN TRANSMISI DAN GARDU INDUK ANCOL,G3,14,,1,1
MANAGER UNIT LAYANAN TRANSMISI DAN GARDU INDUK ANGKE,G3,14,,1,1
MANAGER UNIT LAYANAN TRANSMISI DAN GARDU INDUK AUR DURI,G3,14,,1,1
MANAGER UNIT LAYANAN TRANSMISI DAN GARDU INDUK BABAT,G3,14,,1,1
MANAGER UNIT LAYANAN TRANSMISI DAN GARDU INDUK BALARAJA,G3,14,,1,1
MANAGER UNIT LAYANAN TRANSMISI DAN GARDU INDUK BALI SELATAN,G3,14,,1,1
MANAGER UNIT LAYANAN TRANSMISI DAN GARDU INDUK BALI UTARA,G3,14,,1,1
MANAGER UNIT LAYANAN TRANSMISI DAN GARDU INDUK BALIKPAPAN,G3,13,,1,1
MANAGER UNIT LAYANAN TRANSMISI DAN GARDU INDUK BANDA ACEH,G3,14,,1,1
MANAGER UNIT LAYANAN TRANSMISI DAN GARDU INDUK BANDARMASIH,G3,14,,1,1
MANAGER UNIT LAYANAN TRANSMISI DAN GARDU INDUK BANDUNG BARAT,G3,14,,1,1
MANAGER UNIT LAYANAN TRANSMISI DAN GARDU INDUK BANDUNG SELATAN,G3,14,,1,1
MANAGER UNIT LAYANAN TRANSMISI DAN GARDU INDUK BANDUNG TIMUR,G3,14,,1,1
MANAGER UNIT LAYANAN TRANSMISI DAN GARDU INDUK BANGIL,G3,14,,1,1
MANAGER UNIT LAYANAN TRANSMISI DAN GARDU INDUK BANGKA,G3,13,,1,1
MANAGER UNIT LAYANAN TRANSMISI DAN GARDU INDUK BANJAR,G3,14,,1,1
MANAGER UNIT LAYANAN TRANSMISI DAN GARDU INDUK BARABAI,G3,13,,1,1
MANAGER UNIT LAYANAN TRANSMISI DAN GARDU INDUK BATULICIN,G3,13,,1,1
MANAGER UNIT LAYANAN TRANSMISI DAN GARDU INDUK BATURAJA,G3,14,,1,1
MANAGER UNIT LAYANAN TRANSMISI DAN GARDU INDUK BAU-BAU,G3,13,,1,1
MANAGER UNIT LAYANAN TRANSMISI DAN GARDU INDUK BEKASI,G3,14,,1,1
MANAGER UNIT LAYANAN TRANSMISI DAN GARDU INDUK BELITUNG,G3,13,,1,1
MANAGER UNIT LAYANAN TRANSMISI DAN GARDU INDUK BERAU,G3,13,,1,1
MANAGER UNIT LAYANAN TRANSMISI DAN GARDU INDUK BETUNG,G3,13,,1,1
MANAGER UNIT LAYANAN TRANSMISI DAN GARDU INDUK BIMA,G3,13,,1,1
MANAGER UNIT LAYANAN TRANSMISI DAN GARDU INDUK BINJAI,G3,14,,1,1
MANAGER UNIT LAYANAN TRANSMISI DAN GARDU INDUK BINTAN,G3,13,,1,1
MANAGER UNIT LAYANAN TRANSMISI DAN GARDU INDUK BOGOR,G3,14,,1,1
MANAGER UNIT LAYANAN TRANSMISI DAN GARDU INDUK BONTANG,G3,13,,1,1
MANAGER UNIT LAYANAN TRANSMISI DAN GARDU INDUK BOOM BARU,G3,13,,1,1
MANAGER UNIT LAYANAN TRANSMISI DAN GARDU INDUK BORANG,G3,14,,1,1
MANAGER UNIT LAYANAN TRANSMISI DAN GARDU INDUK BUKITTINGGI,G3,13,,1,1
MANAGER UNIT LAYANAN TRANSMISI DAN GARDU INDUK CAWANG,G3,14,,1,1
MANAGER UNIT LAYANAN TRANSMISI DAN GARDU INDUK CIAMIS,G3,14,,1,1
MANAGER UNIT LAYANAN TRANSMISI DAN GARDU INDUK CIKARANG,G3,14,,1,1
MANAGER UNIT LAYANAN TRANSMISI DAN GARDU INDUK CIKUPA,G3,14,,1,1
MANAGER UNIT LAYANAN TRANSMISI DAN GARDU INDUK CILEGON,G3,14,,1,1
MANAGER UNIT LAYANAN TRANSMISI DAN GARDU INDUK CIREBON,G3,14,,1,1
MANAGER UNIT LAYANAN TRANSMISI DAN GARDU INDUK CITRA RAYA,G3,13,,1,1
MANAGER UNIT LAYANAN TRANSMISI DAN GARDU INDUK DOLOK SANGGUL,G3,13,,1,1
MANAGER UNIT LAYANAN TRANSMISI DAN GARDU INDUK DURI,G3,14,,1,1
MANAGER UNIT LAYANAN TRANSMISI DAN GARDU INDUK DURI KOSAMBI,G3,14,,1,1
MANAGER UNIT LAYANAN TRANSMISI DAN GARDU INDUK FLORES BARAT,G3,13,,1,1
MANAGER UNIT LAYANAN TRANSMISI DAN GARDU INDUK FLORES TIMUR,G3,13,,1,1
MANAGER UNIT LAYANAN TRANSMISI DAN GARDU INDUK GANDUL,G3,14,,1,1
MANAGER UNIT LAYANAN TRANSMISI DAN GARDU INDUK GARUT,G3,13,,1,1
MANAGER UNIT LAYANAN TRANSMISI DAN GARDU INDUK GLUGUR,G3,13,,1,1
MANAGER UNIT LAYANAN TRANSMISI DAN GARDU INDUK GORONTALO,G3,14,,1,1
MANAGER UNIT LAYANAN TRANSMISI DAN GARDU INDUK GRESIK,G3,14,,1,1
MANAGER UNIT LAYANAN TRANSMISI DAN GARDU INDUK HARAPAN INDAH,G3,13,,1,1
MANAGER UNIT LAYANAN TRANSMISI DAN GARDU INDUK JATIBARANG,G3,13,,1,1
MANAGER UNIT LAYANAN TRANSMISI DAN GARDU INDUK JAYAPURA,G3,13,,1,1
MANAGER UNIT LAYANAN TRANSMISI DAN GARDU INDUK JEMBER,G3,14,,1,1
MANAGER UNIT LAYANAN TRANSMISI DAN GARDU INDUK JENEPONTO,G3,13,,1,1
MANAGER UNIT LAYANAN TRANSMISI DAN GARDU INDUK KARAWANG,G3,14,,1,1
MANAGER UNIT LAYANAN TRANSMISI DAN GARDU INDUK KARET,G3,14,,1,1
MANAGER UNIT LAYANAN TRANSMISI DAN GARDU INDUK KEDIRI,G3,14,,1,1
MANAGER UNIT LAYANAN TRANSMISI DAN GARDU INDUK KENDARI,G3,13,,1,1
MANAGER UNIT LAYANAN TRANSMISI DAN GARDU INDUK KERAMASAN,G3,14,,1,1
MANAGER UNIT LAYANAN TRANSMISI DAN GARDU INDUK KETAPANG,G3,13,,1,1
MANAGER UNIT LAYANAN TRANSMISI DAN GARDU INDUK KILIRANJAO,G3,14,,1,1
MANAGER UNIT LAYANAN TRANSMISI DAN GARDU INDUK KISARAN,G3,14,,1,1
MANAGER UNIT LAYANAN TRANSMISI DAN GARDU INDUK KOLAKA,G3,13,,1,1
MANAGER UNIT LAYANAN TRANSMISI DAN GARDU INDUK KOTABUMI,G3,14,,1,1
MANAGER UNIT LAYANAN TRANSMISI DAN GARDU INDUK KOTAMOBAGU,G3,13,,1,1
MANAGER UNIT LAYANAN TRANSMISI DAN GARDU INDUK KRIAN,G3,14,,1,1
MANAGER UNIT LAYANAN TRANSMISI DAN GARDU INDUK KUDUS,G3,14,,1,1
MANAGER UNIT LAYANAN TRANSMISI DAN GARDU INDUK KUPANG,G3,13,,1,1
MANAGER UNIT LAYANAN TRANSMISI DAN GARDU INDUK LAHAT,G3,14,,1,1
MANAGER UNIT LAYANAN TRANSMISI DAN GARDU INDUK LANGSA,G3,14,,1,1
MANAGER UNIT LAYANAN TRANSMISI DAN GARDU INDUK LOMBOK BARAT,G3,13,,1,1
MANAGER UNIT LAYANAN TRANSMISI DAN GARDU INDUK LOMBOK TIMUR,G3,13,,1,1
MANAGER UNIT LAYANAN TRANSMISI DAN GARDU INDUK LOPANA,G3,13,,1,1
MANAGER UNIT LAYANAN TRANSMISI DAN GARDU INDUK LUWUK,G3,13,,1,1
MANAGER UNIT LAYANAN TRANSMISI DAN GARDU INDUK MADIUN,G3,14,,1,1
MANAGER UNIT LAYANAN TRANSMISI DAN GARDU INDUK MALANG,G3,14,,1,1
MANAGER UNIT LAYANAN TRANSMISI DAN GARDU INDUK MAMPANG,G3,13,,1,1
MANAGER UNIT LAYANAN TRANSMISI DAN GARDU INDUK MAMUJU,G3,13,,1,1
MANAGER UNIT LAYANAN TRANSMISI DAN GARDU INDUK MAROS,G3,14,,1,1
MANAGER UNIT LAYANAN TRANSMISI DAN GARDU INDUK MEULABOH,G3,13,,1,1
MANAGER UNIT LAYANAN TRANSMISI DAN GARDU INDUK MOJOKERTO,G3,14,,1,1
MANAGER UNIT LAYANAN TRANSMISI DAN GARDU INDUK MUARA BUNGO,G3,14,,1,1
MANAGER UNIT LAYANAN TRANSMISI DAN GARDU INDUK MUARA ENIM,G3,13,,1,1
MANAGER UNIT LAYANAN TRANSMISI DAN GARDU INDUK MUARA TEWEH,G3,13,,1,1
MANAGER UNIT LAYANAN TRANSMISI DAN GARDU INDUK NIAS,G3,13,,1,1
MANAGER UNIT LAYANAN TRANSMISI DAN GARDU INDUK PADANG,G3,13,,1,1
MANAGER UNIT LAYANAN TRANSMISI DAN GARDU INDUK PADANG SIDEMPUAN,G3,14,,1,1
MANAGER UNIT LAYANAN TRANSMISI DAN GARDU INDUK PAGELARAN,G3,13,,1,1
MANAGER UNIT LAYANAN TRANSMISI DAN GARDU INDUK PALANGKARAYA,G3,14,,1,1
MANAGER UNIT LAYANAN TRANSMISI DAN GARDU INDUK PALOPO,G3,13,,1,1
MANAGER UNIT LAYANAN TRANSMISI DAN GARDU INDUK PALU,G3,14,,1,1
MANAGER UNIT LAYANAN TRANSMISI DAN GARDU INDUK PANAKKUKANG,G3,14,,1,1
MANAGER UNIT LAYANAN TRANSMISI DAN GARDU INDUK PANGKALAN BUN,G3,13,,1,1
MANAGER UNIT LAYANAN TRANSMISI DAN GARDU INDUK PAREPARE,G3,13,,1,1
MANAGER UNIT LAYANAN TRANSMISI DAN GARDU INDUK PARIAMAN,G3,13,,1,1
MANAGER UNIT LAYANAN TRANSMISI DAN GARDU INDUK PASER,G3,13,,1,1
MANAGER UNIT LAYANAN TRANSMISI DAN GARDU INDUK PASIR PUTIH,G3,13,,1,1
MANAGER UNIT LAYANAN TRANSMISI DAN GARDU INDUK PAYA PASIR,G3,13,,1,1
MANAGER UNIT LAYANAN TRANSMISI DAN GARDU INDUK PAYAKUMBUH,G3,13,,1,1
MANAGER UNIT LAYANAN TRANSMISI DAN GARDU INDUK PEKALONGAN,G3,14,,1,1
MANAGER UNIT LAYANAN TRANSMISI DAN GARDU INDUK PETUKANGAN,G3,13,,1,1
MANAGER UNIT LAYANAN TRANSMISI DAN GARDU INDUK PONTIANAK,G3,14,,1,1
MANAGER UNIT LAYANAN TRANSMISI DAN GARDU INDUK PRABUMULIH,G3,13,,1,1
MANAGER UNIT LAYANAN TRANSMISI DAN GARDU INDUK PROBOLINGGO,G3,14,,1,1
MANAGER UNIT LAYANAN TRANSMISI DAN GARDU INDUK PULOGADUNG,G3,14,,1,1
MANAGER UNIT LAYANAN TRANSMISI DAN GARDU INDUK PURWAKARTA,G3,14,,1,1
MANAGER UNIT LAYANAN TRANSMISI DAN GARDU INDUK PURWOKERTO,G3,14,,1,1
MANAGER UNIT LAYANAN TRANSMISI DAN GARDU INDUK RANGKAS,G3,13,,1,1
MANAGER UNIT LAYANAN TRANSMISI DAN GARDU INDUK REMBANG,G3,14,,1,1
MANAGER UNIT LAYANAN TRANSMISI DAN GARDU INDUK RENGAT,G3,13,,1,1
MANAGER UNIT LAYANAN TRANSMISI DAN GARDU INDUK SALATIGA,G3,14,,1,1
MANAGER UNIT LAYANAN TRANSMISI DAN GARDU INDUK SAMARINDA,G3,13,,1,1
MANAGER UNIT LAYANAN TRANSMISI DAN GARDU INDUK SAMPANG,G3,13,,1,1
MANAGER UNIT LAYANAN TRANSMISI DAN GARDU INDUK SANGGAU,G3,13,,1,1
MANAGER UNIT LAYANAN TRANSMISI DAN GARDU INDUK SAWANGAN,G3,14,,1,1
MANAGER UNIT LAYANAN TRANSMISI DAN GARDU INDUK SEI ROTAN,G3,14,,1,1
MANAGER UNIT LAYANAN TRANSMISI DAN GARDU INDUK SEMARANG,G3,14,,1,1
MANAGER UNIT LAYANAN TRANSMISI DAN GARDU INDUK SERANG,G3,13,,1,1
MANAGER UNIT LAYANAN TRANSMISI DAN GARDU INDUK SIDIKALANG,G3,13,,1,1
MANAGER UNIT LAYANAN TRANSMISI DAN GARDU INDUK SIDRAP,G3,13,,1,1
MANAGER UNIT LAYANAN TRANSMISI DAN GARDU INDUK SINGKAWANG,G3,14,,1,1
MANAGER UNIT LAYANAN TRANSMISI DAN GARDU INDUK SORONG,G3,13,,1,1
MANAGER UNIT LAYANAN TRANSMISI DAN GARDU INDUK SUKABUMI,G3,13,,1,1
MANAGER UNIT LAYANAN TRANSMISI DAN GARDU INDUK SUMBAWA,G3,13,,1,1
MANAGER UNIT LAYANAN TRANSMISI DAN GARDU INDUK SURABAYA SELATAN,G3,14,,1,1
MANAGER UNIT LAYANAN TRANSMISI DAN GARDU INDUK SURABAYA UTARA,G3,14,,1,1
MANAGER UNIT LAYANAN TRANSMISI DAN GARDU INDUK SURAKARTA,G3,14,,1,1
MANAGER UNIT LAYANAN TRANSMISI DAN GARDU INDUK SURALAYA,G3,14,,1,1
MANAGER UNIT LAYANAN TRANSMISI DAN GARDU INDUK TANGERANG SELATAN,G3,14,,1,1
MANAGER UNIT LAYANAN TRANSMISI DAN GARDU INDUK TARAHAN,G3,14,,1,1
MANAGER UNIT LAYANAN TRANSMISI DAN GARDU INDUK TEGAL,G3,14,,1,1
MANAGER UNIT LAYANAN TRANSMISI DAN GARDU INDUK TEGINENENG,G3,14,,1,1
MANAGER UNIT LAYANAN TRANSMISI DAN GARDU INDUK TELUK LEMBU,G3,14,,1,1
MANAGER UNIT LAYANAN TRANSMISI DAN GARDU INDUK TERNATE,G3,13,,1,1
MANAGER UNIT LAYANAN TRANSMISI DAN GARDU INDUK TIMIKA,G3,13,,1,1
MANAGER UNIT LAYANAN TRANSMISI DAN GARDU INDUK TOBA,G3,13,,1,1
MANAGER UNIT LAYANAN TRANSMISI DAN GARDU INDUK WATAMPONE,G3,13,,1,1
MANAGER UNIT LAYANAN TRANSMISI DAN GARDU INDUK WONOSOBO,G3,14,,1,1
MANAGER UNIT LAYANAN TRANSMISI DAN GARDU INDUK WOTU,G3,13,,1,1
MANAGER UNIT LAYANAN TRANSMISI DAN GARDU INDUK YOGYAKARTA,G3,14,,1,1
MANAGER UNIT PELAKSANA MANAJEMEN KONSTRUKSI I,MD,16,,1,1
MANAGER UNIT PELAKSANA MANAJEMEN KONSTRUKSI II,MD,16,,1,1
MANAGER UNIT PELAKSANA MANAJEMEN KONSTRUKSI III,MD,16,,1,1
MANAGER UNIT PELAKSANA MANAJEMEN KONSTRUKSI IV,MD,16,,1,1
MANAGER UNIT PELAKSANA MANAJEMEN KONSTRUKSI V,MD,16,,1,1
MANAGER UNIT PELAKSANA MUSEUM LISTRIK ENERGI BARU,G3,13,,1,1
MANAGER UNIT PELAKSANA PELAYANAN PELANGGAN AMBON,MD,16,,1,1
MANAGER UNIT PELAKSANA PELAYANAN PELANGGAN BALI SELATAN,MD,17,,1,1
MANAGER UNIT PELAKSANA PELAYANAN PELANGGAN BALI TIMUR,MD,17,,1,1
MANAGER UNIT PELAKSANA PELAYANAN PELANGGAN BALI UTARA,MD,16,,1,1
MANAGER UNIT PELAKSANA PELAYANAN PELANGGAN BALIKPAPAN,MD,17,,1,1
MANAGER UNIT PELAKSANA PELAYANAN PELANGGAN BANDA ACEH,MD,16,,1,1
MANAGER UNIT PELAKSANA PELAYANAN PELANGGAN BANDENGAN,MD,17,,1,1
MANAGER UNIT PELAKSANA PELAYANAN PELANGGAN BANDUNG,MD,17,,1,1
MANAGER UNIT PELAKSANA PELAYANAN PELANGGAN BANGKA,MD,17,,1,1
MANAGER UNIT PELAKSANA PELAYANAN PELANGGAN BANGKINANG,MD,17,,1,1
MANAGER UNIT PELAKSANA PELAYANAN PELANGGAN BANJARMASIN,MD,17,,1,1
MANAGER UNIT PELAKSANA PELAYANAN PELANGGAN BANTEN SELATAN,MD,16,,1,1
MANAGER UNIT PELAKSANA PELAYANAN PELANGGAN BANTEN UTARA,MD,17,,1,1
MANAGER UNIT PELAKSANA PELAYANAN PELANGGAN BANYUWANGI,MD,17,,1,1
MANAGER UNIT PELAKSANA PELAYANAN PELANGGAN BARABAI,MD,16,,1,1
MANAGER UNIT PELAKSANA PELAYANAN PELANGGAN BAUBAU,MD,16,,1,1
MANAGER UNIT PELAKSANA PELAYANAN PELANGGAN BEKASI,MD,17,,1,1
MANAGER UNIT PELAKSANA PELAYANAN PELANGGAN BELITUNG,MD,16,,1,1
MANAGER UNIT PELAKSANA PELAYANAN PELANGGAN BENGKULU,MD,17,,1,1
MANAGER UNIT PELAKSANA PELAYANAN PELANGGAN BERAU,MD,16,,1,1
MANAGER UNIT PELAKSANA PELAYANAN PELANGGAN BIAK,MD,16,,1,1
MANAGER UNIT PELAKSANA PELAYANAN PELANGGAN BIMA,MD,16,,1,1
MANAGER UNIT PELAKSANA PELAYANAN PELANGGAN BINJAI,MD,17,,1,1
MANAGER UNIT PELAKSANA PELAYANAN PELANGGAN BINTARO,MD,17,,1,1
MANAGER UNIT PELAKSANA PELAYANAN PELANGGAN BOGOR,MD,17,,1,1
MANAGER UNIT PELAKSANA PELAYANAN PELANGGAN BOJONEGORO,MD,17,,1,1
MANAGER UNIT PELAKSANA PELAYANAN PELANGGAN BONTANG,MD,16,,1,1
MANAGER UNIT PELAKSANA PELAYANAN PELANGGAN BUKIT BARISAN,MD,16,,1,1
MANAGER UNIT PELAKSANA PELAYANAN PELANGGAN BUKITTINGGI,MD,16,,1,1
MANAGER UNIT PELAKSANA PELAYANAN PELANGGAN BULUKUMBA,MD,16,,1,1
MANAGER UNIT PELAKSANA PELAYANAN PELANGGAN BULUNGAN,MD,17,,1,1
MANAGER UNIT PELAKSANA PELAYANAN PELANGGAN CEMPAKA PUTIH,MD,17,,1,1
MANAGER UNIT PELAKSANA PELAYANAN PELANGGAN CENGKARENG,MD,17,,1,1
MANAGER UNIT PELAKSANA PELAYANAN PELANGGAN CIANJUR,MD,16,,1,1
MANAGER UNIT PELAKSANA PELAYANAN PELANGGAN CIKARANG,MD,17,,1,1
MANAGER UNIT PELAKSANA PELAYANAN PELANGGAN CIKOKOL,MD,17,,1,1
MANAGER UNIT PELAKSANA PELAYANAN PELANGGAN CIKUPA,MD,17,,1,1
MANAGER UNIT PELAKSANA PELAYANAN PELANGGAN CILACAP,MD,17,,1,1
MANAGER UNIT PELAKSANA PELAYANAN PELANGGAN CIMAHI,MD,17,,1,1
MANAGER UNIT PELAKSANA PELAYANAN PELANGGAN CIPUTAT,MD,17,,1,1
MANAGER UNIT PELAKSANA PELAYANAN PELANGGAN CIRACAS,MD,17,,1,1
MANAGER UNIT PELAKSANA PELAYANAN PELANGGAN CIREBON,MD,17,,1,1
MANAGER UNIT PELAKSANA PELAYANAN PELANGGAN DEPOK,MD,17,,1,1
MANAGER UNIT PELAKSANA PELAYANAN PELANGGAN DUMAI,MD,17,,1,1
MANAGER UNIT PELAKSANA PELAYANAN PELANGGAN FAKFAK,MD,16,,1,1
MANAGER UNIT PELAKSANA PELAYANAN PELANGGAN FLORES BAGIAN BARAT,MD,16,,1,1
MANAGER UNIT PELAKSANA PELAYANAN PELANGGAN FLORES BAGIAN TIMUR,MD,16,,1,1
MANAGER UNIT PELAKSANA PELAYANAN PELANGGAN GARUT,MD,16,,1,1
MANAGER UNIT PELAKSANA PELAYANAN PELANGGAN GORONTALO,MD,16,,1,1
MANAGER UNIT PELAKSANA PELAYANAN PELANGGAN GRESIK,MD,17,,1,1
MANAGER UNIT PELAKSANA PELAYANAN PELANGGAN GROBOGAN,MD,17,,1,1
MANAGER UNIT PELAKSANA PELAYANAN PELANGGAN GUNUNG PUTRI,MD,17,,1,1
MANAGER UNIT PELAKSANA PELAYANAN PELANGGAN INDRAMAYU,MD,16,,1,1
MANAGER UNIT PELAKSANA PELAYANAN PELANGGAN JAMBI,MD,17,,1,1
MANAGER UNIT PELAKSANA PELAYANAN PELANGGAN JATINEGARA,MD,17,,1,1
MANAGER UNIT PELAKSANA PELAYANAN PELANGGAN JAYAPURA,MD,16,,1,1
MANAGER UNIT PELAKSANA PELAYANAN PELANGGAN JEMBER,MD,17,,1,1
MANAGER UNIT PELAKSANA PELAYANAN PELANGGAN KALIMANTAN UTARA,MD,16,,1,1
MANAGER UNIT PELAKSANA PELAYANAN PELANGGAN KARAWANG,MD,17,,1,1
MANAGER UNIT PELAKSANA PELAYANAN PELANGGAN KEBON JERUK,MD,17,,1,1
MANAGER UNIT PELAKSANA PELAYANAN PELANGGAN KEDIRI,MD,17,,1,1
MANAGER UNIT PELAKSANA PELAYANAN PELANGGAN KENDARI,MD,16,,1,1
MANAGER UNIT PELAKSANA PELAYANAN PELANGGAN KETAPANG,MD,16,,1,1
MANAGER UNIT PELAKSANA PELAYANAN PELANGGAN KLATEN,MD,17,,1,1
MANAGER UNIT PELAKSANA PELAYANAN PELANGGAN KOTA BUMI,MD,17,,1,1
MANAGER UNIT PELAKSANA PELAYANAN PELANGGAN KOTAMOBAGU,MD,16,,1,1
MANAGER UNIT PELAKSANA PELAYANAN PELANGGAN KRAMAT JATI,MD,16,,1,1
MANAGER UNIT PELAKSANA PELAYANAN PELANGGAN KUALA KAPUAS,MD,16,,1,1
MANAGER UNIT PELAKSANA PELAYANAN PELANGGAN KUDUS,MD,17,,1,1
MANAGER UNIT PELAKSANA PELAYANAN PELANGGAN KUPANG,MD,16,,1,1
MANAGER UNIT PELAKSANA PELAYANAN PELANGGAN LAHAT,MD,17,,1,1
MANAGER UNIT PELAKSANA PELAYANAN PELANGGAN LANGSA,MD,16,,1,1
MANAGER UNIT PELAKSANA PELAYANAN PELANGGAN LENTENG AGUNG,MD,17,,1,1
MANAGER UNIT PELAKSANA PELAYANAN PELANGGAN LHOKSEUMAWE,MD,16,,1,1
MANAGER UNIT PELAKSANA PELAYANAN PELANGGAN LUBUK LINGGAU,MD,16,,1,1
MANAGER UNIT PELAKSANA PELAYANAN PELANGGAN LUBUK PAKAM,MD,17,,1,1
MANAGER UNIT PELAKSANA PELAYANAN PELANGGAN LUWUK,MD,16,,1,1
MANAGER UNIT PELAKSANA PELAYANAN PELANGGAN MADIUN,MD,17,,1,1
MANAGER UNIT PELAKSANA PELAYANAN PELANGGAN MADURA,MD,16,,1,1
MANAGER UNIT PELAKSANA PELAYANAN PELANGGAN MAGELANG,MD,17,,1,1
MANAGER UNIT PELAKSANA PELAYANAN PELANGGAN MAJALAYA,MD,17,,1,1
MANAGER UNIT PELAKSANA PELAYANAN PELANGGAN MAKASSAR SELATAN,MD,17,,1,1
MANAGER UNIT PELAKSANA PELAYANAN PELANGGAN MAKASSAR UTARA,MD,17,,1,1
MANAGER UNIT PELAKSANA PELAYANAN PELANGGAN MALANG,MD,17,,1,1
MANAGER UNIT PELAKSANA PELAYANAN PELANGGAN MAMUJU,MD,16,,1,1
MANAGER UNIT PELAKSANA PELAYANAN PELANGGAN MANADO,MD,17,,1,1
MANAGER UNIT PELAKSANA PELAYANAN PELANGGAN MANOKWARI,MD,16,,1,1
MANAGER UNIT PELAKSANA PELAYANAN PELANGGAN MARUNDA,MD,17,,1,1
MANAGER UNIT PELAKSANA PELAYANAN PELANGGAN MASOHI,MD,16,,1,1
MANAGER UNIT PELAKSANA PELAYANAN PELANGGAN MATARAM,MD,17,,1,1
MANAGER UNIT PELAKSANA PELAYANAN PELANGGAN MEDAN,MD,17,,1,1
MANAGER UNIT PELAKSANA PELAYANAN PELANGGAN MEDAN UTARA,MD,17,,1,1
MANAGER UNIT PELAKSANA PELAYANAN PELANGGAN MEMPAWAH,MD,17,,1,1
MANAGER UNIT PELAKSANA PELAYANAN PELANGGAN MENTENG,MD,17,,1,1
MANAGER UNIT PELAKSANA PELAYANAN PELANGGAN MERAUKE,MD,16,,1,1
MANAGER UNIT PELAKSANA PELAYANAN PELANGGAN METRO,MD,17,,1,1
MANAGER UNIT PELAKSANA PELAYANAN PELANGGAN MEULABOH,MD,16,,1,1
MANAGER UNIT PELAKSANA PELAYANAN PELANGGAN MOJOKERTO,MD,17,,1,1
MANAGER UNIT PELAKSANA PELAYANAN PELANGGAN MUARA BUNGO,MD,16,,1,1
MANAGER UNIT PELAKSANA PELAYANAN PELANGGAN NABIRE,MD,16,,1,1
MANAGER UNIT PELAKSANA PELAYANAN PELANGGAN NIAS,MD,16,,1,1
MANAGER UNIT PELAKSANA PELAYANAN PELANGGAN NUSANTARA,MD,17,,1,1
MANAGER UNIT PELAKSANA PELAYANAN PELANGGAN OGAN ILIR,MD,16,,1,1
MANAGER UNIT PELAKSANA PELAYANAN PELANGGAN PADANG,MD,17,,1,1
MANAGER UNIT PELAKSANA PELAYANAN PELANGGAN PADANG SIDIMPUAN,MD,16,,1,1
MANAGER UNIT PELAKSANA PELAYANAN PELANGGAN PALANGKA RAYA,MD,16,,1,1
MANAGER UNIT PELAKSANA PELAYANAN PELANGGAN PALEMBANG,MD,17,,1,1
MANAGER UNIT PELAKSANA PELAYANAN PELANGGAN PALOPO,MD,16,,1,1
MANAGER UNIT PELAKSANA PELAYANAN PELANGGAN PALU,MD,16,,1,1
MANAGER UNIT PELAKSANA PELAYANAN PELANGGAN PANGKALAN BUN,MD,17,,1,1
MANAGER UNIT PELAKSANA PELAYANAN PELANGGAN PARE-PARE,MD,16,,1,1
MANAGER UNIT PELAKSANA PELAYANAN PELANGGAN PASURUAN,MD,17,,1,1
MANAGER UNIT PELAKSANA PELAYANAN PELANGGAN PAYAKUMBUH,MD,16,,1,1
MANAGER UNIT PELAKSANA PELAYANAN PELANGGAN PEKALONGAN,MD,17,,1,1
MANAGER UNIT PELAKSANA PELAYANAN PELANGGAN PEKANBARU,MD,17,,1,1
MANAGER UNIT PELAKSANA PELAYANAN PELANGGAN PEMATANG SIANTAR,MD,17,,1,1
MANAGER UNIT PELAKSANA PELAYANAN PELANGGAN PINRANG,MD,16,,1,1
MANAGER UNIT PELAKSANA PELAYANAN PELANGGAN PONDOK GEDE,MD,17,,1,1
MANAGER UNIT PELAKSANA PELAYANAN PELANGGAN PONDOK KOPI,MD,17,,1,1
MANAGER UNIT PELAKSANA PELAYANAN PELANGGAN PONOROGO,MD,16,,1,1
MANAGER UNIT PELAKSANA PELAYANAN PELANGGAN PONTIANAK,MD,17,,1,1
MANAGER UNIT PELAKSANA PELAYANAN PELANGGAN PRINGSEWU,MD,17,,1,1
MANAGER UNIT PELAKSANA PELAYANAN PELANGGAN PURWAKARTA,MD,17,,1,1
MANAGER UNIT PELAKSANA PELAYANAN PELANGGAN PURWOKERTO,MD,17,,1,1
MANAGER UNIT PELAKSANA PELAYANAN PELANGGAN RANTAU PRAPAT,MD,16,,1,1
MANAGER UNIT PELAKSANA PELAYANAN PELANGGAN RENGAT,MD,16,,1,1
MANAGER UNIT PELAKSANA PELAYANAN PELANGGAN SALATIGA,MD,17,,1,1
MANAGER UNIT PELAKSANA PELAYANAN PELANGGAN SAMARINDA,MD,17,,1,1
MANAGER UNIT PELAKSANA PELAYANAN PELANGGAN SANGGAU,MD,16,,1,1
MANAGER UNIT PELAKSANA PELAYANAN PELANGGAN SAUMLAKI,MD,16,,1,1
MANAGER UNIT PELAKSANA PELAYANAN PELANGGAN SEDAYU,MD,16,,1,1
MANAGER UNIT PELAKSANA PELAYANAN PELANGGAN SELAPARANG,MD,16,,1,1
MANAGER UNIT PELAKSANA PELAYANAN PELANGGAN SEMARANG,MD,17,,1,1
MANAGER UNIT PELAKSANA PELAYANAN PELANGGAN SERPONG,MD,17,,1,1
MANAGER UNIT PELAKSANA PELAYANAN PELANGGAN SIBOLGA,MD,16,,1,1
MANAGER UNIT PELAKSANA PELAYANAN PELANGGAN SIDOARJO,MD,17,,1,1
MANAGER UNIT PELAKSANA PELAYANAN PELANGGAN SIGLI,MD,16,,1,1
MANAGER UNIT PELAKSANA PELAYANAN PELANGGAN SINGKAWANG,MD,16,,1,1
MANAGER UNIT PELAKSANA PELAYANAN PELANGGAN SITUBONDO,MD,16,,1,1
MANAGER UNIT PELAKSANA PELAYANAN PELANGGAN SOFIFI,MD,16,,1,1
MANAGER UNIT PELAKSANA PELAYANAN PELANGGAN SOLOK,MD,16,,1,1
MANAGER UNIT PELAKSANA PELAYANAN PELANGGAN SORONG,MD,16,,1,1
MANAGER UNIT PELAKSANA PELAYANAN PELANGGAN SUBULUSSALAM,MD,16,,1,1
MANAGER UNIT PELAKSANA PELAYANAN PELANGGAN SUKABUMI,MD,17,,1,1
MANAGER UNIT PELAKSANA PELAYANAN PELANGGAN SUKOHARJO,MD,17,,1,1
MANAGER UNIT PELAKSANA PELAYANAN PELANGGAN SUMBA,MD,16,,1,1
MANAGER UNIT PELAKSANA PELAYANAN PELANGGAN SUMBAWA,MD,16,,1,1
MANAGER UNIT PELAKSANA PELAYANAN PELANGGAN SUMEDANG,MD,17,,1,1
MANAGER UNIT PELAKSANA PELAYANAN PELANGGAN SURABAYA BARAT,MD,17,,1,1
MANAGER UNIT PELAKSANA PELAYANAN PELANGGAN SURABAYA SELATAN,MD,17,,1,1
MANAGER UNIT PELAKSANA PELAYANAN PELANGGAN SURABAYA UTARA,MD,17,,1,1
MANAGER UNIT PELAKSANA PELAYANAN PELANGGAN SURAKARTA,MD,17,,1,1
MANAGER UNIT PELAKSANA PELAYANAN PELANGGAN TAHUNA,MD,16,,1,1
MANAGER UNIT PELAKSANA PELAYANAN PELANGGAN TANAH BUMBU,MD,16,,1,1
MANAGER UNIT PELAKSANA PELAYANAN PELANGGAN TANJUNG KARANG,MD,17,,1,1
MANAGER UNIT PELAKSANA PELAYANAN PELANGGAN TANJUNG PINANG,MD,17,,1,1
MANAGER UNIT PELAKSANA PELAYANAN PELANGGAN TANJUNG PRIOK,MD,17,,1,1
MANAGER UNIT PELAKSANA PELAYANAN PELANGGAN TASIKMALAYA,MD,17,,1,1
MANAGER UNIT PELAKSANA PELAYANAN PELANGGAN TEGAL,MD,17,,1,1
MANAGER UNIT PELAKSANA PELAYANAN PELANGGAN TELUK NAGA,MD,17,,1,1
MANAGER UNIT PELAKSANA PELAYANAN PELANGGAN TERNATE,MD,16,,1,1
MANAGER UNIT PELAKSANA PELAYANAN PELANGGAN TIMIKA,MD,16,,1,1
MANAGER UNIT PELAKSANA PELAYANAN PELANGGAN TOBELO,MD,16,,1,1
MANAGER UNIT PELAKSANA PELAYANAN PELANGGAN TOLI-TOLI,MD,16,,1,1
MANAGER UNIT PELAKSANA PELAYANAN PELANGGAN TUAL,MD,16,,1,1
MANAGER UNIT PELAKSANA PELAYANAN PELANGGAN WAMENA,MD,16,,1,1
MANAGER UNIT PELAKSANA PELAYANAN PELANGGAN WATAMPONE,MD,16,,1,1
MANAGER UNIT PELAKSANA PELAYANAN PELANGGAN YOGYAKARTA DAN WONOSARI,MD,16,,1,1
MANAGER UNIT PELAKSANA PEMBANGKITAN BANGKA BELITUNG,MD,17,,1,1
MANAGER UNIT PELAKSANA PEMBANGKITAN FLORES,MD,16,,1,1
MANAGER UNIT PELAKSANA PEMBANGKITAN LOMBOK,MD,17,,1,1
MANAGER UNIT PELAKSANA PEMBANGKITAN MALUKU,MD,17,,1,1
MANAGER UNIT PELAKSANA PEMBANGKITAN PAPUA DAN PAPUA BARAT,MD,17,,1,1
MANAGER UNIT PELAKSANA PEMBANGKITAN TAMBORA,MD,16,,1,1
MANAGER UNIT PELAKSANA PEMBANGKITAN TIMOR,MD,16,,1,1
MANAGER UNIT PELAKSANA PENDIDIKAN DAN PELATIHAN BANJARBARU,MD,16,,1,1
MANAGER UNIT PELAKSANA PENDIDIKAN DAN PELATIHAN BOGOR,MD,16,,1,1
MANAGER UNIT PELAKSANA PENDIDIKAN DAN PELATIHAN JAKARTA,MD,16,,1,1
MANAGER UNIT PELAKSANA PENDIDIKAN DAN PELATIHAN MAKASSAR,MD,16,,1,1
MANAGER UNIT PELAKSANA PENDIDIKAN DAN PELATIHAN PADANG,MD,16,,1,1
MANAGER UNIT PELAKSANA PENDIDIKAN DAN PELATIHAN PALEMBANG,MD,16,,1,1
MANAGER UNIT PELAKSANA PENDIDIKAN DAN PELATIHAN PANDAAN,MD,16,,1,1
MANAGER UNIT PELAKSANA PENDIDIKAN DAN PELATIHAN SEMARANG,MD,16,,1,1
MANAGER UNIT PELAKSANA PENDIDIKAN DAN PELATIHAN SURABAYA,MD,16,,1,1
MANAGER UNIT PELAKSANA PENDIDIKAN DAN PELATIHAN SURALAYA,MD,16,,1,1
MANAGER UNIT PELAKSANA PENDIDIKAN DAN PELATIHAN TUNTUNGAN,MD,16,,1,1
MANAGER UNIT PELAKSANA PENGATUR BEBAN BALI,MD,16,,1,1
MANAGER UNIT PELAKSANA PENGATUR BEBAN DKI JAKARTA DAN BANTEN,MD,17,,1,1
MANAGER UNIT PELAKSANA PENGATUR BEBAN JAWA BARAT,MD,17,,1,1
MANAGER UNIT PELAKSANA PENGATUR BEBAN JAWA TENGAH DAN D.I. YOGYAKARTA,MD,17,,1,1
MANAGER UNIT PELAKSANA PENGATUR BEBAN JAWA TIMUR,MD,17,,1,1
MANAGER UNIT PELAKSANA PENGATUR BEBAN KALIMANTAN BARAT,MD,16,,1,1
MANAGER UNIT PELAKSANA PENGATUR BEBAN KALIMANTAN SELATAN DAN KALIMANTANTENGAH,MD,16,,1,1
MANAGER UNIT PELAKSANA PENGATUR BEBAN KALIMANTAN TIMUR DAN KALIMANTAN UTARA,MD,16,,1,1
MANAGER UNIT PELAKSANA PENGATUR BEBAN NUSA TENGGARA BARAT,MD,16,,1,1
MANAGER UNIT PELAKSANA PENGATUR BEBAN NUSA TENGGARA TIMUR,MD,16,,1,1
MANAGER UNIT PELAKSANA PENGATUR BEBAN SISTEM MAKASSAR,MD,16,,1,1
MANAGER UNIT PELAKSANA PENGATUR BEBAN SISTEM MINAHASA,MD,16,,1,1
MANAGER UNIT PELAKSANA PENGATUR BEBAN SUMATERA BAGIAN SELATAN,MD,16,,1,1
MANAGER UNIT PELAKSANA PENGATUR BEBAN SUMATERA BAGIAN TENGAH,MD,16,,1,1
MANAGER UNIT PELAKSANA PENGATUR BEBAN SUMATERA BAGIAN UTARA,MD,16,,1,1
MANAGER UNIT PELAKSANA PENGATUR DISTRIBUSI ACEH,MD,16,,1,1
MANAGER UNIT PELAKSANA PENGATUR DISTRIBUSI BALI,MD,16,,1,1
MANAGER UNIT PELAKSANA PENGATUR DISTRIBUSI BANTEN,MD,17,,1,1
MANAGER UNIT PELAKSANA PENGATUR DISTRIBUSI JAKARTA,MD,17,,1,1
MANAGER UNIT PELAKSANA PENGATUR DISTRIBUSI JAWA BARAT,MD,17,,1,1
MANAGER UNIT PELAKSANA PENGATUR DISTRIBUSI JAWA TENGAH DAN D.I. YOGYAKARTA,MD,17,,1,1
MANAGER UNIT PELAKSANA PENGATUR DISTRIBUSI JAWA TIMUR,MD,17,,1,1
MANAGER UNIT PELAKSANA PENGATUR DISTRIBUSI KALIMANTAN BARAT,MD,16,,1,1
MANAGER UNIT PELAKSANA PENGATUR DISTRIBUSI KALIMANTAN SELATAN DAN KALIMANTAN TENGAH,MD,16,,1,1
MANAGER UNIT PELAKSANA PENGATUR DISTRIBUSI KALIMANTAN TIMUR DAN KALIMANTAN UTARA,MD,16,,1,1
MANAGER UNIT PELAKSANA PENGATUR DISTRIBUSI LAMPUNG,MD,16,,1,1
MANAGER UNIT PELAKSANA PENGATUR DISTRIBUSI NUSA TENGGARA BARAT,MD,16,,1,1
MANAGER UNIT PELAKSANA PENGATUR DISTRIBUSI RIAU,MD,16,,1,1
"MANAGER UNIT PELAKSANA PENGATUR DISTRIBUSI SULAWESI SELATAN, SULAWESI TENGGARA, DAN SULAWESI BARAT",MD,17,,1,1
"MANAGER UNIT PELAKSANA PENGATUR DISTRIBUSI SULAWESI UTARA, SULAWESI TENGAH DAN GORONTALO",MD,16,,1,1
MANAGER UNIT PELAKSANA PENGATUR DISTRIBUSI SUMATERA BARAT,MD,16,,1,1
"MANAGER UNIT PELAKSANA PENGATUR DISTRIBUSI SUMATERA SELATAN, JAMBI, DAN BENGKULU",MD,17,,1,1
MANAGER UNIT PELAKSANA PENGATUR DISTRIBUSI SUMATERA UTARA,MD,17,,1,1
MANAGER UNIT PELAKSANA PENYALURAN DAN PENGATUR BEBAN MALUKU,MD,16,,1,1
MANAGER UNIT PELAKSANA PENYALURAN DAN PENGATUR BEBAN PAPUA,MD,16,,1,1
MANAGER UNIT PELAKSANA PRODUKSI DAN WORKSHOP I,MD,16,,1,1
MANAGER UNIT PELAKSANA PRODUKSI DAN WORKSHOP II,MD,16,,1,1
MANAGER UNIT PELAKSANA PRODUKSI DAN WORKSHOP III,MD,16,,1,1
MANAGER UNIT PELAKSANA PRODUKSI DAN WORKSHOP IV,MD,16,,1,1
MANAGER UNIT PELAKSANA PRODUKSI DAN WORKSHOP V,MD,16,,1,1
MANAGER UNIT PELAKSANA PRODUKSI DAN WORKSHOP VI,MD,16,,1,1
MANAGER UNIT PELAKSANA PROYEK JAWA BAGIAN BARAT 1,MD,17,,1,1
MANAGER UNIT PELAKSANA PROYEK JAWA BAGIAN BARAT 2,MD,16,,1,1
MANAGER UNIT PELAKSANA PROYEK JAWA BAGIAN BARAT 3,MD,16,,1,1
MANAGER UNIT PELAKSANA PROYEK JAWA BAGIAN BARAT 4,MD,17,,1,1
MANAGER UNIT PELAKSANA PROYEK JAWA BAGIAN TENGAH 1,MD,17,,1,1
MANAGER UNIT PELAKSANA PROYEK JAWA BAGIAN TENGAH 2,MD,17,,1,1
MANAGER UNIT PELAKSANA PROYEK JAWA BAGIAN TENGAH 3,MD,17,,1,1
MANAGER UNIT PELAKSANA PROYEK JAWA BAGIAN TENGAH 4,MD,16,,1,1
MANAGER UNIT PELAKSANA PROYEK JAWA BAGIAN TIMUR DAN BALI 1,MD,16,,1,1
MANAGER UNIT PELAKSANA PROYEK JAWA BAGIAN TIMUR DAN BALI 2,MD,16,,1,1
MANAGER UNIT PELAKSANA PROYEK JAWA BAGIAN TIMUR DAN BALI 3,MD,16,,1,1
MANAGER UNIT PELAKSANA PROYEK JAWA BAGIAN TIMUR DAN BALI 4,MD,16,,1,1
MANAGER UNIT PELAKSANA PROYEK KALIMANTAN BAGIAN BARAT 1,MD,16,,1,1
MANAGER UNIT PELAKSANA PROYEK KALIMANTAN BAGIAN BARAT 2,MD,16,,1,1
MANAGER UNIT PELAKSANA PROYEK KALIMANTAN BAGIAN BARAT 3,MD,16,,1,1
MANAGER UNIT PELAKSANA PROYEK KALIMANTAN BAGIAN TIMUR 1,MD,16,,1,1
MANAGER UNIT PELAKSANA PROYEK KALIMANTAN BAGIAN TIMUR 2,MD,16,,1,1
MANAGER UNIT PELAKSANA PROYEK KALIMANTAN BAGIAN TIMUR 3,MD,16,,1,1
MANAGER UNIT PELAKSANA PROYEK KALIMANTAN BAGIAN TIMUR 4,MD,16,,1,1
MANAGER UNIT PELAKSANA PROYEK KETENAGALISTRIKAN BENUA ETAM,MD,16,,1,1
MANAGER UNIT PELAKSANA PROYEK KETENAGALISTRIKAN KAPUAS RAYA,MD,16,,1,1
MANAGER UNIT PELAKSANA PROYEK KETENAGALISTRIKAN KHATULISTIWA,MD,16,,1,1
MANAGER UNIT PELAKSANA PROYEK KETENAGALISTRIKAN KUPANG,MD,16,,1,1
MANAGER UNIT PELAKSANA PROYEK KETENAGALISTRIKAN PROVINSI ACEH,MD,16,,1,1
MANAGER UNIT PELAKSANA PROYEK KETENAGALISTRIKAN PROVINSI BANGKA BELITUNG,MD,16,,1,1
MANAGER UNIT PELAKSANA PROYEK KETENAGALISTRIKAN PROVINSI BENGKULU,MD,16,,1,1
MANAGER UNIT PELAKSANA PROYEK KETENAGALISTRIKAN PROVINSI FLORES,MD,16,,1,1
MANAGER UNIT PELAKSANA PROYEK KETENAGALISTRIKAN PROVINSI GORONTALO,MD,16,,1,1
MANAGER UNIT PELAKSANA PROYEK KETENAGALISTRIKAN PROVINSI JAMBI,MD,16,,1,1
MANAGER UNIT PELAKSANA PROYEK KETENAGALISTRIKAN PROVINSI JAWA BARAT,MD,16,,1,1
MANAGER UNIT PELAKSANA PROYEK KETENAGALISTRIKAN PROVINSI JAWA TENGAH DAN D.I. YOGYAKARTA,MD,16,,1,1
MANAGER UNIT PELAKSANA PROYEK KETENAGALISTRIKAN PROVINSI JAWA TIMUR,MD,16,,1,1
MANAGER UNIT PELAKSANA PROYEK KETENAGALISTRIKAN PROVINSI KALIMANTAN SELATAN,MD,16,,1,1
MANAGER UNIT PELAKSANA PROYEK KETENAGALISTRIKAN PROVINSI KALIMANTAN TENGAH,MD,16,,1,1
MANAGER UNIT PELAKSANA PROYEK KETENAGALISTRIKAN PROVINSI KALIMANTAN TIMUR,MD,16,,1,1
MANAGER UNIT PELAKSANA PROYEK KETENAGALISTRIKAN PROVINSI KALIMANTAN UTARA,MD,16,,1,1
MANAGER UNIT PELAKSANA PROYEK KETENAGALISTRIKAN PROVINSI KEPULAUAN RIAU,MD,16,,1,1
MANAGER UNIT PELAKSANA PROYEK KETENAGALISTRIKAN PROVINSI LAMPUNG,MD,16,,1,1
MANAGER UNIT PELAKSANA PROYEK KETENAGALISTRIKAN PROVINSI MALUKU,MD,16,,1,1
MANAGER UNIT PELAKSANA PROYEK KETENAGALISTRIKAN PROVINSI MALUKU UTARA,MD,16,,1,1
MANAGER UNIT PELAKSANA PROYEK KETENAGALISTRIKAN PROVINSI NUSA TENGGARA BARAT,MD,16,,1,1
MANAGER UNIT PELAKSANA PROYEK KETENAGALISTRIKAN PROVINSI PAPUA,MD,16,,1,1
MANAGER UNIT PELAKSANA PROYEK KETENAGALISTRIKAN PROVINSI PAPUA BARAT,MD,16,,1,1
MANAGER UNIT PELAKSANA PROYEK KETENAGALISTRIKAN PROVINSI PAPUA BARAT DAYA,MD,16,,1,1
MANAGER UNIT PELAKSANA PROYEK KETENAGALISTRIKAN PROVINSI PAPUA PEGUNUNGAN,MD,16,,1,1
MANAGER UNIT PELAKSANA PROYEK KETENAGALISTRIKAN PROVINSI PAPUA SELATAN,MD,16,,1,1
MANAGER UNIT PELAKSANA PROYEK KETENAGALISTRIKAN PROVINSI PAPUA TENGAH,MD,16,,1,1
MANAGER UNIT PELAKSANA PROYEK KETENAGALISTRIKAN PROVINSI RIAU,MD,16,,1,1
MANAGER UNIT PELAKSANA PROYEK KETENAGALISTRIKAN PROVINSI SULAWESI BARAT,MD,16,,1,1
MANAGER UNIT PELAKSANA PROYEK KETENAGALISTRIKAN PROVINSI SULAWESI SELATAN,MD,16,,1,1
MANAGER UNIT PELAKSANA PROYEK KETENAGALISTRIKAN PROVINSI SULAWESI TENGAH,MD,16,,1,1
MANAGER UNIT PELAKSANA PROYEK KETENAGALISTRIKAN PROVINSI SULAWESI TENGGARA,MD,16,,1,1
MANAGER UNIT PELAKSANA PROYEK KETENAGALISTRIKAN PROVINSI SULAWESI UTARA,MD,16,,1,1
MANAGER UNIT PELAKSANA PROYEK KETENAGALISTRIKAN PROVINSI SUMATERA SELATAN,MD,16,,1,1
MANAGER UNIT PELAKSANA PROYEK KETENAGALISTRIKAN PROVINSI SUMATERA UTARA,MD,16,,1,1
MANAGER UNIT PELAKSANA PROYEK KETENAGALISTRIKAN SUMBA,MD,16,,1,1
MANAGER UNIT PELAKSANA PROYEK MALUKU DAN PAPUA 1,MD,16,,1,1
MANAGER UNIT PELAKSANA PROYEK MALUKU DAN PAPUA 2,MD,16,,1,1
MANAGER UNIT PELAKSANA PROYEK MALUKU DAN PAPUA 3,MD,16,,1,1
MANAGER UNIT PELAKSANA PROYEK MALUKU DAN PAPUA 4,MD,16,,1,1
MANAGER UNIT PELAKSANA PROYEK NUSA TENGGARA 1,MD,16,,1,1
MANAGER UNIT PELAKSANA PROYEK NUSA TENGGARA 2,MD,16,,1,1
MANAGER UNIT PELAKSANA PROYEK NUSA TENGGARA 3,MD,16,,1,1
MANAGER UNIT PELAKSANA PROYEK SULAWESI SELATAN,MD,16,,1,1
MANAGER UNIT PELAKSANA PROYEK SULAWESI TENGAH,MD,16,,1,1
MANAGER UNIT PELAKSANA PROYEK SULAWESI TENGGARA,MD,16,,1,1
MANAGER UNIT PELAKSANA PROYEK SULAWESI UTARA,MD,16,,1,1
MANAGER UNIT PELAKSANA PROYEK SUMATERA BAGIAN SELATAN 1,MD,16,,1,1
MANAGER UNIT PELAKSANA PROYEK SUMATERA BAGIAN SELATAN 2,MD,16,,1,1
MANAGER UNIT PELAKSANA PROYEK SUMATERA BAGIAN SELATAN 3,MD,16,,1,1
MANAGER UNIT PELAKSANA PROYEK SUMATERA BAGIAN TENGAH 1,MD,16,,1,1
MANAGER UNIT PELAKSANA PROYEK SUMATERA BAGIAN TENGAH 2,MD,16,,1,1
MANAGER UNIT PELAKSANA PROYEK SUMATERA BAGIAN TENGAH 3,MD,17,,1,1
MANAGER UNIT PELAKSANA PROYEK SUMATERA BAGIAN UTARA 1,MD,16,,1,1
MANAGER UNIT PELAKSANA PROYEK SUMATERA BAGIAN UTARA 2,MD,16,,1,1
MANAGER UNIT PELAKSANA PROYEK SUMATERA BAGIAN UTARA 3,MD,16,,1,1
MANAGER UNIT PELAKSANA PROYEK SUMATERA BAGIAN UTARA 4,MD,16,,1,1
MANAGER UNIT PELAKSANA TRANSMISI BALI,MD,16,,1,1
MANAGER UNIT PELAKSANA TRANSMISI BALIKPAPAN,MD,17,,1,1
MANAGER UNIT PELAKSANA TRANSMISI BANDA ACEH,MD,16,,1,1
MANAGER UNIT PELAKSANA TRANSMISI BANDUNG,MD,17,,1,1
MANAGER UNIT PELAKSANA TRANSMISI BANJARBARU,MD,17,,1,1
MANAGER UNIT PELAKSANA TRANSMISI BATURAJA,MD,16,,1,1
MANAGER UNIT PELAKSANA TRANSMISI BEKASI,MD,16,,1,1
MANAGER UNIT PELAKSANA TRANSMISI BENGKULU,MD,16,,1,1
MANAGER UNIT PELAKSANA TRANSMISI BOGOR,MD,17,,1,1
MANAGER UNIT PELAKSANA TRANSMISI CAWANG,MD,17,,1,1
MANAGER UNIT PELAKSANA TRANSMISI CIKUPA,MD,16,,1,1
MANAGER UNIT PELAKSANA TRANSMISI CILEGON,MD,17,,1,1
MANAGER UNIT PELAKSANA TRANSMISI CIREBON,MD,17,,1,1
MANAGER UNIT PELAKSANA TRANSMISI DURI KOSAMBI,MD,17,,1,1
MANAGER UNIT PELAKSANA TRANSMISI GANDUL,MD,16,,1,1
MANAGER UNIT PELAKSANA TRANSMISI GRESIK,MD,16,,1,1
MANAGER UNIT PELAKSANA TRANSMISI JAMBI,MD,16,,1,1
MANAGER UNIT PELAKSANA TRANSMISI KARAWANG,MD,17,,1,1
MANAGER UNIT PELAKSANA TRANSMISI KENDARI,MD,16,,1,1
MANAGER UNIT PELAKSANA TRANSMISI KUPANG,MD,16,,1,1
MANAGER UNIT PELAKSANA TRANSMISI MADIUN,MD,17,,1,1
MANAGER UNIT PELAKSANA TRANSMISI MAKASSAR,MD,17,,1,1
MANAGER UNIT PELAKSANA TRANSMISI MALANG,MD,17,,1,1
MANAGER UNIT PELAKSANA TRANSMISI MANADO,MD,16,,1,1
MANAGER UNIT PELAKSANA TRANSMISI MATARAM,MD,16,,1,1
MANAGER UNIT PELAKSANA TRANSMISI MEDAN,MD,17,,1,1
MANAGER UNIT PELAKSANA TRANSMISI PADANG,MD,17,,1,1
MANAGER UNIT PELAKSANA TRANSMISI PADANG SIDEMPUAN,MD,16,,1,1
MANAGER UNIT PELAKSANA TRANSMISI PALANGKARAYA,MD,16,,1,1
MANAGER UNIT PELAKSANA TRANSMISI PALEMBANG,MD,17,,1,1
MANAGER UNIT PELAKSANA TRANSMISI PALU,MD,17,,1,1
MANAGER UNIT PELAKSANA TRANSMISI PEKANBARU,MD,17,,1,1
MANAGER UNIT PELAKSANA TRANSMISI PEMATANG SIANTAR,MD,17,,1,1
MANAGER UNIT PELAKSANA TRANSMISI PONTIANAK,MD,16,,1,1
MANAGER UNIT PELAKSANA TRANSMISI PROBOLINGGO,MD,17,,1,1
MANAGER UNIT PELAKSANA TRANSMISI PULOGADUNG,MD,17,,1,1
MANAGER UNIT PELAKSANA TRANSMISI PURWOKERTO,MD,17,,1,1
MANAGER UNIT PELAKSANA TRANSMISI SALATIGA,MD,17,,1,1
MANAGER UNIT PELAKSANA TRANSMISI SEMARANG,MD,17,,1,1
MANAGER UNIT PELAKSANA TRANSMISI SURABAYA,MD,17,,1,1
MANAGER UNIT PELAKSANA TRANSMISI TANJUNG KARANG,MD,17,,1,1
MANAGER VALUASI AKUISISI DAN INVESTASI ASET,MD,16,,1,1
MANAGER VALUASI MANAJEMEN PERUBAHAN,MD,16,,1,1
MANAGER VALUASI PERFORMA PRODUKTIVITAS ASET,MD,16,,1,1
MANAGER VALUASI TRANSFER DAN DIVESTASI ASET,MD,16,,1,1
MANAGER VERIFIKASI ENERGI PRIMER,MD,16,,1,1
MANAGER VERIFIKASI INVESTASI 1,MD,16,,1,1
MANAGER VERIFIKASI INVESTASI 2,MD,16,,1,1
MANAGER VERIFIKASI NON PURCHASE ORDER KANTOR PUSAT,MD,16,,1,1
MANAGER VERIFIKASI PEMBELIAN TENAGA LISTRIK,MD,16,,1,1
MANAGER VERIFIKASI PURCHASE ORDER KANTOR PUSAT,MD,16,,1,1
MANAGER VERIFIKASI PUSAT PENUNJANG 1,MD,16,,1,1
MANAGER VERIFIKASI PUSAT PENUNJANG 2,MD,16,,1,1
MANAGER VERIFIKASI UID & UIW-1,MD,16,,1,1
MANAGER VERIFIKASI UID & UIW-2,MD,16,,1,1
MANAGER VERIFIKASI UID & UIW-3,MD,16,,1,1
MANAGER VERIFIKASI UID & UIW-4,MD,16,,1,1
MANAGER VERIFIKASI UID & UIW-5,MD,16,,1,1
MANAGER VERIFIKASI UID & UIW-6,MD,16,,1,1
MANAGER VERIFIKASI UID & UIW-7,MD,16,,1,1
MANAGER VERIFIKASI UID 2,MD,16,,1,1
MANAGER VERIFIKASI UID 3,MD,16,,1,1
MANAGER VERIFIKASI UID 4,MD,16,,1,1
MANAGER VERIFIKASI UID 5,MD,16,,1,1
MANAGER VERIFIKASI UID 6,MD,16,,1,1
MANAGER VERIFIKASI UIP 1,MD,16,,1,1
MANAGER VERIFIKASI UIP 2,MD,16,,1,1
MANAGER VERIFIKASI UIP 3,MD,16,,1,1
MANAGER VERIFIKASI UIT 1,MD,16,,1,1
MANAGER VERIFIKASI UIT 2,MD,16,,1,1
MANAGER VERIFIKASI UIT 3,MD,16,,1,1
OFFICER ACADEMY BUSINESS DEVELOPMENT,G2,12,,2,1
OFFICER ACADEMY CORPORATE SECRETARY,G2,12,,1,1
OFFICER ACADEMY CUSTOMER EXPERIENCE DAN LAYANAN PELANGGAN,G2,12,,2,1
OFFICER ACADEMY DIGITAL DAN TEKNOLOGI INFORMASI,G2,12,,1,1
OFFICER ACADEMY ENERGI PRIMER,G2,12,,1,1
OFFICER ACADEMY HSSE,G2,12,,1,1
OFFICER ACADEMY KEUANGAN,G2,12,,1,1
OFFICER ACADEMY KONSTRUKSI DAN MANAJEMEN PROYEK,G2,12,,1,1
OFFICER ACADEMY LEADERSHIP,G2,12,,1,1
OFFICER ACADEMY LEGAL DAN REGULASI,G2,12,,1,1
OFFICER ACADEMY MANAJEMEN PEMBANGKITAN,G2,12,,1,1
OFFICER ACADEMY OPERASI SISTEM DAN FASILITAS OPERASI,G2,12,,1,1
"OFFICER ACADEMY PENELITIAN DAN PENGEMBANGAN, PEMELIHARAANKETENAGALISTRIKAN, DAN SERTIFIKASI",G2,12,,1,1
OFFICER ACADEMY SUPPLY CHAIN MANAGEMENT,G2,12,,1,1
OFFICER ACADEMY TRANSMISI,G2,12,,1,1
OFFICER ACCOUNT EXECUTIVE,G2,11,,49,18
OFFICER ADMINISTRASI,G2,11,,2,1
OFFICER ADMINISTRASI AKUNTANSI PINJAMAN KANTOR PUSAT,G2,12,,2,1
"OFFICER ADMINISTRASI AUDIT NIAGA, TEKNOLOGI INFORMASI, DAN ENABLER",G2,11,,1,1
OFFICER ADMINISTRASI DAN KONTROL INTERNAL,G2,12,,2,1
OFFICER ADMINISTRASI DAN MONITORING ADDITIONAL DEMAND,G2,12,,2,1
OFFICER ADMINISTRASI DAN PELAYANAN PELANGGAN,G2,11,,9,2
OFFICER ADMINISTRASI DAN PENGEMBANGAN SDM,G2,12,,3,1
OFFICER ADMINISTRASI DAN UMUM,G2,11,,196,37
OFFICER ADMINISTRASI EKSEKUTIF DIREKSI,G2,12,,10,1
OFFICER ADMINISTRASI KOMUNIKASI KORPORAT DAN TJSL,G2,11,,2,1
OFFICER ADMINISTRASI KONSTRUKSI,G2,12,,3,1
OFFICER ADMINISTRASI KONTRAK,G2,12,,20,9
OFFICER ADMINISTRASI LOAN DAN PDP,G2,11,,2,1
OFFICER ADMINISTRASI MANAJEMEN PORTOFOLIO,G2,11,,1,1
OFFICER ADMINISTRASI MANAJEMEN RISIKO OPERASI,G2,11,,1,1
OFFICER ADMINISTRASI NIAGA,G2,11,,2,1
OFFICER ADMINISTRASI OPERASI DISTRIBUSI SUMATERA DAN KALIMANTAN,G2,11,,1,1
OFFICER ADMINISTRASI OPERASI PEMBANGKITAN DAN INDEPENDENT POWER PRODUCER,G2,11,,1,1
OFFICER ADMINISTRASI PELANGGAN,G2,12,,14,13
OFFICER ADMINISTRASI PELAYANAN PELANGGAN,G2,12,,2,1
OFFICER ADMINISTRASI PENDAPATAN INSTANSI VERTIKAL,G2,12,,3,1
OFFICER ADMINISTRASI PENGADAAN PEMBANGKIT DAN IPP,G2,12,,3,1
"OFFICER ADMINISTRASI PENGADAAN TRANSMISI, GARDU INDUK, DAN MATERIAL TERPUSAT",G2,12,,2,1
"OFFICER ADMINISTRASI PENGADAAN TRANSMISI, GARDU INDUK, DAN MATERIALTERPUSAT",G2,11,,1,1
OFFICER ADMINISTRASI PENGEMBANGAN LISTRIK DESA,G2,11,,1,1
OFFICER ADMINISTRASI PENGEMBANGAN PRODUK NIAGA,G2,11,,2,1
OFFICER ADMINISTRASI RISIKO KHUSUS DAN EKSEKUTIF DIREKSI,G2,12,,1,1
OFFICER ADMINISTRASI SEKRETARIAT PERUSAHAAN,G2,12,,1,1
OFFICER ADMINISTRASI TEKNIK,G2,12,,33,11
OFFICER ADMINISTRASI UMUM DAN KOMUNIKASI,G2,11,,1,1
OFFICER ADMINISTRASI dan UMUM,G2,11,,1,1
OFFICER AKUISISI PELANGGAN DAN GREEN ENERGY,G2,12,,2,1
OFFICER AKUNTANSI,G2,12,,42,19
OFFICER AKUNTANSI AT DAN PDP,G2,12,,41,24
OFFICER AKUNTANSI DAN SISTEM INFORMASI ASET,G2,12,,2,1
OFFICER AKUNTANSI MANAJEMEN,G2,12,,4,1
OFFICER AKUNTANSI TRANSAKSI KANTOR PUSAT,G2,12,,5,1
OFFICER AKUNTANSI UMUM DAN BIAYA,G2,12,,36,23
"OFFICER AKUNTANSI, PAJAK DAN ASURANSI",G2,11,,3,1
OFFICER ANALISA DAN EVALUASI IPP,G2,12,,1,1
OFFICER ANALISA DAN EVALUASI JABATAN,G2,12,,1,1
OFFICER ANALISA DAN EVALUASI SISTEM,G2,12,,3,2
OFFICER ANALISIS DAN EVALUASI SISTEM PEMBANGKITAN,G2,12,,3,1
OFFICER ANALISIS DAN EVALUASI SISTEM PENYALURAN,G2,12,,3,1
OFFICER ANALISIS DAN HARMONISASI MATERI,G2,12,,3,1
OFFICER ANGGARAN,G2,12,,28,11
OFFICER ANGGARAN DAN ADMINISTRASI KOMUNIKASI DAN TJSL,G2,11,,3,1
OFFICER ANGGARAN INVESTASI NIAGA,G2,12,,1,1
OFFICER ANGGARAN INVESTASI SARANA,G2,11,,2,1
OFFICER ANGGARAN OPERASI NIAGA,G2,12,,1,1
OFFICER ANGGARAN SARANA KANTOR PUSAT,G2,11,,1,1
OFFICER ANGGARAN SARANA KORPORAT,G2,12,,2,1
"OFFICER ANGGARAN, ASURANSI DAN NIAGA",G2,12,,2,1
OFFICER APLIKASI DISTRIBUSI,G2,12,,4,1
OFFICER APLIKASI MOBILE SUPPORT,G2,12,,4,1
OFFICER APLIKASI PELAYANAN PELANGGAN MOBILE,G2,12,,5,1
OFFICER APLIKASI PEMBANGKITAN,G2,12,,2,1
OFFICER APLIKASI PROYEK,G2,12,,1,1
OFFICER APLIKASI TRANSMISI,G2,12,,3,1
OFFICER ARSITEKTUR DAN TATA KELOLA KEBIJAKAN,G2,12,,1,1
OFFICER ASESMEN DAN DIAGNOSA,G2,11,,6,3
OFFICER ASESMEN DAN DIAGNOSA DAN PENGELOLAAN DATA,G2,11,,1,1
OFFICER ASESMEN GI DAN GIS,G2,12,,6,3
OFFICER ASESMEN JARINGAN DAN KABEL,G2,12,,6,3
OFFICER ASESMEN PERFORMA PRODUKTIVITAS ASET,G2,12,,2,1
OFFICER ASESMEN PROTEKSI DAN CATU DAYA,G2,12,,4,3
"OFFICER ASESMEN, DIAGNOSA DAN PENGELOLAAN DATA",G2,11,,14,3
"OFFICER ASESMEN, DIAGNOSA DAN PENGOLAHAN DATA",G2,11,,8,1
OFFICER ASET PROPERTI,G2,12,,41,25
OFFICER ASET PROPERTI DAN UMUM,G2,12,,9,3
"OFFICER ASET PROPERTI, KOMUNIKASI DAN UMUM",G2,12,,19,5
"OFFICER ASET, PERTANAHAN DAN ROW",G2,12,,32,11
OFFICER ASURANSI,G2,12,,2,1
OFFICER AUDIT DATA ANALITIK DAN CONTINUOUS AUDIT 1,G2,12,,5,1
OFFICER AUDIT DATA ANALITIK DAN CONTINUOUS AUDIT 2,G2,12,,3,1
OFFICER AUDIT INVESTIGASI 1A,G2,12,,5,1
OFFICER AUDIT INVESTIGASI 1B,G2,12,,6,1
OFFICER AUDIT INVESTIGASI 2A,G2,12,,6,1
OFFICER AUDIT INVESTIGASI 2B,G2,12,,5,1
OFFICER AUDIT KEUANGAN KORPORASI 1,G2,12,,4,1
OFFICER AUDIT KEUANGAN KORPORASI 2,G2,12,,5,1
OFFICER AUDIT KEUANGAN KORPORASI 3,G2,12,,5,1
OFFICER AUDIT KEUANGAN KORPORASI 4,G2,12,,4,1
OFFICER AUDIT KEUANGAN KORPORASI 5,G2,12,,4,1
"OFFICER AUDIT KONSTRUKSI, PEMBANGKITAN, DAN EBT 1A",G2,12,,5,1
"OFFICER AUDIT KONSTRUKSI, PEMBANGKITAN, DAN EBT 1B",G2,12,,5,1
"OFFICER AUDIT KONSTRUKSI, PEMBANGKITAN, DAN EBT 1C",G2,12,,5,1
"OFFICER AUDIT KONSTRUKSI, PEMBANGKITAN, DAN EBT 1D",G2,12,,5,1
"OFFICER AUDIT KONSTRUKSI, PEMBANGKITAN, DAN EBT 2A",G2,12,,6,1
"OFFICER AUDIT KONSTRUKSI, PEMBANGKITAN, DAN EBT 2B",G2,12,,6,1
"OFFICER AUDIT KONSTRUKSI, PEMBANGKITAN, DAN EBT 2C",G2,12,,5,1
"OFFICER AUDIT KONSTRUKSI, PEMBANGKITAN, DAN EBT 3A",G2,12,,3,1
"OFFICER AUDIT KONSTRUKSI, PEMBANGKITAN, DAN EBT 3B",G2,12,,6,1
"OFFICER AUDIT KONSTRUKSI, PEMBANGKITAN, DAN EBT 3C",G2,12,,5,1
"OFFICER AUDIT NIAGA, LEGAL, HUMAN CAPITAL, DAN ENABLER 1",G2,12,,5,1
"OFFICER AUDIT NIAGA, LEGAL, HUMAN CAPITAL, DAN ENABLER 2",G2,12,,5,1
"OFFICER AUDIT NIAGA, LEGAL, HUMAN CAPITAL, DAN ENABLER 3",G2,12,,5,1
"OFFICER AUDIT NIAGA, LEGAL, HUMAN CAPITAL, DAN ENABLER 4",G2,12,,5,1
OFFICER AUDIT TEKNOLOGI INFORMASI 1,G2,12,,4,1
OFFICER AUDIT TEKNOLOGI INFORMASI 2,G2,12,,3,1
OFFICER AUDIT TEKNOLOGI INFORMASI 3,G2,12,,4,1
OFFICER AUDIT TRANSMISI DAN DISTRIBUSI 1A,G2,12,,8,1
OFFICER AUDIT TRANSMISI DAN DISTRIBUSI 1B,G2,12,,8,1
OFFICER AUDIT TRANSMISI DAN DISTRIBUSI 1C,G2,12,,6,1
OFFICER AUDIT TRANSMISI DAN DISTRIBUSI 1D,G2,12,,6,1
OFFICER AUDIT TRANSMISI DAN DISTRIBUSI 2A,G2,12,,9,1
OFFICER AUDIT TRANSMISI DAN DISTRIBUSI 2B,G2,12,,5,1
OFFICER AUDIT TRANSMISI DAN DISTRIBUSI 2C,G2,12,,6,1
OFFICER AUDIT TRANSMISI DAN DISTRIBUSI 2D,G2,12,,4,1
OFFICER AUDIT TRANSMISI DAN DISTRIBUSI 3A,G2,12,,6,1
OFFICER AUDIT TRANSMISI DAN DISTRIBUSI 3B,G2,12,,4,1
OFFICER AUDIT TRANSMISI DAN DISTRIBUSI 3C,G2,12,,6,1
OFFICER AUDIT TRANSMISI DAN DISTRIBUSI 3D,G2,12,,7,1
"OFFICER BANTUAN HUKUM DAN REGULASI JAWA, MADURA, DAN BALI",G2,12,,2,1
"OFFICER BANTUAN HUKUM DAN REGULASI SULAWESI, MALUKU, PAPUA DAN NUSA TENGGARA",G2,12,,2,1
OFFICER BANTUAN HUKUM DAN REGULASI SUMATERA KALIMANTAN,G2,12,,3,1
OFFICER BANTUAN HUKUM KANTOR PUSAT,G2,12,,4,1
OFFICER BANTUAN HUKUM SUB HOLDING,G2,12,,1,1
OFFICER BRAND,G2,12,,4,1
OFFICER BUDAYA PERUSAHAAN,G2,12,,2,1
OFFICER COMMUNITY INVOLVEMENT AND DEVELOPMENT,G2,12,,3,1
OFFICER CONTINUOUS IMPROVEMENT PAYMENT CENTRALIZATION,G2,12,,2,1
OFFICER DATA ANALITIK,G2,12,,3,1
OFFICER DEALER LIKUIDITAS MATA UANG LOKAL,G2,12,,1,1
OFFICER DEI DAN ENGAGEMENT,G2,12,,2,1
OFFICER DESAIN KONSTRUKSI,G2,12,,1,1
OFFICER DESAIN PELAYANAN HUMAN CAPITAL,G2,12,,2,1
OFFICER DIGITAL FORENSIK,G2,12,,5,1
OFFICER DIGITAL MARKETING,G2,11,,2,1
OFFICER DIGITAL SERVICE DAN CUSTOMER EXPERIENCE,G2,12,,19,14
OFFICER DIGITALISASI DISTRIBUSI DAN RETAIL,G2,11,,1,1
OFFICER DIGITALISASI ENABLER DAN BUDAYA,G2,11,,3,1
OFFICER DIGITALISASI PEMBANGKITAN DAN TRANSMISI,G2,12,,4,1
OFFICER DIGITALISASI PROSES BISNIS INTERNAL DAN BEYOND KWH,G2,12,,2,1
OFFICER EFEKTIVITAS ORGANISASI ANAK PERUSAHAAN DAN AFILIASI,G2,12,,1,1
OFFICER EFEKTIVITAS ORGANISASI KANTOR PUSAT,G2,12,,2,1
OFFICER EFEKTIVITAS ORGANISASI UNIT,G2,12,,1,1
"OFFICER EFISIENSI, PENGUKURAN DAN MUTU SISTEM DISTRIBUSI",G2,12,,1,1
OFFICER EKSPLORASI DAN PERIZINAN PLTP,G2,12,,4,1
OFFICER ENJINIRING,G2,11,,60,10
OFFICER ENJINIRING DAN KINERJA,G2,11,,1,1
OFFICER ENJINIRING DAN MANAJEMEN ASET PEMBANGKITAN,G2,12,,1,1
OFFICER ENJINIRING DAN PERENCANAAN PENGADAAN GARDU INDUK,G2,11,,1,1
OFFICER ENJINIRING DAN PERENCANAAN PENGADAAN PEMBANGKIT NON EBT 1,G2,12,,2,1
OFFICER ENJINIRING DAN PERENCANAAN PENGADAAN TRANSMISI,G2,12,,2,1
OFFICER ENJINIRING PEMBANGKITAN,G2,12,,5,3
"OFFICER ENJINIRING PROTEKSI, METER DAN OTOMASI",G2,11,,2,1
OFFICER ENJINIRING SIPIL,G2,12,,6,3
OFFICER ERP BUDGET PLANNING AND CONTROLLING,G2,12,,2,1
OFFICER ERP FINANCE AND ACCOUNTING,G2,12,,6,1
OFFICER ERP HELP CENTER AND RETIREMENT,G2,12,,4,1
OFFICER ERP HUMAN CAPITAL AND QUALITY CONTROL,G2,11,,6,1
OFFICER ERP LOGISTICS,G2,12,,4,1
OFFICER ERP SUPPLY CHAIN MANAGEMENT,G2,12,,3,1
OFFICER EVALUASI CUSTOMER JOURNEY,G2,12,,2,1
OFFICER EVALUASI DAN PENGENDALIAN MUTU DAN KINERJA,G2,11,,6,1
OFFICER EVALUASI PORTOFOLIO,G2,12,,2,1
OFFICER EVALUASI SISTEM,G2,11,,1,1
OFFICER EVALUASI SUBSIDI,G2,12,,1,1
OFFICER EVALUASI TARIF,G2,12,,2,1
OFFICER FASILITAS OPERASI DAN PROTEKSI SISTEM,G2,11,,3,1
OFFICER FASILITAS PEMELIHARAAN,G2,11,,1,1
OFFICER FASILITAS TEKNOLOGI INFORMASI KANTOR PUSAT,G2,12,,1,1
OFFICER HARMONISASI DAN MONITORING KEBIJAKAN 1,G2,12,,3,1
OFFICER HARMONISASI DAN MONITORING KEBIJAKAN 2,G2,12,,2,1
OFFICER HEALTH CARE SERVICES,G2,12,,2,1
OFFICER HUBUNGAN INDUSTRIAL DAN ALIH DAYA UID ACEH,G2,12,,2,1
OFFICER HUBUNGAN INDUSTRIAL DAN ALIH DAYA UID BALI,G2,12,,1,1
OFFICER HUBUNGAN INDUSTRIAL DAN ALIH DAYA UID BANTEN,G2,12,,2,1
OFFICER HUBUNGAN INDUSTRIAL DAN ALIH DAYA UID JAKARTA RAYA,G2,12,,3,1
OFFICER HUBUNGAN INDUSTRIAL DAN ALIH DAYA UID JAWA BARAT,G2,11,,2,1
OFFICER HUBUNGAN INDUSTRIAL DAN ALIH DAYA UID JAWA TENGAH DAN D.I. YOGYAKARTA,G2,12,,2,1
OFFICER HUBUNGAN INDUSTRIAL DAN ALIH DAYA UID JAWA TIMUR,G2,11,,2,1
OFFICER HUBUNGAN INDUSTRIAL DAN ALIH DAYA UID KALBAR,G2,12,,1,1
OFFICER HUBUNGAN INDUSTRIAL DAN ALIH DAYA UID KALSELTENG,G2,12,,1,1
OFFICER HUBUNGAN INDUSTRIAL DAN ALIH DAYA UID KALTIMRA,G2,12,,1,1
OFFICER HUBUNGAN INDUSTRIAL DAN ALIH DAYA UID LAMPUNG,G2,11,,1,1
OFFICER HUBUNGAN INDUSTRIAL DAN ALIH DAYA UID RIAU DAN KEPRI,G2,12,,2,1
OFFICER HUBUNGAN INDUSTRIAL DAN ALIH DAYA UID S2JB,G2,12,,2,1
OFFICER HUBUNGAN INDUSTRIAL DAN ALIH DAYA UID SULSELRABAR,G2,11,,1,1
OFFICER HUBUNGAN INDUSTRIAL DAN ALIH DAYA UID SULUTTENGGO,G2,12,,2,1
OFFICER HUBUNGAN INDUSTRIAL DAN ALIH DAYA UID SUMATERA BARAT,G2,11,,2,1
OFFICER HUBUNGAN INDUSTRIAL DAN ALIH DAYA UID SUMATERA UTARA,G2,12,,3,1
OFFICER HUBUNGAN INDUSTRIAL DAN ALIH DAYA UIP3B KALIMANTAN,G2,12,,1,1
OFFICER HUBUNGAN INDUSTRIAL DAN ALIH DAYA UIP3B SULAWESI,G2,12,,1,1
OFFICER HUBUNGAN INDUSTRIAL DAN ALIH DAYA UIP3B SUMATERA,G2,12,,2,1
OFFICER HUBUNGAN INDUSTRIAL DAN ALIH DAYA UIT JBB,G2,12,,2,1
OFFICER HUBUNGAN INDUSTRIAL DAN ALIH DAYA UIT JBT,G2,12,,2,1
OFFICER HUBUNGAN INDUSTRIAL DAN ALIH DAYA UIT JBTB,G2,12,,2,1
OFFICER HUBUNGAN INDUSTRIAL DAN ALIH DAYA UIW MALUKU DAN MALUKU UTARA,G2,12,,1,1
OFFICER HUBUNGAN INDUSTRIAL DAN ALIH DAYA UIW NTB,G2,11,,1,1
OFFICER HUBUNGAN INDUSTRIAL DAN ALIH DAYA UIW NTT,G2,12,,1,1
OFFICER HUBUNGAN INDUSTRIAL DAN ALIH DAYA UIW PAPUA DAN PAPUA BARAT,G2,12,,1,1
OFFICER HUBUNGAN INVESTOR DAN GCG,G2,12,,1,1
OFFICER HUBUNGAN LEGISLATIF,G2,12,,2,1
OFFICER HUBUNGAN MEDIA,G2,12,,4,1
OFFICER HUBUNGAN NON PEMERINTAHAN,G2,12,,1,1
OFFICER HUBUNGAN PEMERINTAHAN,G2,12,,2,1
OFFICER HUKUM,G2,12,,49,1
OFFICER HUMAN CAPITAL HELP CENTER,G2,12,,1,1
OFFICER IMBANGAN AUDIT EKSTERNAL 1,G2,12,,3,1
OFFICER IMBANGAN AUDIT EKSTERNAL 2,G2,12,,4,1
OFFICER IMBANGAN AUDIT EKSTERNAL 3,G2,12,,4,1
OFFICER IMBANGAN AUDIT EKSTERNAL 4,G2,12,,3,1
OFFICER IMBANGAN AUDIT EKSTERNAL 5,G2,12,,4,1
OFFICER INFRASTRUKTUR MANAJEMEN KEPATUHAN DAN DATA PROTECTION,G2,12,,2,1
OFFICER INKUBASI PENGEMBANGAN PRODUK NIAGA,G2,12,,3,1
OFFICER INSTITUSI KEUANGAN,G2,12,,2,1
OFFICER INTEGRASI INFRASTRUKTUR APLIKASI,G2,12,,3,1
OFFICER IPP DAN EXCESS POWER,G2,12,,12,10
OFFICER IT BUSINESS PARTNER NIAGA DAN PROYEK,G2,12,,2,1
OFFICER IT BUSINESS PARTNER PEMBANGKITAN DAN TRANSMISI,G2,12,,2,1
OFFICER IT BUSINESS PARTNER SUPPORT,G2,11,,2,1
OFFICER JAMINAN KUALITAS AUDIT,G2,12,,6,1
OFFICER JAMINAN KUALITAS MANAJEMEN RISIKO,G2,12,,3,1
OFFICER KAJIAN DAN INVESTIGASI TEKNIK DAN TEKNOLOGI SISTEM TRANSMISI DAN DISTRIBUSI,G2,12,,2,1
OFFICER KAJIAN DAN INVESTIGASI TEKNIK TEKNOLOGI SISTEM PEMBANGKITAN DAN ENERGI,G2,12,,2,1
OFFICER KEAMANAN,G2,11,,1,1
"OFFICER KEAMANAN JAWA, MADURA DAN BALI",G2,11,,1,1
"OFFICER KEAMANAN SULAWESI, MALUKU, PAPUA DAN NUSA TENGGARA",G2,12,,2,1
OFFICER KEAMANAN SUMATERA DAN KALIMANTAN,G2,12,,1,1
OFFICER KEBIJAKAN DAN SISTEM INFORMASI ASET PROPERTI,G2,12,,1,1
OFFICER KEBIJAKAN NIAGA,G2,12,,3,1
OFFICER KEBIJAKAN OPERASIONAL HUMAN CAPITAL,G2,12,,2,1
OFFICER KEBIJAKAN OPERASIONAL TEKNOLOGI INFORMASI,G2,12,,4,1
OFFICER KEBIJAKAN STRATEGIS HUMAN CAPITAL,G2,12,,1,1
OFFICER KELAYAKAN INVESTASI DAN RISIKO,G2,11,,6,5
OFFICER KELAYAKAN KOMERSIALISASI PRODUK NIAGA,G2,12,,3,1
OFFICER KESELAMATAN DAN KESEHATAN KERJA,G2,12,,2,1
OFFICER KESELAMATAN DAN KESEHATAN KERJA DAN KEAMANAN,G2,12,,3,2
"OFFICER KESELAMATAN, KESEHATAN KERJA DAN KEAMANAN",G2,12,,58,31
"OFFICER KESELAMATAN, KESEHATAN KERJA, DAN KEAMANAN",G2,12,,28,19
"OFFICER KESELAMATAN, KESEHATAN KERJA, LINGKUNGAN DAN KEAMANAN",G2,11,,72,34
"OFFICER KESELAMATAN, KESEHATAN KERJA, LINGKUNGAN dan KEAMANAN",G2,11,,2,2
"OFFICER KESELAMATAN, KESEHATAN KERJA, LINGKUNGAN, DAN KEAMANAN",G2,11,,24,14
OFFICER KETAHANAN KEAMANAN,G2,12,,2,1
OFFICER KEUANGAN,G2,12,,25,11
OFFICER KEUANGAN DAN ADMINISTRASI UMUM,G2,11,,2,2
OFFICER KEUANGAN DAN AKUNTANSI,G2,11,,102,27
OFFICER KEUANGAN DAN ANGGARAN,G2,12,,94,32
OFFICER KEUANGAN DAN PENGENDALIAN PAJAK,G2,12,,3,1
"OFFICER KEUANGAN, PERIZINAN, PERTANAHAN DAN UMUM",G2,12,,59,11
OFFICER KINERJA,G2,12,,340,24
OFFICER KINERJA DAN ADMINISTRASI LAYANAN PELANGGAN,G2,12,,758,21
OFFICER KINERJA DAN PERENCANAAN,G2,12,,45,4
OFFICER KINERJA DIREKTORAT KORPORAT DAN UNIT BINAAN 1,G2,12,,4,1
OFFICER KINERJA DIREKTORAT KORPORAT DAN UNIT BINAAN 2,G2,12,,3,1
OFFICER KINERJA FASILITAS OPERASI,G2,12,,100,17
OFFICER KINERJA JARINGAN,G2,12,,3,1
OFFICER KINERJA JARINGAN DAN KONSTRUKSI,G2,12,,29,4
OFFICER KINERJA JARINGAN DAN KONSTRUKSI DISTRIBUSI,G2,12,,156,15
OFFICER KINERJA JARINGAN DISTRIBUSI,G2,12,,145,8
OFFICER KINERJA KEUANGAN DAN AKUNTANSI,G2,11,,1,1
OFFICER KINERJA KEUANGAN DAN UMUM,G2,12,,451,28
OFFICER KINERJA KONSTRUKSI,G2,12,,38,3
OFFICER KINERJA KONSTRUKSI DAN PENYALURAN,G2,12,,37,4
OFFICER KINERJA KONSTRUKSI DISTRIBUSI,G2,12,,43,2
OFFICER KINERJA NIAGA,G2,12,,13,2
OFFICER KINERJA NIAGA DAN LAPORAN MANAJEMEN,G2,12,,1,1
OFFICER KINERJA NIAGA DAN PEMASARAN,G2,12,,50,15
OFFICER KINERJA OPERASI DAN PEMELIHARAAN PEMBANGKIT,G2,12,,12,4
OFFICER KINERJA OPERASI DAN PEMELIHARAAN PEMBANGKITAN,G2,11,,3,1
OFFICER KINERJA OPERASI SISTEM,G2,12,,25,3
OFFICER KINERJA OPERASI SISTEM DISTRIBUSI,G2,12,,32,13
OFFICER KINERJA PDKB,G2,11,,1,1
OFFICER KINERJA PELAKSANAAN PEMBELAJARAN,G2,12,,9,1
OFFICER KINERJA PELAYANAN DAN KEUANGAN,G2,12,,1,1
OFFICER KINERJA PEMASARAN,G2,12,,6,2
OFFICER KINERJA PEMELIHARAAN,G2,12,,17,6
OFFICER KINERJA PERUBAHAN,G2,12,,2,1
OFFICER KINERJA RANTAI PASOK,G2,12,,2,1
"OFFICER KINERJA SUBHOLDING, ANAK PERUSAHAAN, DAN AFILIASI 1",G2,12,,3,1
"OFFICER KINERJA SUBHOLDING, ANAK PERUSAHAAN, DAN AFILIASI 2",G2,12,,2,1
OFFICER KINERJA TRANSAKSI ENERGI LISTRIK,G2,12,,234,22
OFFICER KINERJA VENDOR DAN MANAJEMEN RISIKO,G2,12,,2,1
OFFICER KOMUNIKASI,G2,12,,21,6
OFFICER KOMUNIKASI CEO OFFICE,G2,12,,3,1
OFFICER KOMUNIKASI DAN KOLABORASI PENGEMBANGAN BISNIS,G2,12,,2,1
OFFICER KOMUNIKASI DAN MANAJEMEN STAKEHOLDER,G2,12,,42,21
OFFICER KOMUNIKASI DAN TJSL,G2,12,,20,12
OFFICER KOMUNIKASI INTERNAL,G2,12,,2,1
OFFICER KOMUNIKASI PERUBAHAN,G2,12,,2,1
"OFFICER KOMUNIKASI, MANAJEMEN STAKEHOLDER DAN TJSL",G2,11,,1,1
"OFFICER KOMUNIKASI, MANAJEMEN STAKEHOLDER, DAN TJSL",G2,12,,1,1
OFFICER KONSOLIDASI DATA,G2,11,,2,1
OFFICER KONSTRUKSI DISTRIBUSI,G2,12,,2,1
OFFICER KONSTRUKSI JARINGAN,G2,12,,2,1
OFFICER KONSULTANSI AUDIT 1A,G2,12,,5,1
OFFICER KONSULTANSI AUDIT 1B,G2,12,,4,1
OFFICER KONSULTANSI AUDIT 2A,G2,12,,4,1
OFFICER KONSULTANSI AUDIT 2B,G2,12,,3,1
OFFICER KONSULTANSI AUDIT 3A,G2,12,,6,1
OFFICER KONSULTANSI AUDIT 3B,G2,12,,6,1
OFFICER KONSUMSI ENERGI,G2,12,,2,1
OFFICER KONTROL KUALITAS DAN REGULASI PENGADAAN PEMBANGKIT DAN IPP,G2,12,,2,1
"OFFICER KONTROL KUALITAS DAN REGULASI PENGADAAN TRANSMISI, GARDU INDUK, DAN MATERIAL TERPUSAT",G2,11,,1,1
"OFFICER KONTROL KUALITAS DAN REGULASI PENGADAAN TRANSMISI, GARDU INDUK,DAN MATERIAL TERPUSAT",G2,12,,1,1
OFFICER KORPORASI,G2,12,,2,1
OFFICER KPKU,G2,12,,1,1
OFFICER LABORATORIUM,G2,11,,5,2
OFFICER LABORATORIUM (UPT BANDUNG),G2,12,,3,1
OFFICER LABORATORIUM (UPT CIREBON),G2,11,,2,1
OFFICER LABORATORIUM (UPT SEMARANG),G2,11,,2,1
OFFICER LAPORAN MANAJEMEN DAN STATISTIK,G2,12,,2,1
OFFICER LAYANAN FUNGSI RISIKO ESG,G2,12,,1,1
OFFICER LAYANAN FUNGSI RISIKO EVALUASI DAMPAK SISTEMIK KETERLAMBATANPROYEK,G2,12,,1,1
OFFICER LAYANAN FUNGSI RISIKO KOMERSIAL KONTRAK,G2,12,,2,1
OFFICER LAYANAN FUNGSI RISIKO MAKROEKONOMI DAN ENERGY OUTLOOK,G2,12,,1,1
OFFICER LAYANAN FUNGSI RISIKO TEKNOLOGI INFORMASI DAN KEAMANAN SIBER,G2,12,,1,1
OFFICER LAYANAN FUNGSI RISIKO TRANSISI ENERGI,G2,12,,1,1
OFFICER LAYANAN KHUSUS DAN PENGUSAHAAN,G2,12,,2,1
OFFICER LEGAL,G2,12,,2,1
OFFICER LEGAL ASET PROPERTI,G2,12,,3,1
OFFICER LEGAL BUSINESS PARTNER DISTRIBUSI,G2,11,,4,1
OFFICER LEGAL BUSINESS PARTNER IPP DAN PEMBANGKITAN,G2,11,,3,1
OFFICER LEGAL BUSINESS PARTNER KEUANGAN DAN PENDANAAN,G2,12,,3,1
OFFICER LEGAL BUSINESS PARTNER KONSTRUKSI DAN PMO,G2,12,,3,1
OFFICER LEGAL BUSINESS PARTNER MANAJEMEN HUMAN CAPITAL,G2,12,,2,1
OFFICER LEGAL BUSINESS PARTNER PENGADAAN ENERGI BARU TERBARUKAN,G2,12,,5,1
OFFICER LEGAL BUSINESS PARTNER PENGADAAN KONSTRUKSI DAN RANTAI PASOK,G2,12,,3,1
OFFICER LEGAL BUSINESS PARTNER RETAIL DAN NIAGA,G2,12,,2,1
OFFICER LEGAL BUSINESS PARTNER TRANSISI ENERGI,G2,12,,2,1
OFFICER LEGAL BUSINESS PARTNER TRANSMISI,G2,12,,1,1
OFFICER LEGAL SHARE SERVICE,G2,12,,2,1
OFFICER LINGKUNGAN,G2,12,,77,37
OFFICER LOGISTIK,G2,11,,56,26
OFFICER LOGISTIK DAN INVENTORY,G2,12,,3,1
OFFICER LOGISTIK DAN KEPABEANAN,G2,12,,26,11
OFFICER LOGISTIK LAYANAN PELANGGAN,G2,12,,219,13
OFFICER LOGISTIK MTU DAN TKDN,G2,12,,1,1
OFFICER LOGISTIK PUSAT LISTRIK,G2,11,,1,1
OFFICER LOGISTIK TRANSMISI DAN GARDU INDUK,G2,12,,3,3
OFFICER MANAJEMEN ASET,G2,12,,8,4
OFFICER MANAJEMEN ASET DISTRIBUSI,G2,12,,1,1
OFFICER MANAJEMEN BILLING,G2,12,,27,19
OFFICER MANAJEMEN DAN ENJINIRING DATA PERUSAHAAN,G2,12,,7,1
OFFICER MANAJEMEN DEMAND,G2,12,,1,1
OFFICER MANAJEMEN HUBUNGAN INDUSTRIAL,G2,12,,2,1
OFFICER MANAJEMEN INTEGRITAS,G2,12,,3,1
OFFICER MANAJEMEN KEPATUHAN REGULASI,G2,12,,1,1
OFFICER MANAJEMEN KINERJA HUMAN CAPITAL,G2,12,,2,1
OFFICER MANAJEMEN LOGISTIK,G2,12,,2,1
OFFICER MANAJEMEN RISIKO DAN KEPATUHAN PERBENDAHARAAN,G2,12,,3,1
OFFICER MANAJEMEN RISIKO KECURANGAN OPERASI DAN PROYEK,G2,12,,2,1
OFFICER MANAJEMEN RISIKO KECURANGAN STRATEGI DAN KEUANGAN,G2,12,,1,1
OFFICER MANAJEMEN RISIKO KECURANGAN STRATEGIS DAN KEUANGAN,G2,12,,1,1
"OFFICER MANAJEMEN RISIKO, KEPATUHAN DAN SISTEM MANAJEMEN TERINTEGRASI",G2,12,,22,12
"OFFICER MANAJEMEN RISIKO, KEPATUHAN, DAN SISTEM MANAJEMEN TERINTEGRASI",G2,12,,40,26
OFFICER MANAJEMEN STAKEHOLDER,G2,12,,4,4
OFFICER MANAJEMEN SUPPLY,G2,12,,2,1
"OFFICER MANAJEMEN TALENTA, HI DAN ALIH DAYA UIP KALBAGBAR",G2,11,,1,1
"OFFICER MANAJEMEN TALENTA, HUBUNGAN INDUSTRIAL DAN ALIH DAYA PUSDIKLAT",G2,12,,3,1
"OFFICER MANAJEMEN TALENTA, HUBUNGAN INDUSTRIAL DAN ALIH DAYA PUSERTIF",G2,12,,3,1
"OFFICER MANAJEMEN TALENTA, HUBUNGAN INDUSTRIAL DAN ALIH DAYA PUSHARLIS",G2,12,,3,1
"OFFICER MANAJEMEN TALENTA, HUBUNGAN INDUSTRIAL DAN ALIH DAYA PUSLITBANG",G2,12,,2,1
"OFFICER MANAJEMEN TALENTA, HUBUNGAN INDUSTRIAL DAN ALIH DAYA PUSMANPRO",G2,12,,3,1
"OFFICER MANAJEMEN TALENTA, HUBUNGAN INDUSTRIAL DAN ALIH DAYA UIK TANJUNG JATI B",G2,12,,2,1
"OFFICER MANAJEMEN TALENTA, HUBUNGAN INDUSTRIAL DAN ALIH DAYA UIP JBB",G2,12,,2,1
"OFFICER MANAJEMEN TALENTA, HUBUNGAN INDUSTRIAL DAN ALIH DAYA UIP JBT",G2,12,,2,1
"OFFICER MANAJEMEN TALENTA, HUBUNGAN INDUSTRIAL DAN ALIH DAYA UIP JBTB",G2,12,,2,1
"OFFICER MANAJEMEN TALENTA, HUBUNGAN INDUSTRIAL DAN ALIH DAYA UIP KALBAGTIM",G2,12,,1,1
"OFFICER MANAJEMEN TALENTA, HUBUNGAN INDUSTRIAL DAN ALIH DAYA UIP MALUKU DAN PAPUA",G2,12,,1,1
"OFFICER MANAJEMEN TALENTA, HUBUNGAN INDUSTRIAL DAN ALIH DAYA UIP MALUKUPAPUA",G2,12,,1,1
"OFFICER MANAJEMEN TALENTA, HUBUNGAN INDUSTRIAL DAN ALIH DAYA UIP NUSRA",G2,12,,2,1
"OFFICER MANAJEMEN TALENTA, HUBUNGAN INDUSTRIAL DAN ALIH DAYA UIP SULAWESI",G2,12,,2,1
"OFFICER MANAJEMEN TALENTA, HUBUNGAN INDUSTRIAL DAN ALIH DAYA UIP SUMBAGSEL",G2,11,,1,1
"OFFICER MANAJEMEN TALENTA, HUBUNGAN INDUSTRIAL DAN ALIH DAYA UIP SUMBAGTENG",G2,12,,2,1
"OFFICER MANAJEMEN TALENTA, HUBUNGAN INDUSTRIAL DAN ALIH DAYA UIP SUMBAGUT",G2,12,,2,1
"OFFICER MANAJEMEN TALENTA, HUBUNGAN INDUSTRIAL DAN ALIH DAYA UIP2B",G2,12,,3,1
"OFFICER MANAJEMEN TALENTA, HUBUNGAN INDUSTRIAL DAN ALIH DAYA UIPKALBAGBAR",G2,12,,1,1
"OFFICER MANAJEMEN TALENTA, HUBUNGAN INDUSTRIAL DAN ALIH DAYA UIPSUMBAGSEL",G2,12,,2,1
"OFFICER MANAJEMEN TALENTA, HUBUNGAN INDUSTRIAL DAN ALIH DAYA UIPSUMBAGUT",G2,12,,1,1
"OFFICER MANAJEMEN TALENTA, HUBUNGAN INDUSTRIAL DAN ALIH DAYA UIW BANGKA BELITUNG",G2,12,,2,1
OFFICER MANAJEMEN VALUASI ASET,G2,12,,1,1
OFFICER MAPPING DATA JARINGAN DAN PELANGGAN,G2,11,,21,13
OFFICER MARKET INTELLIGENCE DAN EKONOMI ANALITIS,G2,12,,6,1
OFFICER MEDIA SOSIAL DAN DIGITAL,G2,12,,3,1
OFFICER MONITORING,G2,12,,4,1
OFFICER MONITORING DAN EVALUASI INVESTASI,G2,11,,3,1
OFFICER MONITORING DAN EVALUASI PENJUALAN,G2,12,,2,1
OFFICER MONITORING DAN EVALUASI RUPTL,G2,12,,4,1
OFFICER MONITORING KEMITRAAN TENAGA KERJA,G2,12,,3,1
OFFICER MONITORING PINJAMAN DAN PELAPORAN,G2,11,,2,1
OFFICER MUTU DAN KINERJA,G2,12,,2,1
OFFICER NIAGA DAN PELAYANAN PELANGGAN,G2,11,,62,19
"OFFICER NIAGA, PEMASARAN DAN PELAYANAN PELANGGAN",G2,11,,2,1
OFFICER OPERASI DAN PEMELIHARAAN SISTEM DISTRIBUSI,G2,12,,21,10
OFFICER OPERASI DAN PEMELIHARAAN SISTEM DISTRIBUSI DAN PDKB,G2,12,,1,1
OFFICER OPERASI SISTEM BANGKA,G2,11,,3,1
OFFICER OPERASI SISTEM BELITUNG,G2,11,,2,1
OFFICER OPERASI SISTEM DISTRIBUSI DAN SCADA,G2,11,,3,3
OFFICER OPERASI SISTEM PEMBANGKITAN,G2,12,,6,1
OFFICER OPERASIONAL PAYMENT CENTRALIZATION,G2,12,,4,1
OFFICER PAJAK DAN ASURANSI,G2,12,,34,26
OFFICER PAJAK PENGHASILAN (PPh),G2,12,,3,1
OFFICER PAJAK PERTAMBAHAN NILAI (PPN),G2,11,,3,1
OFFICER PDKB,G2,12,,3,3
"OFFICER PDKB, ALAT BERAT DAN MOBILE SUBSTATION",G2,12,,4,3
OFFICER PELAKSANA PENGADAAN,G2,11,,213,47
OFFICER PELAKSANA PENGADAAN EPC PEMBANGKIT EBT,G2,12,,3,1
OFFICER PELAKSANA PENGADAAN EPC PEMBANGKIT NON EBT,G2,12,,5,1
OFFICER PELAKSANA PENGADAAN I,G2,12,,2,1
OFFICER PELAKSANA PENGADAAN IPP ANEKA ENERGI,G2,12,,4,1
OFFICER PELAKSANA PENGADAAN IPP HIDRO,G2,12,,5,1
OFFICER PELAKSANA PENGADAAN IPP PANAS BUMI DAN NON EBT,G2,12,,1,1
OFFICER PELAKSANA PENGADAAN MATERIAL TERPUSAT,G2,12,,8,1
OFFICER PELAKSANA PENGADAAN TRANSMISI DAN GARDU INDUK,G2,12,,9,1
OFFICER PELAKSANAAN SERTIFIKASI,G2,12,,2,1
OFFICER PELAPORAN AUDIT,G2,12,,7,1
OFFICER PELAPORAN DAN EVALUASI ASET,G2,11,,1,1
OFFICER PELAPORAN DAN PENGENDALIAN ANGGARAN,G2,12,,3,1
OFFICER PELAPORAN KEUANGAN,G2,12,,2,1
OFFICER PELAPORAN KONSTRUKSI,G2,12,,1,1
OFFICER PELAPORAN TATA USAHA PELANGGAN,G2,11,,1,1
OFFICER PELAPORAN TJSL,G2,12,,1,1
OFFICER PELAYANAN ASESMEN,G2,12,,1,1
OFFICER PELAYANAN BUMN,G2,12,,2,1
OFFICER PELAYANAN DAN FASILITAS TEKNOLOGI INFORMASI PEMBELAJARAN,G2,12,,1,1
OFFICER PELAYANAN DAN PENDAYAGUNAAN ASET PROPERTI,G2,11,,3,1
OFFICER PELAYANAN DATA HUMAN CAPITAL DAN PURNAKARYA,G2,12,,3,1
OFFICER PELAYANAN FASILITAS,G2,12,,2,1
OFFICER PELAYANAN FASILITAS TERPUSAT,G2,12,,3,1
OFFICER PELAYANAN HUMAN CAPITAL BALIKPAPAN,G2,12,,2,1
OFFICER PELAYANAN HUMAN CAPITAL BANDA ACEH,G2,12,,2,1
OFFICER PELAYANAN HUMAN CAPITAL BANDAR LAMPUNG,G2,11,,1,1
OFFICER PELAYANAN HUMAN CAPITAL BANDUNG,G2,12,,5,1
OFFICER PELAYANAN HUMAN CAPITAL BANJARBARU,G2,11,,2,1
OFFICER PELAYANAN HUMAN CAPITAL DENPASAR,G2,12,,2,1
OFFICER PELAYANAN HUMAN CAPITAL DEPOK,G2,11,,3,1
OFFICER PELAYANAN HUMAN CAPITAL JAKARTA,G2,11,,4,1
OFFICER PELAYANAN HUMAN CAPITAL JAYAPURA,G2,12,,3,1
OFFICER PELAYANAN HUMAN CAPITAL KANTOR PUSAT,G2,11,,3,1
OFFICER PELAYANAN HUMAN CAPITAL KUPANG,G2,11,,1,1
OFFICER PELAYANAN HUMAN CAPITAL MAKASSAR,G2,12,,3,1
OFFICER PELAYANAN HUMAN CAPITAL MANADO,G2,11,,2,1
OFFICER PELAYANAN HUMAN CAPITAL MATARAM,G2,11,,2,1
OFFICER PELAYANAN HUMAN CAPITAL MEDAN,G2,12,,6,1
OFFICER PELAYANAN HUMAN CAPITAL PADANG,G2,11,,1,1
OFFICER PELAYANAN HUMAN CAPITAL PALEMBANG,G2,11,,3,1
OFFICER PELAYANAN HUMAN CAPITAL PANGKAL PINANG,G2,12,,1,1
OFFICER PELAYANAN HUMAN CAPITAL PEKANBARU,G2,11,,3,1
OFFICER PELAYANAN HUMAN CAPITAL PONTIANAK,G2,11,,1,1
OFFICER PELAYANAN HUMAN CAPITAL SEMARANG,G2,12,,4,1
OFFICER PELAYANAN HUMAN CAPITAL SURABAYA,G2,11,,2,1
OFFICER PELAYANAN HUMAN CAPITAL TANGERANG,G2,12,,2,1
OFFICER PELAYANAN INFORMASI PUBLIK,G2,12,,3,1
OFFICER PELAYANAN KOMPENSASI HUMAN CAPITAL,G2,12,,2,1
OFFICER PELAYANAN PELANGGAN,G2,11,,17,6
OFFICER PELAYANAN PEMERINTAH,G2,12,,1,1
OFFICER PELAYANAN REGION,G2,12,,3,1
OFFICER PELAYANAN SARANA PENUNJANG,G2,12,,1,1
OFFICER PEMANTAUAN DAN PELAPORAN MANAJEMEN RISIKO KORPORASI,G2,12,,1,1
OFFICER PEMASARAN,G2,12,,6,1
OFFICER PEMASARAN DAN PELAYANAN PELANGGAN KEPULAUAN SERIBU,G2,11,,1,1
OFFICER PEMBACAAN METER,G2,11,,2,1
OFFICER PEMBAYARAN KANTOR PUSAT,G2,12,,3,1
OFFICER PEMBAYARAN TERPUSAT,G2,12,,2,1
OFFICER PEMBAYARAN UNIT,G2,11,,25,1
OFFICER PEMBINAAN PEMELIHARAAN PEMBANGKIT,G2,12,,1,1
OFFICER PEMBINAAN VENDOR,G2,12,,3,1
OFFICER PEMELIHARAAN,G2,12,,13,7
OFFICER PEMELIHARAAN DISTRIBUSI DAN PDKB,G2,12,,3,3
OFFICER PEMELIHARAAN GARDU INDUK,G2,12,,2,2
OFFICER PEMELIHARAAN GARDU INDUK DAN JARINGAN,G2,12,,2,1
OFFICER PEMELIHARAAN GI DAN GIS,G2,12,,5,3
OFFICER PEMELIHARAAN JARINGAN,G2,12,,3,3
OFFICER PEMELIHARAAN PROTEKSI DAN CATU DAYA,G2,12,,8,5
OFFICER PEMETAAN ADDITIONAL DEMAND,G2,12,,3,1
OFFICER PEMODELAN RISIKO,G2,12,,3,1
OFFICER PENDANAAN DAN HIBAH DALAM NEGERI,G2,12,,3,1
OFFICER PENDANAAN DAN HIBAH LUAR NEGERI,G2,12,,5,1
OFFICER PENDAYAGUNAAN ASET PROPERTI,G2,12,,1,1
OFFICER PENDIDIKAN FORMAL,G2,12,,4,1
OFFICER PENEMUAN DAN KUALIFIKASI VENDOR,G2,12,,8,1
OFFICER PENGELOLA ADMINISTRASI DAN UMUM,G2,12,,5,1
OFFICER PENGELOLA RAPAT DEWAN KOMISARIS,G2,12,,3,1
OFFICER PENGELOLA SISTEM,G2,12,,2,1
OFFICER PENGELOLAAN ANGGARAN TRANSMISI,G2,12,,2,1
OFFICER PENGELOLAAN ASET DISTRIBUSI,G2,12,,15,11
OFFICER PENGELOLAAN COVENANT DAN PENARIKAN PMN,G2,12,,2,1
OFFICER PENGELOLAAN DAN PEMELIHARAAN ASET PROPERTI,G2,12,,2,1
OFFICER PENGELOLAAN DATA,G2,11,,4,3
OFFICER PENGELOLAAN DATA ASET,G2,12,,9,3
OFFICER PENGELOLAAN DATABASE KOMUNIKASI DAN TJSL,G2,12,,2,1
"OFFICER PENGELOLAAN DATABASE, STORAGE DAN FASILITAS DATA CENTER",G2,12,,4,1
OFFICER PENGELOLAAN ENERGI PRIMER,G2,12,,3,3
OFFICER PENGELOLAAN ESG DAN SAFEGUARD,G2,12,,24,22
OFFICER PENGELOLAAN JARINGAN DAN KOMUNIKASI DATA,G2,12,,3,1
OFFICER PENGELOLAAN KAJIAN SISTEM KETENAGALISTRIKAN,G2,12,,3,1
OFFICER PENGELOLAAN KEARSIPAN,G2,12,,1,1
OFFICER PENGELOLAAN KEMITRAAN DAN RANTAI PASOK PEMBELAJARAN,G2,12,,3,1
OFFICER PENGELOLAAN KOMERSIALISASI PRODUK,G2,12,,1,1
OFFICER PENGELOLAAN KONSTRUKSI,G2,12,,1,1
OFFICER PENGELOLAAN KONSTRUKSI DAN LOGISTIK,G2,12,,11,6
OFFICER PENGELOLAAN KONSTRUKSI DISTRIBUSI,G2,12,,6,4
OFFICER PENGELOLAAN PEMBANGKITAN,G2,12,,18,9
OFFICER PENGELOLAAN PEMBAYARAN PINJAMAN,G2,12,,3,1
"OFFICER PENGELOLAAN PEMBELAJARAN, ASESMEN, DAN SERTIFIKASI BERBASISDIGITAL",G2,12,,1,1
OFFICER PENGELOLAAN PIUTANG,G2,11,,9,3
OFFICER PENGELOLAAN REKENING DAN PEMBACAAN METER,G2,11,,2,1
"OFFICER PENGELOLAAN SAHAM, SHL, AP, DAN AFILIASI",G2,12,,1,1
OFFICER PENGELOLAAN SERTIFIKASI SISTEM MANAJEMEN,G2,12,,6,1
OFFICER PENGELOLAAN SERVICE MANAGEMENT TEKNOLOGI INFORMASI,G2,11,,2,1
OFFICER PENGELOLAAN SISTEM INFORMASI PROYEK DAN INVESTASI REGIONAL 1,G2,12,,3,1
OFFICER PENGELOLAAN SISTEM INFORMASI PROYEK DAN INVESTASI REGIONAL 2,G2,12,,3,1
OFFICER PENGELOLAAN SISTEM KONTROL KETENAGALISTRIKAN,G2,12,,3,1
OFFICER PENGELOLAAN SISTEM METERING,G2,12,,2,1
OFFICER PENGELOLAAN TRANSAKSI,G2,11,,1,1
OFFICER PENGELOLAAN TRANSAKSI TENAGA LISTRIK,G2,12,,3,2
OFFICER PENGELOLAAN UMK,G2,12,,3,1
OFFICER PENGELOLAAN UMK (CEO RUMAH BUMN BALI),G2,11,,1,1
OFFICER PENGELOLAAN UMK (CEO RUMAH BUMN JAMBI),G2,12,,1,1
OFFICER PENGELOLAAN UMK (CFO RUMAH BUMN BALI),G2,11,,1,1
OFFICER PENGELOLAAN UMK (CFO RUMAH BUMN JAMBI),G2,12,,1,1
OFFICER PENGELOLAAN UNIT SATELIT (KAMPUS GRESIK),G2,12,,1,1
OFFICER PENGELOLAAN WHISTLE BLOWING SYSTEM,G2,12,,4,1
OFFICER PENGEMBANGAN BISNIS DEKARBONISASI DAN MANAJEMEN ENERGI 1,G2,12,,2,1
OFFICER PENGEMBANGAN BISNIS DEKARBONISASI DAN MANAJEMEN ENERGI 2,G2,12,,2,1
OFFICER PENGEMBANGAN BISNIS KETENAGALISTRIKAN 1A,G2,12,,2,1
OFFICER PENGEMBANGAN BISNIS KETENAGALISTRIKAN 1B,G2,12,,2,1
OFFICER PENGEMBANGAN BISNIS KETENAGALISTRIKAN 2A,G2,12,,1,1
OFFICER PENGEMBANGAN BISNIS KETENAGALISTRIKAN 2B,G2,12,,1,1
OFFICER PENGEMBANGAN BISNIS TEKNOLOGI BARU DAN SOLUSI INOVATIF 1,G2,12,,2,1
OFFICER PENGEMBANGAN BISNIS TEKNOLOGI BARU DAN SOLUSI INOVATIF 2,G2,12,,2,1
OFFICER PENGEMBANGAN DAN EVALUASI PLN MOBILE,G2,11,,1,1
OFFICER PENGEMBANGAN DAN PELAPORAN ICOFR,G2,12,,2,1
OFFICER PENGEMBANGAN DAN PROJECT EXCELLENCE,G2,12,,2,1
OFFICER PENGEMBANGAN EKSEKUTIF,G2,12,,4,1
OFFICER PENGEMBANGAN EXPERT,G2,12,,5,1
OFFICER PENGEMBANGAN KAPASITAS DAN INFRASTRUKTUR KEPATUHAN,G2,12,,2,1
OFFICER PENGEMBANGAN KEAMANAN IT/OT,G2,12,,2,1
OFFICER PENGEMBANGAN KEARSIPAN,G2,12,,1,1
OFFICER PENGEMBANGAN LABORATORIUM,G2,11,,1,1
OFFICER PENGEMBANGAN MANAJEMEN,G2,12,,1,1
OFFICER PENGEMBANGAN MANAJEMEN RISIKO,G2,12,,2,1
OFFICER PENGEMBANGAN MATERI ASESMEN PSIKOLOGI,G2,12,,1,1
OFFICER PENGEMBANGAN MATERI ASSESSMENT CENTER,G2,12,,1,1
OFFICER PENGEMBANGAN MODEL PROYEKSI KEUANGAN,G2,12,,4,1
OFFICER PENGEMBANGAN PEMBELAJARAN,G2,12,,3,1
OFFICER PENGEMBANGAN PEMBELAJARAN PRAJABATAN DAN PURNABAKTI,G2,11,,1,1
OFFICER PENGEMBANGAN SERTIFIKASI,G2,11,,1,1
OFFICER PENGEMBANGAN SISTEM ANGGARAN,G2,12,,5,1
OFFICER PENGEMBANGAN TALENTA AREA HUMAN CAPITAL DAN ANAK PERUSAHAAN,G2,12,,2,1
OFFICER PENGEMBANGAN TALENTA KANTOR PUSAT,G2,12,,3,1
OFFICER PENGEMBANGAN TALENTA UID ACEH,G2,12,,2,1
OFFICER PENGEMBANGAN TALENTA UID BALI,G2,12,,3,1
OFFICER PENGEMBANGAN TALENTA UID BANTEN,G2,12,,3,1
OFFICER PENGEMBANGAN TALENTA UID JAKARTA RAYA,G2,12,,3,1
OFFICER PENGEMBANGAN TALENTA UID JAWA BARAT,G2,12,,6,1
OFFICER PENGEMBANGAN TALENTA UID JAWA TENGAH DAN D.I. YOGYAKARTA,G2,12,,6,1
OFFICER PENGEMBANGAN TALENTA UID JAWA TIMUR,G2,12,,4,1
OFFICER PENGEMBANGAN TALENTA UID KALBAR,G2,12,,3,1
OFFICER PENGEMBANGAN TALENTA UID KALSELTENG,G2,11,,3,1
OFFICER PENGEMBANGAN TALENTA UID KALTIMRA,G2,12,,3,1
OFFICER PENGEMBANGAN TALENTA UID LAMPUNG,G2,12,,3,1
OFFICER PENGEMBANGAN TALENTA UID RIAU DAN KEPRI,G2,12,,3,1
OFFICER PENGEMBANGAN TALENTA UID S2JB,G2,12,,4,1
OFFICER PENGEMBANGAN TALENTA UID SULSELRABAR,G2,11,,4,1
OFFICER PENGEMBANGAN TALENTA UID SULUTTENGGO,G2,12,,4,1
OFFICER PENGEMBANGAN TALENTA UID SUMATERA BARAT,G2,12,,3,1
OFFICER PENGEMBANGAN TALENTA UID SUMATERA UTARA,G2,12,,4,1
OFFICER PENGEMBANGAN TALENTA UIP3B KALIMANTAN,G2,12,,3,1
OFFICER PENGEMBANGAN TALENTA UIP3B SULAWESI,G2,12,,3,1
OFFICER PENGEMBANGAN TALENTA UIP3B SUMATERA,G2,12,,5,1
OFFICER PENGEMBANGAN TALENTA UIT JBB,G2,12,,3,1
OFFICER PENGEMBANGAN TALENTA UIT JBT,G2,12,,4,1
OFFICER PENGEMBANGAN TALENTA UIT JBTB,G2,12,,4,1
OFFICER PENGEMBANGAN TALENTA UIW MALUKU DAN MALUKU UTARA,G2,12,,3,1
OFFICER PENGEMBANGAN TALENTA UIW NTB,G2,12,,2,1
OFFICER PENGEMBANGAN TALENTA UIW NTT,G2,12,,2,1
OFFICER PENGEMBANGAN TALENTA UIW PAPUA DAN PAPUA BARAT,G2,12,,4,1
"OFFICER PENGEMBANGAN, IZIN, DAN LAHAN ANEKA EBT",G2,12,,4,1
"OFFICER PENGEMBANGAN, MUTU DAN KINERJA",G2,12,,5,1
OFFICER PENGENAAN PAJAK KANTOR PUSAT,G2,11,,3,1
OFFICER PENGENDALIAN ADMINISTRASI INSPEKSI,G2,12,,3,1
OFFICER PENGENDALIAN ADMINISTRASI KONTRAK,G2,11,,4,1
OFFICER PENGENDALIAN ADMINISTRASI PENGUJIAN,G2,12,,3,1
OFFICER PENGENDALIAN ANEKA EBT,G2,12,,2,1
"OFFICER PENGENDALIAN ANGGARAN DISTRIBUSI JAWA, MADURA, DAN BALI",G2,12,,1,1
"OFFICER PENGENDALIAN ANGGARAN DISTRIBUSI SULAWESI, MALUKU, PAPUA, DAN NUSA TENGGARA",G2,12,,1,1
"OFFICER PENGENDALIAN ANGGARAN DISTRIBUSI SULAWESI, MALUKU, PAPUA, DANNUSA TENGGARA",G2,12,,2,1
OFFICER PENGENDALIAN ANGGARAN DISTRIBUSI SUMATERA DAN KALIMANTAN,G2,12,,1,1
OFFICER PENGENDALIAN DAN PEMELIHARAAN ASET,G2,11,,7,1
OFFICER PENGENDALIAN INTERNAL,G2,12,,4,1
OFFICER PENGENDALIAN KINERJA DAN ANGGARAN KONSTRUKSI,G2,12,,5,1
OFFICER PENGENDALIAN KINERJA TRANSMISI,G2,11,,1,1
OFFICER PENGENDALIAN KONSTRUKSI,G2,12,,56,13
OFFICER PENGENDALIAN KONSTRUKSI DAN ADMINISTRASI KONTRAK,G2,11,,25,7
OFFICER PENGENDALIAN KONSTRUKSI DAN LOGISTIK,G2,12,,2,1
OFFICER PENGENDALIAN KONSTRUKSI JARINGAN,G2,12,,7,3
OFFICER PENGENDALIAN KONSTRUKSI PERALATAN GARDU INDUK,G2,12,,10,3
OFFICER PENGENDALIAN KONTRAK DAN RISIKO PROYEK,G2,12,,43,11
OFFICER PENGENDALIAN LAYANAN TEKNOLOGI INFORMASI,G2,12,,3,1
OFFICER PENGENDALIAN LOGISTIK,G2,12,,1,1
OFFICER PENGENDALIAN MATERIAL DAN LOGISTIK,G2,12,,1,1
OFFICER PENGENDALIAN MUTU DAN KINERJA,G2,12,,1,1
OFFICER PENGENDALIAN OPERASI DAN PEMELIHARAAN,G2,12,,8,4
OFFICER PENGENDALIAN OPERASIONAL TEKNOLOGI INFORMASI,G2,12,,4,1
OFFICER PENGENDALIAN PDKB,G2,12,,4,2
"OFFICER PENGENDALIAN PEMELIHARAAN ASET JARINGAN, GI, DAN PROTEKSI",G2,11,,5,2
OFFICER PENGENDALIAN PEMELIHARAAN PROTEKSI,G2,12,,3,1
OFFICER PENGENDALIAN PENERTIBAN PEMAKAIAN TENAGA LISTRIK,G2,12,,23,16
OFFICER PENGENDALIAN PIUTANG,G2,12,,21,15
OFFICER PENGENDALIAN PRODUKSI,G2,12,,4,1
OFFICER PENGENDALIAN PROYEK,G2,12,,116,10
OFFICER PENGENDALIAN SISTEM METER,G2,12,,15,14
OFFICER PENGENDALIAN SUSUT,G2,11,,6,3
OFFICER PENGHAPUSAN ASET,G2,12,,2,1
OFFICER PENYALURAN,G2,12,,3,3
OFFICER PENYALURAN DAN PROTEKSI,G2,12,,2,1
OFFICER PENYELENGGARAAN PEMBELAJARAN,G2,11,,7,1
OFFICER PENYELENGGARAAN PEMBELAJARAN NON TEKNIK,G2,12,,4,1
OFFICER PENYELENGGARAAN PEMBELAJARAN TEKNIK,G2,12,,1,1
OFFICER PENYELESAIAN PERMASALAHAN HUBUNGAN INDUSTRIAL,G2,12,,3,1
OFFICER PENYETORAN PAJAK,G2,12,,4,1
OFFICER PERATURAN DAN URUSAN KEBIJAKAN OPERASI DAN PROYEK,G2,12,,2,1
OFFICER PERATURAN DAN URUSAN KEBIJAKAN STRATEGI DAN KEUANGAN,G2,12,,2,1
OFFICER PERBAIKAN PENGALAMAN PELANGGAN,G2,12,,2,1
OFFICER PERENCANA PENGADAAN,G2,12,,65,39
OFFICER PERENCANA PENGADAAN PLTP,G2,12,,2,1
OFFICER PERENCANA PENGADAAN PLTP IPP,G2,12,,7,1
OFFICER PERENCANAAN DAN EVALUASI OPERASI DAN PEMELIHARAAN,G2,11,,6,6
OFFICER PERENCANAAN DAN EVALUASI OPERASI SISTEM,G2,11,,10,5
OFFICER PERENCANAAN DAN EVALUASI PEMELIHARAAN GARDU INDUK,G2,12,,5,1
OFFICER PERENCANAAN DAN EVALUASI PEMELIHARAAN JARINGAN,G2,12,,2,1
OFFICER PERENCANAAN DAN EVALUASI PENGUSAHAAN,G2,11,,1,1
OFFICER PERENCANAAN DAN EVALUASI SISTEM DISTRIBUSI,G2,11,,58,20
OFFICER PERENCANAAN DAN EVALUASI TJSL,G2,12,,2,1
OFFICER PERENCANAAN DAN KINERJA,G2,12,,37,14
"OFFICER PERENCANAAN DAN MONITORING ANGGARAN KESELAMATAN DAN KESEHATANKERJA, LINGKUNGAN DAN KEAMANAN",G2,12,,2,1
OFFICER PERENCANAAN DAN PENGELOLAAN ASET DISTRIBUSI,G2,12,,4,3
OFFICER PERENCANAAN DAN PENGEMBANGAN SISTEM MANAJEMEN STAKEHOLDER,G2,12,,3,1
OFFICER PERENCANAAN DAN PENGENDALIAN ANGGARAN HUMAN CAPITAL,G2,12,,2,1
OFFICER PERENCANAAN DAN PENGENDALIAN OPERASI PEMBANGKIT,G2,12,,1,1
OFFICER PERENCANAAN DAN PENGENDALIAN OPERASI PEMBANGKITAN,G2,12,,2,2
OFFICER PERENCANAAN DAN PENGENDALIAN PEMELIHARAAN PEMBANGKIT,G2,12,,4,3
OFFICER PERENCANAAN DAN STRATEGI PENGEMBANGAN PRODUK NIAGA,G2,12,,4,1
OFFICER PERENCANAAN DAN STRATEGI PERBENDAHARAAN,G2,12,,4,1
OFFICER PERENCANAAN ELEKTROMEKANIK,G2,12,,27,11
OFFICER PERENCANAAN KINERJA HUMAN CAPITAL,G2,12,,3,1
OFFICER PERENCANAAN LISTRIK PERDESAAN,G2,11,,21,9
OFFICER PERENCANAAN MINGGUAN OPERASI SISTEM,G2,12,,2,1
OFFICER PERENCANAAN OPERASI MINGGUAN,G2,11,,2,1
OFFICER PERENCANAAN OPERASI PEMBANGKITAN,G2,12,,1,1
OFFICER PERENCANAAN OPERASI PENYALURAN,G2,12,,1,1
OFFICER PERENCANAAN OPERASI REAL TIME,G2,12,,2,1
OFFICER PERENCANAAN OPERASI SISTEM,G2,11,,5,3
OFFICER PERENCANAAN OPERASI SISTEM PENYALURAN,G2,12,,4,1
OFFICER PERENCANAAN PAJAK,G2,12,,2,1
OFFICER PERENCANAAN PENGADAAN MATERIAL DISTRIBUSI UTAMA,G2,12,,2,1
OFFICER PERENCANAAN PENGADAAN MATERIAL TERPUSAT,G2,12,,2,1
OFFICER PERENCANAAN PENGUSAHAAN,G2,11,,18,4
OFFICER PERENCANAAN PENGUSAHAAN DAN KINERJA,G2,12,,40,24
OFFICER PERENCANAAN PENYERTAAN MODAL NEGARA,G2,11,,2,1
OFFICER PERENCANAAN PINJAMAN DAN HIBAH,G2,12,,4,1
OFFICER PERENCANAAN PORTOFOLIO,G2,12,,2,1
OFFICER PERENCANAAN SIPIL,G2,12,,30,11
OFFICER PERENCANAAN SISTEM DISTRIBUSI,G2,12,,1,1
OFFICER PERENCANAAN SISTEM KELISTRIKAN,G2,12,,70,23
OFFICER PERENCANAAN SISTEM PEMBANGKIT DAN PENYALURAN,G2,12,,2,1
OFFICER PERENCANAAN SISTEM PEMBANGKITAN,G2,12,,2,1
OFFICER PERENCANAAN SISTEM PENYALURAN,G2,12,,2,1
OFFICER PERENCANAAN STRATEGIS DISTRIBUSI,G2,12,,4,1
OFFICER PERENCANAAN SUBSIDI,G2,12,,2,1
OFFICER PERENCANAAN TENAGA KERJA,G2,12,,3,1
OFFICER PERENCANAAN UMUM DAN KINERJA,G2,12,,39,11
"OFFICER PERENCANAAN, EVALUASI DAN KINERJA",G2,11,,2,1
"OFFICER PERENCANAAN, EVALUASI PEMBELAJARAN DAN KINERJA",G2,12,,2,1
OFFICER PERIZINAN,G2,12,,29,11
OFFICER PERIZINAN DAN KELEMBAGAAN,G2,12,,2,1
OFFICER PERIZINAN DAN PERTANAHAN,G2,11,,55,10
OFFICER PERTANAHAN,G2,12,,1,1
OFFICER PINJAMAN LUAR NEGERI (PHLN),G2,12,,1,1
OFFICER PMIS,G2,12,,18,11
OFFICER PMN DAN PINJAMAN DALAM NEGERI,G2,12,,1,1
OFFICER PRIORITISASI DAN INTEGRASI INVESTASI,G2,12,,3,1
OFFICER PRIORITY ACCOUNT EXECUTIVE,G2,12,,156,21
OFFICER PRIORITY ACCOUNT EXECUTIVE KAWASAN EKONOMI KHUSUS DAN WILAYAH USAHA,G2,12,,1,1
OFFICER PRIORITY ACCOUNT EXECUTIVE KAWASAN INDUSTRI,G2,12,,2,1
OFFICER PRIORITY ACCOUNT EXECUTIVE SEKTOR INDIVIDU,G2,12,,3,1
OFFICER PRIORITY ACCOUNT EXECUTIVE SEKTOR KORPORASI,G2,12,,3,1
OFFICER PRODUCT BRANDING,G2,12,,3,1
OFFICER PRODUKTIVITAS TENAGA KERJA DAN STRATEGI ALIH DAYA,G2,11,,2,1
OFFICER PROGRAM KELISTRIKAN,G2,12,,1,1
OFFICER PROGRAM PERUBAHAN,G2,12,,9,1
OFFICER PROJECT MANAGEMENT INFORMATION SYSTEM (PMIS) DAN EVALUASI PROYEK,G2,12,,4,1
OFFICER PROSES BISNIS DAN SISTEM INFORMASI PELAYANAN PELANGGAN,G2,12,,1,1
OFFICER PROSES BISNIS KANTOR PUSAT,G2,12,,2,1
OFFICER PROSES BISNIS UNIT DAN ANAK PERUSAHAAN,G2,12,,1,1
OFFICER PROSES DAN EVALUASI BILLING,G2,12,,3,1
OFFICER PROTEKSI,G2,11,,1,1
OFFICER PROTOKOLER DIREKSI,G2,12,,3,1
OFFICER PROYEK DAN INFORMASI STRATEGIS,G2,12,,1,1
OFFICER PUSAT OPERASI KEAMANAN,G2,12,,3,1
OFFICER REGULASI EKSTERNAL BISNIS KORPORAT,G2,12,,3,1
OFFICER REGULASI EKSTERNAL INFRASTRUKTUR KETENAGALISTRIKAN,G2,11,,1,1
OFFICER REGULASI INTERNAL BISNIS KORPORAT,G2,12,,3,1
OFFICER REGULASI INTERNAL INFRASTRUKTUR KETENAGALISTRIKAN,G2,12,,4,1
OFFICER REKONSILIASI BANK,G2,12,,4,1
OFFICER REKRUTMEN DAN ONBOARDING,G2,11,,3,1
OFFICER REPOSITORI DAN EVALUASI KEBIJAKAN,G2,12,,1,1
OFFICER RISET ENERGI,G2,12,,2,1
OFFICER RISET NON LISTRIK,G2,12,,1,1
OFFICER RISET PASAR,G2,12,,2,1
OFFICER RISET TEGANGAN TRANSMISI,G2,12,,1,1
OFFICER RISET TEKNOLOGI DISTRIBUSI,G2,12,,1,1
OFFICER RISIKO DAN BENEFIT PROYEK,G2,12,,2,1
OFFICER RISIKO DIGITAL DAN ADOPSI TEKNOLOGI,G2,12,,4,1
OFFICER RISIKO DISTRIBUSI JAWA BAGIAN BARAT,G2,12,,4,1
OFFICER RISIKO DISTRIBUSI JBT DAN JBTB,G2,12,,4,1
OFFICER RISIKO DISTRIBUSI KALIMANTAN,G2,12,,1,1
OFFICER RISIKO DISTRIBUSI MALUKU DAN PAPUA,G2,12,,3,1
OFFICER RISIKO DISTRIBUSI SULAWESI DAN NUSA TENGGARA,G2,12,,4,1
OFFICER RISIKO DISTRIBUSI SUMATERA BAGIAN SELATAN,G2,12,,5,1
OFFICER RISIKO DISTRIBUSI SUMATERA BAGIAN UTARA,G2,12,,3,1
OFFICER RISIKO ENERGI PRIMER,G2,12,,2,1
OFFICER RISIKO JAMINAN PENDAPATAN,G2,12,,3,1
OFFICER RISIKO KEBIJAKAN KORPORASI,G2,12,,3,1
OFFICER RISIKO KEUANGAN,G2,12,,2,1
"OFFICER RISIKO KONSTRUKSI JAWA, MADURA, BALI, MALUKU, PAPUA, DAN NUSA TENGGARA",G2,12,,6,1
"OFFICER RISIKO KONSTRUKSI SUMATERA, KALIMANTAN, DAN SULAWESI",G2,12,,10,1
OFFICER RISIKO OPERASI DAN PERENCANAAN SISTEM KETENAGALISTRIKAN,G2,12,,5,1
OFFICER RISIKO ORGANISASI DAN HUMAN CAPITAL,G2,12,,3,1
OFFICER RISIKO PELAYANAN PELANGGAN,G2,12,,3,1
OFFICER RISIKO PENGEMBANGAN BISNIS DAN KEMITRAAN,G2,12,,4,1
OFFICER RISIKO PENGENDALIAN DAN PENGOPERASIAN PEMBANGKIT,G2,12,,2,1
OFFICER RISIKO PERENCANAAN DAN OPERASI DISTRIBUSI,G2,12,,2,1
OFFICER RISIKO PERENCANAAN PEMBANGKITAN,G2,12,,2,1
OFFICER RISIKO PERENCANAAN STRATEGIS,G2,12,,4,1
"OFFICER RISIKO PERENCANAAN, KONTRAK PROYEK, DAN PMO",G2,12,,5,1
OFFICER RISIKO PORTOFOLIO DAN REVENUE MODEL,G2,12,,3,1
OFFICER RISIKO RANTAI PASOK DAN PUSAT-PUSAT,G2,12,,3,1
OFFICER RISIKO REGULASI DAN PEMANGKU KEPENTINGAN,G2,12,,3,1
"OFFICER RISIKO TRANSMISI KALIMANTAN, SULAWESI, MALUKU, PAPUA, DAN NUSA TENGGARA",G2,12,,2,1
"OFFICER RISIKO TRANSMISI SUMATERA, JAWA, MADURA, DAN BALI",G2,12,,8,1
OFFICER SALES RETAIL,G2,11,,1,1
OFFICER SEKRETARIS DIREKSI,G2,11,,5,1
OFFICER SERTIFIKASI,G2,12,,21,10
OFFICER SERTIFIKASI ASET PROPERTI,G2,12,,2,1
OFFICER SETELMEN KINERJA PEMBANGKIT TRANSMISI,G2,12,,1,1
OFFICER SETELMEN PEMBANGKIT IPP,G2,11,,1,1
OFFICER SETELMEN PEMBANGKIT PLN GROUP,G2,12,,1,1
OFFICER SETTLEMENT LIKUIDITAS MATA UANG LOKAL,G2,12,,2,1
OFFICER SISTEM AKUNTANSI KORPORAT,G2,12,,2,1
OFFICER SISTEM DAN PENGEMBANGAN KAPABILITAS,G2,12,,4,1
OFFICER SISTEM DAN TEKNOLOGI INFORMASI ACEH,G2,12,,4,1
OFFICER SISTEM DAN TEKNOLOGI INFORMASI JAMBI,G2,12,,1,1
OFFICER SISTEM KOMPETENSI,G2,11,,1,1
OFFICER SISTEM MANAJEMEN TERINTEGRASI,G2,12,,3,1
OFFICER SISTEM TEKNOLOGI INFORMASI BALI,G2,12,,5,1
OFFICER SISTEM TEKNOLOGI INFORMASI BANGKA BELITUNG,G2,12,,1,1
OFFICER SISTEM TEKNOLOGI INFORMASI BANTEN 1,G2,12,,2,1
OFFICER SISTEM TEKNOLOGI INFORMASI BANTEN 2,G2,11,,3,1
OFFICER SISTEM TEKNOLOGI INFORMASI BENGKULU,G2,11,,1,1
OFFICER SISTEM TEKNOLOGI INFORMASI D.I. YOGYAKARTA,G2,12,,1,1
OFFICER SISTEM TEKNOLOGI INFORMASI JAKARTA 1,G2,11,,3,1
OFFICER SISTEM TEKNOLOGI INFORMASI JAKARTA 2,G2,12,,1,1
OFFICER SISTEM TEKNOLOGI INFORMASI JAKARTA 3,G2,12,,3,1
OFFICER SISTEM TEKNOLOGI INFORMASI JAKARTA 4,G2,12,,2,1
OFFICER SISTEM TEKNOLOGI INFORMASI JAKARTA 5,G2,11,,3,1
OFFICER SISTEM TEKNOLOGI INFORMASI JAWA BARAT 1,G2,12,,3,1
OFFICER SISTEM TEKNOLOGI INFORMASI JAWA BARAT 2,G2,12,,4,1
OFFICER SISTEM TEKNOLOGI INFORMASI JAWA TENGAH,G2,12,,4,1
OFFICER SISTEM TEKNOLOGI INFORMASI JAWA TIMUR 1,G2,12,,5,1
OFFICER SISTEM TEKNOLOGI INFORMASI JAWA TIMUR 2,G2,12,,4,1
OFFICER SISTEM TEKNOLOGI INFORMASI JAWA TIMUR 3,G2,12,,1,1
OFFICER SISTEM TEKNOLOGI INFORMASI KALIMANTAN BARAT,G2,11,,2,1
OFFICER SISTEM TEKNOLOGI INFORMASI KALIMANTAN SELATAN DAN KALIMANTAN TENGAH 1,G2,12,,2,1
OFFICER SISTEM TEKNOLOGI INFORMASI KALIMANTAN SELATAN DAN KALIMANTAN TENGAH 2,G2,12,,1,1
OFFICER SISTEM TEKNOLOGI INFORMASI KALIMANTAN SELATAN DAN KALIMANTANTENGAH 2,G2,11,,1,1
OFFICER SISTEM TEKNOLOGI INFORMASI KALIMANTAN TIMUR DAN KALIMANTAN UTARA,G2,12,,1,1
OFFICER SISTEM TEKNOLOGI INFORMASI KEPULAUAN RIAU,G2,11,,1,1
OFFICER SISTEM TEKNOLOGI INFORMASI LAMPUNG,G2,12,,2,1
OFFICER SISTEM TEKNOLOGI INFORMASI MALUKU,G2,11,,1,1
OFFICER SISTEM TEKNOLOGI INFORMASI MALUKU UTARA,G2,11,,2,1
OFFICER SISTEM TEKNOLOGI INFORMASI NTB,G2,12,,1,1
OFFICER SISTEM TEKNOLOGI INFORMASI NTT,G2,12,,2,1
OFFICER SISTEM TEKNOLOGI INFORMASI PAPUA,G2,11,,1,1
OFFICER SISTEM TEKNOLOGI INFORMASI PAPUA BARAT,G2,12,,1,1
OFFICER SISTEM TEKNOLOGI INFORMASI RIAU 1,G2,11,,2,1
OFFICER SISTEM TEKNOLOGI INFORMASI RIAU 2,G2,11,,2,1
"OFFICER SISTEM TEKNOLOGI INFORMASI SULAWESI SELATAN, SULAWESI TENGGARA DAN SULAWESI BARAT 1",G2,11,,1,1
"OFFICER SISTEM TEKNOLOGI INFORMASI SULAWESI SELATAN, SULAWESI TENGGARA DAN SULAWESI BARAT 2",G2,12,,2,1
"OFFICER SISTEM TEKNOLOGI INFORMASI SULAWESI SELATAN, SULAWESI TENGGARA DAN SULAWESI BARAT 3",G2,12,,2,1
OFFICER SISTEM TEKNOLOGI INFORMASI SULAWESI TENGAH,G2,11,,2,1
OFFICER SISTEM TEKNOLOGI INFORMASI SULAWESI UTARA DAN GORONTALO,G2,12,,3,1
OFFICER SISTEM TEKNOLOGI INFORMASI SUMATERA BARAT,G2,12,,4,1
OFFICER SISTEM TEKNOLOGI INFORMASI SUMATERA SELATAN 1,G2,11,,3,1
OFFICER SISTEM TEKNOLOGI INFORMASI SUMATERA SELATAN 2,G2,12,,5,1
OFFICER SISTEM TEKNOLOGI INFORMASI SUMATERA UTARA 1,G2,12,,4,1
OFFICER SISTEM TEKNOLOGI INFORMASI SUMATERA UTARA 2,G2,12,,4,1
OFFICER SOLUSI GEOSPASIAL,G2,12,,3,1
"OFFICER STANDAR, KUALITAS DAN PENGEMBANGAN PELAPORAN PERBENDAHARAAN",G2,11,,4,1
"OFFICER STANDARDISASI MUTU, PROSES DAN SISTEM MANAJEMEN TERINTEGRASI",G2,12,,3,1
OFFICER STANDARDISASI SISTEM,G2,12,,1,1
OFFICER STATISTIK DAN PUBLIKASI OPERASI SISTEM,G2,11,,2,2
OFFICER STRATEGI AUDIT,G2,12,,6,1
OFFICER STRATEGI DAN ARSITEKTUR TEKNOLOGI INFORMASI,G2,12,,2,1
OFFICER STRATEGI DAN EVALUASI GENERAL AFFAIR,G2,12,,2,1
OFFICER STRATEGI DAN KEBIJAKAN MANAJEMEN RISIKO,G2,12,,2,1
OFFICER STRATEGI DAN PENGELOLAAN PORTOFOLIO ANAK PERUSAHAAN 1A,G2,12,,2,1
OFFICER STRATEGI DAN PENGELOLAAN PORTOFOLIO ANAK PERUSAHAAN 1B,G2,12,,2,1
OFFICER STRATEGI DAN PENGELOLAAN PORTOFOLIO ANAK PERUSAHAAN 2A,G2,12,,2,1
OFFICER STRATEGI DAN PENGELOLAAN PORTOFOLIO ANAK PERUSAHAAN 2B,G2,12,,1,1
OFFICER STRATEGI KOMUNIKASI,G2,12,,1,1
OFFICER STRATEGI NIAGA,G2,12,,4,1
OFFICER STRATEGI OFFICE OF STRATEGY MANAGEMENT,G2,11,,3,1
OFFICER STRATEGI OPERASI SISTEM,G2,11,,14,6
OFFICER STRATEGI PEMASARAN,G2,12,,58,21
OFFICER STRATEGI PERUBAHAN,G2,12,,1,1
OFFICER STRATEGI SUSTAINABILITY 1,G2,12,,3,1
OFFICER STRATEGI SUSTAINABILITY 2,G2,12,,3,1
OFFICER STRATEGIC DELIVERY UNIT REGIONAL 1A,G2,11,,4,1
OFFICER STRATEGIC DELIVERY UNIT REGIONAL 1B,G2,12,,2,1
OFFICER STRATEGIC DELIVERY UNIT REGIONAL 1C,G2,12,,2,1
OFFICER STRATEGIC DELIVERY UNIT REGIONAL 2A,G2,12,,4,1
OFFICER STRATEGIC DELIVERY UNIT REGIONAL 2C,G2,12,,3,1
"OFFICER TATA KELOLA, REGULASI, DAN PROSES EXCELLENCE",G2,12,,2,1
OFFICER TJSL,G2,12,,33,24
OFFICER TRACKING,G2,12,,5,1
OFFICER UMUM,G2,12,,14,3
OFFICER VALUASI PERUBAHAN,G2,12,,2,1
OFFICER VERIFIKASI,G2,12,,50,1
OFFICER VERIFIKASI ENERGI PRIMER,G2,12,,4,1
OFFICER VERIFIKASI INVESTASI,G2,12,,10,1
OFFICER VERIFIKASI NON PURCHASE ORDER KANTOR PUSAT,G2,12,,1,1
OFFICER VERIFIKASI PEMBELIAN TENAGA LISTRIK,G2,12,,4,1
OFFICER VERIFIKASI PURCHASE ORDER KANTOR PUSAT,G2,11,,5,1
Officer Akuntansi AT dan PDP,G2,12,,1,1
Officer Akuntansi Umum dan Biaya,G2,12,,2,1
"Officer Keselamatan, Kesehatan Kerja, Lingkungan dan Keamanan",G2,11,,2,2
Officer Operasi Dan Pemeliharaan Sistem Distribusi,G2,11,,1,1
Officer Pengelolaan ESG dan Safeguard,G2,12,,1,1
Officer Pengelolaan Konstruksi dan Logistik,G2,12,,2,1
Officer Pengendalian Kontrak dan Risiko Proyek,G2,12,,2,1
Officer Priority Account Executive,G2,11,,1,1
SEKRETARIS PERUSAHAAN,MAK,24,,1,1
SENIOR EXECUTIVE VICE PRESIDENT HUKUM DAN KEBIJAKAN,MAK,25,,1,1
SENIOR MANAGER DISTRIBUSI,MM,19,,17,17
SENIOR MANAGER ENABLER ACADEMY 1,MM,19,,1,1
SENIOR MANAGER ENABLER ACADEMY 2,MM,19,,1,1
SENIOR MANAGER ENERGI PRIMER,MM,18,,1,1
SENIOR MANAGER KEUANGAN,MM,18,,5,5
"SENIOR MANAGER KEUANGAN, ANGGARAN, DAN UMUM",MM,18,,9,9
"SENIOR MANAGER KEUANGAN, KOMUNIKASI DAN UMUM",MM,19,,22,22
"SENIOR MANAGER KEUANGAN, KOMUNIKASI, DAN UMUM",MM,18,,8,8
SENIOR MANAGER KOMUNIKASI DAN UMUM,MM,19,,5,5
SENIOR MANAGER KONSTRUKSI,MM,19,,1,1
SENIOR MANAGER NIAGA DAN MANAJEMEN PELANGGAN,MM,19,,22,22
SENIOR MANAGER NON TEKNIK,MM,18,,1,1
SENIOR MANAGER OPERASI,MM,18,,1,1
SENIOR MANAGER OPERASI KONSTRUKSI,MM,18,,4,4
SENIOR MANAGER OPERASI KONSTRUKSI I,MM,18,,7,7
SENIOR MANAGER OPERASI KONSTRUKSI II,MM,18,,7,7
SENIOR MANAGER OPERASI SISTEM,MM,19,,4,4
SENIOR MANAGER OPERATION EXCELLENCE ACADEMY 1,MM,19,,1,1
SENIOR MANAGER OPERATION EXCELLENCE ACADEMY 2,MM,19,,1,1
SENIOR MANAGER OPERATION EXCELLENCE ACADEMY 3,MM,19,,1,1
SENIOR MANAGER PEMBANGKITAN,MM,18,,4,4
SENIOR MANAGER PEMELIHARAAN TRANSMISI,MM,19,,3,3
SENIOR MANAGER PEMELIHARAAN TRANSMISI 2,MM,19,,1,1
SENIOR MANAGER PENGEMBANGAN DAN KEMITRAAN,MM,19,,1,1
SENIOR MANAGER PENGEMBANGAN SISTEM TRANSMISI,MM,19,,4,4
"SENIOR MANAGER PENGUJIAN PEMBANGKIT, TRANSMISI, DAN DISTRIBUSI",MM,18,,1,1
SENIOR MANAGER PERENCANAAN,MM,19,,41,41
SENIOR MANAGER PERENCANAAN DAN ENJINIRING,MM,18,,1,1
SENIOR MANAGER PERENCANAAN DAN MANAJEMEN PENGETAHUAN,MM,19,,1,1
SENIOR MANAGER PERENCANAAN DAN PENGEMBANGAN PRODUK,MM,18,,1,1
SENIOR MANAGER PERENCANAAN DAN PROJECT CONTROL,MM,18,,1,1
"SENIOR MANAGER PERENCANAAN PELAYANAN, STANDARDISASI, DAN MUTU",MM,18,,1,1
"SENIOR MANAGER PERIZINAN, PERTANAHAN, DAN KOMUNIKASI",MM,18,,11,11
SENIOR MANAGER PRODUKSI,MM,18,,1,1
SENIOR MANAGER PRODUKSI DAN WORKSHOP,MM,18,,1,1
SENIOR MANAGER QUALITY ASSURANCE AND QUALITY CONTROL,MM,18,,1,1
SENIOR MANAGER RISET DAN TEKNOLOGI SISTEM PEMBANGKITAN DAN ENERGI,MM,18,,1,1
SENIOR MANAGER RISET DAN TEKNOLOGI SISTEM TRANSMISI DAN DISTRIBUSI,MM,18,,1,1
"SENIOR MANAGER SERTIFIKASI PRODUK, SISTEM MANAJEMEN, DAN KALIBRASI",MM,18,,1,1
"SENIOR MANAGER SISTEM PEMBANGKIT, TRANSMISI, DAN DISTRIBUSI",MM,18,,1,1
SENIOR MANAGER SISTEM TRANSMISI I,MM,19,,1,1
SENIOR MANAGER SISTEM TRANSMISI II,MM,19,,1,1
SENIOR MANAGER SUSTAINABILITY ACADEMY,MM,19,,1,1
SENIOR MANAGER TEKNIK,MM,18,,2,2
SENIOR MANAGER TRANSAKSI ENERGI DAN SETELMEN,MM,19,,1,1
SENIOR MANAGER TRANSMISI,MM,19,,2,2
SENIOR MANAGER TRANSMISI DAN DISTRIBUSI,MM,18,,4,4
SENIOR MANAGER UNIT PELAKSANA ASSESSMENT CENTER,MM,18,,1,1
SENIOR MANAGER UNIT PELAKSANA SERTIFIKASI,MM,18,,1,1
SENIOR OFFICER  PERFORMANCE ASSISTANT TO MANAGER,G3,14,,5,2
SENIOR OFFICER ACADEMY CORPORATE SECRETARY,G3,14,,1,1
SENIOR OFFICER ACADEMY DIGITAL DAN TEKNOLOGI INFORMASI,G3,14,,1,1
SENIOR OFFICER ACADEMY DISTRIBUSI,G3,14,,2,1
SENIOR OFFICER ACADEMY ENERGI BARU DAN ENERGY STORAGE SYSTEM,G3,14,,1,1
SENIOR OFFICER ACADEMY ENERGI PRIMER,G3,14,,1,1
SENIOR OFFICER ACADEMY ENERGI TERBARUKAN,G3,14,,1,1
SENIOR OFFICER ACADEMY HSSE,G3,14,,1,1
SENIOR OFFICER ACADEMY HUMAN CAPITAL DAN GENERAL AFFAIR,G3,13,,1,1
SENIOR OFFICER ACADEMY KEUANGAN,G3,14,,1,1
SENIOR OFFICER ACADEMY KONSTRUKSI DAN MANAJEMEN PROYEK,G3,14,,1,1
SENIOR OFFICER ACADEMY LEADERSHIP,G3,13,,2,1
"SENIOR OFFICER ACADEMY NIAGA, PEMASARAN, DAN PENJUALAN",G3,14,,2,1
SENIOR OFFICER ACADEMY NON TECHNICAL SUSTAINABILITY,G3,13,,1,1
SENIOR OFFICER ACADEMY OPERASI SISTEM DAN FASILITAS OPERASI,G3,13,,1,1
SENIOR OFFICER ACADEMY PERENCANAAN SISTEM DAN MANAJEMEN ASET,G3,14,,1,1
SENIOR OFFICER ACADEMY RISIKO DAN KEPATUHAN,G3,14,,1,1
SENIOR OFFICER ACADEMY SMART GRID DAN DEKARBONISASI SISTEM ENERGI,G3,14,,1,1
SENIOR OFFICER ADMINISTRASI AKUNTANSI PINJAMAN KANTOR PUSAT,G3,14,,3,1
SENIOR OFFICER ADMINISTRASI DAN KONTROL INTERNAL,G3,13,,2,1
SENIOR OFFICER ADMINISTRASI DAN MONITORING ADDITIONAL DEMAND,G3,14,,1,1
SENIOR OFFICER ADMINISTRASI DAN PENGADAAN HUKUM,G3,14,,1,1
SENIOR OFFICER ADMINISTRASI DAN PENGEMBANGAN SDM,G3,13,,1,1
SENIOR OFFICER ADMINISTRASI DAN UMUM,G3,14,,5,3
SENIOR OFFICER ADMINISTRASI EKSEKUTIF DIREKSI,G3,13,,4,1
SENIOR OFFICER ADMINISTRASI KONSTRUKSI,G3,13,,1,1
SENIOR OFFICER ADMINISTRASI KONTRAK,G3,13,,8,4
SENIOR OFFICER ADMINISTRASI LOGISTIK DAN KEPABEANAN,G3,14,,1,1
SENIOR OFFICER ADMINISTRASI NIAGA,G3,14,,1,1
SENIOR OFFICER ADMINISTRASI PENDAPATAN INSTANSI VERTIKAL,G3,13,,1,1
SENIOR OFFICER ADMINISTRASI PENGEMBANGAN PRODUK NIAGA,G3,14,,1,1
SENIOR OFFICER AKUNTANSI,G3,14,,59,27
SENIOR OFFICER AKUNTANSI DAN SISTEM INFORMASI ASET,G3,13,,1,1
SENIOR OFFICER AKUNTANSI MANAJEMEN,G3,14,,1,1
SENIOR OFFICER AKUNTANSI TRANSAKSI KANTOR PUSAT,G3,14,,3,1
SENIOR OFFICER ANALISA DAN EVALUASI JABATAN,G3,13,,1,1
SENIOR OFFICER ANALISIS DAN EVALUASI OPERASI SISTEM,G3,13,,2,1
SENIOR OFFICER ANGGARAN,G3,14,,10,4
SENIOR OFFICER ANGGARAN DAN ADMINISTRASI KOMUNIKASI DAN TJSL,G3,14,,1,1
SENIOR OFFICER ANGGARAN INVESTASI NIAGA,G3,14,,1,1
SENIOR OFFICER ANGGARAN OPERASI NIAGA,G3,13,,1,1
SENIOR OFFICER ANGGARAN PEMBANGKITAN,G3,13,,1,1
SENIOR OFFICER ANGGARAN SARANA KANTOR PUSAT,G3,14,,1,1
"SENIOR OFFICER ANGGARAN, KEUANGAN DAN AKUNTANSI",G3,14,,2,2
SENIOR OFFICER APLIKASI DISTRIBUSI,G3,14,,3,1
SENIOR OFFICER APLIKASI MOBILE SUPPORT,G3,14,,1,1
SENIOR OFFICER APLIKASI PEMBANGKITAN,G3,13,,2,1
SENIOR OFFICER APLIKASI PROYEK,G3,13,,1,1
SENIOR OFFICER APLIKASI TRANSMISI,G3,13,,1,1
SENIOR OFFICER ASESMEN PERFORMA PRODUKTIVITAS ASET,G3,14,,1,1
SENIOR OFFICER ASET PROPERTI DAN UMUM,G3,14,,94,25
"SENIOR OFFICER ASET PROPERTI, KOMUNIKASI DAN UMUM",G3,14,,17,5
"SENIOR OFFICER ASET PROPERTI, KOMUNIKASI, DAN UMUM",G3,14,,3,2
SENIOR OFFICER ASURANSI,G3,13,,2,1
SENIOR OFFICER AUDIT DATA ANALITIK DAN CONTINUOUS AUDIT 2,G3,14,,2,1
SENIOR OFFICER AUDIT INVESTIGASI 1A,G3,13,,1,1
SENIOR OFFICER AUDIT INVESTIGASI 1B,G3,14,,1,1
SENIOR OFFICER AUDIT INVESTIGASI 2A,G3,14,,1,1
SENIOR OFFICER AUDIT KEUANGAN KORPORASI 1,G3,13,,1,1
SENIOR OFFICER AUDIT KEUANGAN KORPORASI 4,G3,13,,1,1
"SENIOR OFFICER AUDIT KONSTRUKSI, PEMBANGKITAN, DAN EBT 1B",G3,14,,1,1
"SENIOR OFFICER AUDIT KONSTRUKSI, PEMBANGKITAN, DAN EBT 1C",G3,13,,1,1
"SENIOR OFFICER AUDIT KONSTRUKSI, PEMBANGKITAN, DAN EBT 2C",G3,13,,1,1
"SENIOR OFFICER AUDIT KONSTRUKSI, PEMBANGKITAN, DAN EBT 3C",G3,14,,1,1
SENIOR OFFICER AUDIT TRANSMISI DAN DISTRIBUSI 1A,G3,14,,1,1
SENIOR OFFICER AUDIT TRANSMISI DAN DISTRIBUSI 1B,G3,13,,1,1
SENIOR OFFICER AUDIT TRANSMISI DAN DISTRIBUSI 1C,G3,14,,2,1
SENIOR OFFICER AUDIT TRANSMISI DAN DISTRIBUSI 2B,G3,14,,1,1
SENIOR OFFICER AUDIT TRANSMISI DAN DISTRIBUSI 2C,G3,13,,1,1
SENIOR OFFICER AUDIT TRANSMISI DAN DISTRIBUSI 2D,G3,13,,1,1
SENIOR OFFICER AUDIT TRANSMISI DAN DISTRIBUSI 3B,G3,13,,2,1
SENIOR OFFICER AUDIT TRANSMISI DAN DISTRIBUSI 3C,G3,14,,1,1
SENIOR OFFICER AUDIT TRANSMISI DAN DISTRIBUSI 3D,G3,14,,1,1
"SENIOR OFFICER BANTUAN HUKUM DAN REGULASI JAWA, MADURA, DAN BALI",G3,14,,2,1
"SENIOR OFFICER BANTUAN HUKUM DAN REGULASI SULAWESI, MALUKU, PAPUA DANNUSA TENGGARA",G3,13,,1,1
SENIOR OFFICER BANTUAN HUKUM SUB HOLDING,G3,14,,1,1
SENIOR OFFICER BUDAYA PERUSAHAAN,G3,13,,1,1
SENIOR OFFICER CONTACT CENTER 123,G3,14,,2,1
SENIOR OFFICER CONTINUOUS IMPROVEMENT PAYMENT CENTRALIZATION,G3,14,,1,1
SENIOR OFFICER DATA ANALITIK,G3,14,,1,1
SENIOR OFFICER DEALER LIKUIDITAS MATA UANG ASING,G3,14,,1,1
SENIOR OFFICER DEALER LIKUIDITAS MATA UANG LOKAL,G3,14,,1,1
SENIOR OFFICER DIGITALISASI DISTRIBUSI DAN RETAIL,G3,13,,2,1
SENIOR OFFICER DIGITALISASI ENABLER DAN BUDAYA,G3,14,,1,1
SENIOR OFFICER DIGITALISASI PEMBANGKITAN DAN TRANSMISI,G3,13,,1,1
SENIOR OFFICER DIGITALISASI PROSES BISNIS INTERNAL DAN BEYOND KWH,G3,14,,2,1
SENIOR OFFICER DISTRIBUSI,G3,13,,2,1
SENIOR OFFICER EFEKTIVITAS ORGANISASI DAN TENAGA KERJA AREA 1,G3,14,,1,1
SENIOR OFFICER EFEKTIVITAS ORGANISASI DAN TENAGA KERJA AREA 3,G3,13,,1,1
SENIOR OFFICER EFEKTIVITAS ORGANISASI DAN TENAGA KERJA AREA 5,G3,13,,3,1
SENIOR OFFICER EFEKTIVITAS ORGANISASI DAN TENAGA KERJA AREA 6,G3,13,,5,1
SENIOR OFFICER EFEKTIVITAS ORGANISASI DAN TENAGA KERJA AREA 7,G3,14,,2,1
SENIOR OFFICER EFEKTIVITAS ORGANISASI DAN TENAGA KERJA AREA 8,G3,14,,2,1
SENIOR OFFICER EFEKTIVITAS ORGANISASI DAN TENAGA KERJA AREA 9,G3,13,,3,1
SENIOR OFFICER EFEKTIVITAS ORGANISASI KANTOR PUSAT,G3,13,,1,1
SENIOR OFFICER EFEKTIVITAS ORGANISASI UNIT,G3,14,,1,1
"SENIOR OFFICER EFISIENSI, PENGUKURAN DAN MUTU SISTEM DISTRIBUSI",G3,14,,40,19
SENIOR OFFICER EKSPLORASI DAN PERIZINAN PLTP,G3,13,,2,1
SENIOR OFFICER ENJINIRING,G3,13,,13,6
SENIOR OFFICER ENJINIRING DAN MANAJEMEN ASET PEMBANGKITAN,G3,13,,4,1
SENIOR OFFICER ENJINIRING DAN PERENCANAAN PENGADAAN GARDU INDUK,G3,13,,4,1
SENIOR OFFICER ENJINIRING DAN PERENCANAAN PENGADAAN PEMBANGKIT NON EBT 1,G3,14,,2,1
SENIOR OFFICER ENJINIRING DAN PERENCANAAN PENGADAAN PEMBANGKIT NON EBT 2,G3,13,,1,1
SENIOR OFFICER ENJINIRING DAN PERENCANAAN PENGADAAN PEMBANGKIT NON EBT2,G3,14,,1,1
SENIOR OFFICER ENJINIRING DAN PERENCANAAN PENGADAAN TRANSMISI,G3,13,,2,1
SENIOR OFFICER ENJINIRING PEMBANGKITAN,G3,14,,4,2
SENIOR OFFICER ERP BUDGET PLANNING AND CONTROLLING,G3,13,,1,1
SENIOR OFFICER ERP FINANCE AND ACCOUNTING,G3,14,,1,1
SENIOR OFFICER ERP HUMAN CAPITAL AND QUALITY CONTROL,G3,13,,1,1
SENIOR OFFICER ERP LOGISTICS,G3,14,,2,1
SENIOR OFFICER ERP SUPPLY CHAIN MANAGEMENT,G3,13,,1,1
SENIOR OFFICER EVALUASI CUSTOMER JOURNEY,G3,13,,1,1
SENIOR OFFICER EVALUASI PELAKSANAAN ASESMEN,G3,13,,2,1
SENIOR OFFICER EVALUASI PELAKSANAAN SERTIFIKASI,G3,13,,1,1
SENIOR OFFICER EVALUASI PORTOFOLIO,G3,13,,1,1
SENIOR OFFICER EVALUASI SUBSIDI,G3,13,,1,1
SENIOR OFFICER EVALUASI TARIF,G3,13,,2,1
SENIOR OFFICER FASILITAS OPERASI,G3,14,,1,1
SENIOR OFFICER FASILITAS TEKNOLOGI INFORMASI KANTOR PUSAT,G3,14,,1,1
SENIOR OFFICER HARMONISASI DAN MONITORING KEBIJAKAN 2,G3,13,,1,1
SENIOR OFFICER HEALTH CARE PROVIDER,G3,14,,2,1
SENIOR OFFICER HUBUNGAN INVESTOR DAN GCG,G3,13,,1,1
SENIOR OFFICER HUBUNGAN LEGISLATIF,G3,14,,1,1
SENIOR OFFICER HUMAN CAPITAL HELP CENTER,G3,14,,2,1
SENIOR OFFICER IMBANGAN AUDIT EKSTERNAL 1,G3,14,,1,1
SENIOR OFFICER INKUBASI PENGEMBANGAN PRODUK NIAGA,G3,13,,3,1
SENIOR OFFICER INTEGRASI INFRASTRUKTUR APLIKASI,G3,14,,1,1
SENIOR OFFICER IPP DAN EXCESS POWER,G3,14,,17,9
SENIOR OFFICER IT BUSINESS PARTNER DISTRIBUSI,G3,13,,2,1
SENIOR OFFICER IT BUSINESS PARTNER NIAGA DAN PROYEK,G3,13,,1,1
SENIOR OFFICER IT BUSINESS PARTNER SUPPORT,G3,13,,1,1
SENIOR OFFICER JAMINAN KUALITAS AUDIT,G3,14,,1,1
SENIOR OFFICER JAMINAN KUALITAS MANAJEMEN RISIKO,G3,14,,1,1
SENIOR OFFICER KAJIAN DAN INVESTIGASI TEKNIK DAN TEKNOLOGI SISTEM TRANSMISI DAN DISTRIBUSI,G3,14,,6,1
SENIOR OFFICER KAJIAN DAN INVESTIGASI TEKNIK TEKNOLOGI SISTEM PEMBANGKITAN DAN ENERGI,G3,14,,7,1
"SENIOR OFFICER KEAMANAN JAWA, MADURA, DAN BALI",G3,14,,1,1
SENIOR OFFICER KEBIJAKAN DAN SISTEM INFORMASI ASET PROPERTI,G3,13,,1,1
SENIOR OFFICER KEBIJAKAN OPERASIONAL HUMAN CAPITAL,G3,14,,3,1
SENIOR OFFICER KEBIJAKAN OPERASIONAL TEKNOLOGI INFORMASI,G3,14,,1,1
SENIOR OFFICER KEBIJAKAN STRATEGIS HUMAN CAPITAL,G3,14,,2,1
SENIOR OFFICER KESELAMATAN DAN KESEHATAN KERJA,G3,14,,9,3
"SENIOR OFFICER KESELAMATAN, KESEHATAN KERJA DAN KEAMANAN",G3,13,,3,3
"SENIOR OFFICER KESELAMATAN, KESEHATAN KERJA, DAN KEAMANAN",G3,13,,1,1
"SENIOR OFFICER KESELAMATAN, KESEHATAN KERJA, LINGKUNGAN DAN KEAMANAN",G3,14,,34,18
"SENIOR OFFICER KESELAMATAN, KESEHATAN KERJA, LINGKUNGAN dan KEAMANAN",G3,13,,1,1
"SENIOR OFFICER KESELAMATAN, KESEHATAN KERJA, LINGKUNGAN, DAN KEAMANAN",G3,13,,1,1
SENIOR OFFICER KETAHANAN KEAMANAN,G3,14,,1,1
SENIOR OFFICER KEUANGAN DAN AKUNTANSI,G3,14,,1,1
SENIOR OFFICER KEUANGAN DAN ANGGARAN,G3,14,,100,34
"SENIOR OFFICER KEUANGAN, ANGGARAN DAN AKUNTANSI",G3,14,,1,1
"SENIOR OFFICER KEUANGAN, PERIZINAN, PERTANAHAN DAN UMUM",G3,13,,16,5
SENIOR OFFICER KINERJA,G3,13,,131,31
SENIOR OFFICER KINERJA DAN ADMINISTRASI LAYANAN PELANGGAN,G3,13,,191,19
SENIOR OFFICER KINERJA DAN ADMINISTRASI PUSAT LISTRIK,G3,13,,22,4
SENIOR OFFICER KINERJA DAN ADMINISTRASI TRANSMISI DAN GARDU INDUK,G3,13,,118,6
SENIOR OFFICER KINERJA DAN PERENCANAAN,G3,13,,18,3
SENIOR OFFICER KINERJA DIREKTORAT KORPORAT DAN UNIT BINAAN 1,G3,13,,1,1
SENIOR OFFICER KINERJA DIREKTORAT KORPORAT DAN UNIT BINAAN 2,G3,13,,2,1
SENIOR OFFICER KINERJA FASILITAS OPERASI,G3,13,,19,12
SENIOR OFFICER KINERJA JARINGAN DAN KONSTRUKSI,G3,13,,7,1
SENIOR OFFICER KINERJA JARINGAN DAN KONSTRUKSI DISTRIBUSI,G3,13,,71,13
SENIOR OFFICER KINERJA JARINGAN DISTRIBUSI,G3,13,,60,9
SENIOR OFFICER KINERJA KEUANGAN DAN UMUM,G3,13,,35,11
"SENIOR OFFICER KINERJA KEUANGAN, KOMUNIKASI DAN UMUM",G3,13,,2,1
SENIOR OFFICER KINERJA KONSTRUKSI,G3,13,,20,3
SENIOR OFFICER KINERJA KONSTRUKSI DAN PENYALURAN,G3,13,,26,4
SENIOR OFFICER KINERJA KONSTRUKSI DISTRIBUSI,G3,13,,71,9
SENIOR OFFICER KINERJA NIAGA,G3,13,,12,2
SENIOR OFFICER KINERJA NIAGA DAN LAPORAN MANAJEMEN,G3,14,,2,1
SENIOR OFFICER KINERJA NIAGA DAN PEMASARAN,G3,13,,72,17
SENIOR OFFICER KINERJA OPERASI DAN PEMELIHARAAN PEMBANGKIT,G3,13,,6,2
SENIOR OFFICER KINERJA OPERASI SISTEM,G3,13,,11,4
SENIOR OFFICER KINERJA OPERASI SISTEM DISTRIBUSI,G3,13,,9,6
SENIOR OFFICER KINERJA OPERASI SISTEM DISTRIBUSI (BIMA),G3,13,,2,1
SENIOR OFFICER KINERJA OPERASI SISTEM DISTRIBUSI (TANJUNG PINANG),G3,13,,1,1
SENIOR OFFICER KINERJA PELAKSANAAN PEMBELAJARAN,G3,13,,7,1
SENIOR OFFICER KINERJA PELAYANAN ASESMEN DAN KEUANGAN,G3,14,,3,1
SENIOR OFFICER KINERJA PELAYANAN DAN KEUANGAN,G3,13,,4,1
SENIOR OFFICER KINERJA PELAYANAN SERTIFIKASI DAN ASESMEN,G3,14,,3,1
SENIOR OFFICER KINERJA PEMASARAN,G3,13,,5,1
SENIOR OFFICER KINERJA PEMELIHARAAN,G3,13,,29,5
SENIOR OFFICER KINERJA PENGEMBANGAN MATERI,G3,14,,1,1
SENIOR OFFICER KINERJA PENGEMBANGAN SOFT COMPETENCY DAN PERSONALATTRIBUTE,G3,14,,1,1
SENIOR OFFICER KINERJA PERENCANAAN,G3,13,,1,1
SENIOR OFFICER KINERJA RANTAI PASOK,G3,13,,1,1
"SENIOR OFFICER KINERJA SUBHOLDING, ANAK PERUSAHAAN, DAN AFILIASI 2",G3,13,,1,1
SENIOR OFFICER KINERJA TRANSAKSI ENERGI LISTRIK,G3,13,,78,19
SENIOR OFFICER KINERJA VENDOR DAN MANAJEMEN RISIKO,G3,13,,1,1
SENIOR OFFICER KOMUNIKASI DAN KOLABORASI PENGEMBANGAN BISNIS,G3,13,,1,1
SENIOR OFFICER KOMUNIKASI DAN TJSL,G3,14,,43,19
SENIOR OFFICER KONSOLIDASI DATA,G3,13,,3,1
SENIOR OFFICER KONSTRUKSI,G3,13,,4,2
SENIOR OFFICER KONSTRUKSI JARINGAN,G3,14,,1,1
SENIOR OFFICER KONSULTANSI AUDIT 1A,G3,14,,1,1
SENIOR OFFICER KONSULTANSI AUDIT 1B,G3,14,,2,1
SENIOR OFFICER KONSULTANSI AUDIT 2A,G3,14,,2,1
SENIOR OFFICER KONSULTANSI AUDIT 2B,G3,14,,2,1
SENIOR OFFICER KONSUMSI ENERGI,G3,13,,1,1
SENIOR OFFICER KONTROL KUALITAS DAN REGULASI PENGADAAN PEMBANGKIT DANIPP,G3,14,,1,1
SENIOR OFFICER KORPORASI,G3,13,,1,1
SENIOR OFFICER KPKU,G3,14,,2,1
SENIOR OFFICER LAYANAN FUNGSI RISIKO DEMAND FORECAST,G3,14,,2,1
SENIOR OFFICER LAYANAN FUNGSI RISIKO DIGITAL DAN TEKNOLOGI KETENAGALISTRIKAN,G3,14,,1,1
SENIOR OFFICER LAYANAN FUNGSI RISIKO PASCA PERUNDANGAN,G3,14,,2,1
SENIOR OFFICER LEGAL,G3,13,,1,1
SENIOR OFFICER LEGAL ASET PROPERTI,G3,14,,1,1
SENIOR OFFICER LEGAL BUSINESS PARTNER IPP DAN PEMBANGKITAN,G3,13,,1,1
SENIOR OFFICER LEGAL BUSINESS PARTNER KEUANGAN DAN PENDANAAN,G3,13,,1,1
SENIOR OFFICER LEGAL BUSINESS PARTNER TRANSMISI,G3,14,,2,1
SENIOR OFFICER LOGISTIK,G3,14,,5,1
SENIOR OFFICER LOGISTIK DAN INVENTORY,G3,14,,1,1
SENIOR OFFICER LOGISTIK DAN KEPABEANAN,G3,14,,2,2
SENIOR OFFICER LOGISTIK LAYANAN PELANGGAN,G3,13,,37,8
SENIOR OFFICER LOGISTIK MTU DAN TKDN,G3,14,,1,1
SENIOR OFFICER LOGISTIK PUSAT LISTRIK,G3,13,,2,1
SENIOR OFFICER LOGISTIK TRANSMISI DAN GARDU INDUK,G3,13,,24,4
SENIOR OFFICER MANAJEMEN ASET,G3,14,,8,4
SENIOR OFFICER MANAJEMEN ASET DISTRIBUSI,G3,13,,1,1
SENIOR OFFICER MANAJEMEN DEMAND,G3,13,,2,1
SENIOR OFFICER MANAJEMEN DEMAND PEMBANGKIT,G3,13,,1,1
SENIOR OFFICER MANAJEMEN KEPATUHAN REGULASI,G3,13,,1,1
SENIOR OFFICER MANAJEMEN KINERJA HUMAN CAPITAL,G3,13,,1,1
SENIOR OFFICER MANAJEMEN LOGISTIK,G3,13,,1,1
SENIOR OFFICER MANAJEMEN LOGISTIK PEMBANGKIT,G3,13,,1,1
SENIOR OFFICER MANAJEMEN MUTU DAN SISTEM MANAJEMEN TERINTEGRASI,G3,13,,2,1
SENIOR OFFICER MANAJEMEN PENGETAHUAN,G3,14,,2,1
SENIOR OFFICER MANAJEMEN RISIKO DAN KEPATUHAN PERBENDAHARAAN,G3,14,,1,1
SENIOR OFFICER MANAJEMEN SUPPLY,G3,13,,1,1
SENIOR OFFICER MANAJEMEN VALUASI ASET,G3,14,,4,1
SENIOR OFFICER MONITORING DAN EVALUASI INVESTASI,G3,14,,1,1
SENIOR OFFICER MONITORING DAN EVALUASI PENJUALAN,G3,14,,2,1
SENIOR OFFICER MONITORING PINJAMAN DAN PELAPORAN,G3,14,,2,1
SENIOR OFFICER OPERASI DAN PEMELIHARAAN SISTEM DISTRIBUSI,G3,14,,34,15
SENIOR OFFICER OPERASI PEMBANGKITAN,G3,14,,4,2
SENIOR OFFICER OPERASIONAL PAYMENT CENTRALIZATION,G3,14,,2,1
SENIOR OFFICER PAJAK PEMBAYARAN TERPUSAT,G3,14,,1,1
SENIOR OFFICER PAJAK PENGHASILAN (PPh),G3,13,,1,1
SENIOR OFFICER PDKB DAN FASILITAS PEMELIHARAAN,G3,14,,6,3
SENIOR OFFICER PELAKSANA PENGADAAN,G3,13,,35,22
SENIOR OFFICER PELAKSANA PENGADAAN EPC PEMBANGKIT EBT,G3,14,,1,1
SENIOR OFFICER PELAKSANA PENGADAAN II,G3,13,,1,1
SENIOR OFFICER PELAKSANA PENGADAAN MATERIAL TERPUSAT,G3,13,,1,1
SENIOR OFFICER PELAKSANAAN KONSULTASI SISTEM MANAJEMEN,G3,14,,5,1
SENIOR OFFICER PELAPORAN DAN EVALUASI ASET,G3,14,,2,1
SENIOR OFFICER PELAPORAN KEUANGAN,G3,14,,1,1
SENIOR OFFICER PELAPORAN KEUANGAN KANTOR PUSAT,G3,13,,1,1
SENIOR OFFICER PELAPORAN TATA USAHA PELANGGAN,G3,13,,2,1
SENIOR OFFICER PELAYANAN DATA HUMAN CAPITAL DAN PURNAKARYA,G3,13,,1,1
SENIOR OFFICER PELAYANAN KOMPENSASI HUMAN CAPITAL,G3,13,,3,1
SENIOR OFFICER PELAYANAN PELANGGAN,G3,14,,28,17
SENIOR OFFICER PELAYANAN PEMERINTAH,G3,13,,1,1
SENIOR OFFICER PELAYANAN SARANA PENUNJANG,G3,14,,1,1
SENIOR OFFICER PEMANTAUAN DAN PELAPORAN MANAJEMEN RISIKO KORPORASI,G3,13,,1,1
SENIOR OFFICER PEMASARAN,G3,13,,1,1
SENIOR OFFICER PEMBAYARAN KANTOR PUSAT,G3,14,,1,1
SENIOR OFFICER PEMBAYARAN UNIT,G3,14,,2,1
SENIOR OFFICER PEMBELAJARAN,G3,14,,19,1
SENIOR OFFICER PEMELIHARAAN,G3,13,,3,3
SENIOR OFFICER PEMELIHARAAN GARDU INDUK,G3,14,,9,3
SENIOR OFFICER PEMELIHARAAN JARINGAN,G3,13,,13,3
SENIOR OFFICER PEMELIHARAAN JARINGAN DAN GARDU INDUK,G3,13,,3,2
SENIOR OFFICER PEMELIHARAAN PEMBANGKITAN,G3,14,,3,3
SENIOR OFFICER PEMELIHARAAN PROTEKSI DAN METER,G3,14,,8,3
SENIOR OFFICER PENDANAAN DAN HIBAH LUAR NEGERI,G3,14,,1,1
SENIOR OFFICER PENDAYAGUNAAN ASET PROPERTI,G3,13,,2,1
SENIOR OFFICER PENDIDIKAN FORMAL,G3,13,,1,1
SENIOR OFFICER PENGAMANAN PENDAPATAN,G3,14,,37,17
SENIOR OFFICER PENGELOLA ADMINISTRASI DAN UMUM,G3,13,,2,1
SENIOR OFFICER PENGELOLA RAPAT DEWAN KOMISARIS,G3,14,,1,1
SENIOR OFFICER PENGELOLAAN ANGGARAN TRANSMISI,G3,14,,2,1
SENIOR OFFICER PENGELOLAAN COVENANT DAN PENARIKAN PMN,G3,13,,1,1
SENIOR OFFICER PENGELOLAAN DAN PEMELIHARAAN ASET PROPERTI,G3,13,,1,1
SENIOR OFFICER PENGELOLAAN DAN PENGEMBANGAN INOVASI,G3,14,,6,1
SENIOR OFFICER PENGELOLAAN ESG DAN SAFEGUARD,G3,14,,32,27
SENIOR OFFICER PENGELOLAAN JARINGAN DAN KOMUNIKASI DATA,G3,13,,1,1
SENIOR OFFICER PENGELOLAAN KOMERSIALISASI PRODUK,G3,14,,3,1
SENIOR OFFICER PENGELOLAAN MATERIAL CADANG TRANSMISI,G3,13,,2,1
SENIOR OFFICER PENGELOLAAN PEMBANGKITAN,G3,14,,3,2
"SENIOR OFFICER PENGELOLAAN PEMBELAJARAN, ASESMEN, DAN SERTIFIKASIBERBASIS DIGITAL",G3,13,,1,1
SENIOR OFFICER PENGELOLAAN PERGUDANGAN TRANSMISI,G3,13,,3,1
SENIOR OFFICER PENGELOLAAN PIUTANG,G3,14,,2,1
"SENIOR OFFICER PENGELOLAAN SAHAM, SHL, AP, DAN AFILIASI",G3,13,,1,1
SENIOR OFFICER PENGELOLAAN UMK (CEO RUMAH BUMN LAMPUNG),G3,13,,1,1
SENIOR OFFICER PENGELOLAAN UMK (CFO RUMAH BUMN LAMPUNG),G3,13,,1,1
SENIOR OFFICER PENGELOLAAN WHISTLE BLOWING SYSTEM,G3,14,,1,1
SENIOR OFFICER PENGEMBANGAN BISNIS KETENAGALISTRIKAN 1A,G3,14,,1,1
SENIOR OFFICER PENGEMBANGAN BISNIS KETENAGALISTRIKAN 2A,G3,14,,1,1
SENIOR OFFICER PENGEMBANGAN BISNIS KETENAGALISTRIKAN 2B,G3,14,,1,1
SENIOR OFFICER PENGEMBANGAN BISNIS TEKNOLOGI BARU DAN SOLUSI INOVATIF 1,G3,14,,1,1
SENIOR OFFICER PENGEMBANGAN DAN EVALUASI PLN MOBILE,G3,13,,1,1
SENIOR OFFICER PENGEMBANGAN DAN PELAPORAN ICOFR,G3,14,,2,1
SENIOR OFFICER PENGEMBANGAN DAN PROJECT EXCELLENCE,G3,13,,1,1
SENIOR OFFICER PENGEMBANGAN EKSEKUTIF,G3,13,,2,1
SENIOR OFFICER PENGEMBANGAN EXPERT,G3,14,,1,1
"SENIOR OFFICER PENGEMBANGAN INSTRUKTUR, ASESOR, DAN KONSULTAN SISTEMMANAJEMEN",G3,14,,2,1
SENIOR OFFICER PENGEMBANGAN KEAMANAN IT/OT,G3,13,,1,1
SENIOR OFFICER PENGEMBANGAN KEARSIPAN,G3,14,,1,1
SENIOR OFFICER PENGEMBANGAN LABORATORIUM,G3,13,,1,1
SENIOR OFFICER PENGEMBANGAN MANAJEMEN,G3,14,,3,1
SENIOR OFFICER PENGEMBANGAN MANAJEMEN RISIKO,G3,13,,1,1
SENIOR OFFICER PENGEMBANGAN MATERI DAN PENGOLAHAN DATA,G3,13,,2,1
SENIOR OFFICER PENGEMBANGAN MATERI DIGITAL,G3,13,,3,1
SENIOR OFFICER PENGEMBANGAN MODEL PROYEKSI KEUANGAN,G3,13,,1,1
SENIOR OFFICER PENGEMBANGAN PEMBELAJARAN PRAJABATAN DAN PURNABAKTI,G3,14,,2,1
SENIOR OFFICER PENGEMBANGAN PEMELIHARAAN TRANSMISI,G3,13,,6,1
SENIOR OFFICER PENGEMBANGAN SISTEM ANGGARAN,G3,13,,1,1
SENIOR OFFICER PENGEMBANGAN TALENTA AREA DAN ANAK PERUSAHAAN,G3,13,,1,1
SENIOR OFFICER PENGEMBANGAN TALENTA KANTOR PUSAT,G3,14,,2,1
SENIOR OFFICER PENGENDALIAN ANEKA EBT,G3,13,,2,1
"SENIOR OFFICER PENGENDALIAN BIAYA, MUTU, DAN WAKTU PROYEK",G3,14,,4,1
SENIOR OFFICER PENGENDALIAN KINERJA DAN ANGGARAN KONSTRUKSI,G3,13,,3,1
SENIOR OFFICER PENGENDALIAN KINERJA TRANSMISI,G3,14,,1,1
SENIOR OFFICER PENGENDALIAN KONSTRUKSI,G3,14,,4,1
SENIOR OFFICER PENGENDALIAN KONSTRUKSI DAN LOGISTIK,G3,14,,17,4
SENIOR OFFICER PENGENDALIAN LAYANAN TEKNOLOGI INFORMASI,G3,13,,1,1
SENIOR OFFICER PENGENDALIAN LOGISTIK,G3,13,,1,1
SENIOR OFFICER PENGENDALIAN OPERASI DAN PEMELIHARAAN,G3,14,,31,6
SENIOR OFFICER PENGENDALIAN OPERASI SISTEM,G3,14,,5,1
SENIOR OFFICER PENGENDALIAN OPERASIONAL TEKNOLOGI INFORMASI,G3,13,,1,1
SENIOR OFFICER PENGENDALIAN PDKB,G3,13,,2,1
SENIOR OFFICER PENGENDALIAN PRODUKSI,G3,14,,1,1
SENIOR OFFICER PENGENDALIAN PROYEK,G3,14,,29,7
SENIOR OFFICER PENGENDALIAN WORKSHOP,G3,14,,3,1
SENIOR OFFICER PENGHAPUSAN ASET,G3,14,,1,1
SENIOR OFFICER PENYALURAN DAN PROTEKSI,G3,13,,1,1
SENIOR OFFICER PERATURAN DAN URUSAN KEBIJAKAN OPERASI DAN PROYEK,G3,13,,1,1
SENIOR OFFICER PERENCANA PENGADAAN,G3,14,,106,38
SENIOR OFFICER PERENCANA PENGADAAN PLTP,G3,14,,2,1
SENIOR OFFICER PERENCANA PENGADAAN PLTP IPP,G3,13,,2,1
SENIOR OFFICER PERENCANAAN,G3,13,,9,1
SENIOR OFFICER PERENCANAAN DAN EVALUASI PEMBELAJARAN ANAK PERUSAHAAN,G3,14,,2,1
SENIOR OFFICER PERENCANAAN DAN EVALUASI PEMELIHARAAN TRANSMISI,G3,13,,1,1
SENIOR OFFICER PERENCANAAN DAN EVALUASI TJSL,G3,13,,1,1
SENIOR OFFICER PERENCANAAN DAN KINERJA,G3,13,,14,9
SENIOR OFFICER PERENCANAAN DAN STRATEGI PENGEMBANGAN PRODUK NIAGA,G3,14,,3,1
SENIOR OFFICER PERENCANAAN ELEKTROMEKANIK,G3,14,,6,5
SENIOR OFFICER PERENCANAAN KINERJA HUMAN CAPITAL,G3,14,,1,1
SENIOR OFFICER PERENCANAAN KONSTRUKSI,G3,13,,2,1
SENIOR OFFICER PERENCANAAN LOGISTIK,G3,13,,2,1
SENIOR OFFICER PERENCANAAN OPERASI SISTEM,G3,13,,2,2
SENIOR OFFICER PERENCANAAN PAJAK,G3,13,,1,1
SENIOR OFFICER PERENCANAAN PENGADAAN MATERIAL DISTRIBUSI UTAMA,G3,13,,1,1
SENIOR OFFICER PERENCANAAN PENGEMBANGAN BISNIS,G3,13,,1,1
SENIOR OFFICER PERENCANAAN PENGUSAHAAN,G3,14,,4,2
SENIOR OFFICER PERENCANAAN PENGUSAHAAN DAN KINERJA,G3,14,,56,24
SENIOR OFFICER PERENCANAAN PINJAMAN DAN HIBAH,G3,14,,2,1
SENIOR OFFICER PERENCANAAN SIPIL,G3,13,,5,4
SENIOR OFFICER PERENCANAAN SISTEM,G3,14,,6,1
SENIOR OFFICER PERENCANAAN SISTEM DISTRIBUSI,G3,14,,57,18
SENIOR OFFICER PERENCANAAN SISTEM KELISTRIKAN,G3,14,,54,20
SENIOR OFFICER PERENCANAAN SUBSIDI,G3,14,,1,1
SENIOR OFFICER PERENCANAAN TENAGA KERJA,G3,14,,1,1
SENIOR OFFICER PERENCANAAN UMUM,G3,14,,7,4
"SENIOR OFFICER PERENCANAAN, ANALISIS DAN EVALUASI OPERASI SISTEM",G3,14,,1,1
"SENIOR OFFICER PERENCANAAN, EVALUASI PEMBELAJARAN DAN KINERJA",G3,14,,1,1
"SENIOR OFFICER PERENCANAAN, KINERJA, DAN EVALUASI KEBIJAKAN HUMANCAPITAL",G3,14,,2,1
SENIOR OFFICER PERFORMANCE ASSISTANT TO MANAGER,G3,14,,1282,42
SENIOR OFFICER PERFORMANCE ASSISTANT to MANAGER,G3,14,,132,2
SENIOR OFFICER PERFORMANCE DAILY OPERATION PLN MOBILE,G3,13,,2,1
SENIOR OFFICER PERIZINAN,G3,14,,1,1
SENIOR OFFICER PERIZINAN DAN KELEMBAGAAN,G3,13,,2,1
SENIOR OFFICER PERIZINAN DAN KOMUNIKASI,G3,14,,21,10
SENIOR OFFICER PERIZINAN DAN PERTANAHAN KONSTRUKSI,G3,14,,2,1
SENIOR OFFICER PERTANAHAN DAN ASET,G3,14,,16,7
SENIOR OFFICER PINJAMAN LUAR NEGERI (PHLN),G3,13,,1,1
SENIOR OFFICER PMIS DAN ADMINISTRASI TEKNIK,G3,14,,12,7
SENIOR OFFICER PMN DAN PINJAMAN DALAM NEGERI,G3,14,,1,1
SENIOR OFFICER PRIORITISASI DAN INTEGRASI INVESTASI,G3,13,,1,1
SENIOR OFFICER PRIORITY ACCOUNT EXECUTIVE KAWASAN EKONOMI KHUSUS DAN WILAYAH USAHA,G3,13,,1,1
SENIOR OFFICER PRIORITY ACCOUNT EXECUTIVE KAWASAN INDUSTRI,G3,13,,1,1
SENIOR OFFICER PROGRAM KELISTRIKAN,G3,13,,1,1
SENIOR OFFICER PROGRAM PERUBAHAN,G3,13,,2,1
SENIOR OFFICER PROSES BISNIS DAN SISTEM INFORMASI PELAYANAN PELANGGAN,G3,13,,2,1
SENIOR OFFICER PROSES BISNIS UNIT DAN ANAK PERUSAHAAN,G3,14,,1,1
SENIOR OFFICER PROTEKSI,G3,13,,3,3
SENIOR OFFICER PROTOKOLER DIREKSI,G3,14,,2,1
SENIOR OFFICER PROYEK DAN INFORMASI STRATEGIS,G3,13,,1,1
SENIOR OFFICER REGULASI EKSTERNAL INFRASTRUKTUR KETENAGALISTRIKAN,G3,14,,2,1
SENIOR OFFICER REKRUTMEN DAN ONBOARDING,G3,14,,2,1
SENIOR OFFICER RISET DAN ASESMEN TEKNOLOGI SISTEM PEMBANGKITAN DAN ENERGI,G3,14,,9,1
SENIOR OFFICER RISET DAN ASESMEN TEKNOLOGI SISTEM TRANSMISI DAN DISTRIBUSI,G3,14,,2,1
SENIOR OFFICER RISIKO DAN BENEFIT PROYEK,G3,13,,1,1
SENIOR OFFICER RISIKO DISTRIBUSI JAWA BAGIAN BARAT,G3,13,,1,1
SENIOR OFFICER RISIKO DISTRIBUSI JBT DAN JBTB,G3,13,,1,1
SENIOR OFFICER RISIKO DISTRIBUSI SUMATERA BAGIAN SELATAN,G3,14,,1,1
SENIOR OFFICER RISIKO KEUANGAN,G3,13,,1,1
"SENIOR OFFICER RISIKO KONSTRUKSI JAWA, MADURA, BALI, MALUKU, PAPUA, DANNUSA TENGGARA",G3,14,,2,1
"SENIOR OFFICER RISIKO KONSTRUKSI SUMATERA, KALIMANTAN, DAN SULAWESI",G3,14,,2,1
SENIOR OFFICER RISIKO PELAYANAN PELANGGAN,G3,14,,1,1
SENIOR OFFICER RISIKO PERENCANAAN DAN OPERASI DISTRIBUSI,G3,14,,2,1
SENIOR OFFICER RISIKO PERENCANAAN PEMBANGKITAN,G3,14,,1,1
"SENIOR OFFICER RISIKO PERENCANAAN, KONTRAK PROYEK, DAN PMO",G3,14,,1,1
"SENIOR OFFICER RISIKO TRANSMISI KALIMANTAN, SULAWESI, MALUKU, PAPUA, DANNUSA TENGGARA",G3,13,,1,1
SENIOR OFFICER SEKRETARIS DIREKSI,G3,14,,1,1
SENIOR OFFICER SENIOR PRIORITY ACCOUNT EXECUTIVE,G3,13,,39,10
SENIOR OFFICER SERTIFIKASI,G3,14,,2,1
SENIOR OFFICER SERTIFIKASI ASET PROPERTI,G3,14,,1,1
SENIOR OFFICER SERTIFIKASI PERSONEL,G3,13,,1,1
SENIOR OFFICER SERTIFIKASI SISTEM MANAJEMEN,G3,14,,1,1
SENIOR OFFICER SETELMEN,G3,14,,1,1
SENIOR OFFICER SETTLEMENT LIKUIDITAS MATA UANG ASING,G3,13,,1,1
SENIOR OFFICER SISTEM AKUNTANSI KORPORAT,G3,14,,1,1
SENIOR OFFICER SISTEM KOMPETENSI,G3,14,,1,1
SENIOR OFFICER SISTEM MANAJEMEN TERINTEGRASI,G3,13,,1,1
SENIOR OFFICER SISTEM MANAJEMEN VALUASI ASET,G3,13,,3,1
SENIOR OFFICER SISTEM TEKNOLOGI INFORMASI BALI,G3,14,,1,1
SENIOR OFFICER SISTEM TEKNOLOGI INFORMASI BANGKA BELITUNG,G3,14,,1,1
SENIOR OFFICER SISTEM TEKNOLOGI INFORMASI D.I. YOGYAKARTA,G3,14,,1,1
SENIOR OFFICER SISTEM TEKNOLOGI INFORMASI JAKARTA 2,G3,14,,2,1
SENIOR OFFICER SISTEM TEKNOLOGI INFORMASI JAKARTA 4,G3,14,,1,1
SENIOR OFFICER SISTEM TEKNOLOGI INFORMASI JAKARTA 5,G3,13,,1,1
SENIOR OFFICER SISTEM TEKNOLOGI INFORMASI JAWA BARAT 1,G3,13,,3,1
SENIOR OFFICER SISTEM TEKNOLOGI INFORMASI JAWA BARAT 2,G3,14,,1,1
SENIOR OFFICER SISTEM TEKNOLOGI INFORMASI JAWA TENGAH,G3,13,,3,1
SENIOR OFFICER SISTEM TEKNOLOGI INFORMASI JAWA TIMUR 1,G3,14,,3,1
SENIOR OFFICER SISTEM TEKNOLOGI INFORMASI JAWA TIMUR 3,G3,14,,3,1
SENIOR OFFICER SISTEM TEKNOLOGI INFORMASI LAMPUNG,G3,13,,1,1
SENIOR OFFICER SISTEM TEKNOLOGI INFORMASI MALUKU,G3,14,,1,1
SENIOR OFFICER SISTEM TEKNOLOGI INFORMASI NTB,G3,14,,1,1
SENIOR OFFICER SISTEM TEKNOLOGI INFORMASI RIAU 1,G3,14,,1,1
"SENIOR OFFICER SISTEM TEKNOLOGI INFORMASI SULAWESI SELATAN, SULAWESI TENGGARA, DAN SULAWESI BARAT 2",G3,14,,1,1
SENIOR OFFICER SISTEM TEKNOLOGI INFORMASI SULAWESI UTARA DAN GORONTALO,G3,13,,1,1
SENIOR OFFICER SISTEM TEKNOLOGI INFORMASI SUMATERA SELATAN 1,G3,14,,1,1
SENIOR OFFICER SISTEM TEKNOLOGI INFORMASI SUMATERA SELATAN 2,G3,14,,1,1
SENIOR OFFICER SISTEM TEKNOLOGI INFORMASI SUMATERA UTARA 2,G3,13,,1,1
SENIOR OFFICER STANDARDISASI DAN PENGEMBANGAN ENJINIRING TRANSMISI DAN GARDU INDUK,G3,13,,1,1
SENIOR OFFICER STANDARDISASI DAN PENGEMBANGAN ENJINIRING TRANSMISI DANGARDU INDUK,G3,13,,1,1
"SENIOR OFFICER STANDARDISASI MUTU, PROSES DAN SISTEM MANAJEMEN TERINTEGRASI",G3,14,,3,1
SENIOR OFFICER STRATEGI DAN ARSITEKTUR TEKNOLOGI INFORMASI,G3,13,,2,1
SENIOR OFFICER STRATEGI DAN KEBIJAKAN MANAJEMEN RISIKO,G3,13,,1,1
SENIOR OFFICER STRATEGI DAN PENGELOLAAN PORTOFOLIO ANAK PERUSAHAAN 1A,G3,14,,1,1
SENIOR OFFICER STRATEGI DAN PENGELOLAAN PORTOFOLIO ANAK PERUSAHAAN 2A,G3,13,,1,1
SENIOR OFFICER STRATEGI DAN PENGELOLAAN PORTOFOLIO ANAK PERUSAHAAN 2B,G3,14,,1,1
SENIOR OFFICER STRATEGI KOMUNIKASI,G3,13,,2,1
SENIOR OFFICER STRATEGI OFFICE OF STRATEGY MANAGEMENT,G3,14,,1,1
SENIOR OFFICER STRATEGI PEMASARAN,G3,14,,58,21
SENIOR OFFICER STRATEGI PERUBAHAN,G3,13,,4,1
SENIOR OFFICER STRATEGIC DELIVERY UNIT REGIONAL 1B,G3,13,,1,1
SENIOR OFFICER STRATEGIC DELIVERY UNIT REGIONAL 1C,G3,14,,1,1
SENIOR OFFICER STRATEGIC DELIVERY UNIT REGIONAL 2B,G3,13,,2,1
SENIOR OFFICER SUPPLY CHAIN MANAGEMENT,G3,13,,3,1
"SENIOR OFFICER TATA KELOLA, REGULASI DAN PROSES EXCELLENCE",G3,13,,1,1
"SENIOR OFFICER TATA KELOLA, REGULASI, DAN PROSES EXCELLENCE",G3,14,,1,1
SENIOR OFFICER TRACKING,G3,13,,1,1
SENIOR OFFICER TRANSAKSI TENAGA LISTRIK,G3,14,,1,1
SENIOR OFFICER VERIFIKASI,G3,14,,31,1
SENIOR OFFICER VERIFIKASI ENERGI PRIMER,G3,14,,1,1
SENIOR OFFICER VERIFIKASI INVESTASI,G3,14,,3,1
SENIOR OFFICER VERIFIKASI NON PURCHASE ORDER KANTOR PUSAT,G3,14,,2,1
SENIOR OFFICER VERIFIKASI PURCHASE ORDER KANTOR PUSAT,G3,13,,1,1
SENIOR SPECIALIST AUDITOR,SSP,19,,4,1
SENIOR SPECIALIST DISTRIBUSI,SSP,18,,7,1
SENIOR SPECIALIST HUMAN CAPITAL MANAGEMENT,SSP,20,,9,1
SENIOR SPECIALIST KEUANGAN,SSP,20,,7,1
SENIOR SPECIALIST MANAJEMEN NIAGA,SSP,19,,5,1
SENIOR SPECIALIST MANAJEMEN PEMBANGKITAN,SSP,19,,4,1
SENIOR SPECIALIST MANAJEMEN PROYEK DAN ENERGI BARU TERBARUKAN,SSP,18,,6,1
SENIOR SPECIALIST MANAJEMEN RISIKO,SSP,18,,3,1
SENIOR SPECIALIST PERENCANAAN STRATEGI,SSP,20,,6,1
SENIOR SPECIALIST PERENCANAAN STRATEGIS PEMBANGKITAN,SSP,19,,2,1
SENIOR SPECIALIST TRANSMISI DAN PERENCANAAN SISTEM,SSP,19,,6,1
SENIOR TECHNICIAN ANEKA ENERGI IPP,G3,13,,2,1
SENIOR TECHNICIAN ANEKA ENERGI PLN,G3,13,,1,1
SENIOR TECHNICIAN BIO ENERGI,G3,13,,2,1
SENIOR TECHNICIAN ENERGI HIDRO IPP,G3,13,,5,1
SENIOR TECHNICIAN ENERGI HIDRO PLN,G3,14,,3,1
"SENIOR TECHNICIAN ENERGI PRIMER SULAWESI, MALUKU, PAPUA, DAN NUSA TENGGARA",G3,13,,1,1
SENIOR TECHNICIAN ENERGI PRIMER SUMATERA DAN KALIMANTAN,G3,13,,1,1
SENIOR TECHNICIAN ENGINEERING DAN POLICY ANALYSIS,G3,13,,1,1
SENIOR TECHNICIAN ENJINIRING DAN KINERJA,G3,13,,2,1
SENIOR TECHNICIAN ENJINIRING PEMBANGKIT EBT,G3,13,,1,1
"SENIOR TECHNICIAN ENJINIRING TEKNOLOGI TRANSMISI KALIMANTAN, SULAWESI, MALUKU, PAPUA, DAN NUSA TENGGARA",G3,14,,1,1
"SENIOR TECHNICIAN ENJINIRING TEKNOLOGI TRANSMISI SUMATERA, JAWA, MADURA,DAN BALI",G3,13,,1,1
SENIOR TECHNICIAN ENJINIRING TRANSMISI DAN GARDU INDUK,G3,14,,1,1
"SENIOR TECHNICIAN ENVIRONMENTAL, SOCIAL, AND GOVERNANCE RATING",G3,13,,2,1
SENIOR TECHNICIAN FASILITAS OPERASI,G3,14,,2,1
SENIOR TECHNICIAN IMPLEMENTASI ASSET MANAGEMENT DISTRIBUSI,G3,13,,1,1
SENIOR TECHNICIAN IMPLEMENTASI ASSET MANAGEMENT KORPORAT,G3,13,,1,1
SENIOR TECHNICIAN IMPLEMENTASI ASSET MANAGEMENT STRATEJIK,G3,14,,1,1
SENIOR TECHNICIAN IMPLEMENTASI MANAJEMEN ASET PEMBANGKITAN,G3,13,,1,1
SENIOR TECHNICIAN INSPEKSI DAN KOMISIONING SISTEM PEMBANGKIT,G3,13,,19,1
SENIOR TECHNICIAN INSPEKSI DISTRIBUSI,G3,14,,1,1
SENIOR TECHNICIAN INSPEKSI TRANSMISI DAN GARDU INDUK,G3,13,,9,1
SENIOR TECHNICIAN KALIBRASI,G3,13,,2,1
"SENIOR TECHNICIAN KESELAMATAN DAN KESEHATAN KERJA PEMBANGKITAN, PROYEK, DAN KANTOR PUSAT",G3,14,,1,1
SENIOR TECHNICIAN KINERJA DISTRIBUSI,G3,14,,2,1
SENIOR TECHNICIAN KINERJA PEMBANGKITAN,G3,13,,2,1
SENIOR TECHNICIAN KONSTRUKSI JARINGAN,G3,13,,1,1
SENIOR TECHNICIAN KONSTRUKSI PEMBANGKIT,G3,13,,5,1
"SENIOR TECHNICIAN KONSTRUKSI TRANSMISI KALIMANTAN, SULAWESI, MALUKU, PAPUA DAN NUSA TENGGARA",G3,14,,1,1
"SENIOR TECHNICIAN KUALITAS DAN EFISIENSI DISTRIBUSI SULAWESI, MALUKU, PAPUA,DAN NUSA TENGGARA",G3,13,,1,1
SENIOR TECHNICIAN KUALITAS DAN EFISIENSI DISTRIBUSI SUMATERA DAN KALIMANTAN,G3,13,,1,1
SENIOR TECHNICIAN MANAJEMEN ASET TRANSMISI,G3,14,,1,1
SENIOR TECHNICIAN MANAJEMEN KELAYAKAN INFRASTRUKTUR PEMBANGKITAN,G3,13,,1,1
"SENIOR TECHNICIAN OPERASI DAN PEMELIHARAAN GARDU INDUK KALIMANTAN,SULAWESI, MALUKU, PAPUA DAN NUSA TENGGARA",G3,13,,1,1
"SENIOR TECHNICIAN OPERASI DAN PEMELIHARAAN GARDU INDUK SUMATERA, JAWA, MADURA, DAN BALI",G3,13,,1,1
"SENIOR TECHNICIAN OPERASI PEMBANGKITAN PLN SULAWESI, MALUKU, PAPUA, DANNUSA TENGGARA",G3,14,,1,1
"SENIOR TECHNICIAN OPERASI PEMBANGKITAN PLN SUMATERA, KALIMANTAN, JAWA,MADURA, DAN BALI",G3,14,,1,1
SENIOR TECHNICIAN OPERASI PEMBANGKITAN SUBHOLDING DAN ANAK PERUSAHAANSUMATERA DAN KALIMANTAN,G3,14,,1,1
SENIOR TECHNICIAN OPERASI PROYEK JARINGAN,G3,13,,4,1
SENIOR TECHNICIAN OPERASI PROYEK PEMBANGKIT,G3,14,,4,1
SENIOR TECHNICIAN OPERASI SISTEM,G3,14,,1,1
SENIOR TECHNICIAN OPERASI SISTEM B,G3,13,,1,1
SENIOR TECHNICIAN OPERASI SISTEM C,G3,13,,1,1
SENIOR TECHNICIAN PDKB,G3,13,,3,3
"SENIOR TECHNICIAN PENGELOLAAN ASET DISTRIBUSI JAWA, MADURA, DAN BALI",G3,13,,2,1
SENIOR TECHNICIAN PENGELOLAAN ASET DISTRIBUSI SUMATERA DAN KALIMANTAN,G3,13,,1,1
"SENIOR TECHNICIAN PENGELOLAAN LISTRIK DESA SULAWESI, MALUKU, PAPUA, DANNUSA TENGGARA",G3,13,,1,1
SENIOR TECHNICIAN PENGELOLAAN PERUBAHAN IKLIM,G3,13,,1,1
"SENIOR TECHNICIAN PENGELOLAAN SISTEM PROTEKSI TRANSMISI KALIMANTAN, SULAWESI, MALUKU, PAPUA, DAN NUSA TENGGARA",G3,14,,2,1
SENIOR TECHNICIAN PENGEMBANGAN ENJINIRING PEMBANGKIT DAN EBT,G3,14,,5,1
SENIOR TECHNICIAN PENGEMBANGAN ENJINIRING TRANSMISI DAN DISTRIBUSI,G3,13,,6,1
SENIOR TECHNICIAN PENGEMBANGAN SISTEM DAN KAPABILITAS ASSET MANAGEMENT,G3,13,,1,1
SENIOR TECHNICIAN PENGENDALIAN DAMPAK LINGKUNGAN,G3,14,,1,1
SENIOR TECHNICIAN PENGENDALIAN KONSTRUKSI DAN SERTIFIKASI ASETDISTRIBUSI SUMATERA DAN KALIMANTAN,G3,13,,1,1
SENIOR TECHNICIAN PENGENDALIAN LISTRIK PERDESAAN,G3,14,,54,17
SENIOR TECHNICIAN PENGENDALIAN MUTU DAN DATA ENJINIRING,G3,13,,2,1
SENIOR TECHNICIAN PENGENDALIAN OPERASI DAN PEMELIHARAAN,G3,13,,1,1
"SENIOR TECHNICIAN PENGENDALIAN OPERASI DAN PEMELIHARAAN DISTRIBUSI JAWA, MADURA, DAN BALI",G3,14,,2,1
"SENIOR TECHNICIAN PENGENDALIAN OPERASI DAN PEMELIHARAAN DISTRIBUSI SULAWESI,MALUKU, PAPUA, DAN NUSA TENGGARA",G3,13,,1,1
SENIOR TECHNICIAN PENGENDALIAN OPERASI DAN PEMELIHARAAN DISTRIBUSI SUMATERA DAN KALIMANTAN,G3,14,,1,1
"SENIOR TECHNICIAN PENGENDALIAN OPERASI DAN PEMELIHARAAN DISTRIBUSISULAWESI, MALUKU, PAPUA, DAN NUSA TENGGARA",G3,13,,1,1
SENIOR TECHNICIAN PENGENDALIAN OPERASI DAN PEMELIHARAAN DISTRIBUSISUMATERA DAN KALIMANTAN,G3,13,,1,1
SENIOR TECHNICIAN PENGENDALIAN OPERASI DAN TRANSAKSI,G3,13,,1,1
SENIOR TECHNICIAN PENGENDALIAN OPERASI REAL TIME A,G3,13,,1,1
"SENIOR TECHNICIAN PENGENDALIAN OPERASI SISTEM JAWA, MADURA, BALI,MALUKU, PAPUA, DAN NUSA TENGGARA",G3,13,,1,1
"SENIOR TECHNICIAN PENGENDALIAN OPERASI SISTEM SUMATERA, KALIMANTAN, DANSULAWESI",G3,13,,1,1
"SENIOR TECHNICIAN PENGENDALIAN PEMBANGKITAN IPP JAWA, MADURA DAN BALI",G3,13,,1,1
"SENIOR TECHNICIAN PENGENDALIAN PEMBANGKITAN PLN SULAWESI, MALUKU, PAPUA,DAN NUSA TENGGARA",G3,14,,2,1
"SENIOR TECHNICIAN PENGENDALIAN PEMBANGKITAN PLN SUMATERA, KALIMANTAN,JAWA, MADURA, DAN BALI",G3,14,,2,1
"SENIOR TECHNICIAN PENGENDALIAN PEMBANGKITAN SUBHOLDING DAN ANAK PERUSAHAAN JAWA, MADURA, DAN BALI",G3,13,,1,1
"SENIOR TECHNICIAN PENGENDALIAN PEMBANGKITAN SUBHOLDING DAN ANAK PERUSAHAAN SULAWESI, MALUKU, PAPUA DAN NUSA TENGGARA",G3,13,,1,1
SENIOR TECHNICIAN PENGENDALIAN PEMBANGKITAN SUBHOLDING DAN ANAKPERUSAHAAN SUMATERA DAN KALIMANTAN,G3,14,,1,1
SENIOR TECHNICIAN PENGUJIAN PRODUK TEGANGAN DAN ARUS TINGGI,G3,13,,5,1
SENIOR TECHNICIAN PENGUJIAN PRODUK TEGANGAN RENDAH,G3,14,,3,1
SENIOR TECHNICIAN PENGUJIAN SISTEM PEMBANGKIT,G3,13,,5,1
SENIOR TECHNICIAN PENGUJIAN SISTEM TRANSMISI DAN DISTRIBUS,G3,13,,2,1
SENIOR TECHNICIAN PENGUJIAN SISTEM TRANSMISI DAN DISTRIBUSI,G3,13,,4,1
"SENIOR TECHNICIAN PENGUKURAN DISTRIBUSI JAWA, MADURA, DAN BALI",G3,14,,1,1
"SENIOR TECHNICIAN PENGUKURAN DISTRIBUSI SULAWESI, MALUKU, PAPUA, DANNUSA TENGGARA",G3,13,,1,1
SENIOR TECHNICIAN PENGUKURAN DISTRIBUSI SUMATERA DAN KALIMANTAN,G3,13,,1,1
SENIOR TECHNICIAN PERENCANAAN DAN MONITORING PEMANFAATAN FABA,G3,14,,1,1
SENIOR TECHNICIAN PERENCANAAN DAN PENGENDALIAN ENERGI PRIMER DAN BATU KAPUR,G3,13,,2,1
SENIOR TECHNICIAN PERENCANAAN DAN PENGENDALIAN ENERGI PRIMER DAN BATUKAPUR,G3,13,,1,1
SENIOR TECHNICIAN PERENCANAAN DAN PENGENDALIAN PEMELIHARAAN DAN OUTAGE,G3,13,,1,1
"SENIOR TECHNICIAN PERENCANAAN LISTRIK DESA SULAWESI, MALUKU, PAPUA, DANNUSA TENGGARA",G3,13,,1,1
"SENIOR TECHNICIAN PERENCANAAN LISTRIK DESA SUMATERA, KALIMANTAN, JAWA,MADURA, DAN BALI",G3,13,,1,1
"SENIOR TECHNICIAN PERENCANAAN OPERASI DAN PEMELIHARAAN SUMATERA, JAWA, MADURA, DAN BALI",G3,14,,2,1
"SENIOR TECHNICIAN PERENCANAAN SISTEM KETENAGALISTRIKAN JAWA, MADURA, DAN BALI",G3,14,,1,1
"SENIOR TECHNICIAN PERENCANAAN SISTEM KETENAGALISTRIKAN JAWA, MADURA, DANBALI",G3,13,,1,1
"SENIOR TECHNICIAN PERENCANAAN SISTEM KETENAGALISTRIKAN SULAWESI, MALUKU, PAPUA, DAN NUSA TENGGARA",G3,14,,1,1
"SENIOR TECHNICIAN PERENCANAAN SISTEM KETENAGALISTRIKAN SULAWESI, MALUKU,PAPUA, DAN NUSA TENGGARA",G3,13,,2,1
SENIOR TECHNICIAN PERENCANAAN SISTEM KETENAGALISTRIKAN SUMATERA DANKALIMANTAN,G3,13,,1,1
"SENIOR TECHNICIAN PERENCANAAN SISTEM TRANSMISI, GARDU INDUK, DAN DEMANDFORECAST SULAWESI, MALUKU, PAPUA, DAN NUSA TENGGARA",G3,13,,1,1
"SENIOR TECHNICIAN PERENCANAAN SISTEM TRANSMISI, GARDU INDUK, DAN DEMANDFORECAST SUMATERA DAN KALIMANTAN",G3,13,,1,1
SENIOR TECHNICIAN PERENCANAAN STRATEGIS SISTEM TRANSMISI,G3,14,,2,1
SENIOR TECHNICIAN PERFORMANCE DAN EFISIENSI PEMBANGKIT,G3,14,,1,1
SENIOR TECHNICIAN PRODUKSI,G3,13,,6,1
"SENIOR TECHNICIAN PROTEKSI DAN SCADATEL DISTRIBUSI SULAWESI, MALUKU,PAPUA, DAN NUSA TENGGARA",G3,13,,1,1
SENIOR TECHNICIAN PROTEKSI DAN SCADATEL DISTRIBUSI SUMATERA DAN KALIMANTAN,G3,14,,2,1
SENIOR TECHNICIAN PROTEKSI SISTEM,G3,14,,1,1
SENIOR TECHNICIAN PROTEKSI SISTEM KETENAGALISTRIKAN,G3,13,,3,1
SENIOR TECHNICIAN QUALITY ASSURANCE AND QUALITY CONTROL JARINGAN,G3,13,,5,1
SENIOR TECHNICIAN QUALITY ASSURANCE AND QUALITY CONTROL PEMBANGKIT,G3,14,,4,1
SENIOR TECHNICIAN SCADA DAN OTOMASI,G3,14,,4,1
SENIOR TECHNICIAN SCADA DAN TELEKOMUNIKASI,G3,13,,1,1
SENIOR TECHNICIAN SERTIFIKASI PRODUK,G3,13,,4,1
SENIOR TECHNICIAN STANDARISASI KEBIJAKAN DISTRIBUSI,G3,14,,1,1
SENIOR TECHNICIAN STANDART OPERATION/MAINTENANCE TRANSMISI,G3,13,,1,1
SENIOR TECHNICIAN TELEKOMUNIKASI,G3,13,,1,1
SENIOR TECHNICIAN TRANSAKSI TENAGA LISTRIK,G3,14,,1,1
SENOR OFFICER PERTANAHAN DAN ASET,G3,14,,1,1
SPECIAL ASSISTANT TO CEO,SSP,20,,1,1
SPECIALIST AKUNTANSI MANAJEMEN,SPC,15,,2,1
"SPECIALIST AUDIT KONSTRUKSI, PEMBANGKITAN, DAN EBT",SPC,16,,1,1
"SPECIALIST AUDIT NIAGA, TEKNOLOGI INFORMASI, DAN ENABLER",SPC,15,,2,1
SPECIALIST CUSTOMER EXPERIENCE DAN EXCELLENCE SERVICES,SPC,15,,1,1
SPECIALIST DISTRIBUSI,SPC,17,,4,1
"SPECIALIST KESELAMATAN DAN KESEHATAN KERJA, KEAMANAN, DAN LINGKUNGAN",SPC,15,,1,1
SPECIALIST KEUANGAN KORPORAT,SPC,17,,1,1
"SPECIALIST KEUANGAN, ANGGARAN, DAN UMUM",SPC,15,,1,1
"SPECIALIST KEUANGAN, KOMUNIKASI DAN UMUM",SPC,15,,1,1
SPECIALIST KINERJA DISTRIBUSI,SPC,15,,60,18
SPECIALIST KINERJA ENABLER ACADEMY 2,SPC,16,,1,1
SPECIALIST KINERJA KEUANGAN,SPC,15,,10,4
"SPECIALIST KINERJA KEUANGAN, ANGGARAN DAN UMUM",SPC,15,,3,3
"SPECIALIST KINERJA KEUANGAN, ANGGARAN, DAN UMUM",SPC,16,,1,1
"SPECIALIST KINERJA KEUANGAN, KOMUNIKASI DAN UMUM",SPC,15,,10,5
"SPECIALIST KINERJA KEUANGAN, KOMUNIKASI, DAN UMUM",SPC,15,,43,18
SPECIALIST KINERJA KOMUNIKASI DAN UMUM,SPC,15,,10,5
SPECIALIST KINERJA KONSTRUKSI,SPC,15,,9,5
SPECIALIST KINERJA NIAGA DAN MANAJEMEN PELANGGAN,SPC,15,,32,14
SPECIALIST KINERJA OPERASI PROYEK,SPC,16,,3,1
SPECIALIST KINERJA OPERASI SISTEM,SPC,15,,4,3
SPECIALIST KINERJA OPERATION EXCELLENCE ACADEMY 1,SPC,16,,1,1
SPECIALIST KINERJA OPERATION EXCELLENCE ACADEMY 2,SPC,16,,1,1
SPECIALIST KINERJA OPERATION EXCELLENCE ACADEMY 3,SPC,15,,1,1
SPECIALIST KINERJA PEMBANGKITAN,SPC,16,,1,1
SPECIALIST KINERJA PEMELIHARAAN TRANSMISI,SPC,15,,7,3
SPECIALIST KINERJA PENGEMBANGAN SISTEM TRANSMISI,SPC,16,,7,4
SPECIALIST KINERJA PERENCANAAN,SPC,15,,27,17
SPECIALIST KINERJA PERENCANAAN DAN PENGEMBANGAN PRODUK,SPC,15,,1,1
"SPECIALIST KINERJA PERENCANAAN PELAYANAN, STANDARDISASI DAN MUTU",SPC,15,,1,1
SPECIALIST KINERJA PERIZINAN DAN PERTANAHAN,SPC,16,,5,3
"SPECIALIST KINERJA PERIZINAN, PERTANAHAN DAN KOMUNIKASI",SPC,16,,1,1
SPECIALIST KINERJA PERUSAHAAN,SPC,15,,7,3
SPECIALIST KINERJA PRODUKSI DAN WORKSHOP,SPC,15,,3,1
SPECIALIST KINERJA QUALITY ASSURANCE AND QUALITY CONTROL,SPC,15,,2,1
"SPECIALIST KINERJA SERTIFIKASI PRODUK, SISTEM MANAJEMEN DAN KALIBRASI",SPC,16,,1,1
"SPECIALIST KINERJA SISTEM PEMBANGKIT, TRANSMISI DAN DISTRIBUSI",SPC,15,,1,1
SPECIALIST KINERJA SISTEM TRANSMISI,SPC,15,,2,1
SPECIALIST KINERJA SUSTAINABILITY ACADEMY,SPC,15,,1,1
SPECIALIST KINERJA TEKNIK,SPC,16,,2,1
SPECIALIST KINERJA TRANSMISI,SPC,16,,4,2
SPECIALIST KINERJA TRANSMISI DAN DISTRIBUSI,SPC,15,,2,1
SPECIALIST KONSTRUKSI,SPC,17,,9,3
SPECIALIST LAYANAN FUNGSI RISIKO ESG,SPC,15,,1,1
SPECIALIST LAYANAN FUNGSI RISIKO EVALUASI DAMPAK SISTEMIK KETERLAMBATANPROYEK,SPC,17,,1,1
SPECIALIST LAYANAN FUNGSI RISIKO TRANSISI ENERGI,SPC,15,,1,1
SPECIALIST LEGAL ASET PROPERTI DAN PERIZINAN TERINTEGRASI,SPC,16,,2,1
SPECIALIST MANAJEMEN PEMBANGKITAN,SPC,16,,3,1
SPECIALIST MANAJEMEN RISIKO FINANSIAL DAN ENABLER,SPC,15,,1,1
SPECIALIST MANAJEMEN RISIKO OPERASI,SPC,15,,5,1
"SPECIALIST MANAJEMEN RISIKO STRATEGIS, REGULASI DAN KEBIJAKAN",SPC,16,,2,1
SPECIALIST MANAJEMEN STAKEHOLDER DAN BOD SUPPORT,SPC,16,,2,1
SPECIALIST MANAJEMEN TALENTA,SPC,17,,5,1
SPECIALIST MANAJEMEN VALUASI ASET,SPC,15,,1,1
SPECIALIST MONITORING IMPLEMENTASI ASSET MANAGEMENT,SPC,15,,2,1
SPECIALIST OPERASI DAN PEMELIHARAAN PEMBANGKIT,SPC,15,,1,1
"SPECIALIST OPERASI DISTRIBUSI SULAWESI, MALUKU, PAPUA, DAN NUSA TENGGARA",SPC,16,,1,1
SPECIALIST OPERASI DISTRIBUSI SUMATERA DAN KALIMANTAN,SPC,17,,1,1
SPECIALIST OPERASI SISTEM KETENAGALISTRIKAN,SPC,15,,1,1
SPECIALIST PANAS BUMI,SPC,16,,1,1
SPECIALIST PELAYANAN HUMAN CAPITAL,SPC,16,,1,1
SPECIALIST PEMBELAJARAN,SPC,15,,5,1
SPECIALIST PENGEMBANGAN DAN KEMITRAAN,SPC,15,,2,1
SPECIALIST PENGEMBANGAN PORTOFOLIO BISNIS,SPC,16,,1,1
SPECIALIST PENGEMBANGAN SISTEM DAN KAPABILITAS ASSET MANAGEMENT,SPC,15,,2,1
SPECIALIST PENGENDALIAN KINERJA KORPORAT,SPC,16,,1,1
"SPECIALIST PENGENDALIAN KONSTRUKSI JARINGAN JAWA, MADURA, BALI, MALUKU, PAPUA DAN NUSA TENGGARA",SPC,16,,1,1
SPECIALIST PERBENDAHARAAN,SPC,15,,3,1
SPECIALIST PERENCANAAN DAN STRATEGI TEKNOLOGI INFORMASI,SPC,16,,1,1
SPECIALIST PERENCANAAN STRATEGIS DISTRIBUSI,SPC,15,,2,1
SPECIALIST PERENCANAAN STRATEGIS KORPORAT,SPC,17,,1,1
SPECIALIST PERENCANAAN STRATEGIS PEMBANGKITAN,SPC,17,,4,1
SPECIALIST PERENCANAAN STRATEGIS TRANSMISI,SPC,15,,3,1
SPECIALIST PERFORMANCE ASSISTANT TO GENERAL MANAGER,SPC,17,,78,30
SPECIALIST PERFORMANCE ASSISTANT TO SENIOR MANAGER,SPC,16,,11,1
SPECIALIST PERIZINAN DAN PERTANAHAN,SPC,15,,1,1
SPECIALIST REGULASI DAN KEBIJAKAN,SPC,16,,1,1
SPECIALIST RISET DAN TEKNOLOGI SISTEM PEMBANGKITAN DAN ENERGI,SPC,15,,4,1
SPECIALIST SERTIFIKASI,SPC,15,,1,1
SPECIALIST STRATEGI AUDIT DAN KONSULTANSI,SPC,16,,3,1
SPECIALIST STRATEGI HUMAN CAPITAL,SPC,17,,1,1
SPECIALIST STRATEGI LIFECYCLE ASSET,SPC,15,,2,1
SPECIALIST TEKNOLOGI INFORMASI,SPC,15,,3,1
SPECIALIST TRANSAKSI ENERGI DAN SETELMEN,SPC,15,,3,1
SPECIALIST TRANSISI ENERGI DAN KEBERLANJUTAN,SPC,16,,2,1
SPECIALIST TRANSMISI,SPC,17,,3,1
SPECIALIST UMUM DAN ASET PROPERTI,SPC,15,,1,1
SPESIALIST KINERJA PERENCANAAN,SPC,15,,1,1
Senior Officer Ipp Dan Excess Power,G3,13,,1,1
Senior Officer Performance Assistant to Manager,G3,14,,1,1
Specialist Kinerja Niaga dan Manajemen Pelanggan,SPC,15,,1,1
TC RTU DAN PERIPHERAL,G2,11,,1,1
TEAM LEADER ADMINISTRASI DAN PELAYANAN PELANGGAN,G2,12,,20,2
TEAM LEADER ADMINISTRASI DAN UMUM,G2,12,,192,27
TEAM LEADER ADMINISTRASI KONTRAK DAN PMIS,G2,12,,40,11
TEAM LEADER ADMINISTRASI UMUM DAN KOMUNIKASI,G2,12,,20,2
"TEAM LEADER ASESMEN, DIAGNOSA DAN PENGELOLAAN DATA",G2,12,,17,7
"TEAM LEADER ASESMEN, DIAGNOSA, DAN PENGELOLAAN DATA",G2,12,,24,4
TEAM LEADER ENERGI BARU DAN TERBARUKAN,G2,12,,3,2
TEAM LEADER ENERGI PRIMER,G2,12,,6,4
TEAM LEADER ENERGI PRIMER DAN LOGISTIK,G2,12,,1,1
TEAM LEADER ENJINIRING,G2,12,,53,9
TEAM LEADER EVALUASI DAN PENGENDALIAN MUTU DAN KINERJA,G2,12,,11,1
TEAM LEADER FASILITAS OPERASI,G2,12,,1,1
TEAM LEADER FASILITAS OPERASI (TERNATE),G2,12,,1,1
TEAM LEADER FASILITAS OPERASI DAN PROTEKSI SISTEM,G2,12,,1,1
TEAM LEADER FASILITAS OPERASI SULAWESI TENGAH,G2,12,,1,1
TEAM LEADER FASILITAS OPERASI SULAWESI TENGGARA,G2,12,,1,1
TEAM LEADER JARINGAN DAN GARDU INDUK,G2,11,,1,1
"TEAM LEADER JARINGAN DAN GARDU INDUK (DUKONG, MANGGAR, SUGE)",G2,11,,1,1
TEAM LEADER JARINGAN DAN GARDU INDUK (EMBALUT),G2,11,,1,1
TEAM LEADER JARINGAN DAN GARDU INDUK (GI BAGENDANG),G2,11,,1,1
TEAM LEADER JARINGAN DAN GARDU INDUK (GI BANGKANAI),G2,11,,1,1
TEAM LEADER JARINGAN DAN GARDU INDUK (GI BENGKAYANG),G2,11,,1,1
TEAM LEADER JARINGAN DAN GARDU INDUK (GI HARAPAN BARU),G2,11,,1,1
TEAM LEADER JARINGAN DAN GARDU INDUK (GI KASONGAN),G2,11,,1,1
TEAM LEADER JARINGAN DAN GARDU INDUK (GI KENDAWANGAN),G2,11,,1,1
TEAM LEADER JARINGAN DAN GARDU INDUK (GI KETAPANG),G2,11,,1,1
TEAM LEADER JARINGAN DAN GARDU INDUK (GI MUARA BADAK),G2,11,,1,1
TEAM LEADER JARINGAN DAN GARDU INDUK (GI MUARA TEWEH),G2,11,,1,1
TEAM LEADER JARINGAN DAN GARDU INDUK (GI PANGKALAN BUN),G2,11,,1,1
TEAM LEADER JARINGAN DAN GARDU INDUK (GI SAMBAS),G2,11,,1,1
TEAM LEADER JARINGAN DAN GARDU INDUK (GI SAMPIT)),G2,11,,1,1
TEAM LEADER JARINGAN DAN GARDU INDUK (GI SANGGAU),G2,11,,1,1
TEAM LEADER JARINGAN DAN GARDU INDUK (GI SEBERANG BARITO),G2,11,,1,1
TEAM LEADER JARINGAN DAN GARDU INDUK (GI SEIRAYA),G2,11,,1,1
TEAM LEADER JARINGAN DAN GARDU INDUK (GI SELAT),G2,11,,1,1
TEAM LEADER JARINGAN DAN GARDU INDUK (GI SENGGIRING),G2,11,,1,1
TEAM LEADER JARINGAN DAN GARDU INDUK (GI SINGKAWANG),G2,11,,1,1
TEAM LEADER JARINGAN DAN GARDU INDUK (GI TRISAKTI),G2,11,,1,1
TEAM LEADER JARINGAN DAN GARDU INDUK (GIS MINTIN),G2,11,,1,1
"TEAM LEADER JARINGAN DAN GARDU INDUK (KELAPA, MENTOK)",G2,11,,1,1
TEAM LEADER JARINGAN DAN GARDU INDUK AMPLAPURA,G2,11,,1,1
TEAM LEADER JARINGAN TRANSMISI DAN GARDU INDUK,G2,11,,9,4
TEAM LEADER JARINGAN TRANSMISI DAN GARDU INDUK (70 KV PLTA),G2,11,,1,1
TEAM LEADER JARINGAN TRANSMISI DAN GARDU INDUK (AIR ANYIR),G2,11,,1,1
TEAM LEADER JARINGAN TRANSMISI DAN GARDU INDUK (ASAM ASAM),G2,11,,1,1
TEAM LEADER JARINGAN TRANSMISI DAN GARDU INDUK (BARIKIN),G2,11,,1,1
TEAM LEADER JARINGAN TRANSMISI DAN GARDU INDUK (BUMICOKRO DAN PORONG),G2,11,,1,1
TEAM LEADER JARINGAN TRANSMISI DAN GARDU INDUK (CENDANA),G2,11,,1,1
TEAM LEADER JARINGAN TRANSMISI DAN GARDU INDUK (GI ADIJAYA),G2,11,,1,1
TEAM LEADER JARINGAN TRANSMISI DAN GARDU INDUK (GI AEK KANOPAN),G2,11,,1,1
TEAM LEADER JARINGAN TRANSMISI DAN GARDU INDUK (GI AIR RAJA),G2,11,,1,1
TEAM LEADER JARINGAN TRANSMISI DAN GARDU INDUK (GI ARJAWINANGUN BARU),G2,11,,1,1
TEAM LEADER JARINGAN TRANSMISI DAN GARDU INDUK (GI ARJAWINANGUN),G2,11,,1,1
TEAM LEADER JARINGAN TRANSMISI DAN GARDU INDUK (GI AUR DURI),G2,11,,1,1
TEAM LEADER JARINGAN TRANSMISI DAN GARDU INDUK (GI BABAKAN),G2,11,,1,1
TEAM LEADER JARINGAN TRANSMISI DAN GARDU INDUK (GI BAGAN BATU),G2,11,,1,1
TEAM LEADER JARINGAN TRANSMISI DAN GARDU INDUK (GI BAGAN SIAPI API),G2,11,,1,1
TEAM LEADER JARINGAN TRANSMISI DAN GARDU INDUK (GI BALAI PUNGUT),G2,11,,1,1
TEAM LEADER JARINGAN TRANSMISI DAN GARDU INDUK (GI BALAPULANG),G2,11,,1,1
TEAM LEADER JARINGAN TRANSMISI DAN GARDU INDUK (GI BANDA ACEH),G2,11,,1,1
TEAM LEADER JARINGAN TRANSMISI DAN GARDU INDUK (GI BANDUNG UTARA),G2,11,,1,1
TEAM LEADER JARINGAN TRANSMISI DAN GARDU INDUK (GI BANGKINANG),G2,11,,1,1
TEAM LEADER JARINGAN TRANSMISI DAN GARDU INDUK (GI BANJAR),G2,11,,1,1
TEAM LEADER JARINGAN TRANSMISI DAN GARDU INDUK (GI BANTUL DAN GIS WIROBRAJAN),G2,11,,1,1
TEAM LEADER JARINGAN TRANSMISI DAN GARDU INDUK (GI BANYUDONO),G2,11,,1,1
TEAM LEADER JARINGAN TRANSMISI DAN GARDU INDUK (GI BATANG),G2,11,,1,1
TEAM LEADER JARINGAN TRANSMISI DAN GARDU INDUK (GI BATURAJA),G2,11,,1,1
TEAM LEADER JARINGAN TRANSMISI DAN GARDU INDUK (GI BATUSANGKAR),G2,11,,1,1
TEAM LEADER JARINGAN TRANSMISI DAN GARDU INDUK (GI BAWEN),G2,11,,1,1
TEAM LEADER JARINGAN TRANSMISI DAN GARDU INDUK (GI BELAWAN),G2,11,,1,1
TEAM LEADER JARINGAN TRANSMISI DAN GARDU INDUK (GI BIRUEN),G2,11,,1,1
TEAM LEADER JARINGAN TRANSMISI DAN GARDU INDUK (GI BITUNG DAN GI TANJUNGMERAH),G2,11,,1,1
TEAM LEADER JARINGAN TRANSMISI DAN GARDU INDUK (GI BLAMBANGAN UMPU),G2,11,,1,1
TEAM LEADER JARINGAN TRANSMISI DAN GARDU INDUK (GI BLANG PIDIE),G2,11,,1,1
TEAM LEADER JARINGAN TRANSMISI DAN GARDU INDUK (GI BLORA DAN SEMEN INDONESIA),G2,11,,1,1
TEAM LEADER JARINGAN TRANSMISI DAN GARDU INDUK (GI BOGOR BARU),G2,11,,1,1
TEAM LEADER JARINGAN TRANSMISI DAN GARDU INDUK (GI BORANG),G2,11,,1,1
TEAM LEADER JARINGAN TRANSMISI DAN GARDU INDUK (GI BORONGLOE DAN GI BOLANGI),G2,11,,1,1
TEAM LEADER JARINGAN TRANSMISI DAN GARDU INDUK (GI BOTUPINGGE DAN GI GORONTALO BARU),G2,11,,1,1
TEAM LEADER JARINGAN TRANSMISI DAN GARDU INDUK (GI BRASTAGI),G2,11,,1,1
TEAM LEADER JARINGAN TRANSMISI DAN GARDU INDUK (GI BREBES),G2,11,,1,1
TEAM LEADER JARINGAN TRANSMISI DAN GARDU INDUK (GI BUKIT ASAM),G2,11,,1,1
TEAM LEADER JARINGAN TRANSMISI DAN GARDU INDUK (GI BUKIT KEMUNING),G2,11,,1,1
TEAM LEADER JARINGAN TRANSMISI DAN GARDU INDUK (GI BUKIT SIGUNTANG),G2,11,,1,1
TEAM LEADER JARINGAN TRANSMISI DAN GARDU INDUK (GI BUMIAYU),G2,11,,1,1
"TEAM LEADER JARINGAN TRANSMISI DAN GARDU INDUK (GI BUNAR, BUNAR BARU DANKRACAK)",G2,11,,1,1
TEAM LEADER JARINGAN TRANSMISI DAN GARDU INDUK (GI BUNGARAN),G2,11,,1,1
TEAM LEADER JARINGAN TRANSMISI DAN GARDU INDUK (GI BUNGUS),G2,11,,1,1
TEAM LEADER JARINGAN TRANSMISI DAN GARDU INDUK (GI CEPU),G2,11,,1,1
TEAM LEADER JARINGAN TRANSMISI DAN GARDU INDUK (GI CIAMIS),G2,11,,1,1
TEAM LEADER JARINGAN TRANSMISI DAN GARDU INDUK (GI CIANJUR),G2,11,,1,1
TEAM LEADER JARINGAN TRANSMISI DAN GARDU INDUK (GI CIAWI DAN GIS KATULAMPA),G2,11,,1,1
TEAM LEADER JARINGAN TRANSMISI DAN GARDU INDUK (GI CIBADAK BARU),G2,11,,1,1
TEAM LEADER JARINGAN TRANSMISI DAN GARDU INDUK (GI CIBEUREUM BARU),G2,11,,1,1
TEAM LEADER JARINGAN TRANSMISI DAN GARDU INDUK (GI CIBINONG),G2,11,,1,1
TEAM LEADER JARINGAN TRANSMISI DAN GARDU INDUK (GI CIGERELENG),G2,11,,1,1
"TEAM LEADER JARINGAN TRANSMISI DAN GARDU INDUK (GI CIKARANG LIPPO, HANKOOK DAN  SUZUKI)",G2,11,,1,1
TEAM LEADER JARINGAN TRANSMISI DAN GARDU INDUK (GI CIKARANG),G2,11,,1,1
TEAM LEADER JARINGAN TRANSMISI DAN GARDU INDUK (GI CIKASUNGKA),G2,11,,1,1
TEAM LEADER JARINGAN TRANSMISI DAN GARDU INDUK (GI CIKEDUNG),G2,11,,1,1
TEAM LEADER JARINGAN TRANSMISI DAN GARDU INDUK (GI CIKUMPAY),G2,11,,1,1
TEAM LEADER JARINGAN TRANSMISI DAN GARDU INDUK (GI CILEUNGSI 2),G2,11,,1,1
TEAM LEADER JARINGAN TRANSMISI DAN GARDU INDUK (GI CIMANGGIS II),G2,11,,1,1
TEAM LEADER JARINGAN TRANSMISI DAN GARDU INDUK (GI DAGO PAKAR),G2,11,,1,1
TEAM LEADER JARINGAN TRANSMISI DAN GARDU INDUK (GI DARAJAT),G2,11,,1,1
TEAM LEADER JARINGAN TRANSMISI DAN GARDU INDUK (GI DAWUAN),G2,11,,1,1
TEAM LEADER JARINGAN TRANSMISI DAN GARDU INDUK (GI DENAI),G2,11,,1,1
TEAM LEADER JARINGAN TRANSMISI DAN GARDU INDUK (GI DENTE TELADAS),G2,11,,1,1
TEAM LEADER JARINGAN TRANSMISI DAN GARDU INDUK (GI DIENG),G2,11,,1,1
TEAM LEADER JARINGAN TRANSMISI DAN GARDU INDUK (GI DIPASENA),G2,11,,1,1
TEAM LEADER JARINGAN TRANSMISI DAN GARDU INDUK (GI DOLOK SANGGUL),G2,11,,1,1
TEAM LEADER JARINGAN TRANSMISI DAN GARDU INDUK (GI DUMAI),G2,11,,1,1
TEAM LEADER JARINGAN TRANSMISI DAN GARDU INDUK (GI DURI),G2,11,,1,1
TEAM LEADER JARINGAN TRANSMISI DAN GARDU INDUK (GI FAJAR SURYAWISESA),G2,11,,1,1
TEAM LEADER JARINGAN TRANSMISI DAN GARDU INDUK (GI GANDAMEKAR),G2,11,,1,1
TEAM LEADER JARINGAN TRANSMISI DAN GARDU INDUK (GI GANDUS),G2,11,,1,1
TEAM LEADER JARINGAN TRANSMISI DAN GARDU INDUK (GI GARUDA SAKTI DAN GI KOTA PEKANBARU),G2,11,,1,1
TEAM LEADER JARINGAN TRANSMISI DAN GARDU INDUK (GI GARUT),G2,11,,1,1
TEAM LEADER JARINGAN TRANSMISI DAN GARDU INDUK (GI GODEAN DAN MEDARI),G2,11,,1,1
TEAM LEADER JARINGAN TRANSMISI DAN GARDU INDUK (GI GOMBONG),G2,11,,1,1
TEAM LEADER JARINGAN TRANSMISI DAN GARDU INDUK (GI GONDANGREJO),G2,11,,1,1
TEAM LEADER JARINGAN TRANSMISI DAN GARDU INDUK (GI GUMAWANG),G2,11,,1,1
TEAM LEADER JARINGAN TRANSMISI DAN GARDU INDUK (GI GUNUNG MEGANG),G2,11,,1,1
TEAM LEADER JARINGAN TRANSMISI DAN GARDU INDUK (GI GUNUNG SITOLI),G2,11,,1,1
TEAM LEADER JARINGAN TRANSMISI DAN GARDU INDUK (GI GUNUNG TUA),G2,11,,1,1
TEAM LEADER JARINGAN TRANSMISI DAN GARDU INDUK (GI HAURGEULIS),G2,11,,1,1
TEAM LEADER JARINGAN TRANSMISI DAN GARDU INDUK (GI IDI),G2,11,,1,1
TEAM LEADER JARINGAN TRANSMISI DAN GARDU INDUK (GI INDARUNG),G2,11,,1,1
TEAM LEADER JARINGAN TRANSMISI DAN GARDU INDUK (GI INDO BHARAT DAN SOUTHPACIFIC),G2,11,,1,1
"TEAM LEADER JARINGAN TRANSMISI DAN GARDU INDUK (GI INDORAMA, CIGANEA DANINDACI)",G2,11,,1,1
TEAM LEADER JARINGAN TRANSMISI DAN GARDU INDUK (GI INDRAMAYU),G2,11,,1,1
TEAM LEADER JARINGAN TRANSMISI DAN GARDU INDUK (GI JABABEKA),G2,11,,1,1
TEAM LEADER JARINGAN TRANSMISI DAN GARDU INDUK (GI JAJAR DAN GIS MANGKUNEGARAN),G2,11,,1,1
TEAM LEADER JARINGAN TRANSMISI DAN GARDU INDUK (GI JANTHO),G2,11,,1,1
TEAM LEADER JARINGAN TRANSMISI DAN GARDU INDUK (GI JATIBARANG),G2,11,,1,1
TEAM LEADER JARINGAN TRANSMISI DAN GARDU INDUK (GI JEKULO),G2,11,,1,1
TEAM LEADER JARINGAN TRANSMISI DAN GARDU INDUK (GI JELOK DAN BRINGIN),G2,11,,1,1
TEAM LEADER JARINGAN TRANSMISI DAN GARDU INDUK (GI JEPARA),G2,11,,1,1
TEAM LEADER JARINGAN TRANSMISI DAN GARDU INDUK (GI JUISHIN DAN MEKARSARI),G2,11,,1,1
TEAM LEADER JARINGAN TRANSMISI DAN GARDU INDUK (GI KADIPATEN DAN KADIPATEN BARU),G2,11,,1,1
TEAM LEADER JARINGAN TRANSMISI DAN GARDU INDUK (GI KALIANDA DAN GI KETAPANG),G2,11,,1,1
TEAM LEADER JARINGAN TRANSMISI DAN GARDU INDUK (GI KALIBAKAL),G2,11,,1,1
TEAM LEADER JARINGAN TRANSMISI DAN GARDU INDUK (GI KALIWUNGU DAN GIS RANDUGARUT),G2,11,,1,1
TEAM LEADER JARINGAN TRANSMISI DAN GARDU INDUK (GI KAMBANG),G2,11,,1,1
TEAM LEADER JARINGAN TRANSMISI DAN GARDU INDUK (GI KAMOJANG),G2,11,,1,1
TEAM LEADER JARINGAN TRANSMISI DAN GARDU INDUK (GI KARANGNUNGGAL),G2,11,,1,1
TEAM LEADER JARINGAN TRANSMISI DAN GARDU INDUK (GI KAYU AGUNG),G2,11,,1,1
TEAM LEADER JARINGAN TRANSMISI DAN GARDU INDUK (GI KEBASEN),G2,11,,1,1
TEAM LEADER JARINGAN TRANSMISI DAN GARDU INDUK (GI KEBUMEN),G2,11,,1,1
TEAM LEADER JARINGAN TRANSMISI DAN GARDU INDUK (GI KEDUNG BADAK DAN GISBOGOR  KOTA),G2,11,,1,1
TEAM LEADER JARINGAN TRANSMISI DAN GARDU INDUK (GI KEDUNGOMBO),G2,11,,1,1
TEAM LEADER JARINGAN TRANSMISI DAN GARDU INDUK (GI KENDARI NEW DAN GI MORAMO),G2,11,,1,1
TEAM LEADER JARINGAN TRANSMISI DAN GARDU INDUK (GI KENTEN),G2,11,,1,1
TEAM LEADER JARINGAN TRANSMISI DAN GARDU INDUK (GI KENTUNGAN DAN GIS GEJAYAN),G2,11,,1,1
TEAM LEADER JARINGAN TRANSMISI DAN GARDU INDUK (GI KERAMASAN),G2,11,,1,1
TEAM LEADER JARINGAN TRANSMISI DAN GARDU INDUK (GI KIARAPAYUNG DAN KUTAMEKAR),G2,11,,1,1
TEAM LEADER JARINGAN TRANSMISI DAN GARDU INDUK (GI KID),G2,11,,1,1
TEAM LEADER JARINGAN TRANSMISI DAN GARDU INDUK (GI KIIC DAN PINAYUNGAN),G2,11,,1,1
TEAM LEADER JARINGAN TRANSMISI DAN GARDU INDUK (GI KIJANG),G2,11,,1,1
TEAM LEADER JARINGAN TRANSMISI DAN GARDU INDUK (GI KIM),G2,11,,1,1
TEAM LEADER JARINGAN TRANSMISI DAN GARDU INDUK (GI KIMA DAN GI DAYA),G2,11,,1,1
TEAM LEADER JARINGAN TRANSMISI DAN GARDU INDUK (GI KISARAN),G2,11,,1,1
TEAM LEADER JARINGAN TRANSMISI DAN GARDU INDUK (GI KLATEN),G2,11,,1,1
TEAM LEADER JARINGAN TRANSMISI DAN GARDU INDUK (GI KOLAKA DAN GI KOLAKASMEL),G2,11,,1,1
TEAM LEADER JARINGAN TRANSMISI DAN GARDU INDUK (GI KOSAMBI BARU),G2,11,,1,1
TEAM LEADER JARINGAN TRANSMISI DAN GARDU INDUK (GI KOTA AGUNG),G2,11,,1,1
TEAM LEADER JARINGAN TRANSMISI DAN GARDU INDUK (GI KOTA BUMI),G2,11,,1,1
TEAM LEADER JARINGAN TRANSMISI DAN GARDU INDUK (GI KOTA PINANG),G2,11,,1,1
TEAM LEADER JARINGAN TRANSMISI DAN GARDU INDUK (GI KOTO PANJANG),G2,11,,1,1
TEAM LEADER JARINGAN TRANSMISI DAN GARDU INDUK (GI KRAPYAK DAN BUMI SEMARANG BARU),G2,11,,1,1
TEAM LEADER JARINGAN TRANSMISI DAN GARDU INDUK (GI KRUENG RAYA),G2,11,,1,1
TEAM LEADER JARINGAN TRANSMISI DAN GARDU INDUK (GI KUALANAMU),G2,11,,1,1
TEAM LEADER JARINGAN TRANSMISI DAN GARDU INDUK (GI KUDUS),G2,11,,1,1
TEAM LEADER JARINGAN TRANSMISI DAN GARDU INDUK (GI KUNINGAN),G2,11,,1,1
TEAM LEADER JARINGAN TRANSMISI DAN GARDU INDUK (GI KUTACANE),G2,11,,1,1
TEAM LEADER JARINGAN TRANSMISI DAN GARDU INDUK (GI LABUHAN ANGIN),G2,11,,1,1
TEAM LEADER JARINGAN TRANSMISI DAN GARDU INDUK (GI LABUHAN BILIK),G2,11,,1,1
TEAM LEADER JARINGAN TRANSMISI DAN GARDU INDUK (GI LABUHAN DAN GI LAMHOTMA),G2,11,,1,1
TEAM LEADER JARINGAN TRANSMISI DAN GARDU INDUK (GI LAGADAR),G2,11,,1,1
TEAM LEADER JARINGAN TRANSMISI DAN GARDU INDUK (GI LANGSA),G2,11,,1,1
TEAM LEADER JARINGAN TRANSMISI DAN GARDU INDUK (GI LEMBUR SITU),G2,11,,1,1
TEAM LEADER JARINGAN TRANSMISI DAN GARDU INDUK (GI LHOKSEUMAWE),G2,11,,1,1
TEAM LEADER JARINGAN TRANSMISI DAN GARDU INDUK (GI LIKUPANG DAN GI MSM),G2,11,,1,1
TEAM LEADER JARINGAN TRANSMISI DAN GARDU INDUK (GI LIWA),G2,11,,1,1
TEAM LEADER JARINGAN TRANSMISI DAN GARDU INDUK (GI LOMANIS),G2,11,,1,1
TEAM LEADER JARINGAN TRANSMISI DAN GARDU INDUK (GI LOPANA DAN GIAMURANG),G2,11,,1,1
TEAM LEADER JARINGAN TRANSMISI DAN GARDU INDUK (GI LUBUK ALUNG DAN GI PARIAMAN),G2,11,,1,1
TEAM LEADER JARINGAN TRANSMISI DAN GARDU INDUK (GI MAJALAYA),G2,11,,1,1
TEAM LEADER JARINGAN TRANSMISI DAN GARDU INDUK (GI MAJENANG),G2,11,,1,1
TEAM LEADER JARINGAN TRANSMISI DAN GARDU INDUK (GI MALANGBONG),G2,11,,1,1
"TEAM LEADER JARINGAN TRANSMISI DAN GARDU INDUK (GI MALIGI, PINDODELI DANINDOLIBERTY)",G2,11,,1,1
TEAM LEADER JARINGAN TRANSMISI DAN GARDU INDUK (GI MANINJAU),G2,11,,1,1
TEAM LEADER JARINGAN TRANSMISI DAN GARDU INDUK (GI MANNA),G2,11,,1,1
TEAM LEADER JARINGAN TRANSMISI DAN GARDU INDUK (GI MARIANA),G2,11,,1,1
TEAM LEADER JARINGAN TRANSMISI DAN GARDU INDUK (GI MAROS DAN GI BOSOWA),G2,11,,1,1
TEAM LEADER JARINGAN TRANSMISI DAN GARDU INDUK (GI MARTAPURA),G2,11,,1,1
TEAM LEADER JARINGAN TRANSMISI DAN GARDU INDUK (GI MENGGALA),G2,11,,1,1
TEAM LEADER JARINGAN TRANSMISI DAN GARDU INDUK (GI MESUJI),G2,11,,1,1
TEAM LEADER JARINGAN TRANSMISI DAN GARDU INDUK (GI METRO),G2,11,,1,1
TEAM LEADER JARINGAN TRANSMISI DAN GARDU INDUK (GI MEULABOH),G2,11,,1,1
TEAM LEADER JARINGAN TRANSMISI DAN GARDU INDUK (GI MOJOSONGO),G2,11,,1,1
TEAM LEADER JARINGAN TRANSMISI DAN GARDU INDUK (GI MOLIBAGU DAN GI OTAM),G2,11,,1,1
TEAM LEADER JARINGAN TRANSMISI DAN GARDU INDUK (GI MRANGGEN),G2,11,,1,1
TEAM LEADER JARINGAN TRANSMISI DAN GARDU INDUK (GI MRICA),G2,11,,1,1
TEAM LEADER JARINGAN TRANSMISI DAN GARDU INDUK (GI MUARA DUA),G2,11,,1,1
TEAM LEADER JARINGAN TRANSMISI DAN GARDU INDUK (GI MUARA LABOH),G2,11,,1,1
TEAM LEADER JARINGAN TRANSMISI DAN GARDU INDUK (GI MUARA SABAK),G2,11,,1,1
TEAM LEADER JARINGAN TRANSMISI DAN GARDU INDUK (GI NAGAN RAYA),G2,11,,1,1
TEAM LEADER JARINGAN TRANSMISI DAN GARDU INDUK (GI NAMORAMBE),G2,11,,1,1
TEAM LEADER JARINGAN TRANSMISI DAN GARDU INDUK (GI NATAR DAN GI LANGKAPURA),G2,11,,1,1
TEAM LEADER JARINGAN TRANSMISI DAN GARDU INDUK (GI NEGRI DOLOK),G2,11,,1,1
TEAM LEADER JARINGAN TRANSMISI DAN GARDU INDUK (GI NEW GARUDA SAKTI),G2,11,,1,1
TEAM LEADER JARINGAN TRANSMISI DAN GARDU INDUK (GI NEW TARAHAN),G2,11,,1,1
TEAM LEADER JARINGAN TRANSMISI DAN GARDU INDUK (GI NEWJAKABARING),G2,11,,1,1
TEAM LEADER JARINGAN TRANSMISI DAN GARDU INDUK (GI NGUNTORONADI),G2,11,,1,1
TEAM LEADER JARINGAN TRANSMISI DAN GARDU INDUK (GI PABUARAN),G2,11,,1,1
TEAM LEADER JARINGAN TRANSMISI DAN GARDU INDUK (GI PADALARANG BARU),G2,11,,1,1
TEAM LEADER JARINGAN TRANSMISI DAN GARDU INDUK (GI PADANG LUAR),G2,11,,1,1
TEAM LEADER JARINGAN TRANSMISI DAN GARDU INDUK (GI PADANG PANJANG),G2,11,,1,1
TEAM LEADER JARINGAN TRANSMISI DAN GARDU INDUK (GI PADANG SAMBIAN),G2,11,,1,1
TEAM LEADER JARINGAN TRANSMISI DAN GARDU INDUK (GI PAGAR ALAM),G2,11,,1,1
TEAM LEADER JARINGAN TRANSMISI DAN GARDU INDUK (GI PAGELARAN),G2,11,,1,1
TEAM LEADER JARINGAN TRANSMISI DAN GARDU INDUK (GI PAKUAN RATU),G2,11,,1,1
TEAM LEADER JARINGAN TRANSMISI DAN GARDU INDUK (GI PALUR),G2,11,,1,1
TEAM LEADER JARINGAN TRANSMISI DAN GARDU INDUK (GI PAMEUNGPEUK),G2,11,,1,1
TEAM LEADER JARINGAN TRANSMISI DAN GARDU INDUK (GI PAN ASIA),G2,11,,1,1
TEAM LEADER JARINGAN TRANSMISI DAN GARDU INDUK (GI PANDEAN LAMPER),G2,11,,1,1
TEAM LEADER JARINGAN TRANSMISI DAN GARDU INDUK (GI PANGANDARAN),G2,11,,1,1
TEAM LEADER JARINGAN TRANSMISI DAN GARDU INDUK (GI PANGARAIAN),G2,11,,1,1
TEAM LEADER JARINGAN TRANSMISI DAN GARDU INDUK (GI PANGKALAN BRANDAN),G2,11,,1,1
TEAM LEADER JARINGAN TRANSMISI DAN GARDU INDUK (GI PANGKALAN KERINCI),G2,11,,1,1
TEAM LEADER JARINGAN TRANSMISI DAN GARDU INDUK (GI PANGKEP DAN GI TONASA),G2,11,,1,1
TEAM LEADER JARINGAN TRANSMISI DAN GARDU INDUK (GI PANGURURAN),G2,11,,1,1
TEAM LEADER JARINGAN TRANSMISI DAN GARDU INDUK (GI PANIKI DAN GI RANOMUUT),G2,11,,1,1
TEAM LEADER JARINGAN TRANSMISI DAN GARDU INDUK (GI PANTON LABU),G2,11,,1,1
TEAM LEADER JARINGAN TRANSMISI DAN GARDU INDUK (GI PANYABUNGAN),G2,11,,1,1
TEAM LEADER JARINGAN TRANSMISI DAN GARDU INDUK (GI PARAKAN),G2,11,,1,1
TEAM LEADER JARINGAN TRANSMISI DAN GARDU INDUK (GI PARUNGMULYA),G2,11,,1,1
TEAM LEADER JARINGAN TRANSMISI DAN GARDU INDUK (GI PASAMAN),G2,11,,1,1
TEAM LEADER JARINGAN TRANSMISI DAN GARDU INDUK (GI PASIR PUTIH),G2,11,,1,1
TEAM LEADER JARINGAN TRANSMISI DAN GARDU INDUK (GI PATI),G2,11,,1,1
TEAM LEADER JARINGAN TRANSMISI DAN GARDU INDUK (GI PATUHA),G2,11,,1,1
TEAM LEADER JARINGAN TRANSMISI DAN GARDU INDUK (GI PAUH LIMO),G2,11,,1,1
TEAM LEADER JARINGAN TRANSMISI DAN GARDU INDUK (GI PAYA GELI),G2,11,,1,1
TEAM LEADER JARINGAN TRANSMISI DAN GARDU INDUK (GI PAYA PASIR),G2,11,,1,1
TEAM LEADER JARINGAN TRANSMISI DAN GARDU INDUK (GI PAYO SELINCAH),G2,11,,1,1
TEAM LEADER JARINGAN TRANSMISI DAN GARDU INDUK (GI PEKALONGAN DAN COMAL),G2,11,,1,1
TEAM LEADER JARINGAN TRANSMISI DAN GARDU INDUK (GI PEKALONGAN),G2,11,,1,1
TEAM LEADER JARINGAN TRANSMISI DAN GARDU INDUK (GI PELABUHAN RATU DAN GIS PLTU  PELABUHAN RATU),G2,11,,1,1
TEAM LEADER JARINGAN TRANSMISI DAN GARDU INDUK (GI PEMALANG),G2,11,,1,1
TEAM LEADER JARINGAN TRANSMISI DAN GARDU INDUK (GI PEMATANG SIANTAR DANGI GUNUNG PARA),G2,11,,1,1
TEAM LEADER JARINGAN TRANSMISI DAN GARDU INDUK (GI PERAWANG),G2,11,,1,1
TEAM LEADER JARINGAN TRANSMISI DAN GARDU INDUK (GI PERBAUNGAN),G2,11,,1,1
TEAM LEADER JARINGAN TRANSMISI DAN GARDU INDUK (GI PERURI),G2,11,,1,1
TEAM LEADER JARINGAN TRANSMISI DAN GARDU INDUK (GI PIP),G2,11,,1,1
"TEAM LEADER JARINGAN TRANSMISI DAN GARDU INDUK (GI PLENGAN, CIKALONG DANLAMAJAN)",G2,11,,1,1
TEAM LEADER JARINGAN TRANSMISI DAN GARDU INDUK (GI PLTMG BAU-BAU DAN GIBAU-BAU),G2,11,,1,1
TEAM LEADER JARINGAN TRANSMISI DAN GARDU INDUK (GI PLTU BARRU DAN GI BALUSU),G2,11,,1,1
TEAM LEADER JARINGAN TRANSMISI DAN GARDU INDUK (GI PLTU INDRAMAYU),G2,11,,1,1
TEAM LEADER JARINGAN TRANSMISI DAN GARDU INDUK (GI PONCOL BARU DAN GIS PONCOL BARU  II),G2,11,,1,1
TEAM LEADER JARINGAN TRANSMISI DAN GARDU INDUK (GI PRABUMULIH),G2,11,,1,1
TEAM LEADER JARINGAN TRANSMISI DAN GARDU INDUK (GI PULAU BAAI),G2,11,,1,1
TEAM LEADER JARINGAN TRANSMISI DAN GARDU INDUK (GI PURBALINGGA),G2,11,,1,1
TEAM LEADER JARINGAN TRANSMISI DAN GARDU INDUK (GI PURWAKARTA),G2,11,,1,1
TEAM LEADER JARINGAN TRANSMISI DAN GARDU INDUK (GI PURWODADI),G2,11,,1,1
TEAM LEADER JARINGAN TRANSMISI DAN GARDU INDUK (GI PURWOREJO),G2,11,,1,1
TEAM LEADER JARINGAN TRANSMISI DAN GARDU INDUK (GI RAJAPAKSI),G2,11,,1,1
TEAM LEADER JARINGAN TRANSMISI DAN GARDU INDUK (GI RANCAEKEK),G2,11,,1,1
TEAM LEADER JARINGAN TRANSMISI DAN GARDU INDUK (GI RANCAKASUMBA),G2,11,,1,1
TEAM LEADER JARINGAN TRANSMISI DAN GARDU INDUK (GI RANTAU PRAPAT),G2,11,,1,1
TEAM LEADER JARINGAN TRANSMISI DAN GARDU INDUK (GI RAWALO),G2,11,,1,1
TEAM LEADER JARINGAN TRANSMISI DAN GARDU INDUK (GI RAYON UTAMA MAKMUR),G2,11,,1,1
TEAM LEADER JARINGAN TRANSMISI DAN GARDU INDUK (GI REMBANG DAN PLTU REMBANG),G2,11,,1,1
TEAM LEADER JARINGAN TRANSMISI DAN GARDU INDUK (GI RENGASDENGKLOK),G2,11,,1,1
TEAM LEADER JARINGAN TRANSMISI DAN GARDU INDUK (GI RENGAT),G2,11,,1,1
TEAM LEADER JARINGAN TRANSMISI DAN GARDU INDUK (GI SAMALANGA),G2,11,,1,1
TEAM LEADER JARINGAN TRANSMISI DAN GARDU INDUK (GI SANGGRAHAN),G2,11,,1,1
TEAM LEADER JARINGAN TRANSMISI DAN GARDU INDUK (GI SANTOSA),G2,11,,1,1
TEAM LEADER JARINGAN TRANSMISI DAN GARDU INDUK (GI SAROLANGUN),G2,11,,1,1
TEAM LEADER JARINGAN TRANSMISI DAN GARDU INDUK (GI SAYUNG),G2,11,,1,1
TEAM LEADER JARINGAN TRANSMISI DAN GARDU INDUK (GI SEBALANG),G2,11,,1,1
TEAM LEADER JARINGAN TRANSMISI DAN GARDU INDUK (GI SECANG),G2,11,,1,1
TEAM LEADER JARINGAN TRANSMISI DAN GARDU INDUK (GI SEDUDUK PUTIH),G2,11,,1,1
TEAM LEADER JARINGAN TRANSMISI DAN GARDU INDUK (GI SEI GELAM),G2,11,,1,1
TEAM LEADER JARINGAN TRANSMISI DAN GARDU INDUK (GI SEI MANGKE),G2,11,,1,1
TEAM LEADER JARINGAN TRANSMISI DAN GARDU INDUK (GI SEI ROTAN),G2,11,,1,1
TEAM LEADER JARINGAN TRANSMISI DAN GARDU INDUK (GI SEKAYU),G2,11,,1,1
TEAM LEADER JARINGAN TRANSMISI DAN GARDU INDUK (GI SELAYANG),G2,11,,1,1
TEAM LEADER JARINGAN TRANSMISI DAN GARDU INDUK (GI SEMANU),G2,11,,1,1
"TEAM LEADER JARINGAN TRANSMISI DAN GARDU INDUK (GI SEMEN BARU, CILEUNGSIDAN ITP)",G2,11,,1,1
TEAM LEADER JARINGAN TRANSMISI DAN GARDU INDUK (GI SEMEN GROBOGAN),G2,11,,1,1
TEAM LEADER JARINGAN TRANSMISI DAN GARDU INDUK (GI SEMEN JAWA DAN UBRUG),G2,11,,1,1
TEAM LEADER JARINGAN TRANSMISI DAN GARDU INDUK (GI SEMEN NUSANTARA),G2,11,,1,1
TEAM LEADER JARINGAN TRANSMISI DAN GARDU INDUK (GI SENTUL),G2,11,,1,1
TEAM LEADER JARINGAN TRANSMISI DAN GARDU INDUK (GI SEPUTIH BANYAK),G2,11,,1,1
TEAM LEADER JARINGAN TRANSMISI DAN GARDU INDUK (GI SIAK),G2,11,,1,1
TEAM LEADER JARINGAN TRANSMISI DAN GARDU INDUK (GI SIBOLGA),G2,11,,1,1
TEAM LEADER JARINGAN TRANSMISI DAN GARDU INDUK (GI SIBUHUAN),G2,11,,1,1
TEAM LEADER JARINGAN TRANSMISI DAN GARDU INDUK (GI SIDIKALANG),G2,11,,1,1
TEAM LEADER JARINGAN TRANSMISI DAN GARDU INDUK (GI SIEMPAT RUBE),G2,11,,1,1
TEAM LEADER JARINGAN TRANSMISI DAN GARDU INDUK (GI SIMPANG EMPAT),G2,11,,1,1
TEAM LEADER JARINGAN TRANSMISI DAN GARDU INDUK (GI SIMPANG TIGA),G2,11,,1,1
TEAM LEADER JARINGAN TRANSMISI DAN GARDU INDUK (GI SINAR TAMBANG ARTHA LESTARI),G2,11,,1,1
TEAM LEADER JARINGAN TRANSMISI DAN GARDU INDUK (GI SINGKARAK),G2,11,,1,1
TEAM LEADER JARINGAN TRANSMISI DAN GARDU INDUK (GI SINGKIL),G2,11,,1,1
TEAM LEADER JARINGAN TRANSMISI DAN GARDU INDUK (GI SOLO BARU),G2,11,,1,1
TEAM LEADER JARINGAN TRANSMISI DAN GARDU INDUK (GI SOLOK),G2,11,,1,1
TEAM LEADER JARINGAN TRANSMISI DAN GARDU INDUK (GI SRAGEN DAN MASARAN),G2,11,,1,1
TEAM LEADER JARINGAN TRANSMISI DAN GARDU INDUK (GI SRI BINTAN),G2,11,,1,1
TEAM LEADER JARINGAN TRANSMISI DAN GARDU INDUK (GI SRIBAWONO),G2,11,,1,1
TEAM LEADER JARINGAN TRANSMISI DAN GARDU INDUK (GI SRONDOL DAN GIS PUDAKPAYUNG),G2,11,,1,1
TEAM LEADER JARINGAN TRANSMISI DAN GARDU INDUK (GI SUBANG),G2,11,,1,1
TEAM LEADER JARINGAN TRANSMISI DAN GARDU INDUK (GI SUBULUSSALAM),G2,11,,1,1
TEAM LEADER JARINGAN TRANSMISI DAN GARDU INDUK (GI SUKAMANDI),G2,11,,1,1
TEAM LEADER JARINGAN TRANSMISI DAN GARDU INDUK (GI SUKAMERINDU),G2,11,,1,1
TEAM LEADER JARINGAN TRANSMISI DAN GARDU INDUK (GI SUKARAME DAN GI JATIAGUNG),G2,11,,1,1
TEAM LEADER JARINGAN TRANSMISI DAN GARDU INDUK (GI SUKATANI GOBEL),G2,11,,1,1
TEAM LEADER JARINGAN TRANSMISI DAN GARDU INDUK (GI SUMADRA),G2,11,,1,1
TEAM LEADER JARINGAN TRANSMISI DAN GARDU INDUK (GI SUMEDANG),G2,11,,1,1
TEAM LEADER JARINGAN TRANSMISI DAN GARDU INDUK (GI SUNGAI JUARO),G2,11,,1,1
TEAM LEADER JARINGAN TRANSMISI DAN GARDU INDUK (GI SUNGAI KEDUKAN),G2,11,,1,1
TEAM LEADER JARINGAN TRANSMISI DAN GARDU INDUK (GI SUNGAI PENUH),G2,11,,1,1
TEAM LEADER JARINGAN TRANSMISI DAN GARDU INDUK (GI SUNYARAGI),G2,11,,1,1
TEAM LEADER JARINGAN TRANSMISI DAN GARDU INDUK (GI SUTAMI DAN GITARAHAN),G2,11,,1,1
TEAM LEADER JARINGAN TRANSMISI DAN GARDU INDUK (GI TAKENGON),G2,11,,1,1
TEAM LEADER JARINGAN TRANSMISI DAN GARDU INDUK (GI TALANG KELAPA),G2,11,,1,1
TEAM LEADER JARINGAN TRANSMISI DAN GARDU INDUK (GI TALANG RATU),G2,11,,1,1
TEAM LEADER JARINGAN TRANSMISI DAN GARDU INDUK (GI TAMBAK LOROK DAN GISTAMBAK  LOROK),G2,11,,1,1
TEAM LEADER JARINGAN TRANSMISI DAN GARDU INDUK (GI TAMBUN DAN TOYOGIRI),G2,11,,1,1
TEAM LEADER JARINGAN TRANSMISI DAN GARDU INDUK (GI TANJUNG API-API),G2,11,,1,1
TEAM LEADER JARINGAN TRANSMISI DAN GARDU INDUK (GI TANJUNG BALAI),G2,11,,1,1
TEAM LEADER JARINGAN TRANSMISI DAN GARDU INDUK (GI TANJUNG JATI),G2,11,,1,1
TEAM LEADER JARINGAN TRANSMISI DAN GARDU INDUK (GI TANJUNG MORAWA),G2,11,,1,1
TEAM LEADER JARINGAN TRANSMISI DAN GARDU INDUK (GI TANJUNG PURA),G2,11,,1,1
TEAM LEADER JARINGAN TRANSMISI DAN GARDU INDUK (GI TANJUNG UBAN),G2,11,,1,1
TEAM LEADER JARINGAN TRANSMISI DAN GARDU INDUK (GI TARUNTUNG),G2,11,,1,1
TEAM LEADER JARINGAN TRANSMISI DAN GARDU INDUK (GI TASIKMALAYA),G2,11,,1,1
TEAM LEADER JARINGAN TRANSMISI DAN GARDU INDUK (GI TATA JABAR),G2,11,,1,1
TEAM LEADER JARINGAN TRANSMISI DAN GARDU INDUK (GI TEBING TINGGI),G2,11,,1,1
TEAM LEADER JARINGAN TRANSMISI DAN GARDU INDUK (GI TEBO),G2,11,,1,1
TEAM LEADER JARINGAN TRANSMISI DAN GARDU INDUK (GI TEGALHERANG),G2,11,,1,1
TEAM LEADER JARINGAN TRANSMISI DAN GARDU INDUK (GI TEGINENENG),G2,11,,1,1
TEAM LEADER JARINGAN TRANSMISI DAN GARDU INDUK (GI TELE),G2,11,,1,1
TEAM LEADER JARINGAN TRANSMISI DAN GARDU INDUK (GI TELUK BETUNG),G2,11,,1,1
TEAM LEADER JARINGAN TRANSMISI DAN GARDU INDUK (GI TELUK DALAM),G2,11,,1,1
TEAM LEADER JARINGAN TRANSMISI DAN GARDU INDUK (GI TELUK KUANTAN),G2,11,,1,1
TEAM LEADER JARINGAN TRANSMISI DAN GARDU INDUK (GI TELUK LEMBU),G2,11,,1,1
TEAM LEADER JARINGAN TRANSMISI DAN GARDU INDUK (GI TELUK SIRIH),G2,11,,1,1
TEAM LEADER JARINGAN TRANSMISI DAN GARDU INDUK (GI TELUKJAMBE),G2,11,,1,1
TEAM LEADER JARINGAN TRANSMISI DAN GARDU INDUK (GI TEMANGGUNG),G2,11,,1,1
TEAM LEADER JARINGAN TRANSMISI DAN GARDU INDUK (GI TEMBILAHAN),G2,11,,1,1
TEAM LEADER JARINGAN TRANSMISI DAN GARDU INDUK (GI TENAYAN),G2,11,,1,1
TEAM LEADER JARINGAN TRANSMISI DAN GARDU INDUK (GI TES),G2,11,,1,1
TEAM LEADER JARINGAN TRANSMISI DAN GARDU INDUK (GI TITI KUNING),G2,11,,1,1
TEAM LEADER JARINGAN TRANSMISI DAN GARDU INDUK (GI TONSEALAMA DAN GI SAWANGAN),G2,11,,1,1
TEAM LEADER JARINGAN TRANSMISI DAN GARDU INDUK (GI TUALANG CUT),G2,11,,1,1
TEAM LEADER JARINGAN TRANSMISI DAN GARDU INDUK (GI UJUNGBERUNG),G2,11,,1,1
TEAM LEADER JARINGAN TRANSMISI DAN GARDU INDUK (GI ULU BELU),G2,11,,1,1
TEAM LEADER JARINGAN TRANSMISI DAN GARDU INDUK (GI WADASLINTANG),G2,11,,1,1
TEAM LEADER JARINGAN TRANSMISI DAN GARDU INDUK (GI WATES),G2,11,,1,1
TEAM LEADER JARINGAN TRANSMISI DAN GARDU INDUK (GI WAYANG WINDU),G2,11,,1,1
TEAM LEADER JARINGAN TRANSMISI DAN GARDU INDUK (GI WELERI),G2,11,,1,1
TEAM LEADER JARINGAN TRANSMISI DAN GARDU INDUK (GI WONOGIRI),G2,11,,1,1
TEAM LEADER JARINGAN TRANSMISI DAN GARDU INDUK (GI WONOSARI),G2,11,,1,1
TEAM LEADER JARINGAN TRANSMISI DAN GARDU INDUK (GI WONOSOBO DAN GARUNG),G2,11,,1,1
TEAM LEADER JARINGAN TRANSMISI DAN GARDU INDUK (GIS (GLUGUR),G2,11,,1,1
TEAM LEADER JARINGAN TRANSMISI DAN GARDU INDUK (GIS (MABAR),G2,11,,1,1
TEAM LEADER JARINGAN TRANSMISI DAN GARDU INDUK (GIS BANGIL DAN GIS KIS),G2,11,,1,1
TEAM LEADER JARINGAN TRANSMISI DAN GARDU INDUK (GIS BRAGA),G2,11,,1,1
TEAM LEADER JARINGAN TRANSMISI DAN GARDU INDUK (GIS CIBABAT DAN GIS CIBABAT BARU),G2,11,,1,1
TEAM LEADER JARINGAN TRANSMISI DAN GARDU INDUK (GIS DARMO GRANDE DAN GISGUNUNG SARI),G2,11,,1,1
TEAM LEADER JARINGAN TRANSMISI DAN GARDU INDUK (GIS GEDEBAGE),G2,11,,1,1
TEAM LEADER JARINGAN TRANSMISI DAN GARDU INDUK (GIS GUNUNG SALAK LAMA DAN GIS  GUNUNG SALAK BARU),G2,11,,1,1
TEAM LEADER JARINGAN TRANSMISI DAN GARDU INDUK (GIS KIARACONDONG),G2,11,,1,1
TEAM LEADER JARINGAN TRANSMISI DAN GARDU INDUK (GIS KOTA TIMUR DAN GIBOOM BARU),G2,11,,1,1
TEAM LEADER JARINGAN TRANSMISI DAN GARDU INDUK (GIS LISTRIK),G2,11,,1,1
TEAM LEADER JARINGAN TRANSMISI DAN GARDU INDUK (GIS OMBILIN DAN GISALAK),G2,11,,1,1
TEAM LEADER JARINGAN TRANSMISI DAN GARDU INDUK (GIS SIMPANG HARU),G2,11,,1,1
TEAM LEADER JARINGAN TRANSMISI DAN GARDU INDUK (GIS SIMPANG LIMA DAN GISKALISARI),G2,11,,1,1
TEAM LEADER JARINGAN TRANSMISI DAN GARDU INDUK (GITET CIBINONG),G2,12,,1,1
TEAM LEADER JARINGAN TRANSMISI DAN GARDU INDUK (INDUSTRI),G2,11,,1,1
TEAM LEADER JARINGAN TRANSMISI DAN GARDU INDUK (KAPAL DAN TANAH LOT),G2,11,,1,1
TEAM LEADER JARINGAN TRANSMISI DAN GARDU INDUK (KARIANGAU),G2,11,,1,1
TEAM LEADER JARINGAN TRANSMISI DAN GARDU INDUK (KENJERAN DAN KEDINDING),G2,11,,1,1
"TEAM LEADER JARINGAN TRANSMISI DAN GARDU INDUK (KOBA, TOBOALI)",G2,11,,1,1
TEAM LEADER JARINGAN TRANSMISI DAN GARDU INDUK (KREMBANGAN DAN PERAK),G2,11,,1,1
TEAM LEADER JARINGAN TRANSMISI DAN GARDU INDUK (LUMAJANG),G2,11,,1,1
TEAM LEADER JARINGAN TRANSMISI DAN GARDU INDUK (MANGGARSARI),G2,11,,1,1
"TEAM LEADER JARINGAN TRANSMISI DAN GARDU INDUK (MANISREJO, GOLANG DAN GIRINGAN)",G2,11,,1,1
TEAM LEADER JARINGAN TRANSMISI DAN GARDU INDUK (MUARA JAWA),G2,11,,1,1
TEAM LEADER JARINGAN TRANSMISI DAN GARDU INDUK (NGABANG),G2,11,,1,1
TEAM LEADER JARINGAN TRANSMISI DAN GARDU INDUK (NGANJUK DAN NGANJUK II),G2,11,,1,1
TEAM LEADER JARINGAN TRANSMISI DAN GARDU INDUK (NGURAH RAI DAN PECATU),G2,11,,1,1
TEAM LEADER JARINGAN TRANSMISI DAN GARDU INDUK (PLTU BENGKAYANG),G2,11,,1,1
TEAM LEADER JARINGAN TRANSMISI DAN GARDU INDUK (PLTU GRESIK DAN WILMAR),G2,11,,1,1
"TEAM LEADER JARINGAN TRANSMISI DAN GARDU INDUK (PONOROGO, DALOPO DAN NGEBEL)",G2,11,,1,1
TEAM LEADER JARINGAN TRANSMISI DAN GARDU INDUK (PROBOLINGGO),G2,11,,1,1
TEAM LEADER JARINGAN TRANSMISI DAN GARDU INDUK (PULAU LAUT),G2,11,,1,1
TEAM LEADER JARINGAN TRANSMISI DAN GARDU INDUK (SENGGURUH DAN GAMPINGAN),G2,11,,1,1
TEAM LEADER JARINGAN TRANSMISI DAN GARDU INDUK (SENIPAH),G2,11,,1,1
TEAM LEADER JARINGAN TRANSMISI DAN GARDU INDUK (SIANTAN),G2,11,,1,1
TEAM LEADER JARINGAN TRANSMISI DAN GARDU INDUK (SUKOLILO DAN KALISARI),G2,11,,1,1
TEAM LEADER JARINGAN TRANSMISI DAN GARDU INDUK (SUMENEP DAN GULUK-GULUK),G2,11,,1,1
TEAM LEADER JARINGAN TRANSMISI DAN GARDU INDUK (TANJUNG),G2,11,,1,1
"TEAM LEADER JARINGAN TRANSMISI DAN GARDU INDUK (TULUNGAGUNG, PLTA TULUNGAGUNG DAN NEW TULUNGAGUNG)",G2,11,,1,1
TEAM LEADER JARINGAN TRANSMISI DAN GARDU INDUK (TUREN),G2,11,,1,1
TEAM LEADER JARINGAN TRANSMISI DAN GARDU INDUK (WLINGI DAN NEW WLINGI),G2,11,,1,1
TEAM LEADER JARINGAN TRANSMISI DAN GARDU INDUK ALTA PRIMA,G2,11,,1,1
TEAM LEADER JARINGAN TRANSMISI DAN GARDU INDUK ANDOLO,G2,11,,1,1
TEAM LEADER JARINGAN TRANSMISI DAN GARDU INDUK ANGGREK,G2,11,,1,1
TEAM LEADER JARINGAN TRANSMISI DAN GARDU INDUK ANTOSARI,G2,11,,1,1
"TEAM LEADER JARINGAN TRANSMISI DAN GARDU INDUK BABADAN, MASPION DAN ISPATINDO",G2,11,,1,1
TEAM LEADER JARINGAN TRANSMISI DAN GARDU INDUK BABAT,G2,11,,1,1
TEAM LEADER JARINGAN TRANSMISI DAN GARDU INDUK BAKARU,G2,11,,1,1
TEAM LEADER JARINGAN TRANSMISI DAN GARDU INDUK BALUNGBENDO,G2,11,,1,1
TEAM LEADER JARINGAN TRANSMISI DAN GARDU INDUK BAMBE,G2,11,,1,1
"TEAM LEADER JARINGAN TRANSMISI DAN GARDU INDUK BANARAN, PARE DAN GUDANGGARAM",G2,11,,1,1
"TEAM LEADER JARINGAN TRANSMISI DAN GARDU INDUK BANTAENG NEW, SWITCHING,SMELTER",G2,11,,1,1
TEAM LEADER JARINGAN TRANSMISI DAN GARDU INDUK BANYUWANGI,G2,11,,1,1
TEAM LEADER JARINGAN TRANSMISI DAN GARDU INDUK BARRU,G2,11,,1,1
TEAM LEADER JARINGAN TRANSMISI DAN GARDU INDUK BATURITI,G2,11,,1,1
TEAM LEADER JARINGAN TRANSMISI DAN GARDU INDUK BLITAR BARU,G2,11,,1,1
TEAM LEADER JARINGAN TRANSMISI DAN GARDU INDUK BOJONEGORO,G2,11,,1,1
TEAM LEADER JARINGAN TRANSMISI DAN GARDU INDUK BONDOWOSO DAN SITUBONDO,G2,11,,1,1
TEAM LEADER JARINGAN TRANSMISI DAN GARDU INDUK BOROKO,G2,11,,1,1
TEAM LEADER JARINGAN TRANSMISI DAN GARDU INDUK BUDURAN DAN PORONG,G2,11,,1,1
TEAM LEADER JARINGAN TRANSMISI DAN GARDU INDUK BULUKUMBA,G2,11,,1,1
"TEAM LEADER JARINGAN TRANSMISI DAN GARDU INDUK CERME, MANYAR DAN MASPIONSBM",G2,11,,1,1
TEAM LEADER JARINGAN TRANSMISI DAN GARDU INDUK CIBUBUR,G2,11,,1,1
TEAM LEADER JARINGAN TRANSMISI DAN GARDU INDUK DAN GIS BONTOALA,G2,11,,1,1
TEAM LEADER JARINGAN TRANSMISI DAN GARDU INDUK DAYA BARU,G2,11,,1,1
TEAM LEADER JARINGAN TRANSMISI DAN GARDU INDUK DRIYOREJO DAN MIWON,G2,11,,1,1
TEAM LEADER JARINGAN TRANSMISI DAN GARDU INDUK GENTENG,G2,11,,1,1
TEAM LEADER JARINGAN TRANSMISI DAN GARDU INDUK GI 150KV ALINDO,G2,11,,1,1
TEAM LEADER JARINGAN TRANSMISI DAN GARDU INDUK GI 150KV ANCOL,G2,11,,1,1
TEAM LEADER JARINGAN TRANSMISI DAN GARDU INDUK GI 150KV ANGKE,G2,11,,1,1
TEAM LEADER JARINGAN TRANSMISI DAN GARDU INDUK GI 150KV ANYER,G2,11,,1,1
TEAM LEADER JARINGAN TRANSMISI DAN GARDU INDUK GI 150KV ASAHIMAS,G2,11,,1,1
TEAM LEADER JARINGAN TRANSMISI DAN GARDU INDUK GI 150KV BAYAH,G2,11,,1,1
TEAM LEADER JARINGAN TRANSMISI DAN GARDU INDUK GI 150KV BEKASI,G2,11,,1,1
TEAM LEADER JARINGAN TRANSMISI DAN GARDU INDUK GI 150KV BSD 1,G2,11,,1,1
TEAM LEADER JARINGAN TRANSMISI DAN GARDU INDUK GI 150KV CAWANG LAMA,G2,11,,1,1
TEAM LEADER JARINGAN TRANSMISI DAN GARDU INDUK GI 150KV CENGKARENG,G2,11,,1,1
TEAM LEADER JARINGAN TRANSMISI DAN GARDU INDUK GI 150KV CENGKARENG BARU,G2,11,,1,1
TEAM LEADER JARINGAN TRANSMISI DAN GARDU INDUK GI 150KV CHANDRA ASRI,G2,11,,1,1
TEAM LEADER JARINGAN TRANSMISI DAN GARDU INDUK GI 150KV CIKANDE,G2,11,,1,1
TEAM LEADER JARINGAN TRANSMISI DAN GARDU INDUK GI 150KV CIKUPA,G2,11,,1,1
TEAM LEADER JARINGAN TRANSMISI DAN GARDU INDUK GI 150KV CILEDUG,G2,11,,1,1
TEAM LEADER JARINGAN TRANSMISI DAN GARDU INDUK GI 150KV CILEGON LAMA,G2,11,,1,1
TEAM LEADER JARINGAN TRANSMISI DAN GARDU INDUK GI 150KV CIMANGGIS,G2,11,,1,1
TEAM LEADER JARINGAN TRANSMISI DAN GARDU INDUK GI 150KV CITRA HABITAT,G2,11,,1,1
TEAM LEADER JARINGAN TRANSMISI DAN GARDU INDUK GI 150KV CURUG,G2,11,,1,1
TEAM LEADER JARINGAN TRANSMISI DAN GARDU INDUK GI 150KV DURI KOSAMBI,G2,11,,1,1
TEAM LEADER JARINGAN TRANSMISI DAN GARDU INDUK GI 150KV GAMBIR BARU,G2,11,,1,1
TEAM LEADER JARINGAN TRANSMISI DAN GARDU INDUK GI 150KV GANDUL,G2,11,,1,1
TEAM LEADER JARINGAN TRANSMISI DAN GARDU INDUK GI 150KV GORDA PRIMA,G2,11,,1,1
TEAM LEADER JARINGAN TRANSMISI DAN GARDU INDUK GI 150KV INDAH KIAT,G2,11,,1,1
TEAM LEADER JARINGAN TRANSMISI DAN GARDU INDUK GI 150KV INDOFERO,G2,11,,1,1
TEAM LEADER JARINGAN TRANSMISI DAN GARDU INDUK GI 150KV JATAKE,G2,11,,1,1
TEAM LEADER JARINGAN TRANSMISI DAN GARDU INDUK GI 150KV JATIRANGON,G2,11,,1,1
TEAM LEADER JARINGAN TRANSMISI DAN GARDU INDUK GI 150KV KARET LAMA,G2,11,,1,1
TEAM LEADER JARINGAN TRANSMISI DAN GARDU INDUK GI 150KV KEMAYORAN,G2,11,,1,1
TEAM LEADER JARINGAN TRANSMISI DAN GARDU INDUK GI 150KV KOPO,G2,11,,1,1
TEAM LEADER JARINGAN TRANSMISI DAN GARDU INDUK GI 150KV LAUTAN STEEL,G2,11,,1,1
TEAM LEADER JARINGAN TRANSMISI DAN GARDU INDUK GI 150KV LEGOK,G2,11,,1,1
TEAM LEADER JARINGAN TRANSMISI DAN GARDU INDUK GI 150KV LENGKONG,G2,11,,1,1
TEAM LEADER JARINGAN TRANSMISI DAN GARDU INDUK GI 150KV MALINGPING,G2,11,,1,1
TEAM LEADER JARINGAN TRANSMISI DAN GARDU INDUK GI 150KV MAXIMANGANDO,G2,11,,1,1
TEAM LEADER JARINGAN TRANSMISI DAN GARDU INDUK GI 150KV MCCI,G2,11,,1,1
TEAM LEADER JARINGAN TRANSMISI DAN GARDU INDUK GI 150KV MENES BARU,G2,11,,1,1
TEAM LEADER JARINGAN TRANSMISI DAN GARDU INDUK GI 150KV MILLENIUM,G2,11,,1,1
TEAM LEADER JARINGAN TRANSMISI DAN GARDU INDUK GI 150KV MITSUI,G2,11,,1,1
TEAM LEADER JARINGAN TRANSMISI DAN GARDU INDUK GI 150KV MODERN,G2,11,,1,1
TEAM LEADER JARINGAN TRANSMISI DAN GARDU INDUK GI 150KV MUARA KARANG BARU,G2,11,,1,1
TEAM LEADER JARINGAN TRANSMISI DAN GARDU INDUK GI 150KV MUARA KARANG LAMA,G2,11,,1,1
"TEAM LEADER JARINGAN TRANSMISI DAN GARDU INDUK GI 150KV PANGERAN KARANG,GI 150KV TOSANPRIMA DAN GI 150KV WAHANA GARUDA LESTARI",G2,11,,1,1
TEAM LEADER JARINGAN TRANSMISI DAN GARDU INDUK GI 150KV PASAR KEMIS,G2,11,,1,1
TEAM LEADER JARINGAN TRANSMISI DAN GARDU INDUK GI 150KV PASAR KEMIS BARU,G2,11,,1,1
TEAM LEADER JARINGAN TRANSMISI DAN GARDU INDUK GI 150KV PENI,G2,11,,1,1
TEAM LEADER JARINGAN TRANSMISI DAN GARDU INDUK GI 150KV PETUKANGAN,G2,11,,1,1
TEAM LEADER JARINGAN TRANSMISI DAN GARDU INDUK GI 150KV PLTGU CILEGON,G2,11,,1,1
TEAM LEADER JARINGAN TRANSMISI DAN GARDU INDUK GI 150KV PLUMPANG & GIS 150KV NEW PLUMPANG,G2,11,,1,1
TEAM LEADER JARINGAN TRANSMISI DAN GARDU INDUK GI 150KV POLI PRIMA,G2,11,,1,1
TEAM LEADER JARINGAN TRANSMISI DAN GARDU INDUK GI 150KV PRIMA ETHYCOLINDO,G2,11,,1,1
TEAM LEADER JARINGAN TRANSMISI DAN GARDU INDUK GI 150KV PUCAM,G2,11,,1,1
TEAM LEADER JARINGAN TRANSMISI DAN GARDU INDUK GI 150KV PULOGADUNG & GIS150KV NEW PULOGADUNG,G2,11,,1,1
TEAM LEADER JARINGAN TRANSMISI DAN GARDU INDUK GI 150KV RANGKASBITUNG BARU,G2,11,,1,1
TEAM LEADER JARINGAN TRANSMISI DAN GARDU INDUK GI 150KV SAKETI,G2,11,,1,1
TEAM LEADER JARINGAN TRANSMISI DAN GARDU INDUK GI 150KV SEPATAN,G2,11,,1,1
TEAM LEADER JARINGAN TRANSMISI DAN GARDU INDUK GI 150KV SERPONG,G2,11,,1,1
TEAM LEADER JARINGAN TRANSMISI DAN GARDU INDUK GI 150KV SPINMILL,G2,11,,1,1
TEAM LEADER JARINGAN TRANSMISI DAN GARDU INDUK GI 150KV TANGERANG,G2,11,,1,1
TEAM LEADER JARINGAN TRANSMISI DAN GARDU INDUK GI 150KV TANGERANG BARU,G2,11,,1,1
TEAM LEADER JARINGAN TRANSMISI DAN GARDU INDUK GI 150KV TELUK NAGA,G2,11,,1,1
TEAM LEADER JARINGAN TRANSMISI DAN GARDU INDUK GI 150KV TIGA RAKSA,G2,11,,1,1
TEAM LEADER JARINGAN TRANSMISI DAN GARDU INDUK GI 70KV RANGKAS KOTA,G2,11,,1,1
TEAM LEADER JARINGAN TRANSMISI DAN GARDU INDUK GI 70KV SERANG & GI 150KVSERANG,G2,11,,1,1
TEAM LEADER JARINGAN TRANSMISI DAN GARDU INDUK GI BALARAJA,G2,11,,1,1
TEAM LEADER JARINGAN TRANSMISI DAN GARDU INDUK GIANYAR,G2,11,,1,1
TEAM LEADER JARINGAN TRANSMISI DAN GARDU INDUK GILIMANUK,G2,11,,1,1
TEAM LEADER JARINGAN TRANSMISI DAN GARDU INDUK GILITIMUR DAN BANGKALAN,G2,11,,1,1
TEAM LEADER JARINGAN TRANSMISI DAN GARDU INDUK GIS 150KV ABADI GUNA PAPAN,G2,11,,1,1
TEAM LEADER JARINGAN TRANSMISI DAN GARDU INDUK GIS 150KV ALAM SUTERA,G2,11,,1,1
TEAM LEADER JARINGAN TRANSMISI DAN GARDU INDUK GIS 150KV ANTASARI,G2,11,,1,1
TEAM LEADER JARINGAN TRANSMISI DAN GARDU INDUK GIS 150KV BEKASI2 SUMMARECON,G2,11,,1,1
TEAM LEADER JARINGAN TRANSMISI DAN GARDU INDUK GIS 150KV BINTARO,G2,11,,1,1
TEAM LEADER JARINGAN TRANSMISI DAN GARDU INDUK GIS 150KV BINTARO BARU,G2,11,,1,1
TEAM LEADER JARINGAN TRANSMISI DAN GARDU INDUK GIS 150KV BUDI KEMULIAAN,G2,11,,1,1
TEAM LEADER JARINGAN TRANSMISI DAN GARDU INDUK GIS 150KV CIPINANG,G2,11,,1,1
TEAM LEADER JARINGAN TRANSMISI DAN GARDU INDUK GIS 150KV CSW,G2,11,,1,1
TEAM LEADER JARINGAN TRANSMISI DAN GARDU INDUK GIS 150KV DAAN MOGOT DANGIS 150KV GROGOL BARU,G2,11,,1,1
TEAM LEADER JARINGAN TRANSMISI DAN GARDU INDUK GIS 150KV DANAYASA,G2,11,,1,1
TEAM LEADER JARINGAN TRANSMISI DAN GARDU INDUK GIS 150KV DEPOK BARU II,G2,11,,1,1
TEAM LEADER JARINGAN TRANSMISI DAN GARDU INDUK GIS 150KV DUKUH ATAS,G2,11,,1,1
TEAM LEADER JARINGAN TRANSMISI DAN GARDU INDUK GIS 150KV DUREN TIGA,G2,11,,1,1
TEAM LEADER JARINGAN TRANSMISI DAN GARDU INDUK GIS 150KV GAMBIR LAMA,G2,11,,1,1
TEAM LEADER JARINGAN TRANSMISI DAN GARDU INDUK GIS 150KV GANDARIA,G2,11,,1,1
TEAM LEADER JARINGAN TRANSMISI DAN GARDU INDUK GIS 150KV GEDUNG POLA,G2,11,,1,1
TEAM LEADER JARINGAN TRANSMISI DAN GARDU INDUK GIS 150KV GROGOL,G2,11,,1,1
TEAM LEADER JARINGAN TRANSMISI DAN GARDU INDUK GIS 150KV GUNUNG SAHARI,G2,11,,1,1
TEAM LEADER JARINGAN TRANSMISI DAN GARDU INDUK GIS 150KV HARAPAN INDAH,G2,11,,1,1
TEAM LEADER JARINGAN TRANSMISI DAN GARDU INDUK GIS 150KV JAKARTA GARDENCITY,G2,11,,1,1
TEAM LEADER JARINGAN TRANSMISI DAN GARDU INDUK GIS 150KV KANDANG SAPI,G2,11,,1,1
TEAM LEADER JARINGAN TRANSMISI DAN GARDU INDUK GIS 150KV KARET BARU,G2,11,,1,1
TEAM LEADER JARINGAN TRANSMISI DAN GARDU INDUK GIS 150KV KEBON JERUK DANGIS 150KV TOMANG),G2,11,,1,1
TEAM LEADER JARINGAN TRANSMISI DAN GARDU INDUK GIS 150KV KEBON SIRIH,G2,11,,1,1
TEAM LEADER JARINGAN TRANSMISI DAN GARDU INDUK GIS 150KV KELAPA GADING,G2,11,,1,1
TEAM LEADER JARINGAN TRANSMISI DAN GARDU INDUK GIS 150KV KEMANG,G2,11,,1,1
TEAM LEADER JARINGAN TRANSMISI DAN GARDU INDUK GIS 150KV KETAPANG,G2,11,,1,1
TEAM LEADER JARINGAN TRANSMISI DAN GARDU INDUK GIS 150KV LONTAR,G2,11,,1,1
TEAM LEADER JARINGAN TRANSMISI DAN GARDU INDUK GIS 150KV MAMPANG BARU,G2,11,,1,1
TEAM LEADER JARINGAN TRANSMISI DAN GARDU INDUK GIS 150KV MAMPANG DUA,G2,11,,1,1
TEAM LEADER JARINGAN TRANSMISI DAN GARDU INDUK GIS 150KV MANGGA BESAR,G2,11,,1,1
TEAM LEADER JARINGAN TRANSMISI DAN GARDU INDUK GIS 150KV MANGGARAI,G2,11,,1,1
TEAM LEADER JARINGAN TRANSMISI DAN GARDU INDUK GIS 150KV MARUNDA,G2,11,,1,1
TEAM LEADER JARINGAN TRANSMISI DAN GARDU INDUK GIS 150KV MINIATUR,G2,11,,1,1
TEAM LEADER JARINGAN TRANSMISI DAN GARDU INDUK GIS 150KV NEW SENAYAN DANGIS 150KV ULUJAMI,G2,11,,1,1
TEAM LEADER JARINGAN TRANSMISI DAN GARDU INDUK GIS 150KV PANTAI INDAH KAPUK,G2,11,,1,1
TEAM LEADER JARINGAN TRANSMISI DAN GARDU INDUK GIS 150KV PEGANGSAAN,G2,11,,1,1
TEAM LEADER JARINGAN TRANSMISI DAN GARDU INDUK GIS 150KV PENGGILINGAN,G2,11,,1,1
TEAM LEADER JARINGAN TRANSMISI DAN GARDU INDUK GIS 150KV PONDOK INDAH,G2,11,,1,1
TEAM LEADER JARINGAN TRANSMISI DAN GARDU INDUK GIS 150KV PONDOK KELAPA,G2,11,,1,1
TEAM LEADER JARINGAN TRANSMISI DAN GARDU INDUK GIS 150KV PRIOK BARAT,G2,11,,1,1
TEAM LEADER JARINGAN TRANSMISI DAN GARDU INDUK GIS 150KV PRIOK TIMUR & GIS 150KV NEW PRIOK TIMUR,G2,11,,1,1
TEAM LEADER JARINGAN TRANSMISI DAN GARDU INDUK GIS 150KV PULOMAS,G2,11,,1,1
TEAM LEADER JARINGAN TRANSMISI DAN GARDU INDUK GIS 150KV SALIRA INDAH,G2,11,,1,1
TEAM LEADER JARINGAN TRANSMISI DAN GARDU INDUK GIS 150KV SENAYAN,G2,11,,1,1
TEAM LEADER JARINGAN TRANSMISI DAN GARDU INDUK GIS 150KV SETIABUDI,G2,11,,1,1
TEAM LEADER JARINGAN TRANSMISI DAN GARDU INDUK GIS 150KV SUMMARECON GADING SERPONG,G2,11,,1,1
TEAM LEADER JARINGAN TRANSMISI DAN GARDU INDUK GIS 150KV SUVARNA SUTERA,G2,11,,1,1
TEAM LEADER JARINGAN TRANSMISI DAN GARDU INDUK GIS 150KV TAMAN RASUNA,G2,11,,1,1
TEAM LEADER JARINGAN TRANSMISI DAN GARDU INDUK GIS 150KV TANAH TINGGI,G2,11,,1,1
TEAM LEADER JARINGAN TRANSMISI DAN GARDU INDUK GIS PLTU LABUAN,G2,11,,1,1
TEAM LEADER JARINGAN TRANSMISI DAN GARDU INDUK GIS SINDANG JAYA,G2,11,,1,1
TEAM LEADER JARINGAN TRANSMISI DAN GARDU INDUK GISTET 500 KV JAWA 7,G2,12,,1,1
TEAM LEADER JARINGAN TRANSMISI DAN GARDU INDUK GISTET 500KV CAWANG BARU& GIS 150KV CAWANG BARU,G2,12,,1,1
TEAM LEADER JARINGAN TRANSMISI DAN GARDU INDUK GISTET 500KV DURIKOSAMBI,G2,12,,1,1
TEAM LEADER JARINGAN TRANSMISI DAN GARDU INDUK GISTET 500KV KEMBANGAN &GIS 150KV KEMBANGAN,G2,12,,1,1
TEAM LEADER JARINGAN TRANSMISI DAN GARDU INDUK GISTET 500KV LBE,G2,12,,1,1
TEAM LEADER JARINGAN TRANSMISI DAN GARDU INDUK GISTET 500KV PRIOK,G2,12,,1,1
TEAM LEADER JARINGAN TRANSMISI DAN GARDU INDUK GISTET 500KV SURALAYA BARU &GI 150KV SURALAYA BARU,G2,12,,1,1
TEAM LEADER JARINGAN TRANSMISI DAN GARDU INDUK GITET 500KV BALARAJA & GI150KV NEW BALARAJA,G2,12,,1,1
TEAM LEADER JARINGAN TRANSMISI DAN GARDU INDUK GITET 500KV BEKASI,G2,12,,1,1
TEAM LEADER JARINGAN TRANSMISI DAN GARDU INDUK GITET 500KV CILEGON BARU& GI150KV CILEGON BARU,G2,12,,1,1
TEAM LEADER JARINGAN TRANSMISI DAN GARDU INDUK GITET 500KV DEPOK & GI 150KV DEPOK,G2,12,,1,1
TEAM LEADER JARINGAN TRANSMISI DAN GARDU INDUK GITET 500KV GANDUL,G2,12,,1,1
TEAM LEADER JARINGAN TRANSMISI DAN GARDU INDUK GITET 500KV LENGKONG & GI150KV LENGKONG II,G2,12,,1,1
TEAM LEADER JARINGAN TRANSMISI DAN GARDU INDUK GITET 500KV PLTU JAWA 9 &10,G2,12,,1,1
TEAM LEADER JARINGAN TRANSMISI DAN GARDU INDUK GITET 500KV SURALAYA & GI150KV SURALAYA,G2,12,,1,1
TEAM LEADER JARINGAN TRANSMISI DAN GARDU INDUK GONDANG WETAN DAN REJOSO,G2,11,,1,1
TEAM LEADER JARINGAN TRANSMISI DAN GARDU INDUK ISIMU,G2,11,,1,1
TEAM LEADER JARINGAN TRANSMISI DAN GARDU INDUK JENEPONTO,G2,11,,1,1
TEAM LEADER JARINGAN TRANSMISI DAN GARDU INDUK JOMBANG BARU,G2,11,,1,1
TEAM LEADER JARINGAN TRANSMISI DAN GARDU INDUK KARANGKATES DAN SUTAMI,G2,11,,1,1
TEAM LEADER JARINGAN TRANSMISI DAN GARDU INDUK KARANGPILANG,G2,11,,1,1
TEAM LEADER JARINGAN TRANSMISI DAN GARDU INDUK KASIHJATIM,G2,11,,1,1
TEAM LEADER JARINGAN TRANSMISI DAN GARDU INDUK KEBONAGUNG,G2,11,,1,1
"TEAM LEADER JARINGAN TRANSMISI DAN GARDU INDUK KERTOSONO, JAYA KERTAS, DAN SURYA ZIG-ZAG",G2,11,,1,1
TEAM LEADER JARINGAN TRANSMISI DAN GARDU INDUK KRAKSAAN DAN GENDING,G2,11,,1,1
TEAM LEADER JARINGAN TRANSMISI DAN GARDU INDUK KRAMATWATU DAN MULTIMAS NABATI ASAHAN,G2,11,,1,1
TEAM LEADER JARINGAN TRANSMISI DAN GARDU INDUK KRIAN,G2,12,,1,1
TEAM LEADER JARINGAN TRANSMISI DAN GARDU INDUK LAMONGAN,G2,11,,1,1
TEAM LEADER JARINGAN TRANSMISI DAN GARDU INDUK LASUSUA,G2,11,,1,1
TEAM LEADER JARINGAN TRANSMISI DAN GARDU INDUK LAWANG,G2,11,,1,1
TEAM LEADER JARINGAN TRANSMISI DAN GARDU INDUK LOLAK,G2,11,,1,1
TEAM LEADER JARINGAN TRANSMISI DAN GARDU INDUK MAGETAN DAN MRANGGEN,G2,11,,1,1
TEAM LEADER JARINGAN TRANSMISI DAN GARDU INDUK MAJENE,G2,11,,1,1
TEAM LEADER JARINGAN TRANSMISI DAN GARDU INDUK MAKALE,G2,11,,1,1
TEAM LEADER JARINGAN TRANSMISI DAN GARDU INDUK MALILI,G2,11,,1,1
TEAM LEADER JARINGAN TRANSMISI DAN GARDU INDUK MAMUJU,G2,11,,1,1
TEAM LEADER JARINGAN TRANSMISI DAN GARDU INDUK MAMUJU NEW,G2,11,,1,1
TEAM LEADER JARINGAN TRANSMISI DAN GARDU INDUK MANDAI,G2,11,,1,1
TEAM LEADER JARINGAN TRANSMISI DAN GARDU INDUK MARISA,G2,11,,1,1
TEAM LEADER JARINGAN TRANSMISI DAN GARDU INDUK MLIWANG,G2,11,,1,1
TEAM LEADER JARINGAN TRANSMISI DAN GARDU INDUK MOJOAGUNG,G2,11,,1,1
TEAM LEADER JARINGAN TRANSMISI DAN GARDU INDUK NEGARA,G2,11,,1,1
TEAM LEADER JARINGAN TRANSMISI DAN GARDU INDUK NEW SIDOARJO,G2,11,,1,1
TEAM LEADER JARINGAN TRANSMISI DAN GARDU INDUK NGAWI DAN CARUBAN,G2,11,,1,1
TEAM LEADER JARINGAN TRANSMISI DAN GARDU INDUK NGORO,G2,11,,1,1
TEAM LEADER JARINGAN TRANSMISI DAN GARDU INDUK NII TANASA,G2,11,,1,1
TEAM LEADER JARINGAN TRANSMISI DAN GARDU INDUK NUSA DUA,G2,11,,1,1
TEAM LEADER JARINGAN TRANSMISI DAN GARDU INDUK PACIRAN,G2,11,,1,1
TEAM LEADER JARINGAN TRANSMISI DAN GARDU INDUK PACITAN,G2,11,,1,1
TEAM LEADER JARINGAN TRANSMISI DAN GARDU INDUK PAKIS,G2,11,,1,1
TEAM LEADER JARINGAN TRANSMISI DAN GARDU INDUK PALOPO,G2,11,,1,1
TEAM LEADER JARINGAN TRANSMISI DAN GARDU INDUK PAMONA,G2,11,,1,1
TEAM LEADER JARINGAN TRANSMISI DAN GARDU INDUK PANAKKUKANG,G2,11,,1,1
TEAM LEADER JARINGAN TRANSMISI DAN GARDU INDUK PANDAAN DAN BULUKANDANG,G2,11,,1,1
TEAM LEADER JARINGAN TRANSMISI DAN GARDU INDUK PARE-PARE,G2,11,,1,1
TEAM LEADER JARINGAN TRANSMISI DAN GARDU INDUK PASANGKAYU,G2,11,,1,1
TEAM LEADER JARINGAN TRANSMISI DAN GARDU INDUK PAYANGAN,G2,11,,1,1
TEAM LEADER JARINGAN TRANSMISI DAN GARDU INDUK PEMARON DAN CELUKAN BAWANG,G2,11,,1,1
TEAM LEADER JARINGAN TRANSMISI DAN GARDU INDUK PEMECUTAN KELOD,G2,11,,1,1
TEAM LEADER JARINGAN TRANSMISI DAN GARDU INDUK PESANGGARAN,G2,11,,1,1
TEAM LEADER JARINGAN TRANSMISI DAN GARDU INDUK PETROKIMIA,G2,11,,1,1
TEAM LEADER JARINGAN TRANSMISI DAN GARDU INDUK PIER,G2,11,,1,1
TEAM LEADER JARINGAN TRANSMISI DAN GARDU INDUK PINRANG,G2,11,,1,1
TEAM LEADER JARINGAN TRANSMISI DAN GARDU INDUK PLOSO,G2,11,,1,1
TEAM LEADER JARINGAN TRANSMISI DAN GARDU INDUK PLTB SIDRAP,G2,11,,1,1
TEAM LEADER JARINGAN TRANSMISI DAN GARDU INDUK PLTU PACITAN,G2,11,,1,1
TEAM LEADER JARINGAN TRANSMISI DAN GARDU INDUK PLTU TANJUNG AWAR-AWAR,G2,11,,1,1
TEAM LEADER JARINGAN TRANSMISI DAN GARDU INDUK POLEHAN DAN BLIMBING,G2,11,,1,1
TEAM LEADER JARINGAN TRANSMISI DAN GARDU INDUK POLEWALI,G2,11,,1,1
TEAM LEADER JARINGAN TRANSMISI DAN GARDU INDUK POSO,G2,11,,1,1
TEAM LEADER JARINGAN TRANSMISI DAN GARDU INDUK PUNAGAYA,G2,11,,1,1
TEAM LEADER JARINGAN TRANSMISI DAN GARDU INDUK PURWOSARI DAN SUKOREJO,G2,11,,1,1
TEAM LEADER JARINGAN TRANSMISI DAN GARDU INDUK PUUWATU 70 & 150 KV,G2,11,,1,1
TEAM LEADER JARINGAN TRANSMISI DAN GARDU INDUK RAHA,G2,11,,1,1
TEAM LEADER JARINGAN TRANSMISI DAN GARDU INDUK RUNGKUT,G2,11,,1,1
TEAM LEADER JARINGAN TRANSMISI DAN GARDU INDUK SAMBIKEREP,G2,11,,1,1
TEAM LEADER JARINGAN TRANSMISI DAN GARDU INDUK SAMPANG DAN PAMEKASAN,G2,11,,1,1
TEAM LEADER JARINGAN TRANSMISI DAN GARDU INDUK SANUR,G2,11,,1,1
"TEAM LEADER JARINGAN TRANSMISI DAN GARDU INDUK SAWAHAN, KUPANG, UNDAAN DAN GEMBONG",G2,11,,1,1
TEAM LEADER JARINGAN TRANSMISI DAN GARDU INDUK SAWANGAN,G2,11,,1,1
"TEAM LEADER JARINGAN TRANSMISI DAN GARDU INDUK SEGOROMADU, BARATA DAN SEMEN GRESIK",G2,11,,1,1
"TEAM LEADER JARINGAN TRANSMISI DAN GARDU INDUK SEKARPUTIH,TJIWIKIMIA DANAJINOMOTO",G2,11,,1,1
TEAM LEADER JARINGAN TRANSMISI DAN GARDU INDUK SENGKALING DAN SELOREJO,G2,11,,1,1
TEAM LEADER JARINGAN TRANSMISI DAN GARDU INDUK SENGKANG,G2,11,,1,1
TEAM LEADER JARINGAN TRANSMISI DAN GARDU INDUK SIDERA,G2,11,,1,1
TEAM LEADER JARINGAN TRANSMISI DAN GARDU INDUK SIDRAP,G2,11,,1,1
TEAM LEADER JARINGAN TRANSMISI DAN GARDU INDUK SIMAN DAN MENDALAN,G2,11,,1,1
TEAM LEADER JARINGAN TRANSMISI DAN GARDU INDUK SINJAI,G2,11,,1,1
TEAM LEADER JARINGAN TRANSMISI DAN GARDU INDUK SIWA,G2,11,,1,1
TEAM LEADER JARINGAN TRANSMISI DAN GARDU INDUK SUNGGUMINASA,G2,11,,1,1
TEAM LEADER JARINGAN TRANSMISI DAN GARDU INDUK SURABAYA SELATAN,G2,11,,1,1
TEAM LEADER JARINGAN TRANSMISI DAN GARDU INDUK TALASA,G2,11,,1,1
TEAM LEADER JARINGAN TRANSMISI DAN GARDU INDUK TALISE 70 & 150 KV,G2,11,,1,1
TEAM LEADER JARINGAN TRANSMISI DAN GARDU INDUK TALLO LAMA,G2,11,,1,1
TEAM LEADER JARINGAN TRANSMISI DAN GARDU INDUK TANDES,G2,11,,1,1
TEAM LEADER JARINGAN TRANSMISI DAN GARDU INDUK TANGGUL DAN PUGER,G2,11,,1,1
TEAM LEADER JARINGAN TRANSMISI DAN GARDU INDUK TANJUNG BUNGA,G2,11,,1,1
TEAM LEADER JARINGAN TRANSMISI DAN GARDU INDUK TARIK DAN BANGUN,G2,11,,1,1
TEAM LEADER JARINGAN TRANSMISI DAN GARDU INDUK TEGANGAN EKSTRA TINGGI (GI CIRATA DAN GITET CIRATA),G2,12,,1,1
TEAM LEADER JARINGAN TRANSMISI DAN GARDU INDUK TEGANGAN EKSTRA TINGGI (GI/GITET BANDUNG SELATAN),G2,12,,1,1
TEAM LEADER JARINGAN TRANSMISI DAN GARDU INDUK TEGANGAN EKSTRA TINGGI (GI/GITET BATANG),G2,12,,1,1
TEAM LEADER JARINGAN TRANSMISI DAN GARDU INDUK TEGANGAN EKSTRA TINGGI (GI/GITET CIBATU),G2,12,,1,1
TEAM LEADER JARINGAN TRANSMISI DAN GARDU INDUK TEGANGAN EKSTRA TINGGI (GI/GITET DELTAMAS),G2,12,,1,1
TEAM LEADER JARINGAN TRANSMISI DAN GARDU INDUK TEGANGAN EKSTRA TINGGI (GI/GITET KESUGIHAN),G2,12,,1,1
TEAM LEADER JARINGAN TRANSMISI DAN GARDU INDUK TEGANGAN EKSTRA TINGGI (GI/GITET MANDIRANCAN),G2,12,,1,1
TEAM LEADER JARINGAN TRANSMISI DAN GARDU INDUK TEGANGAN EKSTRA TINGGI (GI/GITET NEW UJUNGBERUNG),G2,12,,1,1
TEAM LEADER JARINGAN TRANSMISI DAN GARDU INDUK TEGANGAN EKSTRA TINGGI (GI/GITET PEDAN),G2,12,,1,1
TEAM LEADER JARINGAN TRANSMISI DAN GARDU INDUK TEGANGAN EKSTRA TINGGI (GI/GITET TASIKMALAYA BARU),G2,12,,1,1
TEAM LEADER JARINGAN TRANSMISI DAN GARDU INDUK TEGANGAN EKSTRA TINGGI (GI/GITET UNGARAN),G2,12,,1,1
TEAM LEADER JARINGAN TRANSMISI DAN GARDU INDUK TEGANGAN EKSTRA TINGGI (GIS/GISTET NEW TAMBUN),G2,12,,1,1
TEAM LEADER JARINGAN TRANSMISI DAN GARDU INDUK TEGANGAN EKSTRA TINGGI (GIS/GISTET SUKATANI),G2,12,,1,1
TEAM LEADER JARINGAN TRANSMISI DAN GARDU INDUK TEGANGAN EKSTRA TINGGI (GISTET ADIPALA),G2,12,,1,1
TEAM LEADER JARINGAN TRANSMISI DAN GARDU INDUK TEGANGAN EKSTRA TINGGI (GISTET SAGULING),G2,12,,1,1
TEAM LEADER JARINGAN TRANSMISI DAN GARDU INDUK TEGANGAN EKSTRA TINGGI (GITET ASAHAN),G2,12,,1,1
TEAM LEADER JARINGAN TRANSMISI DAN GARDU INDUK TEGANGAN EKSTRA TINGGI (GITET BANGKO),G2,12,,1,1
TEAM LEADER JARINGAN TRANSMISI DAN GARDU INDUK TEGANGAN EKSTRA TINGGI (GITET BETUNG),G2,12,,1,1
TEAM LEADER JARINGAN TRANSMISI DAN GARDU INDUK TEGANGAN EKSTRA TINGGI (GITET DAN GI ARUN),G2,12,,1,1
TEAM LEADER JARINGAN TRANSMISI DAN GARDU INDUK TEGANGAN EKSTRA TINGGI (GITET DAN GI BINJAI),G2,12,,1,1
TEAM LEADER JARINGAN TRANSMISI DAN GARDU INDUK TEGANGAN EKSTRA TINGGI (GITET DAN GI LAHAT),G2,12,,1,1
TEAM LEADER JARINGAN TRANSMISI DAN GARDU INDUK TEGANGAN EKSTRA TINGGI (GITET DAN GI NEW AUR DURI),G2,12,,1,1
TEAM LEADER JARINGAN TRANSMISI DAN GARDU INDUK TEGANGAN EKSTRA TINGGI (GITET DAN GI PAYAKUMBUH),G2,12,,1,1
TEAM LEADER JARINGAN TRANSMISI DAN GARDU INDUK TEGANGAN EKSTRA TINGGI (GITET DAN GI ULEE KARENG),G2,12,,1,1
TEAM LEADER JARINGAN TRANSMISI DAN GARDU INDUK TEGANGAN EKSTRA TINGGI (GITET GALANG),G2,12,,1,1
TEAM LEADER JARINGAN TRANSMISI DAN GARDU INDUK TEGANGAN EKSTRA TINGGI (GITET INDRAMAYU),G2,12,,1,1
TEAM LEADER JARINGAN TRANSMISI DAN GARDU INDUK TEGANGAN EKSTRA TINGGI (GITET KILIRANJAO/SUNGAI LASEK),G2,12,,1,1
TEAM LEADER JARINGAN TRANSMISI DAN GARDU INDUK TEGANGAN EKSTRA TINGGI (GITET KUALA TANJUNG),G2,12,,1,1
TEAM LEADER JARINGAN TRANSMISI DAN GARDU INDUK TEGANGAN EKSTRA TINGGI (GITET LUBUK LINGGAU),G2,12,,1,1
TEAM LEADER JARINGAN TRANSMISI DAN GARDU INDUK TEGANGAN EKSTRA TINGGI (GITET LUMUT BALAI),G2,12,,1,1
TEAM LEADER JARINGAN TRANSMISI DAN GARDU INDUK TEGANGAN EKSTRA TINGGI (GITET MUARA BUNGO),G2,12,,1,1
TEAM LEADER JARINGAN TRANSMISI DAN GARDU INDUK TEGANGAN EKSTRA TINGGI (GITET MUARA TAWAR),G2,12,,1,1
TEAM LEADER JARINGAN TRANSMISI DAN GARDU INDUK TEGANGAN EKSTRA TINGGI (GITET NEW PADANG SIDEMPUAN DAN GI PADANG SIDEMPUAN),G2,12,,1,1
TEAM LEADER JARINGAN TRANSMISI DAN GARDU INDUK TEGANGAN EKSTRA TINGGI (GITET PANGKALAN SUSU),G2,12,,1,1
TEAM LEADER JARINGAN TRANSMISI DAN GARDU INDUK TEGANGAN EKSTRA TINGGI (GITET SARULLA),G2,12,,1,1
TEAM LEADER JARINGAN TRANSMISI DAN GARDU INDUK TEGANGAN EKSTRA TINGGI (GITET SIGLI),G2,12,,1,1
TEAM LEADER JARINGAN TRANSMISI DAN GARDU INDUK TEGANGAN EKSTRA TINGGI (GITET SIMANGKUK DAN GI PORSEA),G2,12,,1,1
TEAM LEADER JARINGAN TRANSMISI DAN GARDU INDUK TEGANGAN EKSTRA TINGGI (GITET SUNGAI LILIN),G2,12,,1,1
TEAM LEADER JARINGAN TRANSMISI DAN GARDU INDUK TEGANGAN EKSTRA TINGGI (GITET SUNGAI RUMBAI),G2,12,,1,1
TEAM LEADER JARINGAN TRANSMISI DAN GARDU INDUK TEGANGAN EKSTRA TINGGI (MUARA KARANG BARU),G2,12,,1,1
TEAM LEADER JARINGAN TRANSMISI DAN GARDU INDUK TEGANGAN EKSTRA TINGGI GIS TANJUNG JATI BARU,G2,12,,1,1
TEAM LEADER JARINGAN TRANSMISI DAN GARDU INDUK TEGANGAN EKSTRA TINGGI GRATI,G2,12,,1,1
TEAM LEADER JARINGAN TRANSMISI DAN GARDU INDUK TEGANGAN EKSTRA TINGGI GRESIK,G2,12,,1,1
TEAM LEADER JARINGAN TRANSMISI DAN GARDU INDUK TEGANGAN EKSTRA TINGGI KEDIRI,G2,12,,1,1
TEAM LEADER JARINGAN TRANSMISI DAN GARDU INDUK TEGANGAN EKSTRA TINGGI NGIMBANG,G2,12,,1,1
TEAM LEADER JARINGAN TRANSMISI DAN GARDU INDUK TEGANGAN EKSTRA TINGGI PAITON,G2,12,,1,1
TEAM LEADER JARINGAN TRANSMISI DAN GARDU INDUK TELING 70 & 150 KV,G2,11,,1,1
"TEAM LEADER JARINGAN TRANSMISI DAN GARDU INDUK TELLO 30,70,150 KV",G2,11,,1,1
TEAM LEADER JARINGAN TRANSMISI DAN GARDU INDUK TILAMUTA,G2,11,,1,1
TEAM LEADER JARINGAN TRANSMISI DAN GARDU INDUK TOMOHON 70 & 150 KV,G2,11,,1,1
TEAM LEADER JARINGAN TRANSMISI DAN GARDU INDUK TRENGGALEK,G2,11,,1,1
"TEAM LEADER JARINGAN TRANSMISI DAN GARDU INDUK TUBAN, KEREK DAN SEMEN TUBAN 3",G2,11,,1,1
TEAM LEADER JARINGAN TRANSMISI DAN GARDU INDUK TUTUYAN,G2,11,,1,1
TEAM LEADER JARINGAN TRANSMISI DAN GARDU INDUK UJUNG,G2,11,,1,1
TEAM LEADER JARINGAN TRANSMISI DAN GARDU INDUK UNAAHA,G2,11,,1,1
TEAM LEADER JARINGAN TRANSMISI DAN GARDU INDUK UNDAAN DAN GEMBONG,G2,11,,1,1
TEAM LEADER JARINGAN TRANSMISI DAN GARDU INDUK WARU,G2,11,,1,1
TEAM LEADER JARINGAN TRANSMISI DAN GARDU INDUK WATAMPONE,G2,11,,1,1
"TEAM LEADER JARINGAN TRANSMISI DAN GARDU INDUK WONOKROMO, NGAGEL DAN SIMPANG",G2,11,,1,1
TEAM LEADER JARINGAN TRANSMISI DAN GARDU INDUK WOTU 150 & 275 KV,G2,11,,1,1
TEAM LEADER JARINGAN TRANSMISI DAN GARDU INDUK(GI MUARA BULIAN),G2,11,,1,1
TEAM LEADER JARINGAN TRANSMISI DAN GARDU INDUKJATIGEDONG,G2,11,,1,1
TEAM LEADER JARINGAN TRANSMISI DAN GARDU INDUKJEMBER,G2,11,,1,1
TEAM LEADER KEANDALAN ISTANA,G2,12,,1,1
TEAM LEADER KEHANDALAN ISTANA,G2,12,,2,2
"TEAM LEADER KESELAMATAN, KESEHATAN KERJA DAN KEAMANAN",G2,12,,1,1
"TEAM LEADER KESELAMATAN, KESEHATAN KERJA, DAN KEAMANAN",G2,12,,38,10
"TEAM LEADER KESELAMATAN, KESEHATAN KERJA, LINGKUNGAN DAN KEAMANAN",G2,12,,83,23
"TEAM LEADER KESELAMATAN, KESEHATAN KERJA, LINGKUNGAN DAN KEAMANAN LAYANAN PELANGGAN",G2,11,,216,8
"TEAM LEADER KESELAMATAN, KESEHATAN KERJA, LINGKUNGAN DAN KEAMANAN TRANSMISI DAN GARDU INDUK",G2,11,,2,1
"TEAM LEADER KESELAMATAN, KESEHATAN KERJA, LINGKUNGAN DAN KEAMANANLAYANAN PELANGGAN",G2,11,,116,4
"TEAM LEADER KESELAMATAN, KESEHATAN KERJA, LINGKUNGAN, DAN KEAMANAN",G2,12,,249,28
"TEAM LEADER KESELAMATAN, KESEHATAN KERJA, LINGKUNGAN, DAN KEAMANAN LAYANAN PELANGGAN",G2,11,,412,12
"TEAM LEADER KESELAMATAN, KESEHATAN KERJA, LINGKUNGAN, DAN KEAMANAN TRANSMISI DAN GARDU INDUK",G2,11,,122,9
"TEAM LEADER KESELAMATAN, KESEHATAN KERJA, LINGKUNGAN, DAN KEAMANANLAYANAN PELANGGAN",G2,11,,47,4
"TEAM LEADER KESELAMATAN, KESEHATAN, KERJA, LINGKUNGAN DAN KEAMANAN PUSAT LISTRIK",G2,11,,1,1
"TEAM LEADER KESELAMATAN, KESEHATAN, KERJA, LINGKUNGAN DAN KEAMANAN PUSATLISTRIK",G2,11,,1,1
"TEAM LEADER KESELAMATAN, KESEHATAN, KERJA, LINGKUNGAN, DAN KEAMANAN",G2,11,,2,1
"TEAM LEADER KESELAMATAN, KESEHATAN, KERJA, LINGKUNGAN, DAN KEAMANAN PUSAT LISTRIK",G2,11,,16,3
"TEAM LEADER KESELAMATAN, KESEHATAN, KERJA, LINGKUNGAN, DAN KEAMANANPUSAT LISTRIK",G2,11,,1,1
TEAM LEADER KEUANGAN DAN ADMINISTRASI,G2,12,,2,1
TEAM LEADER KEUANGAN DAN ADMINISTRASI UMUM,G2,12,,38,11
TEAM LEADER KEUANGAN DAN AKUNTANSI,G2,12,,213,28
TEAM LEADER KEUANGAN DAN UMUM,G2,12,,31,17
TEAM LEADER KONSTRUKSI,G2,12,,8,2
TEAM LEADER KONSTRUKSI DAN PENYALURAN,G2,12,,2,2
TEAM LEADER KONSTRUKSI DISTRIBUSI,G2,12,,76,15
TEAM LEADER KONSTRUKSI LISTRIK PERDESAAN,G2,12,,36,18
TEAM LEADER KONSTRUKSI LISTRIK PERDESAAN 1,G2,12,,1,1
TEAM LEADER KONSTRUKSI LISTRIK PERDESAAN 2,G2,12,,1,1
TEAM LEADER LABORATORIUM (BANJARBARU),G2,12,,1,1
TEAM LEADER LABORATORIUM (BOGOR),G2,12,,1,1
TEAM LEADER LABORATORIUM (MAKASSAR),G2,12,,1,1
TEAM LEADER LABORATORIUM (PADANG),G2,12,,1,1
TEAM LEADER LABORATORIUM (PALEMBANG),G2,12,,1,1
TEAM LEADER LABORATORIUM (PANDAAN),G2,12,,1,1
TEAM LEADER LABORATORIUM (PDKB),G2,12,,1,1
TEAM LEADER LABORATORIUM (SURALAYA),G2,12,,1,1
TEAM LEADER LABORATORIUM (TRANSMISI DAN GI),G2,12,,1,1
TEAM LEADER LABORATORIUM (TUNTUNGAN),G2,12,,1,1
TEAM LEADER LINGKUNGAN,G2,12,,38,9
TEAM LEADER LOGISTIK,G2,12,,220,28
TEAM LEADER MAPPING DATA JARINGAN DAN PELANGGAN,G2,12,,163,22
TEAM LEADER METER ELEKTRONIK,G2,12,,20,2
TEAM LEADER NIAGA DAN PELAYANAN PELANGGAN,G2,12,,144,21
TEAM LEADER NIAGA dan PELAYANAN PELANGGAN,G2,12,,1,1
TEAM LEADER OPERASI,G2,12,,13,11
TEAM LEADER OPERASI (BAUBAU),G2,12,,1,1
TEAM LEADER OPERASI (GORONTALO),G2,12,,1,1
TEAM LEADER OPERASI (KENDARI),G2,12,,1,1
TEAM LEADER OPERASI (LUWUK),G2,12,,1,1
TEAM LEADER OPERASI (MAKASSAR BAGIAN SELATAN),G2,12,,1,1
TEAM LEADER OPERASI (MAKASSAR BAGIAN UTARA),G2,12,,1,1
TEAM LEADER OPERASI (MANADO),G2,12,,1,1
TEAM LEADER OPERASI (PALU),G2,12,,1,1
TEAM LEADER OPERASI 1,G2,12,,8,8
TEAM LEADER OPERASI 2,G2,12,,8,8
TEAM LEADER OPERASI 3,G2,12,,5,5
TEAM LEADER OPERASI 4,G2,12,,1,1
TEAM LEADER OPERASI 5,G2,12,,1,1
TEAM LEADER OPERASI DAN PEMELIHARAAN (PLTD HATIVE KECIL),G2,11,,1,1
TEAM LEADER OPERASI DAN PEMELIHARAAN PUSAT LISTRIK (ADONARA),G2,11,,1,1
TEAM LEADER OPERASI DAN PEMELIHARAAN PUSAT LISTRIK (BAJAWA),G2,11,,1,1
TEAM LEADER OPERASI DAN PEMELIHARAAN PUSAT LISTRIK (KALABAHI),G2,11,,1,1
TEAM LEADER OPERASI DAN PEMELIHARAAN PUSAT LISTRIK (LABUAN BAJO),G2,11,,1,1
TEAM LEADER OPERASI DAN PEMELIHARAAN PUSAT LISTRIK (LARANTUKA),G2,11,,1,1
TEAM LEADER OPERASI DAN PEMELIHARAAN PUSAT LISTRIK (LEMBATA),G2,11,,1,1
TEAM LEADER OPERASI DAN PEMELIHARAAN PUSAT LISTRIK (ROTE NDAO),G2,11,,1,1
TEAM LEADER OPERASI DAN PEMELIHARAAN PUSAT LISTRIK (RUTENG),G2,11,,1,1
TEAM LEADER OPERASI DAN PEMELIHARAAN PUSAT LISTRIK (SABU DAN SEMAU),G2,11,,1,1
TEAM LEADER OPERASI DAN PEMELIHARAAN PUSAT LISTRIK (SUMBA BARAT),G2,11,,1,1
TEAM LEADER OPERASI DAN PEMELIHARAAN PUSAT LISTRIK (SUMBA JAYA),G2,11,,1,1
TEAM LEADER OPERASI DAN PEMELIHARAAN UNIT PUSAT LISTRIK TERSEBAR (BELINYU),G2,11,,1,1
TEAM LEADER OPERASI DAN PEMELIHARAAN UNIT PUSAT LISTRIK TERSEBAR (DOMPU),G2,11,,1,1
TEAM LEADER OPERASI DAN PEMELIHARAAN UNIT PUSAT LISTRIK TERSEBAR (LABUHAN),G2,11,,1,1
TEAM LEADER OPERASI DAN PEMELIHARAAN UNIT PUSAT LISTRIK TERSEBAR (MUNTOK),G2,11,,1,1
TEAM LEADER OPERASI DAN PEMELIHARAAN UNIT PUSAT LISTRIK TERSEBAR (PADANG),G2,11,,1,1
TEAM LEADER OPERASI DAN PEMELIHARAAN UNIT PUSAT LISTRIK TERSEBAR (TOBOALI),G2,11,,1,1
TEAM LEADER OPERASI DISTRIBUSI,G2,12,,163,22
TEAM LEADER OPERASI DISTRIBUSI LAYANAN KHUSUS,G2,12,,2,2
TEAM LEADER OPERASI PUSAT LISTRIK,G2,11,,24,5
TEAM LEADER OPERASI PUSAT LISTRIK A,G2,11,,1,1
TEAM LEADER OPERASI PUSAT LISTRIK B,G2,11,,1,1
TEAM LEADER OPERASI PUSAT LISTRIK C,G2,11,,1,1
TEAM LEADER OPERASI PUSAT LISTRIK D,G2,11,,1,1
TEAM LEADER OPERASI SISTEM BANGKA,G2,12,,1,1
TEAM LEADER OPERASI SISTEM BELITUNG,G2,12,,1,1
TEAM LEADER PDKB,G2,12,,109,22
TEAM LEADER PDKB GARDU INDUK,G2,12,,31,6
TEAM LEADER PDKB JARINGAN,G2,12,,34,6
TEAM LEADER PELAKSANA PENGADAAN,G2,12,,271,32
TEAM LEADER PELAYANAN DAN PENDAYAGUNAAN ASET PROPERTI,G2,12,,11,1
TEAM LEADER PELAYANAN PELANGGAN,G2,11,,813,21
TEAM LEADER PELAYANAN PELANGGAN DAN ADMINISTRASI,G2,11,,15,3
TEAM LEADER PEMASARAN DAN PELAYANAN PELANGGAN KEPULAUAN SERIBU,G2,12,,1,1
TEAM LEADER PEMBACAAN METER,G2,12,,20,2
TEAM LEADER PEMELIHARAAN,G2,12,,7,1
TEAM LEADER PEMELIHARAAN DAN PROTEKSI,G2,12,,1,1
TEAM LEADER PEMELIHARAAN DISTRIBUSI,G2,12,,158,21
TEAM LEADER PEMELIHARAAN ELEKTROMEKANIK,G2,12,,5,5
TEAM LEADER PEMELIHARAAN ELEKTROMEKANIK (BAUBAU),G2,12,,1,1
TEAM LEADER PEMELIHARAAN ELEKTROMEKANIK (GORONTALO),G2,12,,1,1
TEAM LEADER PEMELIHARAAN ELEKTROMEKANIK (KENDARI),G2,12,,1,1
TEAM LEADER PEMELIHARAAN ELEKTROMEKANIK (MAKASSAR BAGIAN SELATAN),G2,12,,1,1
TEAM LEADER PEMELIHARAAN ELEKTROMEKANIK (MAKASSAR BAGIAN UTARA),G2,12,,1,1
TEAM LEADER PEMELIHARAAN ELEKTROMEKANIK (MANADO),G2,12,,1,1
TEAM LEADER PEMELIHARAAN ELEKTROMEKANIK (PALU),G2,12,,1,1
TEAM LEADER PEMELIHARAAN ELEKTROMEKANIK 1,G2,12,,10,10
TEAM LEADER PEMELIHARAAN ELEKTROMEKANIK 2,G2,12,,10,10
TEAM LEADER PEMELIHARAAN ELEKTROMEKANIK 3,G2,12,,5,5
TEAM LEADER PEMELIHARAAN ELEKTROMEKANIK 4,G2,12,,3,3
TEAM LEADER PEMELIHARAAN ELEKTROMEKANIK 5,G2,12,,3,3
TEAM LEADER PEMELIHARAAN ELEKTROMEKANIK 6,G2,12,,2,2
TEAM LEADER PEMELIHARAAN ELEKTROMEKANIK 7,G2,12,,2,2
TEAM LEADER PEMELIHARAAN ELEKTROMEKANIK 8,G2,12,,1,1
TEAM LEADER PEMELIHARAAN ELEKTROMEKANIK I,G2,12,,1,1
TEAM LEADER PEMELIHARAAN ELEKTROMEKANIK II,G2,12,,1,1
TEAM LEADER PEMELIHARAAN GARDU INDUK,G2,11,,136,9
TEAM LEADER PEMELIHARAAN JARINGAN,G2,11,,9,1
TEAM LEADER PEMELIHARAAN JARINGAN DAN GARDU INDUK,G2,12,,1,1
TEAM LEADER PEMELIHARAAN JARINGAN TRANSMISI,G2,11,,127,9
TEAM LEADER PEMELIHARAAN JARINGAN TRANSMISI DAN GARDU INDUK,G2,11,,5,2
TEAM LEADER PEMELIHARAAN METER TRANSAKSI,G2,12,,145,21
"TEAM LEADER PEMELIHARAAN PROTEKSI, METER, DAN OTOMASI",G2,11,,10,2
"TEAM LEADER PEMELIHARAAN PROTEKSI, METER, DAN OTOMASI TRANSMISI DAN GARDU INDUK",G2,11,,129,10
"TEAM LEADER PEMELIHARAAN PROTEKSI, METER, DAN OTOMASI TRANSMISI DANGARDU INDUK",G2,11,,1,1
TEAM LEADER PEMELIHARAAN PUSAT LISTRIK,G2,11,,26,5
TEAM LEADER PENGELOLAAN DATA DAN GAMBAR,G2,12,,17,17
TEAM LEADER PENGELOLAAN PIUTANG,G2,12,,20,2
TEAM LEADER PENGELOLAAN UNIT LAYANAN PELANGGAN TERSEBAR,G2,11,,1,1
TEAM LEADER PENGELOLAAN UNIT LAYANAN PELANGGAN TERSEBAR (AIR ITAM),G2,11,,1,1
TEAM LEADER PENGELOLAAN UNIT LAYANAN PELANGGAN TERSEBAR (AIR SALEK),G2,11,,1,1
TEAM LEADER PENGELOLAAN UNIT LAYANAN PELANGGAN TERSEBAR (AIR UPAS),G2,11,,1,1
TEAM LEADER PENGELOLAAN UNIT LAYANAN PELANGGAN TERSEBAR (ALUE BILLIE),G2,11,,1,1
TEAM LEADER PENGELOLAAN UNIT LAYANAN PELANGGAN TERSEBAR (AMBAWANG),G2,11,,1,1
TEAM LEADER PENGELOLAAN UNIT LAYANAN PELANGGAN TERSEBAR (AMPAH),G2,11,,1,1
TEAM LEADER PENGELOLAAN UNIT LAYANAN PELANGGAN TERSEBAR (ANGKUP),G2,11,,1,1
TEAM LEADER PENGELOLAAN UNIT LAYANAN PELANGGAN TERSEBAR (AYAMARU),G2,11,,1,1
TEAM LEADER PENGELOLAAN UNIT LAYANAN PELANGGAN TERSEBAR (BANTAL),G2,11,,1,1
TEAM LEADER PENGELOLAAN UNIT LAYANAN PELANGGAN TERSEBAR (BASERAH),G2,11,,1,1
TEAM LEADER PENGELOLAAN UNIT LAYANAN PELANGGAN TERSEBAR (BATANG TORU),G2,11,,1,1
TEAM LEADER PENGELOLAAN UNIT LAYANAN PELANGGAN TERSEBAR (BATU SOPANG),G2,11,,1,1
TEAM LEADER PENGELOLAAN UNIT LAYANAN PELANGGAN TERSEBAR (BAYAH),G2,11,,1,1
TEAM LEADER PENGELOLAAN UNIT LAYANAN PELANGGAN TERSEBAR (BELINYU),G2,11,,1,1
TEAM LEADER PENGELOLAAN UNIT LAYANAN PELANGGAN TERSEBAR (BELITANG),G2,11,,1,1
TEAM LEADER PENGELOLAAN UNIT LAYANAN PELANGGAN TERSEBAR (BELUTU),G2,11,,1,1
TEAM LEADER PENGELOLAAN UNIT LAYANAN PELANGGAN TERSEBAR (BETUN),G2,11,,1,1
TEAM LEADER PENGELOLAAN UNIT LAYANAN PELANGGAN TERSEBAR (BOMBERAI),G2,11,,1,1
TEAM LEADER PENGELOLAAN UNIT LAYANAN PELANGGAN TERSEBAR (CIBALIUNG),G2,11,,1,1
TEAM LEADER PENGELOLAAN UNIT LAYANAN PELANGGAN TERSEBAR (DARIT),G2,11,,1,1
TEAM LEADER PENGELOLAAN UNIT LAYANAN PELANGGAN TERSEBAR (DEIYAI),G2,11,,1,1
TEAM LEADER PENGELOLAAN UNIT LAYANAN PELANGGAN TERSEBAR (GUMAWANG),G2,11,,1,1
TEAM LEADER PENGELOLAAN UNIT LAYANAN PELANGGAN TERSEBAR (JEBUS),G2,11,,1,1
TEAM LEADER PENGELOLAAN UNIT LAYANAN PELANGGAN TERSEBAR (KANAMIT),G2,11,,1,1
TEAM LEADER PENGELOLAAN UNIT LAYANAN PELANGGAN TERSEBAR (KEDATON),G2,11,,1,1
TEAM LEADER PENGELOLAAN UNIT LAYANAN PELANGGAN TERSEBAR (KELAPA),G2,11,,1,1
TEAM LEADER PENGELOLAAN UNIT LAYANAN PELANGGAN TERSEBAR (KENDAWANGAN),G2,11,,1,1
TEAM LEADER PENGELOLAAN UNIT LAYANAN PELANGGAN TERSEBAR (KETAHUN),G2,11,,1,1
TEAM LEADER PENGELOLAAN UNIT LAYANAN PELANGGAN TERSEBAR (KIT BAWEAN),G2,11,,1,1
TEAM LEADER PENGELOLAAN UNIT LAYANAN PELANGGAN TERSEBAR (KIT KEPULAUAN KANGEAN),G2,11,,1,1
TEAM LEADER PENGELOLAAN UNIT LAYANAN PELANGGAN TERSEBAR (KOTAWARINGIN LAMA),G2,11,,1,1
TEAM LEADER PENGELOLAAN UNIT LAYANAN PELANGGAN TERSEBAR (KOTO GARO),G2,11,,1,1
TEAM LEADER PENGELOLAAN UNIT LAYANAN PELANGGAN TERSEBAR (KRUI),G2,11,,1,1
TEAM LEADER PENGELOLAAN UNIT LAYANAN PELANGGAN TERSEBAR (KUMANIS),G2,11,,1,1
TEAM LEADER PENGELOLAAN UNIT LAYANAN PELANGGAN TERSEBAR (LAHEWA),G2,11,,1,1
TEAM LEADER PENGELOLAAN UNIT LAYANAN PELANGGAN TERSEBAR (LEKEBAI),G2,11,,1,1
TEAM LEADER PENGELOLAAN UNIT LAYANAN PELANGGAN TERSEBAR (LEUWI DAMAR),G2,11,,1,1
TEAM LEADER PENGELOLAAN UNIT LAYANAN PELANGGAN TERSEBAR (LEWA),G2,11,,1,1
TEAM LEADER PENGELOLAAN UNIT LAYANAN PELANGGAN TERSEBAR (LUBUK GADANG),G2,11,,1,1
TEAM LEADER PENGELOLAAN UNIT LAYANAN PELANGGAN TERSEBAR (LUBUK JAMBI),G2,11,,1,1
TEAM LEADER PENGELOLAAN UNIT LAYANAN PELANGGAN TERSEBAR (MARDINDING),G2,11,,1,1
TEAM LEADER PENGELOLAAN UNIT LAYANAN PELANGGAN TERSEBAR (MAUPONGGO),G2,11,,1,1
TEAM LEADER PENGELOLAAN UNIT LAYANAN PELANGGAN TERSEBAR (MBAY),G2,11,,1,1
TEAM LEADER PENGELOLAAN UNIT LAYANAN PELANGGAN TERSEBAR (MBORONG),G2,11,,1,1
TEAM LEADER PENGELOLAAN UNIT LAYANAN PELANGGAN TERSEBAR (MELOLO),G2,11,,1,1
TEAM LEADER PENGELOLAAN UNIT LAYANAN PELANGGAN TERSEBAR (MENJALIN),G2,11,,1,1
TEAM LEADER PENGELOLAAN UNIT LAYANAN PELANGGAN TERSEBAR (MERAKAI),G2,11,,1,1
TEAM LEADER PENGELOLAAN UNIT LAYANAN PELANGGAN TERSEBAR (MERLUNG),G2,11,,1,1
TEAM LEADER PENGELOLAAN UNIT LAYANAN PELANGGAN TERSEBAR (MUARA BADAK),G2,11,,1,1
TEAM LEADER PENGELOLAAN UNIT LAYANAN PELANGGAN TERSEBAR (MUARA KUANG),G2,11,,1,1
TEAM LEADER PENGELOLAAN UNIT LAYANAN PELANGGAN TERSEBAR (NANGA BADAU),G2,11,,1,1
TEAM LEADER PENGELOLAAN UNIT LAYANAN PELANGGAN TERSEBAR (NANGA TEPUAI),G2,11,,1,1
TEAM LEADER PENGELOLAAN UNIT LAYANAN PELANGGAN TERSEBAR (NATAL),G2,11,,1,1
TEAM LEADER PENGELOLAAN UNIT LAYANAN PELANGGAN TERSEBAR (NEBE),G2,11,,1,1
TEAM LEADER PENGELOLAAN UNIT LAYANAN PELANGGAN TERSEBAR (NGADU NGALA),G2,11,,1,1
TEAM LEADER PENGELOLAAN UNIT LAYANAN PELANGGAN TERSEBAR (NIPAH PANJANG),G2,11,,1,1
TEAM LEADER PENGELOLAAN UNIT LAYANAN PELANGGAN TERSEBAR (NUSA PENIDA),G2,11,,1,1
TEAM LEADER PENGELOLAAN UNIT LAYANAN PELANGGAN TERSEBAR (PAKPAK BHARAT),G2,11,,1,1
TEAM LEADER PENGELOLAAN UNIT LAYANAN PELANGGAN TERSEBAR (PAKUWON RATU),G2,11,,1,1
TEAM LEADER PENGELOLAAN UNIT LAYANAN PELANGGAN TERSEBAR (PAKUWON),G2,11,,1,1
TEAM LEADER PENGELOLAAN UNIT LAYANAN PELANGGAN TERSEBAR (PALINGKAU),G2,11,,1,1
TEAM LEADER PENGELOLAAN UNIT LAYANAN PELANGGAN TERSEBAR (PANGKALAN BANTENG),G2,11,,1,1
TEAM LEADER PENGELOLAAN UNIT LAYANAN PELANGGAN TERSEBAR (PANGKALAN),G2,11,,1,1
TEAM LEADER PENGELOLAAN UNIT LAYANAN PELANGGAN TERSEBAR (PARENGGEAN),G2,11,,1,1
TEAM LEADER PENGELOLAAN UNIT LAYANAN PELANGGAN TERSEBAR (PAYUNG),G2,11,,1,1
TEAM LEADER PENGELOLAAN UNIT LAYANAN PELANGGAN TERSEBAR (PELABUHAN DAGANG),G2,11,,1,1
TEAM LEADER PENGELOLAAN UNIT LAYANAN PELANGGAN TERSEBAR (PERANAP),G2,11,,1,1
TEAM LEADER PENGELOLAAN UNIT LAYANAN PELANGGAN TERSEBAR (PUJUD),G2,11,,1,1
TEAM LEADER PENGELOLAAN UNIT LAYANAN PELANGGAN TERSEBAR (PULAU KIJANG),G2,11,,1,1
TEAM LEADER PENGELOLAAN UNIT LAYANAN PELANGGAN TERSEBAR (PULO TIGA),G2,11,,1,1
TEAM LEADER PENGELOLAAN UNIT LAYANAN PELANGGAN TERSEBAR (RANSIKI),G2,11,,1,1
TEAM LEADER PENGELOLAAN UNIT LAYANAN PELANGGAN TERSEBAR (RAO),G2,11,,1,1
TEAM LEADER PENGELOLAAN UNIT LAYANAN PELANGGAN TERSEBAR (RUPAT),G2,11,,1,1
TEAM LEADER PENGELOLAAN UNIT LAYANAN PELANGGAN TERSEBAR (SAJINGAN),G2,11,,1,1
TEAM LEADER PENGELOLAAN UNIT LAYANAN PELANGGAN TERSEBAR (SALAKAN),G2,11,,1,1
TEAM LEADER PENGELOLAAN UNIT LAYANAN PELANGGAN TERSEBAR (SANGGAU LEDO),G2,11,,1,1
TEAM LEADER PENGELOLAAN UNIT LAYANAN PELANGGAN TERSEBAR (SEBABI),G2,11,,1,1
TEAM LEADER PENGELOLAAN UNIT LAYANAN PELANGGAN TERSEBAR (SEI APIT),G2,11,,1,1
TEAM LEADER PENGELOLAAN UNIT LAYANAN PELANGGAN TERSEBAR (SEMAU),G2,11,,1,1
TEAM LEADER PENGELOLAAN UNIT LAYANAN PELANGGAN TERSEBAR (SENTEBANG),G2,11,,1,1
TEAM LEADER PENGELOLAAN UNIT LAYANAN PELANGGAN TERSEBAR (SERBELAWAN),G2,11,,1,1
TEAM LEADER PENGELOLAAN UNIT LAYANAN PELANGGAN TERSEBAR (SIMPANG ULIM),G2,11,,1,1
TEAM LEADER PENGELOLAAN UNIT LAYANAN PELANGGAN TERSEBAR (SIPISPIS),G2,11,,1,1
TEAM LEADER PENGELOLAAN UNIT LAYANAN PELANGGAN TERSEBAR (SIRIWO),G2,11,,1,1
TEAM LEADER PENGELOLAAN UNIT LAYANAN PELANGGAN TERSEBAR (SOLOR BARAT),G2,11,,1,1
TEAM LEADER PENGELOLAAN UNIT LAYANAN PELANGGAN TERSEBAR (SOSOK),G2,11,,1,1
TEAM LEADER PENGELOLAAN UNIT LAYANAN PELANGGAN TERSEBAR (SUKADANA),G2,11,,1,1
TEAM LEADER PENGELOLAAN UNIT LAYANAN PELANGGAN TERSEBAR (SUNGAI BAHAR),G2,11,,1,1
TEAM LEADER PENGELOLAAN UNIT LAYANAN PELANGGAN TERSEBAR (SUNGAI KUPANG),G2,11,,1,1
TEAM LEADER PENGELOLAAN UNIT LAYANAN PELANGGAN TERSEBAR (SUNGAI MAS),G2,11,,1,1
TEAM LEADER PENGELOLAAN UNIT LAYANAN PELANGGAN TERSEBAR (SUNGSANG),G2,11,,1,1
TEAM LEADER PENGELOLAAN UNIT LAYANAN PELANGGAN TERSEBAR (SURULANGUN RAWAS),G2,11,,1,1
TEAM LEADER PENGELOLAAN UNIT LAYANAN PELANGGAN TERSEBAR (TAPAN),G2,11,,1,1
TEAM LEADER PENGELOLAAN UNIT LAYANAN PELANGGAN TERSEBAR (TAYAN),G2,11,,1,1
TEAM LEADER PENGELOLAAN UNIT LAYANAN PELANGGAN TERSEBAR (TELOK BATANG),G2,11,,1,1
TEAM LEADER PENGELOLAAN UNIT LAYANAN PELANGGAN TERSEBAR (TELUK MERBAU),G2,11,,1,1
TEAM LEADER PENGELOLAAN UNIT LAYANAN PELANGGAN TERSEBAR (TELUK PAKEDAI),G2,11,,1,1
TEAM LEADER PENGELOLAAN UNIT LAYANAN PELANGGAN TERSEBAR (TELUK PINANG),G2,11,,1,1
TEAM LEADER PENGELOLAAN UNIT LAYANAN PELANGGAN TERSEBAR (TELUK PULAU),G2,11,,1,1
TEAM LEADER PENGELOLAAN UNIT LAYANAN PELANGGAN TERSEBAR (TERENTANG),G2,11,,1,1
TEAM LEADER PENGELOLAAN UNIT LAYANAN PELANGGAN TERSEBAR (TRANSFIR)),G2,11,,1,1
TEAM LEADER PENGELOLAAN UNIT LAYANAN PELANGGAN TERSEBAR (TULEHU),G2,11,,1,1
TEAM LEADER PENGELOLAAN UNIT LAYANAN PELANGGAN TERSEBAR (TUMBANG SAMBA),G2,11,,1,1
TEAM LEADER PENGELOLAAN UNIT LAYANAN PELANGGAN TERSEBAR (UJUNG GADING),G2,11,,1,1
TEAM LEADER PENGELOLAAN UNIT LAYANAN PELANGGAN TERSEBAR (UKUI),G2,11,,1,1
TEAM LEADER PENGELOLAAN UNIT LAYANAN PELANGGAN TERSEBAR (YAHUKIMO),G2,11,,1,1
TEAM LEADER PENGELOLAAN UNIT SATELIT (CENGKARENG),G2,12,,1,1
TEAM LEADER PENGELOLAAN UNIT SATELIT (GRESIK),G2,12,,1,1
TEAM LEADER PENGELOLAAN UNIT TERSEBAR,G2,11,,1,1
"TEAM LEADER PENGEMBANGAN, PEMELIHARAAN DAN UMUM",G2,11,,1,1
TEAM LEADER PENGENDALIAN APP,G2,12,,20,2
TEAM LEADER PENGENDALIAN DAN PEMELIHARAAN ASET,G2,12,,21,5
TEAM LEADER PENGENDALIAN KONSTRUKSI,G2,12,,44,12
TEAM LEADER PENGENDALIAN KONSTRUKSI DAN ADMINISTRASI KONTRAK,G2,12,,41,8
TEAM LEADER PENGENDALIAN KONSTRUKSI DISTRIBUSI,G2,12,,16,2
TEAM LEADER PENGENDALIAN OPERASI BAU-BAU,G2,12,,1,1
TEAM LEADER PENGENDALIAN OPERASI KENDARI,G2,12,,1,1
TEAM LEADER PENGENDALIAN OPERASI REAL TIME A,G2,12,,18,6
TEAM LEADER PENGENDALIAN OPERASI REAL TIME B,G2,12,,18,6
TEAM LEADER PENGENDALIAN OPERASI REAL TIME C,G2,12,,18,6
TEAM LEADER PENGENDALIAN OPERASI REAL TIME D,G2,12,,18,6
TEAM LEADER PENGENDALIAN OPERASI REAL TIME E,G2,12,,16,5
TEAM LEADER PENGENDALIAN OPERASI SISTEM,G2,12,,2,2
TEAM LEADER PENGENDALIAN OPERASI SISTEM (SORONG),G2,12,,1,1
TEAM LEADER PENGENDALIAN OPERASI SISTEM (TERNATE),G2,12,,1,1
TEAM LEADER PENGENDALIAN OPERASI SULAWESI TENGAH,G2,12,,1,1
TEAM LEADER PENGENDALIAN SUSUT,G2,12,,165,22
TEAM LEADER PENYAMBUNGAN DAN PEMUTUSAN,G2,12,,20,2
TEAM LEADER PENYELENGGARAAN PEMBELAJARAN,G2,12,,11,1
TEAM LEADER PERENCANAAN DAN EVALUASI OPERASI DAN PEMELIHARAAN,G2,12,,18,18
TEAM LEADER PERENCANAAN DAN EVALUASI OPERASI SISTEM,G2,12,,17,8
TEAM LEADER PERENCANAAN DAN EVALUASI TRANSMISI,G2,12,,1,1
TEAM LEADER PERENCANAAN DAN PENGENDALIAN JASA O & M (PLTMG RANGKO),G2,12,,1,1
TEAM LEADER PERENCANAAN DAN PENGENDALIAN JASA O & M (PLTU ROPA),G2,12,,1,1
TEAM LEADER PERENCANAAN DAN PENGENDALIAN JASA O&M (PLTMG BIMA),G2,12,,1,1
TEAM LEADER PERENCANAAN DAN PENGENDALIAN JASA O&M (PLTMG MASOHI),G2,12,,1,1
TEAM LEADER PERENCANAAN DAN PENGENDALIAN JASA O&M (PLTMG MAUMERE),G2,12,,1,1
TEAM LEADER PERENCANAAN DAN PENGENDALIAN JASA O&M (PLTMG PANAF),G2,12,,1,1
TEAM LEADER PERENCANAAN DAN PENGENDALIAN JASA O&M (PLTMG SUMBAWA),G2,12,,1,1
TEAM LEADER PERENCANAAN DAN PENGENDALIAN JASA O&M (PLTMGU LOMBOK PEAKER),G2,12,,1,1
TEAM LEADER PERENCANAAN DAN PENGENDALIAN JASA O&M (PLTU AIR ANYIR),G2,12,,1,1
TEAM LEADER PERENCANAAN DAN PENGENDALIAN JASA O&M (PLTU BOLOK),G2,12,,1,1
"TEAM LEADER PERENCANAAN DAN PENGENDALIAN JASA O&M (PLTU HOLTEKAMP, PLTMG JAYAPURA PEAKER, PLTMG MPP JAYAPURA)",G2,12,,1,1
TEAM LEADER PERENCANAAN DAN PENGENDALIAN JASA O&M (PLTU JERANJANG),G2,12,,1,1
TEAM LEADER PERENCANAAN DAN PENGENDALIAN JASA O&M (PLTU SUGE),G2,12,,1,1
TEAM LEADER PERENCANAAN DAN PENGENDALIAN JASA O&M (PLTU TIDORE),G2,12,,1,1
TEAM LEADER PERENCANAAN DAN PENGENDALIAN JASA O&M (PLTU TIMOR-1),G2,12,,1,1
TEAM LEADER PERENCANAAN DAN PENGENDALIAN PRODUKSI,G2,12,,6,1
TEAM LEADER PERENCANAAN LISTRIK PERDESAAN,G2,12,,37,18
TEAM LEADER PERENCANAAN OPERASI DAN PEMELIHARAAN PEMBANGKIT,G2,12,,2,2
TEAM LEADER PERENCANAAN PENGUSAHAAN,G2,12,,40,5
TEAM LEADER PERENCANAAN SCADA,G2,12,,18,18
TEAM LEADER PERENCANAAN SISTEM,G2,12,,165,22
TEAM LEADER PERIZINAN DAN PERTANAHAN,G2,12,,39,11
TEAM LEADER PRODUKSI ELEKTRIKAL,G2,12,,2,1
TEAM LEADER PRODUKSI MEKANIKAL,G2,12,,6,1
TEAM LEADER PROGRAM PUBLIK DAN MARKETING,G2,11,,1,1
TEAM LEADER PROJECT SITE (PLTMG DOBO),G2,12,,1,1
TEAM LEADER PROJECT SITE (PLTMG NAMLEA),G2,12,,1,1
TEAM LEADER PROJECT SITE (PLTMG SAUMLAKI),G2,12,,1,1
TEAM LEADER PROJECT SITE (PLTMG SERUI),G2,12,,1,1
TEAM LEADER PROJECT SITE (PLTMG TOBELO),G2,12,,1,1
TEAM LEADER PROJECT SITE (PLTU SOFIFI),G2,12,,1,1
TEAM LEADER PROJECT SITE (PLTU SORONG),G2,12,,1,1
TEAM LEADER PROTEKSI DAN METER,G2,12,,17,17
TEAM LEADER PROTEKSI SISTEM,G2,12,,18,8
TEAM LEADER PROYEK (PLTMG SUMBAWA 2 30 MW),G2,12,,1,1
TEAM LEADER PROYEK (PLTMG WAINGAPU 10MW),G2,12,,1,1
TEAM LEADER PROYEK (PLTU ALOR 2X3MW DAN (PLTMG ALOR 10MW),G2,12,,1,1
TEAM LEADER PROYEK (PLTU BIMA 2x10 MW),G2,12,,1,1
TEAM LEADER QUALITY CONTROL,G2,12,,6,1
TEAM LEADER REMOTE TERMINAL UNIT (RTU) DAN PERIPHERAL,G2,12,,8,7
TEAM LEADER REMOTE TERMINAL UNIT (RTU) DAN PERIPHERAL (KENDARI),G2,12,,1,1
TEAM LEADER REMOTE TERMINAL UNIT (RTU) DAN PERIPHERAL (LUWUK),G2,12,,1,1
TEAM LEADER REMOTE TERMINAL UNIT (RTU) DAN PERIPHERAL (MAKASSAR),G2,12,,1,1
TEAM LEADER REMOTE TERMINAL UNIT (RTU) DAN PERIPHERAL (MANADO),G2,12,,1,1
TEAM LEADER REMOTE TERMINAL UNIT (RTU) DAN PERIPHERAL 1,G2,12,,9,9
TEAM LEADER REMOTE TERMINAL UNIT (RTU) DAN PERIPHERAL 2,G2,12,,9,9
TEAM LEADER REMOTE TERMINAL UNIT (RTU) DAN PERIPHERAL 3,G2,12,,5,5
TEAM LEADER REMOTE TERMINAL UNIT (RTU) DAN PERIPHERAL 4,G2,12,,1,1
TEAM LEADER REMOTE TERMINAL UNIT (RTU) DAN PERIPHERAL 5,G2,12,,1,1
TEAM LEADER SALES RETAIL,G2,12,,315,22
TEAM LEADER SALES RETAIL DAN PELAYANAN PELANGGAN KOTA,G2,12,,4,2
TEAM LEADER SCADA DAN MASTER STATION,G2,12,,16,6
TEAM LEADER SCADA DAN TELEKOMUNIKASI,G2,12,,20,19
TEAM LEADER SCADA DAN TELEKOMUNIKASI (KENDARI),G2,12,,1,1
TEAM LEADER SCADA DAN TELEKOMUNIKASI (MAKASSAR),G2,12,,1,1
TEAM LEADER STRATEGI OPERASI SISTEM,G2,12,,18,6
TEAM LEADER TEKNIK,G2,11,,9,3
TEAM LEADER TEKNIK LAYANAN PELANGGAN,G2,11,,819,21
TEAM LEADER TELEKOMUNIKASI,G2,12,,16,6
TEAM LEADER TRANSAKSI ENERGI,G2,11,,6,1
TEAM LEADER TRANSAKSI ENERGI LAYANAN PELANGGAN,G2,11,,825,21
TEAM LEADER TRANSAKSI ENERGI LISTRIK,G2,12,,144,21
TEAM LEADER TRANSAKSI TENAGA LISTRIK DAN METERING,G2,12,,20,8
TECHNICIAN  OPERASI REAL TIME C,G2,11,,1,1
TECHNICIAN  OPERASI REAL TIME D,G2,11,,1,1
TECHNICIAN ANALISA DAN EVALUASI GANGGUAN,G2,11,,2,1
TECHNICIAN ANEKA ENERGI IPP,G2,12,,5,1
TECHNICIAN ANEKA ENERGI PLN,G2,12,,4,1
TECHNICIAN APLIKASI SCADA,G2,12,,3,1
TECHNICIAN AUTOMATIC METER READING (AMR),G2,12,,1,1
TECHNICIAN BIO ENERGI,G2,12,,3,1
TECHNICIAN DATA DAN GAMBAR,G2,11,,1,1
TECHNICIAN ELEKTROMEKANIK,G2,12,,5,1
TECHNICIAN ENERGI BARU DAN TERBARUKAN,G2,11,,2,1
TECHNICIAN ENERGI HIDRO IPP,G2,12,,1,1
TECHNICIAN ENERGI HIDRO PLN,G2,12,,3,1
TECHNICIAN ENERGI PRIMER DAN PELUMAS,G2,11,,6,3
"TECHNICIAN ENERGI PRIMER JAWA, MADURA DAN BALI",G2,12,,1,1
"TECHNICIAN ENERGI PRIMER SULAWESI, MALUKU, PAPUA, DAN NUSA TENGGARA",G2,12,,2,1
TECHNICIAN ENERGI PRIMER SUMATERA DAN KALIMANTAN,G2,12,,2,1
TECHNICIAN ENGINEERING DAN POLICY ANALYSIS,G2,12,,1,1
TECHNICIAN ENJINIRING,G2,11,,6,2
TECHNICIAN ENJINIRING DAN KINERJA,G2,11,,13,3
TECHNICIAN ENJINIRING PEMBANGKIT EBT,G2,11,,1,1
TECHNICIAN ENJINIRING PEMBANGKIT NON EBT,G2,12,,2,1
"TECHNICIAN ENJINIRING TEKNOLOGI TRANSMISI KALIMANTAN, SULAWESI, MALUKU,PAPUA DAN NUSA TENGGARA",G2,12,,1,1
"TECHNICIAN ENJINIRING TEKNOLOGI TRANSMISI SUMATERA, JAWA, MADURA, DANBALI",G2,12,,1,1
TECHNICIAN ENJINIRING TRANSMISI DAN GARDU INDUK,G2,12,,2,1
TECHNICIAN ENVIRONMENTAL SAFEGUARD,G2,12,,3,1
"TECHNICIAN ENVIRONMENTAL, SOCIAL, AND GOVERNANCE RATING",G2,12,,1,1
TECHNICIAN FASILITAS OPERASI,G2,11,,4,1
TECHNICIAN HARDWARE DAN SOFTWARE METERING,G2,12,,1,1
TECHNICIAN HARDWARE MASTER STATION,G2,11,,2,2
TECHNICIAN IMPLEMENTASI ASSET MANAGEMENT DISTRIBUSI,G2,12,,1,1
TECHNICIAN IMPLEMENTASI ASSET MANAGEMENT KORPORAT,G2,11,,1,1
TECHNICIAN JARINGAN,G2,12,,6,1
TECHNICIAN JARINGAN TRANSMISI DAN GARDU INDUK,G2,11,,23,3
TECHNICIAN JARINGAN TRANSMISI DAN GARDU INDUK (BANARAN),G2,11,,1,1
TECHNICIAN JARINGAN TRANSMISI DAN GARDU INDUK (BUMICOKRO),G2,11,,1,1
TECHNICIAN JARINGAN TRANSMISI DAN GARDU INDUK (GI JAJAR),G2,11,,1,1
TECHNICIAN JARINGAN TRANSMISI DAN GARDU INDUK (GI KADIPATEN),G2,11,,1,1
TECHNICIAN JARINGAN TRANSMISI DAN GARDU INDUK (GI TAMBAK LOROK),G2,11,,1,1
TECHNICIAN JARINGAN TRANSMISI DAN GARDU INDUK (GI TAMBUN),G2,11,,1,1
TECHNICIAN JARINGAN TRANSMISI DAN GARDU INDUK (GI WONOSOBO),G2,11,,1,1
TECHNICIAN JARINGAN TRANSMISI DAN GARDU INDUK (GITET KEDIRI),G2,11,,1,1
TECHNICIAN JARINGAN TRANSMISI DAN GARDU INDUK (GULUK-GULUK),G2,11,,1,1
TECHNICIAN JARINGAN TRANSMISI DAN GARDU INDUK (PLTU GRESIK),G2,11,,1,1
TECHNICIAN JARINGAN TRANSMISI DAN GARDU INDUK TEGANGAN EKSTRA TINGGI,G2,11,,13,2
TECHNICIAN KESELAMATAN DAN KESEHATAN KERJA DISTRIBUSI,G2,12,,2,1
"TECHNICIAN KESELAMATAN DAN KESEHATAN KERJA PEMBANGKITAN, PROYEK, DAN KANTOR PUSAT",G2,12,,1,1
TECHNICIAN KESELAMATAN DAN KESEHATAN KERJA TRANSMISI,G2,12,,2,1
TECHNICIAN KINERJA OPERASI SISTEM DISTRIBUSI,G2,12,,2,2
TECHNICIAN KOMISIONING SISTEM PEMBANGKIT,G2,12,,21,1
TECHNICIAN KONSTRUKSI JARINGAN,G2,12,,6,1
TECHNICIAN KONSTRUKSI LISTRIK PERDESAAN,G2,11,,44,10
TECHNICIAN KONSTRUKSI PEMBANGKIT,G2,12,,7,1
"TECHNICIAN KONSTRUKSI TRANSMISI KALIMANTAN, SULAWESI, MALUKU, PAPUA DAN NUSA TENGGARA",G2,12,,1,1
"TECHNICIAN KONSTRUKSI TRANSMISI SUMATERA, JAWA, MADURA DAN BALI",G2,12,,1,1
"TECHNICIAN KUALITAS DAN EFISIENSI DISTRIBUSI JAWA, MADURA, DAN BALI",G2,12,,2,1
"TECHNICIAN KUALITAS DAN EFISIENSI DISTRIBUSI SULAWESI, MALUKU, PAPUA, DAN NUSA TENGGARA",G2,12,,1,1
TECHNICIAN KUALITAS DAN EFISIENSI DISTRIBUSI SUMATERA DAN KALIMANTAN,G2,12,,1,1
TECHNICIAN LABORATORIUM,G2,12,,1,1
TECHNICIAN MANAJEMEN ASET TRANSMISI,G2,12,,2,1
TECHNICIAN MANAJEMEN KELAYAKAN INFRASTRUKTUR TRANSMISI DAN GARDU INDUK,G2,12,,1,1
TECHNICIAN MANAJEMEN KONSTRUKSI JARINGAN,G2,12,,118,1
TECHNICIAN MANAJEMEN KONSTRUKSI PEMBANGKITAN,G2,12,,42,1
TECHNICIAN MANAJEMEN KONSTRUKSI SIPIL,G2,12,,2,1
TECHNICIAN MASTER STATION,G2,12,,4,2
"TECHNICIAN OPERASI DAN PEMELIHARAAN GARDU INDUK KALIMANTAN, SULAWESI,MALUKU, PAPUA DAN NUSA TENGGARA",G2,12,,1,1
TECHNICIAN OPERASI DAN PEMELIHARAAN METER ELEKTRONIK,G2,11,,3,2
TECHNICIAN OPERASI DISTRIBUSI,G2,11,,117,21
"TECHNICIAN OPERASI PEMBANGKITAN IPP JAWA, MADURA, DAN BALI",G2,12,,2,1
"TECHNICIAN OPERASI PEMBANGKITAN IPP SULAWESI, MALUKU, PAPUA, DAN NUSA TENGGARA",G2,11,,2,1
TECHNICIAN OPERASI PEMBANGKITAN IPP SUMATERA DAN KALIMANTAN,G2,12,,2,1
"TECHNICIAN OPERASI PEMBANGKITAN PLN SULAWESI, MALUKU, PAPUA, DAN NUSA TENGGARA",G2,12,,2,1
"TECHNICIAN OPERASI PEMBANGKITAN SUBHOLDING DAN ANAK PERUSAHAAN JAWA, MADURA, DAN BALI",G2,12,,1,1
"TECHNICIAN OPERASI PEMBANGKITAN SUBHOLDING DAN ANAK PERUSAHAAN SULAWESI,MALUKU, PAPUA, DAN NUSA TENGGARA",G2,12,,1,1
TECHNICIAN OPERASI PEMBANGKITAN SUBHOLDING DAN ANAK PERUSAHAAN SUMATERA DAN KALIMANTAN,G2,12,,1,1
TECHNICIAN OPERASI PENGATUR BEBAN,G2,11,,2,1
TECHNICIAN OPERASI PUSAT LISTRIK,G2,11,,16,2
TECHNICIAN OPERASI REAL TIME A,G2,11,,7,4
TECHNICIAN OPERASI REAL TIME B,G2,11,,10,5
TECHNICIAN OPERASI REAL TIME C,G2,11,,8,5
TECHNICIAN OPERASI REAL TIME D,G2,11,,4,4
TECHNICIAN OPERASI REAL TIME E,G2,11,,6,4
TECHNICIAN OPERASI SISTEM A,G2,12,,7,1
TECHNICIAN OPERASI SISTEM B,G2,12,,4,1
TECHNICIAN OPERASI SISTEM C,G2,12,,4,1
TECHNICIAN OPERASI SISTEM D,G2,12,,9,2
TECHNICIAN OPERASI SISTEM E,G2,12,,7,1
TECHNICIAN PDKB,G2,11,,370,23
TECHNICIAN PDKB GI/GITET,G2,11,,35,5
TECHNICIAN PDKB SUTT/SUTET,G2,11,,24,5
TECHNICIAN PEMELIHARAAN APP,G2,11,,7,2
TECHNICIAN PEMELIHARAAN DAN PROTEKSI,G2,11,,1,1
TECHNICIAN PEMELIHARAAN DAN PROTEKSI (BIMA),G2,11,,2,1
TECHNICIAN PEMELIHARAAN DISTRIBUSI,G2,11,,88,21
TECHNICIAN PEMELIHARAAN ELEKTROMEKANIK,G2,11,,28,11
TECHNICIAN PEMELIHARAAN ELEKTROMEKANIK (MANADO),G2,11,,2,1
TECHNICIAN PEMELIHARAAN ELEKTROMEKANIK (PALU),G2,11,,1,1
TECHNICIAN PEMELIHARAAN GARDU INDUK,G2,11,,42,6
TECHNICIAN PEMELIHARAAN GARDU INDUK (GI RUTENG),G2,11,,1,1
TECHNICIAN PEMELIHARAAN JARINGAN TRANSMISI,G2,11,,15,4
TECHNICIAN PEMELIHARAAN JARINGAN TRANSMISI (ROPA),G2,11,,1,1
TECHNICIAN PEMELIHARAAN METER TRANSAKSI,G2,11,,43,19
TECHNICIAN PEMELIHARAAN PREDIKTIF,G2,12,,3,1
"TECHNICIAN PEMELIHARAAN PROTEKSI, METER DAN OTOMASI TRANSMISI DAN GARDUINDUK",G2,11,,3,1
"TECHNICIAN PEMELIHARAAN PROTEKSI, METER, DAN OTOMASI TRANSMISI DAN GARDU INDUK",G2,11,,5,3
"TECHNICIAN PEMELIHARAAN PROTEKSI, METER, DAN OTOMASI TRANSMISI DAN GARDUINDUK",G2,11,,19,4
TECHNICIAN PEMELIHARAAN PUSAT LISTRIK,G2,11,,12,1
"TECHNICIAN PEMELIHARAAN TRANSMISI KALIMANTAN, SULAWESI, MALUKU, PAPUA DAN NUSA TENGGARA",G2,12,,1,1
"TECHNICIAN PEMELIHARAAN TRANSMISI KALIMANTAN, SULAWESI, MALUKU, PAPUA, DAN NUSA TENGGARA",G2,12,,1,1
"TECHNICIAN PEMELIHARAAN TRANSMISI SUMATERA, JAWA, MADURA DAN BALI",G2,12,,2,1
TECHNICIAN PENERTIBAN PEMAKAIAN TENAGA LISTRIK,G2,11,,1,1
TECHNICIAN PENGATUR BEBAN,G2,11,,3,1
TECHNICIAN PENGATURAN OPERASI,G2,11,,47,12
TECHNICIAN PENGATURAN OPERASI (GORONTALO),G2,11,,3,1
TECHNICIAN PENGATURAN OPERASI (MANADO),G2,11,,2,1
TECHNICIAN PENGATURAN OPERASI (PALU),G2,11,,5,1
TECHNICIAN PENGELOLA KUALITAS AIR DAN UDARA,G2,12,,2,1
TECHNICIAN PENGELOLA LINGKUNGAN,G2,12,,2,1
TECHNICIAN PENGELOLAAN APLIKASI DAN DATA OPERASI REAL TIME,G2,12,,5,2
"TECHNICIAN PENGELOLAAN ASET DISTRIBUSI JAWA, MADURA, DAN BALI",G2,12,,1,1
"TECHNICIAN PENGELOLAAN ASET DISTRIBUSI SULAWESI, MALUKU, PAPUA, DAN NUSA TENGGARA",G2,12,,1,1
"TECHNICIAN PENGELOLAAN ASET DISTRIBUSI SULAWESI, MALUKU, PAPUA, DAN NUSATENGGARA",G2,12,,1,1
TECHNICIAN PENGELOLAAN ASET DISTRIBUSI SUMATERA DAN KALIMANTAN,G2,12,,1,1
TECHNICIAN PENGELOLAAN DATA METER,G2,12,,1,1
TECHNICIAN PENGELOLAAN INSPEKSI DISTRIBUSI,G2,12,,9,1
TECHNICIAN PENGELOLAAN INSPEKSI SISTEM PEMBANGKIT,G2,12,,6,1
TECHNICIAN PENGELOLAAN INSPEKSI TRANSMISI DAN GARDU INDUK,G2,12,,10,1
TECHNICIAN PENGELOLAAN KALIBRASI,G2,12,,6,1
TECHNICIAN PENGELOLAAN KONSTRUKSI,G2,11,,16,3
TECHNICIAN PENGELOLAAN KONSTRUKSI DISTRIBUSI,G2,12,,166,17
"TECHNICIAN PENGELOLAAN LISTRIK DESA SULAWESI, MALUKU, PAPUA, DAN NUSA TENGGARA",G2,12,,1,1
"TECHNICIAN PENGELOLAAN LISTRIK DESA SULAWESI, MALUKU, PAPUA, DAN NUSATENGGARA",G2,11,,1,1
"TECHNICIAN PENGELOLAAN LISTRIK DESA SUMATERA, KALIMANTAN, JAWA, MADURA, DAN BALI",G2,12,,1,1
"TECHNICIAN PENGELOLAAN LISTRIK DESA SUMATERA, KALIMANTAN, JAWA, MADURA,DAN BALI",G2,12,,2,1
TECHNICIAN PENGELOLAAN PENGUJIAN PRODUK TEGANGAN DAN ARUS TINGGI,G2,12,,5,1
TECHNICIAN PENGELOLAAN PENGUJIAN PRODUK TEGANGAN RENDAH,G2,12,,9,1
TECHNICIAN PENGELOLAAN PENGUJIAN SISTEM PEMBANGKIT,G2,12,,24,1
TECHNICIAN PENGELOLAAN PENGUJIAN SISTEM TRANSMISI DAN DISTRIBUSI,G2,12,,4,1
TECHNICIAN PENGELOLAAN PERUBAHAN IKLIM,G2,12,,5,1
TECHNICIAN PENGELOLAAN SERTIFIKASI PRODUK TEGANGAN RENDAH,G2,12,,3,1
TECHNICIAN PENGELOLAAN SERTIFIKASI PRODUK TEGANGAN TINGGI DAN TEGANGAN MENENGAH,G2,12,,2,1
"TECHNICIAN PENGELOLAAN SISTEM PROTEKSI TRANSMISI KALIMANTAN, SULAWESI,MALUKU, PAPUA, DAN NUSA TENGGARA",G2,12,,1,1
"TECHNICIAN PENGELOLAAN SISTEM PROTEKSI TRANSMISI SUMATERA, JAWA, MADURA DAN BALI",G2,11,,1,1
"TECHNICIAN PENGELOLAAN SISTEM PROTEKSI TRANSMISI SUMATERA, JAWA, MADURA,DAN BALI",G2,12,,1,1
TECHNICIAN PENGEMBANGAN ENJINIRING PEMBANGKIT DAN EBT,G2,12,,2,1
TECHNICIAN PENGEMBANGAN ENJINIRING TRANSMISI DAN DISTRIBUSI,G2,12,,2,1
TECHNICIAN PENGENDALIAN APP,G2,11,,1,1
TECHNICIAN PENGENDALIAN DAMPAK LINGKUNGAN,G2,12,,1,1
TECHNICIAN PENGENDALIAN KONSTRUKSI,G2,11,,95,11
"TECHNICIAN PENGENDALIAN KONSTRUKSI DAN SERTIFIKASI ASET DISTRIBUSI JAWA,MADURA DAN BALI",G2,12,,3,1
"TECHNICIAN PENGENDALIAN KONSTRUKSI DAN SERTIFIKASI ASET DISTRIBUSI SULAWESI, MALUKU, PAPUA, DAN NUSA TENGGARA",G2,12,,2,1
TECHNICIAN PENGENDALIAN KONSTRUKSI DAN SERTIFIKASI ASET DISTRIBUSI SUMATERA DAN KALIMANTAN,G2,12,,1,1
TECHNICIAN PENGENDALIAN KONSTRUKSI DISTRIBUSI,G2,11,,15,2
TECHNICIAN PENGENDALIAN KONTRAK DAN PELAPORAN,G2,11,,27,10
TECHNICIAN PENGENDALIAN LISTRIK PERDESAAN,G2,12,,30,9
TECHNICIAN PENGENDALIAN MUTU DAN DATA ENJINIRING,G2,12,,1,1
TECHNICIAN PENGENDALIAN OPERASI DAN PEMELIHARAAN,G2,11,,31,2
"TECHNICIAN PENGENDALIAN OPERASI DAN PEMELIHARAAN DISTRIBUSI JAWA, MADURA, DAN BALI",G2,12,,2,1
TECHNICIAN PENGENDALIAN OPERASI DAN PEMELIHARAAN DISTRIBUSI SUMATERA DAN KALIMANTAN,G2,12,,1,1
TECHNICIAN PENGENDALIAN OPERASI DAN PEMELIHARAAN PUSAT LISTRIK,G2,11,,40,5
TECHNICIAN PENGENDALIAN OPERASI DAN PEMELIHARAAN TRANSMISI DAN GARDU INDUK,G2,12,,320,10
TECHNICIAN PENGENDALIAN OPERASI DAN PEMELIHARAAN TRANSMISI DAN GARDUINDUK,G2,11,,3,3
TECHNICIAN PENGENDALIAN OPERASI DAN TRANSAKSI,G2,12,,2,1
TECHNICIAN PENGENDALIAN OPERASI REAL TIME A,G2,12,,4,2
TECHNICIAN PENGENDALIAN OPERASI REAL TIME B,G2,12,,3,2
TECHNICIAN PENGENDALIAN OPERASI REAL TIME C,G2,12,,4,2
TECHNICIAN PENGENDALIAN OPERASI REAL TIME D,G2,12,,6,2
TECHNICIAN PENGENDALIAN OPERASI REAL TIME E,G2,11,,5,2
TECHNICIAN PENGENDALIAN OPERASI SISTEM,G2,11,,7,2
TECHNICIAN PENGENDALIAN OPERASI SISTEM (SORONG),G2,11,,1,1
"TECHNICIAN PENGENDALIAN OPERASI SISTEM JAWA, MADURA, BALI, MALUKU, PAPUA, DAN NUSA TENGGARA",G2,12,,2,1
"TECHNICIAN PENGENDALIAN OPERASI SISTEM JAWA, MADURA, BALI, MALUKU,PAPUA, DAN NUSA TENGGARA",G2,12,,2,1
"TECHNICIAN PENGENDALIAN OPERASI SISTEM SUMATERA, KALIMANTAN, DAN SULAWESI",G2,12,,1,1
"TECHNICIAN PENGENDALIAN OPERASI SISTEM SUMATERA, KALIMANTAN, DANSULAWESI",G2,12,,3,1
TECHNICIAN PENGENDALIAN OUTAGE,G2,12,,2,1
TECHNICIAN PENGENDALIAN PELABUHAN DAN COAL HANDLING,G2,12,,3,1
"TECHNICIAN PENGENDALIAN PEMBANGKITAN IPP JAWA, MADURA DAN BALI",G2,12,,2,1
"TECHNICIAN PENGENDALIAN PEMBANGKITAN IPP SULAWESI, MALUKU, PAPUA DAN NUSA TENGGARA",G2,12,,2,1
"TECHNICIAN PENGENDALIAN PEMBANGKITAN IPP SULAWESI, MALUKU, PAPUA DANNUSA TENGGARA",G2,12,,1,1
TECHNICIAN PENGENDALIAN PEMBANGKITAN IPP SUMATERA DAN KALIMANTAN,G2,12,,3,1
"TECHNICIAN PENGENDALIAN PEMBANGKITAN SUBHOLDING DAN ANAK PERUSAHAAN JAWA, MADURA, DAN BALI",G2,12,,1,1
TECHNICIAN PENGENDALIAN PEMBANGKITAN SUBHOLDING DAN ANAK PERUSAHAAN SUMATERA DAN KALIMANTAN,G2,12,,1,1
TECHNICIAN PENGENDALIAN PEMBANGKITAN SUBHOLDING DAN ANAK PERUSAHAANSUMATERA DAN KALIMANTAN,G2,12,,1,1
TECHNICIAN PENGENDALIAN PEMELIHARAAN,G2,12,,1,1
TECHNICIAN PENGENDALIAN PEMELIHARAAN SCADA DAN OTOMASI,G2,11,,3,1
TECHNICIAN PENGENDALIAN SUSUT,G2,11,,56,21
TECHNICIAN PENGENDALIAN SUSUT DAN PJU,G2,11,,1,1
"TECHNICIAN PENGUKURAN DISTRIBUSI JAWA, MADURA, DAN BALI",G2,12,,2,1
"TECHNICIAN PENGUKURAN DISTRIBUSI SULAWESI, MALUKU, PAPUA, DAN NUSA TENGGARA",G2,12,,1,1
TECHNICIAN PENGUKURAN DISTRIBUSI SUMATERA DAN KALIMANTAN,G2,12,,1,1
TECHNICIAN PENYAMBUNGAN DAN PEMUTUSAN,G2,11,,5,2
"TECHNICIAN PERENCANAAN DAN EVALUASI KESELAMATAN DAN KESEHATAN KERJA,LINGKUNGAN DAN KEAMANAN",G2,12,,3,1
TECHNICIAN PERENCANAAN DAN MONITORING PEMANFAATAN FABA,G2,12,,1,1
TECHNICIAN PERENCANAAN DAN PENGENDALIAN ENERGI PRIMER DAN BATU KAPUR,G2,12,,1,1
TECHNICIAN PERENCANAAN DAN PENGENDALIAN JASA O&M,G2,11,,2,1
TECHNICIAN PERENCANAAN DAN PENGENDALIAN JASA O&M (PLTMG BIMA),G2,11,,1,1
TECHNICIAN PERENCANAAN DAN PENGENDALIAN JASA O&M (PLTMG PANAF),G2,11,,1,1
TECHNICIAN PERENCANAAN DAN PENGENDALIAN JASA O&M (PLTMGU LOMBOK PEAKER),G2,11,,1,1
TECHNICIAN PERENCANAAN DAN PENGENDALIAN JASA O&M (PLTU JERANJANG),G2,11,,1,1
TECHNICIAN PERENCANAAN DAN PENGENDALIAN PRODUKSI,G2,11,,11,1
"TECHNICIAN PERENCANAAN LISTRIK DESA SULAWESI, MALUKU, PAPUA, DAN NUSA TENGGARA",G2,12,,1,1
"TECHNICIAN PERENCANAAN LISTRIK DESA SULAWESI, MALUKU, PAPUA, DAN NUSATENGGARA",G2,12,,1,1
"TECHNICIAN PERENCANAAN LISTRIK DESA SUMATERA, KALIMANTAN, JAWA, MADURA, DAN BALI",G2,12,,1,1
"TECHNICIAN PERENCANAAN LISTRIK DESA SUMATERA, KALIMANTAN, JAWA, MADURA,DAN BALI",G2,12,,1,1
"TECHNICIAN PERENCANAAN OPERASI DAN PEMELIHARAAN KALIMANTAN, SULAWESI,MALUKU, PAPUA DAN NUSA TENGGARA",G2,12,,2,1
TECHNICIAN PERENCANAAN OPERASI DAN PEMELIHARAAN PEMBANGKIT,G2,11,,3,2
"TECHNICIAN PERENCANAAN OPERASI DAN PEMELIHARAAN SUMATERA, JAWA, MADURA,DAN BALI",G2,11,,1,1
TECHNICIAN PERENCANAAN SCADA,G2,11,,4,4
"TECHNICIAN PERENCANAAN SISTEM KETENAGALISTRIKAN JAWA, MADURA, DAN BALI",G2,12,,2,1
"TECHNICIAN PERENCANAAN SISTEM KETENAGALISTRIKAN SULAWESI, MALUKU, PAPUA DAN NUSA TENGGARA",G2,12,,1,1
"TECHNICIAN PERENCANAAN SISTEM KETENAGALISTRIKAN SULAWESI, MALUKU, PAPUA, DAN NUSA TENGGARA",G2,11,,1,1
"TECHNICIAN PERENCANAAN SISTEM KETENAGALISTRIKAN SULAWESI, MALUKU, PAPUA,DAN NUSA TENGGARA",G2,12,,2,1
TECHNICIAN PERENCANAAN SISTEM KETENAGALISTRIKAN SUMATERA DAN KALIMANTAN,G2,12,,4,1
"TECHNICIAN PERENCANAAN SISTEM TRANSMISI, GARDU INDUK, DAN DEMAND FORECAST JAWA, MADURA, DAN BALI",G2,12,,4,1
"TECHNICIAN PERENCANAAN SISTEM TRANSMISI, GARDU INDUK, DAN DEMAND FORECAST SULAWESI, MALUKU, PAPUA, DAN NUSA TENGGARA",G2,12,,3,1
"TECHNICIAN PERENCANAAN SISTEM TRANSMISI, GARDU INDUK, DAN DEMAND FORECAST SUMATERA DAN KALIMANTAN",G2,12,,3,1
TECHNICIAN PERENCANAAN STRATEGIS PEMBANGKIT ENERGI BARU TERBARUKAN,G2,12,,4,1
TECHNICIAN PERENCANAAN STRATEGIS PEMBANGKIT NON ENERGI BARU TERBARUKAN,G2,12,,1,1
TECHNICIAN PERENCANAAN STRATEGIS SISTEM TRANSMISI,G2,12,,2,1
TECHNICIAN PRODUKSI,G2,12,,32,1
TECHNICIAN PRODUKSI ELEKTRIKAL,G2,11,,4,1
TECHNICIAN PRODUKSI MEKANIKAL,G2,11,,18,1
TECHNICIAN PROJECT SITE,G2,12,,36,8
TECHNICIAN PROTEKSI,G2,11,,2,1
TECHNICIAN PROTEKSI DAN METER,G2,11,,15,9
"TECHNICIAN PROTEKSI DAN SCADATEL DISTRIBUSI JAWA, MADURA, DAN BALI",G2,12,,3,1
"TECHNICIAN PROTEKSI DAN SCADATEL DISTRIBUSI SULAWESI, MALUKU, PAPUA, DANNUSA TENGGARA",G2,12,,1,1
TECHNICIAN PROTEKSI DAN SCADATEL DISTRIBUSI SUMATERA DAN KALIMANTAN,G2,12,,1,1
TECHNICIAN PROTEKSI SISTEM,G2,11,,21,5
TECHNICIAN PROTEKSI SISTEM KETENAGALISTRIKAN,G2,12,,2,1
TECHNICIAN PROTEKSI dan METER,G2,11,,1,1
TECHNICIAN PROYEK,G2,12,,3,1
TECHNICIAN QUALITY ASSURANCE AND QUALITY CONTROL JARINGAN,G2,12,,7,1
TECHNICIAN QUALITY ASSURANCE AND QUALITY CONTROL PEMBANGKIT,G2,12,,5,1
TECHNICIAN QUALITY CONTROL,G2,11,,1,1
TECHNICIAN REMOTE TERMINAL UNIT (RTU) DAN PERIPHERAL,G2,11,,22,12
TECHNICIAN REMOTE TERMINAL UNIT (RTU) DAN PERIPHERAL (BIMA),G2,11,,1,1
TECHNICIAN REMOTE TERMINAL UNIT (RTU) DAN PERIPHERAL (MANADO),G2,11,,1,1
"TECHNICIAN RISIKO DAN PELAPORAN ENVIRONMENTAL, SOCIAL, AND GOVERNANCE",G2,12,,2,1
TECHNICIAN SCADA DAN MASTER STATION,G2,11,,8,2
TECHNICIAN SCADA DAN OTOMASI,G2,11,,7,2
TECHNICIAN SCADA DAN TELEKOMUNIKASI,G2,11,,25,15
"TECHNICIAN SISTEM DAN TATA KELOLA KESELAMATAN DAN KESEHATAN KERJA,LINGKUNGAN DAN KEAMANAN",G2,12,,2,1
TECHNICIAN SISTEM PROTEKSI,G2,11,,1,1
TECHNICIAN SOCIAL SAFEGUARD,G2,12,,4,1
TECHNICIAN STANDARISASI KEBIJAKAN DISTRIBUSI,G2,12,,1,1
TECHNICIAN STANDART OPERATION/MAINTENANCE PEMBANGKIT,G2,12,,1,1
TECHNICIAN TEKNIK LAYANAN PELANGGAN,G2,11,,50,11
TECHNICIAN TEKNIK SIPIL,G2,11,,1,1
TECHNICIAN TEKNISI PDKB,G2,11,,30,2
TECHNICIAN TELEKOMUNIKASI,G2,11,,19,6
TECHNICIAN TRANSAKSI ENERGI LAYANAN PELANGGAN,G2,11,,25,6
TECHNICIAN TRANSAKSI ENERGI LISTRIK,G2,11,,28,16
TECHNICIAN TRANSAKSI TENAGA LISTRIK,G2,12,,2,1
TECHNICIAN TRANSAKSI TENAGA LISTRIK DAN METERING,G2,11,,10,4
TECHNICIAN TRANSISI ENERGI,G2,12,,4,1
TECHNICIAN WIDE AREA MONITORING SYSTEM (WAMS),G2,12,,2,1
"VICE PRESIDENT ADMINISTRASI KONSTRUKSI JAWA, MADURA, BALI, MALUKU, PAPUA DAN NUSA TENGGARA",MM,19,,1,1
"VICE PRESIDENT ADMINISTRASI KONSTRUKSI SUMATERA, KALIMANTAN DAN SULAWESI",MM,19,,1,1
VICE PRESIDENT ADMINISTRASI PINJAMAN,MM,20,,1,1
VICE PRESIDENT AKUISISI ADDITIONAL DEMAND,MM,20,,1,1
VICE PRESIDENT AKUISISI PELANGGAN DAN LAYANAN KHUSUS,MM,20,,1,1
VICE PRESIDENT AKUNTANSI ASET,MM,19,,1,1
VICE PRESIDENT AKUNTANSI KANTOR PUSAT,MM,19,,1,1
VICE PRESIDENT AKUNTANSI KORPORAT,MM,19,,1,1
VICE PRESIDENT AKUNTANSI MANAJEMEN,MM,19,,1,1
VICE PRESIDENT ANALISIS DAN PROYEKSI KEUANGAN,MM,20,,1,1
VICE PRESIDENT ANEKA ENERGI,MM,19,,1,1
VICE PRESIDENT ANGGARAN INVESTASI,MM,20,,1,1
VICE PRESIDENT ANGGARAN KONSOLIDASI DAN ANAK PERUSAHAAN,MM,20,,1,1
VICE PRESIDENT ANGGARAN OPERASI I,MM,20,,1,1
VICE PRESIDENT ANGGARAN OPERASI II,MM,20,,1,1
VICE PRESIDENT APLIKASI DISTRIBUSI DAN PELAYANAN PELANGGAN,MM,20,,1,1
"VICE PRESIDENT APLIKASI PROYEK, PEMBANGKITAN DAN TRANSMISI",MM,19,,1,1
VICE PRESIDENT ASURANSI ASET,MM,19,,1,1
VICE PRESIDENT AUDIT INVESTIGASI 1,MM,19,,1,1
VICE PRESIDENT AUDIT INVESTIGASI 2,MM,19,,1,1
VICE PRESIDENT AUDIT KEUANGAN KORPORASI,MM,19,,1,1
"VICE PRESIDENT AUDIT KONSTRUKSI, PEMBANGKITAN, DAN EBT 1",MM,19,,1,1
"VICE PRESIDENT AUDIT KONSTRUKSI, PEMBANGKITAN, DAN EBT 2",MM,19,,1,1
"VICE PRESIDENT AUDIT KONSTRUKSI, PEMBANGKITAN, DAN EBT 3",MM,19,,1,1
"VICE PRESIDENT AUDIT NIAGA, LEGAL, HUMAN CAPITAL, DAN ENABLER",MM,19,,1,1
VICE PRESIDENT AUDIT TEKNOLOGI INFORMASI,MM,19,,1,1
VICE PRESIDENT AUDIT TRANSMISI DAN DISTRIBUSI 1,MM,19,,1,1
VICE PRESIDENT AUDIT TRANSMISI DAN DISTRIBUSI 2,MM,19,,1,1
VICE PRESIDENT AUDIT TRANSMISI DAN DISTRIBUSI 3,MM,19,,1,1
"VICE PRESIDENT BANTUAN HUKUM JAWA, MADURA, DAN BALI",MM,20,,1,1
VICE PRESIDENT BANTUAN HUKUM KANTOR PUSAT DAN ANAK PERUSAHAAN,MM,20,,1,1
VICE PRESIDENT BANTUAN HUKUM PAJAK DAN KEUANGAN,MM,20,,1,1
"VICE PRESIDENT BANTUAN HUKUM SULAWESI, MALUKU, PAPUA DAN NUSA TENGGARA",MM,20,,1,1
VICE PRESIDENT BANTUAN HUKUM SUMATERA KALIMANTAN,MM,20,,1,1
VICE PRESIDENT BISNIS DAN MANAJEMEN PERBENDAHARAAN,MM,20,,1,1
VICE PRESIDENT BOD SUPPORT,MM,19,,1,1
VICE PRESIDENT BUDAYA PERUSAHAAN DAN SISTEM KOMPETENSI,MM,20,,1,1
"VICE PRESIDENT DATA PERUSAHAAN, ANALITIK, DAN SOLUSI GEOSPASIAL",MM,20,,1,1
VICE PRESIDENT DIGITALISASI BEYOND KWH DAN PROSES BISNIS INTERNAL,MM,19,,1,1
VICE PRESIDENT DIGITALISASI KELISTRIKAN,MM,19,,1,1
VICE PRESIDENT DOKUMEN MATERIAL DAN DELIVERY UNIT,MM,19,,1,1
"VICE PRESIDENT EFISIENSI, KUALITAS DAN PENGUKURAN DISTRIBUSI SULAWESI, MALUKU, PAPUA, DAN NUSA TENGGARA",MM,20,,1,1
"VICE PRESIDENT EFISIENSI, KUALITAS, DAN PENGUKURAN DISTRIBUSI JAWA, MADURA, DAN BALI",MM,20,,1,1
"VICE PRESIDENT EFISIENSI, KUALITAS, DAN PENGUKURAN DISTRIBUSI SUMATERA DAN KALIMANTAN",MM,20,,1,1
VICE PRESIDENT EKSEKUTIF DIREKSI,MM,18,,8,1
VICE PRESIDENT ENERGI HIDRO,MM,19,,1,1
VICE PRESIDENT ENERGI PRIMER,MM,19,,1,1
VICE PRESIDENT ENJINIRING PEMBANGKITAN,MM,20,,1,1
"VICE PRESIDENT ENVIRONMENTAL, SOCIAL, AND GOVERNANCE",MM,19,,1,1
VICE PRESIDENT ERP FINANCE,MM,20,,1,1
VICE PRESIDENT ERP HUMAN CAPITAL,MM,19,,1,1
VICE PRESIDENT ERP PROCUREMENT AND LOGISTIC,MM,20,,1,1
VICE PRESIDENT HARMONISASI DAN MONITORING KEBIJAKAN,MM,19,,1,1
VICE PRESIDENT HUBUNGAN INDUSTRIAL,MM,19,,1,1
"VICE PRESIDENT HUBUNGAN INVESTOR, GCG DAN PELAPORAN",MM,19,,1,1
VICE PRESIDENT IMBANGAN AUDIT EKSTERNAL,MM,19,,1,1
VICE PRESIDENT IMPLEMENTASI ASET,MM,20,,1,1
VICE PRESIDENT INSTITUSI KEUANGAN DAN RISET PASAR,MM,20,,1,1
VICE PRESIDENT IT BUSINESS PARTNER KORPORAT,MM,19,,1,1
VICE PRESIDENT KEAMANAN KORPORAT,MM,20,,1,1
VICE PRESIDENT KEAMANAN SIBER,MM,20,,1,1
VICE PRESIDENT KEBIJAKAN DAN INFRASTRUKTUR MANAJEMEN RISIKO,MM,19,,1,1
VICE PRESIDENT KEMITRAAN TENAGA KERJA,MM,19,,1,1
VICE PRESIDENT KESELAMATAN DAN KESEHATAN KERJA,MM,20,,1,1
VICE PRESIDENT KINERJA DAN STANDARISASI KEBIJAKAN DISTRIBUSI,MM,20,,1,1
VICE PRESIDENT KINERJA KORPORAT,MM,19,,1,1
"VICE PRESIDENT KINERJA SUBHOLDING DAN ANAK PERUSAHAAN, KPKU",MM,19,,1,1
VICE PRESIDENT KOMERSIALISASI PRODUK NIAGA,MM,19,,1,1
VICE PRESIDENT KOMUNIKASI KORPORAT,MM,19,,1,1
VICE PRESIDENT KOMUNIKASI MANAJEMEN PERUBAHAN,MM,19,,1,1
"VICE PRESIDENT KONSTRUKSI & PEMELIHARAAN TRANSMISI SUMATERA, JAWA, MADURA DAN BALI",MM,20,,1,1
"VICE PRESIDENT KONSTRUKSI DAN PEMELIHARAAN TRANSMISI KALIMANTAN, SULAWESI, MALUKU, PAPUA DAN NUSA TENGGARA",MM,20,,1,1
VICE PRESIDENT KONSULTANSI AUDIT 1,MM,19,,1,1
VICE PRESIDENT KONSULTANSI AUDIT 2,MM,19,,1,1
VICE PRESIDENT KONSULTANSI AUDIT 3,MM,19,,1,1
VICE PRESIDENT KORPORASI,MM,20,,1,1
VICE PRESIDENT LAYANAN DIGITAL,MM,20,,1,1
"VICE PRESIDENT LEGAL ASET PROPERTI KALIMANTAN, SULAWESI, MALUKU, PAPUA, DAN NUSA TENGGARA",MM,19,,1,1
"VICE PRESIDENT LEGAL ASET PROPERTI SUMATERA, JAWA, MADURA, DAN BALI",MM,19,,1,1
"VICE PRESIDENT LEGAL BUSINESS PARTNER DISTRIBUSI, RETAIL DAN NIAGA",MM,20,,1,1
VICE PRESIDENT LEGAL BUSINESS PARTNER KEUANGAN DAN MANAJEMEN HUMAN CAPITAL,MM,20,,1,1
"VICE PRESIDENT LEGAL BUSINESS PARTNER MANAJEMEN PEMBANGKITAN, TRANSMISIDAN PERENCANAAN SISTEM",MM,20,,1,1
VICE PRESIDENT LEGAL BUSINESS PARTNER MANAJEMEN PROYEK DAN ENERGI BARUTERBARUKAN,MM,20,,1,1
VICE PRESIDENT LINGKUNGAN,MM,20,,1,1
VICE PRESIDENT LOGISTIK DISTRIBUSI,MM,20,,1,1
VICE PRESIDENT LOGISTIK TRANSMISI,MM,20,,1,1
VICE PRESIDENT MANAJEMEN INTEGRITAS,MM,19,,1,1
VICE PRESIDENT MANAJEMEN KEARSIPAN KORPORAT,MM,20,,1,1
VICE PRESIDENT MANAJEMEN KELAYAKAN INFRASTRUKTUR,MM,20,,1,1
VICE PRESIDENT MANAJEMEN KEPATUHAN DAN DATA PROTECTION,MM,19,,1,1
VICE PRESIDENT MANAJEMEN KINERJA HUMAN CAPITAL,MM,20,,1,1
VICE PRESIDENT MANAJEMEN PENGADAAN PEMBANGKIT DAN IPP EBT,MM,19,,1,1
"VICE PRESIDENT MANAJEMEN PENGADAAN TRANSMISI, GARDU INDUK, DAN MATERIAL TERPUSAT",MM,19,,1,1
VICE PRESIDENT MANAJEMEN PENGEMBANGAN BISNIS,MM,20,,1,1
VICE PRESIDENT MANAJEMEN RANTAI PASOK PEMBANGKIT,MM,20,,1,1
VICE PRESIDENT MANAJEMEN RANTAI PASOK TRANSMISI DAN DISTRIBUSI,MM,20,,1,1
VICE PRESIDENT MANAJEMEN RISIKO KECURANGAN,MM,19,,1,1
VICE PRESIDENT MANAJEMEN STAKEHOLDER,MM,19,,1,1
VICE PRESIDENT MANAJEMEN VENDOR,MM,20,,1,1
VICE PRESIDENT MARKET INTELLIGENCE DAN EKONOMI ANALITIS,MM,19,,1,1
VICE PRESIDENT MONITORING DAN EVALUASI KINERJA PEMBANGKITAN,MM,20,,1,1
VICE PRESIDENT MONITORING DAN EVALUASI MANAJEMEN TRANSFORMASI,MM,19,,1,1
VICE PRESIDENT MUTU PELAYANAN PELANGGAN,MM,20,,1,1
VICE PRESIDENT OPERASI PEMBANGKITAN IPP,MM,19,,1,1
VICE PRESIDENT OPERASI PEMBANGKITAN PLN,MM,19,,1,1
VICE PRESIDENT OPERASI PEMBANGKITAN SUBHOLDING DAN ANAK PERUSAHAAN,MM,19,,1,1
"VICE PRESIDENT OPERASIONAL SISTEM TEKNOLOGI INFORMASI JAWA, BALI, DAN NUSA TENGGARA",MM,18,,1,1
"VICE PRESIDENT OPERASIONAL SISTEM TEKNOLOGI INFORMASI SULAWESI, MALUKU, DAN PAPUA",MM,19,,1,1
VICE PRESIDENT OPERASIONAL SISTEM TEKNOLOGI INFORMASI SUMATERA KALIMANTAN,MM,19,,1,1
VICE PRESIDENT PELAKSANA PENGADAAN EPC PEMBANGKIT,MM,19,,1,1
VICE PRESIDENT PELAKSANA PENGADAAN IPP,MM,19,,1,1
VICE PRESIDENT PELAKSANA PENGADAAN MATERIAL TERPUSAT,MM,19,,1,1
VICE PRESIDENT PELAKSANA PENGADAAN TRANSMISI DAN GARDU INDUK,MM,19,,1,1
VICE PRESIDENT PELANGGAN BUMN DAN PEMERINTAH,MM,20,,1,1
"VICE PRESIDENT PELANGGAN KAWASAN INDUSTRI, EKONOMI KHUSUS DAN WILAYAHUSAHA",MM,20,,1,1
VICE PRESIDENT PELANGGAN KORPORASI DAN BISNIS INDIVIDU,MM,20,,1,1
"VICE PRESIDENT PELAYANAN HUMAN CAPITAL REGIONAL JAWA, MADURA DAN BALI",MM,18,,1,1
"VICE PRESIDENT PELAYANAN HUMAN CAPITAL REGIONAL SULAWESI, MALUKU, PAPUA, DAN NUSA TENGGARA",MM,18,,1,1
VICE PRESIDENT PELAYANAN HUMAN CAPITAL REGIONAL SUMATERA DAN KALIMANTAN,MM,18,,1,1
VICE PRESIDENT PELAYANAN INFORMASI DAN DOKUMENTASI,MM,19,,1,1
VICE PRESIDENT PELAYANAN REMUNERASI HUMAN CAPITAL,MM,19,,1,1
VICE PRESIDENT PELAYANAN UMUM,MM,20,,1,1
VICE PRESIDENT PEMBAYARAN TERPUSAT 1,MM,20,,1,1
VICE PRESIDENT PEMBAYARAN TERPUSAT 2,MM,20,,1,1
VICE PRESIDENT PEMODELAN RISIKO DAN PELAPORAN MANAJEMEN RISIKO KORPORASI,MM,19,,1,1
VICE PRESIDENT PENDANAAN DAN HIBAH DALAM NEGERI,MM,20,,1,1
VICE PRESIDENT PENDANAAN DAN HIBAH LUAR NEGERI,MM,20,,1,1
VICE PRESIDENT PENDAPATAN DAN PENGELOLAAN LIKUIDITAS,MM,20,,1,1
VICE PRESIDENT PENGADAAN UMUM,MM,20,,1,1
VICE PRESIDENT PENGALAMAN PELANGGAN,MM,19,,1,1
VICE PRESIDENT PENGAMANAN PENDAPATAN,MM,20,,1,1
VICE PRESIDENT PENGELOLAAN ADMINISTRASI DATA HUMAN CAPITAL,MM,19,,1,1
"VICE PRESIDENT PENGELOLAAN ASET DISTRIBUSI JAWA, MADURA DAN BALI",MM,20,,1,1
"VICE PRESIDENT PENGELOLAAN ASET DISTRIBUSI SULAWESI, MALUKU, PAPUA, DAN NUSA TENGGARA",MM,20,,1,1
VICE PRESIDENT PENGELOLAAN ASET DISTRIBUSI SUMATERA DAN KALIMANTAN,MM,20,,1,1
VICE PRESIDENT PENGELOLAAN ASET PROPERTI,MM,20,,1,1
VICE PRESIDENT PENGELOLAAN DAN PEMANFAATAN FABA,MM,19,,1,1
VICE PRESIDENT PENGELOLAAN DATA DAN SISTEM INFORMASI PELANGGAN,MM,19,,1,1
VICE PRESIDENT PENGELOLAAN INFRASTRUKTUR TEKNOLOGI INFORMASI,MM,20,,1,1
VICE PRESIDENT PENGELOLAAN PAJAK,MM,19,,1,1
VICE PRESIDENT PENGELOLAAN PEMASARAN,MM,20,,1,1
VICE PRESIDENT PENGELOLAAN PENJUALAN,MM,20,,1,1
VICE PRESIDENT PENGELOLAAN SUBSIDI,MM,20,,1,1
VICE PRESIDENT PENGEMBANGAN AKUNTANSI,MM,19,,1,1
VICE PRESIDENT PENGEMBANGAN BISNIS DEKARBONISASI DAN MANAJEMEN ENERGI,MM,20,,1,1
VICE PRESIDENT PENGEMBANGAN BISNIS KETENAGALISTRIKAN 1,MM,20,,1,1
VICE PRESIDENT PENGEMBANGAN BISNIS KETENAGALISTRIKAN 2,MM,20,,1,1
VICE PRESIDENT PENGEMBANGAN BISNIS TEKNOLOGI BARU DAN SOLUSI INOVATIF,MM,20,,1,1
VICE PRESIDENT PENGEMBANGAN DAN PENGENDALIAN ANEKA EBT,MM,19,,1,1
VICE PRESIDENT PENGEMBANGAN ENJINIRING,MM,20,,1,1
VICE PRESIDENT PENGEMBANGAN SISTEM ANGGARAN,MM,20,,1,1
VICE PRESIDENT PENGEMBANGAN SISTEM DAN KAPABILITAS ASSET MANAGEMENT DAN STRATEGI ASET,MM,20,,1,1
VICE PRESIDENT PENGEMBANGAN SISTEM MANAJEMEN VALUASI ASET,MM,19,,1,1
VICE PRESIDENT PENGEMBANGAN TALENTA AREA 1,MM,19,,1,1
VICE PRESIDENT PENGEMBANGAN TALENTA AREA 10,MM,19,,1,1
VICE PRESIDENT PENGEMBANGAN TALENTA AREA 2,MM,19,,1,1
VICE PRESIDENT PENGEMBANGAN TALENTA AREA 3,MM,19,,1,1
VICE PRESIDENT PENGEMBANGAN TALENTA AREA 4,MM,19,,1,1
VICE PRESIDENT PENGEMBANGAN TALENTA AREA 5,MM,19,,1,1
VICE PRESIDENT PENGEMBANGAN TALENTA AREA 6,MM,19,,1,1
VICE PRESIDENT PENGEMBANGAN TALENTA AREA 7,MM,19,,1,1
VICE PRESIDENT PENGEMBANGAN TALENTA AREA 8,MM,19,,1,1
VICE PRESIDENT PENGEMBANGAN TALENTA AREA 9,MM,19,,1,1
VICE PRESIDENT PENGEMBANGAN TALENTA EKSEKUTIF,MM,20,,1,1
VICE PRESIDENT PENGEMBANGAN TALENTA KORPORAT,MM,20,,1,1
"VICE PRESIDENT PENGEMBANGAN, RISIKO DAN BENEFIT PROYEK",MM,19,,1,1
VICE PRESIDENT PENGENDALIAN ANGGARAN DAN KINERJA TRANSMISI DAN OPERASISISTEM,MM,20,,1,1
VICE PRESIDENT PENGENDALIAN ANGGARAN DISTRIBUSI,MM,20,,1,1
"VICE PRESIDENT PENGENDALIAN DISTRIBUSI JAWA, MADURA DAN BALI",MM,20,,1,1
"VICE PRESIDENT PENGENDALIAN DISTRIBUSI SULAWESI, MALUKU, PAPUA, DAN NUSA TENGGARA",MM,20,,1,1
VICE PRESIDENT PENGENDALIAN DISTRIBUSI SUMATERA DAN KALIMANTAN,MM,20,,1,1
VICE PRESIDENT PENGENDALIAN INTERNAL DAN JAMINAN KUALITAS MANAJEMEN RISIKO,MM,19,,1,1
"VICE PRESIDENT PENGENDALIAN KONSTRUKSI JARINGAN SUMATERA, KALIMANTAN DAN SULAWESI",MM,19,,1,1
"VICE PRESIDENT PENGENDALIAN KONSTRUKSI PEMBANGKIT JAWA, MADURA, BALI, MALUKU, PAPUA DAN NUSA TENGGARA",MM,19,,1,1
"VICE PRESIDENT PENGENDALIAN KONSTRUKSI PEMBANGKIT SUMATERA, KALIMANTAN DAN SULAWESI",MM,19,,1,1
"VICE PRESIDENT PENGENDALIAN OPERASI DAN PEMELIHARAAN GARDU INDUK KALIMANTAN, SULAWESI, MALUKU, PAPUA DAN NUSA TENGGARA",MM,20,,1,1
"VICE PRESIDENT PENGENDALIAN OPERASI DAN PEMELIHARAAN GARDU INDUK SUMATERA, JAWA, MADURA DAN BALI",MM,20,,1,1
VICE PRESIDENT PENGENDALIAN OPERASI SISTEM KETENAGALISTRIKAN,MM,20,,1,1
VICE PRESIDENT PENGENDALIAN PEMBANGKITAN IPP,MM,19,,1,1
VICE PRESIDENT PENGENDALIAN PEMBANGKITAN PLN,MM,19,,1,1
VICE PRESIDENT PENGENDALIAN PEMBANGKITAN SUBHOLDING DAN ANAK PERUSAHAAN,MM,19,,1,1
VICE PRESIDENT PENGENDALIAN RUPTL,MM,20,,1,1
VICE PRESIDENT PERATURAN DAN URUSAN KEBIJAKAN,MM,19,,1,1
VICE PRESIDENT PERENCANAAN DAN ENJINIRING PEMBANGKIT,MM,19,,1,1
VICE PRESIDENT PERENCANAAN DAN ENJINIRING TRANSMISI DAN GARDU INDUK,MM,19,,1,1
VICE PRESIDENT PERENCANAAN DAN EVALUASI PORTOFOLIO ANAK PERUSAHAAN,MM,20,,1,1
VICE PRESIDENT PERENCANAAN DAN EVALUASI TARIF,MM,19,,1,1
VICE PRESIDENT PERENCANAAN DAN EVALUASI TENAGA KERJA,MM,20,,1,1
VICE PRESIDENT PERENCANAAN DAN MONITORING STRATEGI KORPORAT,MM,20,,1,1
"VICE PRESIDENT PERENCANAAN DAN PENGELOLAAN LISTRIK DESA SULAWESI,MALUKU, PAPUA, DAN NUSA TENGGARA",MM,19,,1,1
"VICE PRESIDENT PERENCANAAN DAN PENGELOLAAN LISTRIK DESA SUMATERA,KALIMANTAN, JAWA, MADURA, DAN BALI",MM,19,,1,1
VICE PRESIDENT PERENCANAAN DAN STRATEGI PENGEMBANGAN PRODUK NIAGA,MM,19,,1,1
VICE PRESIDENT PERENCANAAN DAN STRATEGI TEKNOLOGI INFORMASI,MM,19,,1,1
VICE PRESIDENT PERENCANAAN DAN VALUASI MANAJEMEN TRANSFORMASI,MM,19,,1,1
VICE PRESIDENT PERENCANAAN INVESTASI TERPUSAT,MM,20,,1,1
VICE PRESIDENT PERENCANAAN KEUANGAN,MM,20,,1,1
VICE PRESIDENT PERENCANAAN OPERASIONAL,MM,20,,1,1
VICE PRESIDENT PERENCANAAN PEMBANGKITAN DAN MANAJEMEN ASET,MM,20,,1,1
VICE PRESIDENT PERENCANAAN PENGADAAN MATERIAL TERPUSAT,MM,19,,1,1
"VICE PRESIDENT PERENCANAAN SISTEM KETENAGALISTRIKAN JAWA, MADURA, DANBALI",MM,20,,1,1
"VICE PRESIDENT PERENCANAAN SISTEM KETENAGALISTRIKAN SULAWESI, MALUKU,PAPUA, DAN NUSA TENGGARA",MM,20,,1,1
VICE PRESIDENT PERENCANAAN SISTEM KETENAGALISTRIKAN SUMATERA DAN KALIMANTAN,MM,20,,1,1
VICE PRESIDENT PERENCANAAN STRATEGIS DAN MANAJEMEN ASET DISTRIBUSI,MM,20,,1,1
VICE PRESIDENT PERENCANAAN STRATEGIS DAN MANAJEMEN ASET TRANSMISI,MM,20,,1,1
VICE PRESIDENT PERIZINAN DAN KELEMBAGAAN 1,MM,19,,1,1
VICE PRESIDENT PERIZINAN DAN KELEMBAGAAN 2,MM,19,,1,1
VICE PRESIDENT PERIZINAN DAN PERTANAHAN KONSTRUKSI,MM,19,,1,1
VICE PRESIDENT PINJAMAN PROYEK DAN FASILITAS KEPABEANAN,MM,19,,1,1
VICE PRESIDENT PLTP IPP DAN KEMITRAAN,MM,19,,1,1
VICE PRESIDENT PLTP PLN,MM,19,,1,1
VICE PRESIDENT PROGRAM STRATEGIS,MM,19,,1,1
VICE PRESIDENT PROSES BISNIS,MM,20,,1,1
"VICE PRESIDENT PROTEKSI TRANSMISI KALIMANTAN, SULAWESI, MALUKU, PAPUADAN NUSA TENGGARA",MM,20,,1,1
"VICE PRESIDENT PROTEKSI TRANSMISI SUMATERA, JAWA, MADURA DAN BALI",MM,20,,1,1
VICE PRESIDENT REGULASI INTERNAL,MM,19,,1,1
VICE PRESIDENT REKRUTMEN HUMAN CAPITAL DAN PENGEMBANGAN KEAHLIAN,MM,20,,1,1
"VICE PRESIDENT RISIKO DIGITAL, ADOPSI TEKNOLOGI DAN HUMAN CAPITAL",MM,19,,1,1
VICE PRESIDENT RISIKO DISTRIBUSI,MM,19,,1,1
VICE PRESIDENT RISIKO ENERGI PRIMER DAN PEMBANGKITAN,MM,19,,1,1
VICE PRESIDENT RISIKO KEUANGAN DAN NIAGA,MM,19,,1,1
VICE PRESIDENT RISIKO KHUSUS DAN EKSEKUTIF DIREKSI,MM,19,,1,1
"VICE PRESIDENT RISIKO MAKROEKONOMI, TRANSISI ENERGI DAN ESG",MM,19,,1,1
"VICE PRESIDENT RISIKO PERENCANAAN STRATEGIS, PENGEMBANGAN BISNIS, DANPORTOFOLIO",MM,19,,1,1
VICE PRESIDENT RISIKO PROYEK,MM,19,,1,1
VICE PRESIDENT RISIKO REGULASI PEMERINTAH DAN KEBIJAKAN KORPORASI,MM,19,,1,1
VICE PRESIDENT RISIKO SISTEMIK KEBERLANGSUNGAN PROYEK,MM,19,,1,1
VICE PRESIDENT RISIKO TRANSMISI,MM,19,,1,1
VICE PRESIDENT SAFEGUARD,MM,19,,1,1
VICE PRESIDENT SERTIFIKASI ASET PROPERTI,MM,19,,1,1
VICE PRESIDENT SERVICE MANAGEMENT DAN CONTINUOUS IMPROVEMENT,MM,20,,1,1
VICE PRESIDENT SINGLE BUYER,MM,19,,1,1
VICE PRESIDENT SISTEM INFORMASI DAN MONITORING INVESTASI PROYEK,MM,20,,1,1
VICE PRESIDENT SISTEM MANAJEMEN TERINTEGRASI,MM,20,,1,1
VICE PRESIDENT STRATEGI AUDIT,MM,19,,1,1
VICE PRESIDENT STRATEGI DAN ANGGARAN UMUM,MM,20,,1,1
VICE PRESIDENT STRATEGI DAN PENGELOLAAN PORTOFOLIO ANAK PERUSAHAAN 1,MM,20,,1,1
VICE PRESIDENT STRATEGI DAN PENGELOLAAN PORTOFOLIO ANAK PERUSAHAAN 2,MM,20,,1,1
VICE PRESIDENT STRATEGI DAN PENGEMBANGAN SISTEM RANTAI PASOK,MM,20,,1,1
VICE PRESIDENT STRATEGI DAN SISTEM HUMAN CAPITAL,MM,20,,1,1
"VICE PRESIDENT STRATEGI DAN TATA KELOLA KESELAMATAN DAN KESEHATAN KERJA,LINGKUNGAN DAN KEAMANAN",MM,20,,1,1
VICE PRESIDENT STRATEGI NIAGA,MM,20,,1,1
VICE PRESIDENT STRATEGI OPERASI SISTEM KETENAGALISTRIKAN,MM,20,,1,1
VICE PRESIDENT STRATEGI ORGANISASI,MM,20,,1,1
"VICE PRESIDENT STRATEGI, DIGITAL, DAN PENGADAAN HUKUM",MM,18,,1,1
VICE PRESIDENT STRATEGIC DELIVERY UNIT 1,MM,20,,1,1
VICE PRESIDENT STRATEGIC DELIVERY UNIT 2,MM,20,,1,1
VICE PRESIDENT STRATEGIC UNIT 1,MM,19,,1,1
VICE PRESIDENT STRATEGIC UNIT 2,MM,19,,1,1
VICE PRESIDENT TANGGUNG JAWAB SOSIAL DAN LINGKUNGAN,MM,19,,1,1
VICE PRESIDENT TEKNOLOGI DAN INKUBASI PRODUK NIAGA,MM,19,,1,1
VICE PRESIDENT TRANSISI ENERGI DAN PERUBAHAN IKLIM,MM,19,,1,1
"VICE PRESIDENT VALUASI INVESTASI, TRANSFER DAN DIVESTASI ASET",MM,19,,1,1
VICE PRESIDENT VALUASI PERFORMA PRODUKTIVITAS ASET,MM,19,,1,1
VICE PRESIDENT VERIFIKASI OPERASI KANTOR PUSAT,MM,20,,1,1
VICE PRESIDENT VERIFIKASI PENGELUARAN INVESTASI,MM,20,,1,1
VICE PRESIDENT VERIFIKASI UID,MM,20,,1,1
VICE PRESIDENT VERIFIKASI UID & UIW-1,MM,20,,1,1
"VICE PRESIDENT VERIFIKASI UIP, UIT, PENUNJANG",MM,20,,1,1
