no,tahun_program,holding_ap_sh,holding_subholding,unit_pelaksana,jabatan,nama_jabatan,sebutan_jabatan,kode_grade,jurusan_pendidikan,jumlah,pendidikan,keterangan,sub_bidang,level,usulan_sebelum_potong
1,2019,HOLDING,UID Jawa Timur,,OFFICER KINERJA DAN ADMINISTRASI LAYANAN PELANGGAN,OFFICER,KINERJA DAN ADMINISTRASI LAYANAN PELANGGAN,G2,S1 Manajemen Pemasaran/Digital Marketing Dan Analytics,9,S1,Rekrut 2019,Niaga dan Pemasaran,2,25.451
2,2019,HOLDING,UIW Maluku&Malut,,OFFICER KINERJA DAN ADMINISTRASI LAYANAN PELANGGAN,OFFICER,KINERJA DAN ADMINISTRASI LAYANAN PELANGGAN,G2,S1 Manajemen Pemasaran/Digital Marketing Dan Analytics,9,S1,3T,Niaga dan Pemasaran,2,23.986
3,2019,HOLDING,Kantor Pusat,,JUNIOR OFFICER SEKRETARIS DIREKSI,JUNIOR OFFICER,SEKRETARIS DIREKSI,G1,D3 Komunikasi/Hubungan Masyarakat,8,D3,Rekrut 2019,Komunikasi dan Umum,1,22.212
4,2019,HOLDING,UID Jawa Barat,,OFFICER KINERJA DAN ADMINISTRASI LAYANAN PELANGGAN,OFFICER,KINERJA DAN ADMINISTRASI LAYANAN PELANGGAN,G2,S1 Manajemen Pemasaran/Digital Marketing Dan Analytics,7,S1,Rekrut 2019,Niaga dan Pemasaran,2,18.887
5,2019,HOLDING,UIT JBT,,TECHNICIAN PENGENDALIAN OPERASI DAN PEMELIHARAAN TRANSMISI DAN GARDU INDUK,TECHNICIAN,PENGENDALIAN OPERASI DAN PEMELIHARAAN TRANSMISI DAN GARDU INDUK,G2,S1 Teknik Elektro/Teknik Listrik,7,S1,Rekrut 2019,Transmisi dan Gardu Induk,2,20.356
6,2019,HOLDING,Kantor Pusat,,JUNIOR OFFICER PROTOKOLER DIREKSI,JUNIOR OFFICER,PROTOKOLER DIREKSI,G1,D3 Komunikasi/Hubungan Masyarakat,7,D3,Rekrut 2019,Komunikasi dan Umum,1,18.51
7,2019,HOLDING,UIT JBTB,,TECHNICIAN PENGENDALIAN OPERASI DAN PEMELIHARAAN TRANSMISI DAN GARDU INDUK,TECHNICIAN,PENGENDALIAN OPERASI DAN PEMELIHARAAN TRANSMISI DAN GARDU INDUK,G2,S1 Teknik Elektro/Teknik Listrik,6,S1,Rekrut 2019,Transmisi dan Gardu Induk,2,15.258
8,2019,HOLDING,UID Jawa Timur,,TECHNICIAN PDKB,TECHNICIAN,PDKB,G2,S1 Teknik Elektro/Teknik Listrik,5,S1,Rekrut 2019,Distribusi,2,13.938
9,2019,HOLDING,P3B Sumatera,,TECHNICIAN PENGENDALIAN OPERASI DAN PEMELIHARAAN TRANSMISI DAN GARDU INDUK,TECHNICIAN,PENGENDALIAN OPERASI DAN PEMELIHARAAN TRANSMISI DAN GARDU INDUK,G2,S1 Teknik Elektro/Teknik Listrik,5,S1,Rekrut 2019,Transmisi dan Gardu Induk,2,12.589
10,2019,HOLDING,PUSMANPRO,,TECHNICIAN MANAJEMEN KONSTRUKSI JARINGAN,TECHNICIAN,MANAJEMEN KONSTRUKSI JARINGAN,G2,S1 Teknik Elektro/Teknik Listrik,5,S1,Rekrut 2019,Distribusi,2,14.939
11,2019,HOLDING,UID Jawa Timur,,JUNIOR TECHNICIAN TEKNIK LAYANAN PELANGGAN,JUNIOR TECHNICIAN,TEKNIK LAYANAN PELANGGAN,G1,D3 Teknik Elektro/Teknik Listrik,5,D3,Rekrut 2019,Distribusi,1,12.769
12,2019,HOLDING,UID Jawa Barat,,JUNIOR TECHNICIAN TEKNIK LAYANAN PELANGGAN,JUNIOR TECHNICIAN,TEKNIK LAYANAN PELANGGAN,G1,D3 Teknik Elektro/Teknik Listrik,5,D3,Rekrut 2019,Distribusi,1,14.938
13,2019,HOLDING,P3B Sumatera,,JUNIOR TECHNICIAN JARINGAN TRANSMISI DAN GARDU INDUK,JUNIOR TECHNICIAN,JARINGAN TRANSMISI DAN GARDU INDUK,G1,D3 Teknik Elektro/Teknik Listrik,5,D3,Rekrut 2019,Transmisi dan Gardu Induk,1,14.362
14,2019,HOLDING,UID Jawa Tengah & DIY,,OFFICER KINERJA DAN ADMINISTRASI LAYANAN PELANGGAN,OFFICER,KINERJA DAN ADMINISTRASI LAYANAN PELANGGAN,G2,S1 Manajemen Pemasaran/Digital Marketing Dan Analytics,4,S1,Rekrut 2019,Niaga dan Pemasaran,2,11.121
15,2019,HOLDING,UID Bali,,TECHNICIAN PDKB,TECHNICIAN,PDKB,G2,S1 Teknik Elektro/Teknik Listrik,4,S1,Rekrut 2019,Distribusi,2,10.568
16,2019,HOLDING,UID Jawa Timur,,OFFICER KINERJA KEUANGAN DAN UMUM,OFFICER,KINERJA KEUANGAN DAN UMUM,G2,S1 Akuntansi/Administrasi Fiskal,4,S1,Rekrut 2019,Keuangan dan Akuntansi,2,10.302
17,2019,HOLDING,UIT JBB,,TECHNICIAN PENGENDALIAN OPERASI DAN PEMELIHARAAN TRANSMISI DAN GARDU INDUK,TECHNICIAN,PENGENDALIAN OPERASI DAN PEMELIHARAAN TRANSMISI DAN GARDU INDUK,G2,S1 Teknik Elektro/Teknik Listrik,4,S1,Rekrut 2019,Transmisi dan Gardu Induk,2,9.715
18,2019,HOLDING,UID Jawa Barat,,OFFICER LOGISTIK LAYANAN PELANGGAN,OFFICER,LOGISTIK LAYANAN PELANGGAN,G2,S1 Logistik/Supply Chain Management,4,S1,Rekrut 2019,Manajemen Konstruksi dan Pengadaan,2,11.467
19,2019,HOLDING,Kantor Pusat,,JUNIOR OFFICER PELAYANAN HUMAN CAPITAL SURABAYA,JUNIOR OFFICER,PELAYANAN HUMAN CAPITAL SURABAYA,G1,D3 Psikologi/Kepegawaian,4,D3,Rekrut 2019,Sumber Daya Manusia,1,11.106
20,2019,HOLDING,UID Jawa Barat,,JUNIOR TECHNICIAN PDKB,JUNIOR TECHNICIAN,PDKB,G1,D3 Teknik Elektro/Teknik Listrik,4,D3,Rekrut 2019,Distribusi,1,11.017
21,2019,HOLDING,UID Jawa Timur,,JUNIOR TECHNICIAN TRANSAKSI ENERGI LAYANAN PELANGGAN,JUNIOR TECHNICIAN,TRANSAKSI ENERGI LAYANAN PELANGGAN,G1,D3 Teknik Elektro/Teknik Listrik,4,D3,Rekrut 2019,Distribusi,1,9.623
22,2019,HOLDING,UID Jawa Barat,,JUNIOR TECHNICIAN TRANSAKSI ENERGI LAYANAN PELANGGAN,JUNIOR TECHNICIAN,TRANSAKSI ENERGI LAYANAN PELANGGAN,G1,D3 Teknik Elektro/Teknik Listrik,4,D3,Rekrut 2019,Distribusi,1,11.951
23,2019,HOLDING,UIW Maluku&Malut,,JUNIOR TECHNICIAN TEKNIK LAYANAN PELANGGAN,JUNIOR TECHNICIAN,TEKNIK LAYANAN PELANGGAN,G1,D3 Teknik Elektro/Teknik Listrik,4,D3,3T,Distribusi,1,11.853
24,2019,HOLDING,UID Jawa Timur,,JUNIOR TECHNICIAN PDKB,JUNIOR TECHNICIAN,PDKB,G1,D3 Teknik Elektro/Teknik Listrik,4,D3,Rekrut 2019,Distribusi,1,11.658
25,2019,HOLDING,Kantor Pusat,,OFFICER VERIFIKASI,OFFICER,VERIFIKASI,G2,S1 Akuntansi/Administrasi Fiskal,3,S1,Rekrut 2019,Keuangan dan Akuntansi,2,8.503
26,2019,HOLDING,UIT JBB,,OFFICER KINERJA,OFFICER,KINERJA,G2,S1 Teknik Industri/Teknik Material,3,S1,Rekrut 2019,Perencanaan dan Kinerja,2,8.42
27,2019,HOLDING,UID Sulselrabar,,OFFICER KINERJA DAN ADMINISTRASI LAYANAN PELANGGAN,OFFICER,KINERJA DAN ADMINISTRASI LAYANAN PELANGGAN,G2,S1 Manajemen Pemasaran/Digital Marketing Dan Analytics,3,S1,3T,Niaga dan Pemasaran,2,8.343
28,2019,HOLDING,Kantor Pusat,,OFFICER HUKUM,OFFICER,HUKUM,G2,S1 Hukum/Public Policy,3,S1,Rekrut 2019,Hukum dan Kepatuhan,2,8.333
29,2019,HOLDING,UID Jawa Barat,,OFFICER KINERJA KEUANGAN DAN UMUM,OFFICER,KINERJA KEUANGAN DAN UMUM,G2,S1 Akuntansi/Administrasi Fiskal,3,S1,Rekrut 2019,Keuangan dan Akuntansi,2,8.094
30,2019,HOLDING,UID Kaltimra,,OFFICER KINERJA DAN ADMINISTRASI LAYANAN PELANGGAN,OFFICER,KINERJA DAN ADMINISTRASI LAYANAN PELANGGAN,G2,S1 Manajemen Pemasaran/Digital Marketing Dan Analytics,3,S1,3T,Niaga dan Pemasaran,2,8.031
31,2019,HOLDING,UID Suluttenggo,,OFFICER KINERJA DAN ADMINISTRASI LAYANAN PELANGGAN,OFFICER,KINERJA DAN ADMINISTRASI LAYANAN PELANGGAN,G2,S1 Manajemen Pemasaran/Digital Marketing Dan Analytics,3,S1,3T,Niaga dan Pemasaran,2,7.789
32,2019,HOLDING,P3B Sumatera,,OFFICER KINERJA DAN PERENCANAAN,OFFICER,KINERJA DAN PERENCANAAN,G2,S1 Teknik Industri/Teknik Material,3,S1,Rekrut 2019,Perencanaan dan Kinerja,2,7.782
33,2019,HOLDING,UID Jakarta Raya,,OFFICER KINERJA KONSTRUKSI DISTRIBUSI,OFFICER,KINERJA KONSTRUKSI DISTRIBUSI,G2,S1 Teknik Elektro/Teknik Listrik,3,S1,Rekrut 2019,Distribusi,2,7.475
34,2019,HOLDING,UID Sumut,,OFFICER KINERJA DAN ADMINISTRASI LAYANAN PELANGGAN,OFFICER,KINERJA DAN ADMINISTRASI LAYANAN PELANGGAN,G2,S1 Manajemen Pemasaran/Digital Marketing Dan Analytics,3,S1,Rekrut 2019,Niaga dan Pemasaran,2,7.212
35,2019,HOLDING,UIW Papua&Papua Barat,,OFFICER KINERJA DAN ADMINISTRASI LAYANAN PELANGGAN,OFFICER,KINERJA DAN ADMINISTRASI LAYANAN PELANGGAN,G2,S1 Manajemen Pemasaran/Digital Marketing Dan Analytics,3,S1,3T,Niaga dan Pemasaran,2,7.055
36,2019,HOLDING,UIT JBT,,OFFICER KINERJA,OFFICER,KINERJA,G2,S1 Teknik Industri/Teknik Material,3,S1,Rekrut 2019,Perencanaan dan Kinerja,2,6.832
37,2019,HOLDING,UID Jawa Barat,,OFFICER KINERJA JARINGAN DISTRIBUSI,OFFICER,KINERJA JARINGAN DISTRIBUSI,G2,S1 Teknik Elektro/Teknik Listrik,3,S1,Rekrut 2019,Distribusi,2,6.745
38,2019,HOLDING,UID Sumbar,,OFFICER KINERJA DAN ADMINISTRASI LAYANAN PELANGGAN,OFFICER,KINERJA DAN ADMINISTRASI LAYANAN PELANGGAN,G2,S1 Manajemen Pemasaran/Digital Marketing Dan Analytics,3,S1,Rekrut 2019,Niaga dan Pemasaran,2,6.583
39,2019,HOLDING,UID Jawa Barat,,TECHNICIAN PENGELOLAAN KONSTRUKSI DISTRIBUSI,TECHNICIAN,PENGELOLAAN KONSTRUKSI DISTRIBUSI,G2,S1 Teknik Elektro/Teknik Listrik,3,S1,Rekrut 2019,Distribusi,2,9.219
40,2019,HOLDING,UID Jawa Barat,,TECHNICIAN PDKB,TECHNICIAN,PDKB,G2,S1 Teknik Elektro/Teknik Listrik,3,S1,Rekrut 2019,Distribusi,2,8.769
41,2019,HOLDING,UID Jakarta Raya,,OFFICER KINERJA JARINGAN DISTRIBUSI,OFFICER,KINERJA JARINGAN DISTRIBUSI,G2,S1 Teknik Elektro/Teknik Listrik,3,S1,Rekrut 2019,Distribusi,2,8.721
42,2019,HOLDING,UID S2JB,,OFFICER KINERJA DAN ADMINISTRASI LAYANAN PELANGGAN,OFFICER,KINERJA DAN ADMINISTRASI LAYANAN PELANGGAN,G2,S1 Manajemen Pemasaran/Digital Marketing Dan Analytics,3,S1,3T,Niaga dan Pemasaran,2,8.625
43,2019,HOLDING,UIT JBB,,JUNIOR TECHNICIAN JARINGAN TRANSMISI DAN GARDU INDUK,JUNIOR TECHNICIAN,JARINGAN TRANSMISI DAN GARDU INDUK,G1,D3 Teknik Elektro/Teknik Listrik,3,D3,Rekrut 2019,Transmisi dan Gardu Induk,1,8.462
44,2019,HOLDING,Kantor Pusat,,JUNIOR OFFICER PELAYANAN HUMAN CAPITAL AMBON,JUNIOR OFFICER,PELAYANAN HUMAN CAPITAL AMBON,G1,D3 Psikologi/Kepegawaian,3,D3,Rekrut 2019,Sumber Daya Manusia,1,7.404
45,2019,HOLDING,UIW Maluku&Malut,,JUNIOR TECHNICIAN TRANSAKSI ENERGI LAYANAN PELANGGAN,JUNIOR TECHNICIAN,TRANSAKSI ENERGI LAYANAN PELANGGAN,G1,D3 Teknik Elektro/Teknik Listrik,3,D3,3T,Distribusi,1,7.055
46,2019,HOLDING,UID S2JB,,JUNIOR TECHNICIAN PDKB,JUNIOR TECHNICIAN,PDKB,G1,D3 Teknik Elektro/Teknik Listrik,3,D3,3T,Distribusi,1,6.805
47,2019,HOLDING,UID Jawa Tengah & DIY,,JUNIOR TECHNICIAN TEKNIK LAYANAN PELANGGAN,JUNIOR TECHNICIAN,TEKNIK LAYANAN PELANGGAN,G1,D3 Teknik Elektro/Teknik Listrik,3,D3,Rekrut 2019,Distribusi,1,6.794
48,2019,HOLDING,UIT JBT,,JUNIOR TECHNICIAN JARINGAN TRANSMISI DAN GARDU INDUK,JUNIOR TECHNICIAN,JARINGAN TRANSMISI DAN GARDU INDUK,G1,D3 Teknik Elektro/Teknik Listrik,3,D3,Rekrut 2019,Transmisi dan Gardu Induk,1,8.887
49,2019,HOLDING,UID Jawa Barat,,JUNIOR OFFICER PELAYANAN PELANGGAN,JUNIOR OFFICER,PELAYANAN PELANGGAN,G1,D3 Manajemen Pemasaran/Digital Marketing Dan Analytics,3,D3,Rekrut 2019,Niaga dan Pemasaran,1,8.776
50,2019,HOLDING,UID Jakarta Raya,,JUNIOR TECHNICIAN OPERASI DISTRIBUSI,JUNIOR TECHNICIAN,OPERASI DISTRIBUSI,G1,D3 Teknik Elektro/Teknik Listrik,3,D3,Rekrut 2019,Distribusi,1,8.745
51,2019,HOLDING,UID Jawa Barat,,TECHNICIAN TEKNIK LAYANAN PELANGGAN,TECHNICIAN,TEKNIK LAYANAN PELANGGAN,G2,S1 Teknik Elektro/Teknik Listrik,2,S1,Rekrut 2019,Distribusi,2,5.621
52,2019,HOLDING,UID Jakarta Raya,,OFFICER KINERJA TRANSAKSI ENERGI LISTRIK,OFFICER,KINERJA TRANSAKSI ENERGI LISTRIK,G2,S1 Teknik Elektro/Teknik Listrik,2,S1,Rekrut 2019,Distribusi,2,5.399
53,2019,HOLDING,PUSMANPRO,,TECHNICIAN MANAJEMEN KONSTRUKSI PEMBANGKITAN,TECHNICIAN,MANAJEMEN KONSTRUKSI PEMBANGKITAN,G2,S1 Teknik Mesin/Konversi Energi,2,S1,Rekrut 2019,Pembangkitan,2,5.317
54,2019,HOLDING,UID Kaltimra,,TECHNICIAN PDKB,TECHNICIAN,PDKB,G2,S1 Teknik Elektro/Teknik Listrik,2,S1,3T,Distribusi,2,5.262
55,2019,HOLDING,UID Jawa Barat,,OFFICER KINERJA,OFFICER,KINERJA,G2,S1 Teknik Industri/Teknik Material,2,S1,Rekrut 2019,Perencanaan dan Kinerja,2,5.171
56,2019,HOLDING,UID Jawa Barat,,OFFICER KINERJA TRANSAKSI ENERGI LISTRIK,OFFICER,KINERJA TRANSAKSI ENERGI LISTRIK,G2,S1 Teknik Elektro/Teknik Listrik,2,S1,Rekrut 2019,Distribusi,2,5.171
57,2019,HOLDING,UIT JBTB,,OFFICER KINERJA,OFFICER,KINERJA,G2,S1 Teknik Industri/Teknik Material,2,S1,Rekrut 2019,Perencanaan dan Kinerja,2,5.158
58,2019,HOLDING,UIW Papua&Papua Barat,,TECHNICIAN PENGENDALIAN OPERASI DAN PEMELIHARAAN PUSAT LISTRIK,TECHNICIAN,PENGENDALIAN OPERASI DAN PEMELIHARAAN PUSAT LISTRIK,G2,S1 Teknik Mesin/Konversi Energi,2,S1,3T,Pembangkitan,2,5.08
59,2019,HOLDING,UIW Maluku&Malut,,OFFICER KINERJA KEUANGAN DAN UMUM,OFFICER,KINERJA KEUANGAN DAN UMUM,G2,S1 Akuntansi/Administrasi Fiskal,2,S1,3T,Keuangan dan Akuntansi,2,4.797
60,2019,HOLDING,UIW Maluku&Malut,,TECHNICIAN PDKB,TECHNICIAN,PDKB,G2,S1 Teknik Elektro/Teknik Listrik,2,S1,3T,Distribusi,2,4.797
61,2019,HOLDING,UID Jakarta Raya,,OFFICER KINERJA,OFFICER,KINERJA,G2,S1 Teknik Industri/Teknik Material,2,S1,Rekrut 2019,Perencanaan dan Kinerja,2,4.776
62,2019,HOLDING,UIP JBT,,OFFICER PENGENDALIAN PROYEK,OFFICER,PENGENDALIAN PROYEK,G2,S1 Logistik/Supply Chain Management,2,S1,Rekrut 2019,Manajemen Konstruksi dan Pengadaan,2,4.736
63,2019,HOLDING,UID Jawa Tengah & DIY,,OFFICER KINERJA KEUANGAN DAN UMUM,OFFICER,KINERJA KEUANGAN DAN UMUM,G2,S1 Akuntansi/Administrasi Fiskal,2,S1,Rekrut 2019,Keuangan dan Akuntansi,2,4.562
64,2019,HOLDING,UID Jawa Timur,,OFFICER KINERJA JARINGAN DISTRIBUSI,OFFICER,KINERJA JARINGAN DISTRIBUSI,G2,S1 Teknik Elektro/Teknik Listrik,2,S1,Rekrut 2019,Distribusi,2,4.545
65,2019,HOLDING,UID Jawa Timur,,OFFICER PRIORITY ACCOUNT EXECUTIVE,OFFICER,PRIORITY ACCOUNT EXECUTIVE,G2,S1 Komunikasi/Hubungan Masyarakat,2,S1,Rekrut 2019,Komunikasi dan Umum,2,4.545
66,2019,HOLDING,UIT JBB,,TECHNICIAN PEMELIHARAAN GARDU INDUK,TECHNICIAN,PEMELIHARAAN GARDU INDUK,G2,S1 Teknik Elektro/Teknik Listrik,2,S1,Rekrut 2019,Transmisi dan Gardu Induk,2,4.534
67,2019,HOLDING,UIP JBB,,OFFICER PENGENDALIAN PROYEK,OFFICER,PENGENDALIAN PROYEK,G2,S1 Logistik/Supply Chain Management,2,S1,Rekrut 2019,Manajemen Konstruksi dan Pengadaan,2,4.487
68,2019,HOLDING,Kantor Pusat,,OFFICER PEMBAYARAN UNIT,OFFICER,PEMBAYARAN UNIT,G2,S1 Komunikasi/Hubungan Masyarakat,2,S1,Rekrut 2019,Komunikasi dan Umum,2,4.251
69,2019,HOLDING,UID S2JB,,OFFICER KINERJA JARINGAN DAN KONSTRUKSI DISTRIBUSI,OFFICER,KINERJA JARINGAN DAN KONSTRUKSI DISTRIBUSI,G2,S1 Teknik Elektro/Teknik Listrik,2,S1,3T,Distribusi,2,4.169
70,2019,HOLDING,UID Kalselteng,,TECHNICIAN PDKB,TECHNICIAN,PDKB,G2,S1 Teknik Elektro/Teknik Listrik,2,S1,3T,Distribusi,2,4.032
71,2019,HOLDING,UID S2JB,,OFFICER KINERJA KEUANGAN DAN UMUM,OFFICER,KINERJA KEUANGAN DAN UMUM,G2,S1 Akuntansi/Administrasi Fiskal,2,S1,3T,Keuangan dan Akuntansi,2,4.025
72,2019,HOLDING,UIW Maluku&Malut,,OFFICER KINERJA JARINGAN DAN KONSTRUKSI DISTRIBUSI,OFFICER,KINERJA JARINGAN DAN KONSTRUKSI DISTRIBUSI,G2,S1 Teknik Elektro/Teknik Listrik,2,S1,3T,Distribusi,2,3.998
73,2019,HOLDING,UIW Maluku&Malut,,TECHNICIAN OPERASI DISTRIBUSI,TECHNICIAN,OPERASI DISTRIBUSI,G2,S1 Teknik Elektro/Teknik Listrik,2,S1,3T,Distribusi,2,3.998
74,2019,HOLDING,UID Sumut,,OFFICER LOGISTIK LAYANAN PELANGGAN,OFFICER,LOGISTIK LAYANAN PELANGGAN,G2,S1 Logistik/Supply Chain Management,2,S1,Rekrut 2019,Manajemen Konstruksi dan Pengadaan,2,3.955
75,2019,HOLDING,UIW Papua&Papua Barat,,TECHNICIAN PDKB,TECHNICIAN,PDKB,G2,S1 Teknik Elektro/Teknik Listrik,2,S1,3T,Distribusi,2,3.951
76,2019,HOLDING,UIP Maluku dan Papua,,OFFICER PENGENDALIAN KONSTRUKSI,OFFICER,PENGENDALIAN KONSTRUKSI,G2,S1 Logistik/Supply Chain Management,2,S1,3T,Manajemen Konstruksi dan Pengadaan,2,3.929
77,2019,HOLDING,UID Lampung,,OFFICER KINERJA DAN ADMINISTRASI LAYANAN PELANGGAN,OFFICER,KINERJA DAN ADMINISTRASI LAYANAN PELANGGAN,G2,S1 Manajemen Pemasaran/Digital Marketing Dan Analytics,2,S1,Rekrut 2019,Niaga dan Pemasaran,2,3.872
78,2019,HOLDING,UID Jawa Tengah & DIY,,OFFICER LOGISTIK LAYANAN PELANGGAN,OFFICER,LOGISTIK LAYANAN PELANGGAN,G2,S1 Logistik/Supply Chain Management,2,S1,Rekrut 2019,Manajemen Konstruksi dan Pengadaan,2,3.85
79,2019,HOLDING,UID Jawa Tengah & DIY,,TECHNICIAN PENGELOLAAN KONSTRUKSI DISTRIBUSI,TECHNICIAN,PENGELOLAAN KONSTRUKSI DISTRIBUSI,G2,S1 Teknik Elektro/Teknik Listrik,2,S1,Rekrut 2019,Distribusi,2,3.85
80,2019,HOLDING,UID Banten,,TECHNICIAN PDKB,TECHNICIAN,PDKB,G2,S1 Teknik Elektro/Teknik Listrik,2,S1,Rekrut 2019,Distribusi,2,3.829
81,2019,HOLDING,UID Kalbar,,OFFICER KINERJA DAN ADMINISTRASI LAYANAN PELANGGAN,OFFICER,KINERJA DAN ADMINISTRASI LAYANAN PELANGGAN,G2,S1 Manajemen Pemasaran/Digital Marketing Dan Analytics,2,S1,3T,Niaga dan Pemasaran,2,3.782
82,2019,HOLDING,UIP JBTB,,OFFICER PENGENDALIAN PROYEK,OFFICER,PENGENDALIAN PROYEK,G2,S1 Logistik/Supply Chain Management,2,S1,Rekrut 2019,Manajemen Konstruksi dan Pengadaan,2,3.771
83,2019,HOLDING,PUSHARLIS,,TECHNICIAN PRODUKSI,TECHNICIAN,PRODUKSI,G2,S1 Teknik Elektro/Teknik Listrik,2,S1,Rekrut 2019,Distribusi,2,3.731
84,2019,HOLDING,UID Kalselteng,,OFFICER KINERJA DAN ADMINISTRASI LAYANAN PELANGGAN,OFFICER,KINERJA DAN ADMINISTRASI LAYANAN PELANGGAN,G2,S1 Manajemen Pemasaran/Digital Marketing Dan Analytics,2,S1,3T,Niaga dan Pemasaran,2,3.696
85,2019,HOLDING,UIW Papua&Papua Barat,,TECHNICIAN KONSTRUKSI LISTRIK PERDESAAN,TECHNICIAN,KONSTRUKSI LISTRIK PERDESAAN,G2,S1 Teknik Elektro/Teknik Listrik,2,S1,3T,Distribusi,2,3.669
86,2019,HOLDING,UID Jakarta Raya,,OFFICER KINERJA KEUANGAN DAN UMUM,OFFICER,KINERJA KEUANGAN DAN UMUM,G2,S1 Akuntansi/Administrasi Fiskal,2,S1,Rekrut 2019,Keuangan dan Akuntansi,2,6.437
87,2019,HOLDING,P3B Sumatera,,OFFICER KINERJA KEUANGAN DAN UMUM,OFFICER,KINERJA KEUANGAN DAN UMUM,G2,S1 Akuntansi/Administrasi Fiskal,2,S1,Rekrut 2019,Keuangan dan Akuntansi,2,6.409
88,2019,HOLDING,UID Jakarta Raya,,OFFICER PRIORITY ACCOUNT EXECUTIVE,OFFICER,PRIORITY ACCOUNT EXECUTIVE,G2,S1 Komunikasi/Hubungan Masyarakat,2,S1,Rekrut 2019,Komunikasi dan Umum,2,6.229
89,2019,HOLDING,UID Jawa Tengah & DIY,,TECHNICIAN PDKB,TECHNICIAN,PDKB,G2,S1 Teknik Elektro/Teknik Listrik,2,S1,Rekrut 2019,Distribusi,2,6.131
90,2019,HOLDING,UID Jawa Timur,,OFFICER KINERJA,OFFICER,KINERJA,G2,S1 Teknik Industri/Teknik Material,2,S1,Rekrut 2019,Perencanaan dan Kinerja,2,6.06
91,2019,HOLDING,UID Jawa Timur,,OFFICER KINERJA TRANSAKSI ENERGI LISTRIK,OFFICER,KINERJA TRANSAKSI ENERGI LISTRIK,G2,S1 Teknik Elektro/Teknik Listrik,2,S1,Rekrut 2019,Distribusi,2,5.757
92,2019,HOLDING,UID Jawa Timur,,TECHNICIAN PENGELOLAAN KONSTRUKSI DISTRIBUSI,TECHNICIAN,PENGELOLAAN KONSTRUKSI DISTRIBUSI,G2,S1 Teknik Elektro/Teknik Listrik,2,S1,Rekrut 2019,Distribusi,2,5.757
93,2019,HOLDING,P3B Sumatera,,OFFICER KINERJA KONSTRUKSI DAN PENYALURAN,OFFICER,KINERJA KONSTRUKSI DAN PENYALURAN,G2,S1 Teknik Elektro/Teknik Listrik,2,S1,Rekrut 2019,Transmisi dan Gardu Induk,2,5.722
94,2019,HOLDING,UID Kalselteng,,TECHNICIAN TEKNISI PDKB,TECHNICIAN,TEKNISI PDKB,G2,S1 Teknik Elektro/Teknik Listrik,2,S1,3T,Distribusi,2,5.712
95,2019,HOLDING,Pusat Pengatur Beban,,OFFICER KINERJA FASILITAS OPERASI,OFFICER,KINERJA FASILITAS OPERASI,G2,S1 Komunikasi/Hubungan Masyarakat,2,S1,Rekrut 2019,Komunikasi dan Umum,2,5.709
96,2019,HOLDING,UID Bali,,JUNIOR TECHNICIAN PDKB,JUNIOR TECHNICIAN,PDKB,G1,D3 Teknik Elektro/Teknik Listrik,2,D3,Rekrut 2019,Distribusi,1,5.649
97,2019,HOLDING,UIW Papua&Papua Barat,,JUNIOR OFFICER PELAYANAN PELANGGAN,JUNIOR OFFICER,PELAYANAN PELANGGAN,G1,D3 Manajemen Pemasaran/Digital Marketing Dan Analytics,2,D3,3T,Niaga dan Pemasaran,1,5.08
98,2019,HOLDING,UID Jawa Timur,,JUNIOR OFFICER PELAYANAN PELANGGAN,JUNIOR OFFICER,PELAYANAN PELANGGAN,G1,D3 Manajemen Pemasaran/Digital Marketing Dan Analytics,2,D3,Rekrut 2019,Niaga dan Pemasaran,1,4.996
99,2019,HOLDING,UID Jawa Timur,,JUNIOR TECHNICIAN PENGATURAN OPERASI,JUNIOR TECHNICIAN,PENGATURAN OPERASI,G1,D3 Teknik Kimia/Teknik Lingkungan,2,D3,Rekrut 2019,Perencanaan Sistem,1,4.996
100,2019,HOLDING,UIT JBB,,JUNIOR TECHNICIAN PEMELIHARAAN GARDU INDUK,JUNIOR TECHNICIAN,PEMELIHARAAN GARDU INDUK,G1,D3 Teknik Elektro/Teknik Listrik,2,D3,Rekrut 2019,Transmisi dan Gardu Induk,1,4.922
101,2019,HOLDING,UID Suluttenggo,,JUNIOR TECHNICIAN TRANSAKSI ENERGI LAYANAN PELANGGAN,JUNIOR TECHNICIAN,TRANSAKSI ENERGI LAYANAN PELANGGAN,G1,D3 Teknik Elektro/Teknik Listrik,2,D3,3T,Distribusi,1,4.903
102,2019,HOLDING,UIP JBT,,JUNIOR OFFICER ADMINISTRASI DAN UMUM,JUNIOR OFFICER,ADMINISTRASI DAN UMUM,G1,D3 Komunikasi/Hubungan Masyarakat,2,D3,Rekrut 2019,Komunikasi dan Umum,1,4.876
103,2019,HOLDING,UID Jawa Tengah & DIY,,JUNIOR TECHNICIAN TRANSAKSI ENERGI LAYANAN PELANGGAN,JUNIOR TECHNICIAN,TRANSAKSI ENERGI LAYANAN PELANGGAN,G1,D3 Teknik Elektro/Teknik Listrik,2,D3,Rekrut 2019,Distribusi,1,4.838
104,2019,HOLDING,UID Jawa Tengah & DIY,,JUNIOR OFFICER PELAYANAN PELANGGAN,JUNIOR OFFICER,PELAYANAN PELANGGAN,G1,D3 Manajemen Pemasaran/Digital Marketing Dan Analytics,2,D3,Rekrut 2019,Niaga dan Pemasaran,1,4.633
105,2019,HOLDING,UID Sulselrabar,,JUNIOR TECHNICIAN TEKNIK LAYANAN PELANGGAN,JUNIOR TECHNICIAN,TEKNIK LAYANAN PELANGGAN,G1,D3 Teknik Elektro/Teknik Listrik,2,D3,3T,Distribusi,1,4.524
106,2019,HOLDING,UID Kalbar,,JUNIOR TECHNICIAN TEKNIK LAYANAN PELANGGAN,JUNIOR TECHNICIAN,TEKNIK LAYANAN PELANGGAN,G1,D3 Teknik Elektro/Teknik Listrik,2,D3,3T,Distribusi,1,4.5
107,2019,HOLDING,UIT JBT,,JUNIOR TECHNICIAN JARINGAN TRANSMISI DAN GARDU INDUK TEGANGAN EKSTRA TINGGI,JUNIOR TECHNICIAN,JARINGAN TRANSMISI DAN GARDU INDUK TEGANGAN EKSTRA TINGGI,G1,D3 Teknik Elektro/Teknik Listrik,2,D3,Rekrut 2019,Transmisi dan Gardu Induk,1,4.443
108,2019,HOLDING,UIW Papua&Papua Barat,,JUNIOR TECHNICIAN TRANSAKSI ENERGI LAYANAN PELANGGAN,JUNIOR TECHNICIAN,TRANSAKSI ENERGI LAYANAN PELANGGAN,G1,D3 Teknik Elektro/Teknik Listrik,2,D3,3T,Distribusi,1,4.409
109,2019,HOLDING,UID Sumut,,JUNIOR TECHNICIAN PDKB,JUNIOR TECHNICIAN,PDKB,G1,D3 Teknik Elektro/Teknik Listrik,2,D3,Rekrut 2019,Distribusi,1,4.276
110,2019,HOLDING,P3B Sumatera,,JUNIOR TECHNICIAN PEMELIHARAAN JARINGAN TRANSMISI,JUNIOR TECHNICIAN,PEMELIHARAAN JARINGAN TRANSMISI,G1,D3 Teknik Elektro/Teknik Listrik,2,D3,Rekrut 2019,Transmisi dan Gardu Induk,1,4.186
111,2019,HOLDING,UID Kalbar,,JUNIOR OFFICER PELAYANAN PELANGGAN,JUNIOR OFFICER,PELAYANAN PELANGGAN,G1,D3 Manajemen Pemasaran/Digital Marketing Dan Analytics,2,D3,3T,Niaga dan Pemasaran,1,4.154
112,2019,HOLDING,P3B Sumatera,,JUNIOR TECHNICIAN JARINGAN TRANSMISI DAN GARDU INDUK TEGANGAN EKSTRA TINGGI,JUNIOR TECHNICIAN,JARINGAN TRANSMISI DAN GARDU INDUK TEGANGAN EKSTRA TINGGI,G1,D3 Teknik Elektro/Teknik Listrik,2,D3,Rekrut 2019,Transmisi dan Gardu Induk,1,4.128
113,2019,HOLDING,UIP JBB,,JUNIOR OFFICER ADMINISTRASI DAN UMUM,JUNIOR OFFICER,ADMINISTRASI DAN UMUM,G1,D3 Komunikasi/Hubungan Masyarakat,2,D3,Rekrut 2019,Komunikasi dan Umum,1,4.124
114,2019,HOLDING,UID Sumut,,JUNIOR TECHNICIAN TEKNIK LAYANAN PELANGGAN,JUNIOR TECHNICIAN,TEKNIK LAYANAN PELANGGAN,G1,D3 Teknik Elektro/Teknik Listrik,2,D3,Rekrut 2019,Distribusi,1,4.025
115,2019,HOLDING,UID Jawa Tengah & DIY,,JUNIOR TECHNICIAN PDKB,JUNIOR TECHNICIAN,PDKB,G1,D3 Teknik Elektro/Teknik Listrik,2,D3,Rekrut 2019,Distribusi,1,4.015
116,2019,HOLDING,UID Sumut,,JUNIOR OFFICER PELAYANAN PELANGGAN,JUNIOR OFFICER,PELAYANAN PELANGGAN,G1,D3 Manajemen Pemasaran/Digital Marketing Dan Analytics,2,D3,Rekrut 2019,Niaga dan Pemasaran,1,3.899
117,2019,HOLDING,P3B Sumatera,,JUNIOR TECHNICIAN PDKB SUTT/SUTET,JUNIOR TECHNICIAN,PDKB SUTT/SUTET,G1,D3 Teknik Elektro/Teknik Listrik,2,D3,Rekrut 2019,Transmisi dan Gardu Induk,1,3.896
118,2019,HOLDING,PUSDIKLAT,,JUNIOR OFFICER ADMINITRASI DAN UMUM,JUNIOR OFFICER,ADMINITRASI DAN UMUM,G1,D3 Komunikasi/Hubungan Masyarakat,2,D3,Rekrut 2019,Komunikasi dan Umum,1,3.855
119,2019,HOLDING,UID Kalbar,,JUNIOR TECHNICIAN TRANSAKSI ENERGI LAYANAN PELANGGAN,JUNIOR TECHNICIAN,TRANSAKSI ENERGI LAYANAN PELANGGAN,G1,D3 Teknik Elektro/Teknik Listrik,2,D3,3T,Distribusi,1,3.808
120,2019,HOLDING,UID Suluttenggo,,JUNIOR TECHNICIAN TEKNIK LAYANAN PELANGGAN,JUNIOR TECHNICIAN,TEKNIK LAYANAN PELANGGAN,G1,D3 Teknik Elektro/Teknik Listrik,2,D3,3T,Distribusi,1,6.304
121,2019,HOLDING,UIW Papua&Papua Barat,,JUNIOR TECHNICIAN TEKNIK LAYANAN PELANGGAN,JUNIOR TECHNICIAN,TEKNIK LAYANAN PELANGGAN,G1,D3 Teknik Elektro/Teknik Listrik,2,D3,3T,Distribusi,1,6.231
122,2019,HOLDING,UID Kalselteng,,JUNIOR TECHNICIAN TEKNIK LAYANAN PELANGGAN,JUNIOR TECHNICIAN,TEKNIK LAYANAN PELANGGAN,G1,D3 Teknik Elektro/Teknik Listrik,2,D3,3T,Distribusi,1,6.11
123,2019,HOLDING,UID Kalselteng,,JUNIOR TECHNICIAN TRANSAKSI ENERGI LAYANAN PELANGGAN,JUNIOR TECHNICIAN,TRANSAKSI ENERGI LAYANAN PELANGGAN,G1,D3 Teknik Elektro/Teknik Listrik,2,D3,3T,Distribusi,1,6.11
124,2019,HOLDING,UIT JBTB,,JUNIOR TECHNICIAN JARINGAN TRANSMISI DAN GARDU INDUK,JUNIOR TECHNICIAN,JARINGAN TRANSMISI DAN GARDU INDUK,G1,D3 Teknik Elektro/Teknik Listrik,2,D3,Rekrut 2019,Transmisi dan Gardu Induk,1,6.088
125,2019,HOLDING,UIP JBTB,,JUNIOR OFFICER ADMINISTRASI DAN UMUM,JUNIOR OFFICER,ADMINISTRASI DAN UMUM,G1,D3 Komunikasi/Hubungan Masyarakat,2,D3,Rekrut 2019,Komunikasi dan Umum,1,5.927
126,2019,HOLDING,PUSMANPRO,,"JUNIOR OFFICER KESELAMATAN, KESEHATAN KERJA, LINGKUNGAN, DAN KEAMANAN",JUNIOR OFFICER,"KESELAMATAN, KESEHATAN KERJA, LINGKUNGAN, DAN KEAMANAN",G1,D3 Keselamatan Dan Kesehatan Kerja/Kesehatan Masyarakat K3,2,D3,Rekrut 2019,K3 dan Lingkungan,1,5.697
127,2019,HOLDING,PUSMANPRO,,JUNIOR TECHNICIAN MANAJEMEN KONSTRUKSI LISTRIK,JUNIOR TECHNICIAN,MANAJEMEN KONSTRUKSI LISTRIK,G1,D3 Logistik/Supply Chain Management,2,D3,Rekrut 2019,Manajemen Konstruksi dan Pengadaan,1,5.697
128,2019,HOLDING,UID Kalbar,,OFFICER KINERJA JARINGAN DAN KONSTRUKSI DISTRIBUSI,OFFICER,KINERJA JARINGAN DAN KONSTRUKSI DISTRIBUSI,G2,S1 Teknik Elektro/Teknik Listrik,1,S1,3T,Distribusi,2,2.836
129,2019,HOLDING,PUSERTIF,,TECHNICIAN KOMISIONING SISTEM PEMBANGKIT,TECHNICIAN,KOMISIONING SISTEM PEMBANGKIT,G2,S1 Teknik Mesin/Konversi Energi,1,S1,Rekrut 2019,Pembangkitan,2,2.81
130,2019,HOLDING,UIP JBB,,TECHNICIAN PENGENDALIAN KONSTRUKSI,TECHNICIAN,PENGENDALIAN KONSTRUKSI,G2,S1 Logistik/Supply Chain Management,1,S1,Rekrut 2019,Manajemen Konstruksi dan Pengadaan,2,2.778
131,2019,HOLDING,P3B Sumatera,,OFFICER ENJINIRING,OFFICER,ENJINIRING,G2,S1 Teknik Kimia/Teknik Lingkungan,1,S1,Rekrut 2019,Perencanaan Sistem,2,2.747
132,2019,HOLDING,UID Suluttenggo,,TECHNICIAN PDKB,TECHNICIAN,PDKB,G2,S1 Teknik Elektro/Teknik Listrik,1,S1,3T,Distribusi,2,2.737
133,2019,HOLDING,UID Jawa Timur,,TECHNICIAN PENGATURAN OPERASI,TECHNICIAN,PENGATURAN OPERASI,G2,S1 Teknik Kimia/Teknik Lingkungan,1,S1,Rekrut 2019,Perencanaan Sistem,2,2.727
134,2019,HOLDING,UID Jawa Barat,,OFFICER ADMINISTRASI DAN UMUM,OFFICER,ADMINISTRASI DAN UMUM,G2,S1 Komunikasi/Hubungan Masyarakat,1,S1,Rekrut 2019,Komunikasi dan Umum,2,2.698
135,2019,HOLDING,UID Kalselteng,,OFFICER KINERJA KEUANGAN DAN UMUM,OFFICER,KINERJA KEUANGAN DAN UMUM,G2,S1 Akuntansi/Administrasi Fiskal,1,S1,3T,Keuangan dan Akuntansi,2,2.688
136,2019,HOLDING,UIT JBT,,OFFICER KINERJA KONSTRUKSI,OFFICER,KINERJA KONSTRUKSI,G2,S1 Logistik/Supply Chain Management,1,S1,Rekrut 2019,Manajemen Konstruksi dan Pengadaan,2,2.649
137,2019,HOLDING,UIP3B Kalimantan,,TECHNICIAN PDKB GI/GITET,TECHNICIAN,PDKB GI/GITET,G2,S1 Teknik Elektro/Teknik Listrik,1,S1,3T,Transmisi dan Gardu Induk,2,2.605
138,2019,HOLDING,UIT JBB,,OFFICER ENJINIRING,OFFICER,ENJINIRING,G2,S1 Teknik Kimia/Teknik Lingkungan,1,S1,Rekrut 2019,Perencanaan Sistem,2,2.591
139,2019,HOLDING,UID Riau & Kepri,,OFFICER KINERJA JARINGAN DAN KONSTRUKSI DISTRIBUSI,OFFICER,KINERJA JARINGAN DAN KONSTRUKSI DISTRIBUSI,G2,S1 Teknik Elektro/Teknik Listrik,1,S1,Rekrut 2019,Distribusi,2,2.587
140,2019,HOLDING,UID Jawa Tengah & DIY,,OFFICER KINERJA JARINGAN DISTRIBUSI,OFFICER,KINERJA JARINGAN DISTRIBUSI,G2,S1 Teknik Elektro/Teknik Listrik,1,S1,Rekrut 2019,Distribusi,2,2.566
141,2019,HOLDING,UID Sumut,,OFFICER KINERJA JARINGAN DAN KONSTRUKSI DISTRIBUSI,OFFICER,KINERJA JARINGAN DAN KONSTRUKSI DISTRIBUSI,G2,S1 Teknik Elektro/Teknik Listrik,1,S1,Rekrut 2019,Distribusi,2,2.559
142,2019,HOLDING,Kantor Pusat,,OFFICER ANGGARAN,OFFICER,ANGGARAN,G2,S1 Akuntansi/Administrasi Fiskal,1,S1,Rekrut 2019,Keuangan dan Akuntansi,2,2.551
143,2019,HOLDING,UID Sulselrabar,,TECHNICIAN PENGELOLAAN KONSTRUKSI DISTRIBUSI,TECHNICIAN,PENGELOLAAN KONSTRUKSI DISTRIBUSI,G2,S1 Teknik Elektro/Teknik Listrik,1,S1,3T,Distribusi,2,2.549
144,2019,HOLDING,UIW Papua&Papua Barat,,OFFICER KINERJA JARINGAN DAN KONSTRUKSI,OFFICER,KINERJA JARINGAN DAN KONSTRUKSI,G2,S1 Teknik Elektro/Teknik Listrik,1,S1,3T,Distribusi,2,2.54
145,2019,HOLDING,UIW Papua&Papua Barat,,OFFICER KINERJA TRANSAKSI ENERGI LISTRIK,OFFICER,KINERJA TRANSAKSI ENERGI LISTRIK,G2,S1 Teknik Elektro/Teknik Listrik,1,S1,3T,Distribusi,2,2.54
146,2019,HOLDING,UID Suluttenggo,,TECHNICIAN PENGELOLAAN KONSTRUKSI DISTRIBUSI,TECHNICIAN,PENGELOLAAN KONSTRUKSI DISTRIBUSI,G2,S1 Teknik Elektro/Teknik Listrik,1,S1,3T,Distribusi,2,2.526
147,2019,HOLDING,P3B Sumatera,,OFFICER KINERJA OPERASI SISTEM,OFFICER,KINERJA OPERASI SISTEM,G2,S1 Teknik Kimia/Teknik Lingkungan,1,S1,Rekrut 2019,Perencanaan Sistem,2,2.518
148,2019,HOLDING,PUSDIKLAT,,OFFICER KINERJA PELAKSANAAN PEMBELAJARAN,OFFICER,KINERJA PELAKSANAAN PEMBELAJARAN,G2,S1 Psikologi/Kepegawaian,1,S1,Rekrut 2019,Sumber Daya Manusia,2,2.5
149,2019,HOLDING,UID Kaltimra,,OFFICER KINERJA,OFFICER,KINERJA,G2,S1 Teknik Industri/Teknik Material,1,S1,3T,Perencanaan dan Kinerja,2,2.492
150,2019,HOLDING,UID Banten,,OFFICER KINERJA,OFFICER,KINERJA,G2,S1 Teknik Industri/Teknik Material,1,S1,Rekrut 2019,Perencanaan dan Kinerja,2,2.45
151,2019,HOLDING,UID Banten,,OFFICER KINERJA TRANSAKSI ENERGI LISTRIK,OFFICER,KINERJA TRANSAKSI ENERGI LISTRIK,G2,S1 Teknik Elektro/Teknik Listrik,1,S1,Rekrut 2019,Distribusi,2,2.45
152,2019,HOLDING,UID Jawa Tengah & DIY,,OFFICER KINERJA,OFFICER,KINERJA,G2,S1 Teknik Industri/Teknik Material,1,S1,Rekrut 2019,Perencanaan dan Kinerja,2,2.424
153,2019,HOLDING,UIP Sumatera Bag Tengah,,TECHNICIAN PENGENDALIAN KONSTRUKSI,TECHNICIAN,PENGENDALIAN KONSTRUKSI,G2,S1 Logistik/Supply Chain Management,1,S1,Rekrut 2019,Manajemen Konstruksi dan Pengadaan,2,2.419
154,2019,HOLDING,UIW Maluku&Malut,,OFFICER PERENCANAAN DAN EVALUASI SISTEM DISTRIBUSI,OFFICER,PERENCANAAN DAN EVALUASI SISTEM DISTRIBUSI,G2,S1 Teknik Kimia/Teknik Lingkungan,1,S1,3T,Perencanaan Sistem,2,2.399
155,2019,HOLDING,UIW Maluku&Malut,,OFFICER PERENCANAAN PENGUSAHAAN DAN KINERJA,OFFICER,PERENCANAAN PENGUSAHAAN DAN KINERJA,G2,S1 Teknik Industri/Teknik Material,1,S1,3T,Perencanaan dan Kinerja,2,2.399
156,2019,HOLDING,UIW Maluku&Malut,,OFFICER STRATEGI PEMASARAN,OFFICER,STRATEGI PEMASARAN,G2,S1 Manajemen Pemasaran/Digital Marketing Dan Analytics,1,S1,3T,Niaga dan Pemasaran,2,2.399
157,2019,HOLDING,UIW Maluku&Malut,,TECHNICIAN PENGENDALIAN OPERASI DAN PEMELIHARAAN PUSAT LISTRIK,TECHNICIAN,PENGENDALIAN OPERASI DAN PEMELIHARAAN PUSAT LISTRIK,G2,S1 Teknik Mesin/Konversi Energi,1,S1,3T,Pembangkitan,2,2.399
158,2019,HOLDING,UIW Maluku&Malut,,TECHNICIAN PENGENDALIAN OPERASI DAN PEMELIHARAAN TRANSMISI DAN GARDU INDUK,TECHNICIAN,PENGENDALIAN OPERASI DAN PEMELIHARAAN TRANSMISI DAN GARDU INDUK,G2,S1 Teknik Elektro/Teknik Listrik,1,S1,3T,Transmisi dan Gardu Induk,2,2.399
159,2019,HOLDING,UIW Maluku&Malut,,TECHNICIAN PENGENDALIAN SUSUT,TECHNICIAN,PENGENDALIAN SUSUT,G2,S1 Teknik Elektro/Teknik Listrik,1,S1,3T,Distribusi,2,2.399
160,2019,HOLDING,UID Kalbar,,TECHNICIAN PDKB,TECHNICIAN,PDKB,G2,S1 Teknik Elektro/Teknik Listrik,1,S1,3T,Distribusi,2,2.363
161,2019,HOLDING,UID Kalselteng,,TECHNICIAN OPERASI DISTRIBUSI,TECHNICIAN,OPERASI DISTRIBUSI,G2,S1 Teknik Elektro/Teknik Listrik,1,S1,3T,Distribusi,2,2.352
162,2019,HOLDING,UID Suluttenggo,,TECHNICIAN OPERASI DISTRIBUSI,TECHNICIAN,OPERASI DISTRIBUSI,G2,S1 Teknik Elektro/Teknik Listrik,1,S1,3T,Distribusi,2,2.316
163,2019,HOLDING,UID Aceh,,OFFICER LOGISTIK LAYANAN PELANGGAN,OFFICER,LOGISTIK LAYANAN PELANGGAN,G2,S1 Logistik/Supply Chain Management,1,S1,3T,Manajemen Konstruksi dan Pengadaan,2,2.289
164,2019,HOLDING,P3B Sumatera,,OFFICER KINERJA FASILITAS OPERASI,OFFICER,KINERJA FASILITAS OPERASI,G2,S1 Komunikasi/Hubungan Masyarakat,1,S1,Rekrut 2019,Komunikasi dan Umum,2,2.289
165,2019,HOLDING,UIP JBT,,"OFFICER KEUANGAN, PERIZINAN, PERTANAHAN DAN UMUM",OFFICER,"KEUANGAN, PERIZINAN, PERTANAHAN DAN UMUM",G2,S1 Logistik/Supply Chain Management,1,S1,Rekrut 2019,Manajemen Konstruksi dan Pengadaan,2,2.286
166,2019,HOLDING,UIP Kalimantan Bag Timur,,OFFICER PENGENDALIAN PROYEK,OFFICER,PENGENDALIAN PROYEK,G2,S1 Logistik/Supply Chain Management,1,S1,3T,Manajemen Konstruksi dan Pengadaan,2,2.268
167,2019,HOLDING,UIW Papua&Papua Barat,,OFFICER KINERJA KEUANGAN DAN UMUM,OFFICER,KINERJA KEUANGAN DAN UMUM,G2,S1 Akuntansi/Administrasi Fiskal,1,S1,3T,Keuangan dan Akuntansi,2,2.258
168,2019,HOLDING,UID Jawa Barat,,OFFICER PELAYANAN PELANGGAN,OFFICER,PELAYANAN PELANGGAN,G2,S1 Manajemen Pemasaran/Digital Marketing Dan Analytics,1,S1,Rekrut 2019,Niaga dan Pemasaran,2,2.248
169,2019,HOLDING,UID Jawa Barat,,TECHNICIAN OPERASI DISTRIBUSI,TECHNICIAN,OPERASI DISTRIBUSI,G2,S1 Teknik Elektro/Teknik Listrik,1,S1,Rekrut 2019,Distribusi,2,2.248
170,2019,HOLDING,UID Sulselrabar,,OFFICER KINERJA,OFFICER,KINERJA,G2,S1 Teknik Industri/Teknik Material,1,S1,3T,Perencanaan dan Kinerja,2,2.202
171,2019,HOLDING,UID Aceh,,OFFICER KINERJA DAN ADMINISTRASI LAYANAN PELANGGAN,OFFICER,KINERJA DAN ADMINISTRASI LAYANAN PELANGGAN,G2,S1 Manajemen Pemasaran/Digital Marketing Dan Analytics,1,S1,3T,Niaga dan Pemasaran,2,2.162
172,2019,HOLDING,UID Aceh,,TECHNICIAN PDKB,TECHNICIAN,PDKB,G2,S1 Teknik Elektro/Teknik Listrik,1,S1,3T,Distribusi,2,2.162
173,2019,HOLDING,UID S2JB,,OFFICER KINERJA TRANSAKSI ENERGI LISTRIK,OFFICER,KINERJA TRANSAKSI ENERGI LISTRIK,G2,S1 Teknik Elektro/Teknik Listrik,1,S1,3T,Distribusi,2,2.156
174,2019,HOLDING,UIT JBTB,,OFFICER ENJINIRING,OFFICER,ENJINIRING,G2,S1 Teknik Kimia/Teknik Lingkungan,1,S1,Rekrut 2019,Perencanaan Sistem,2,2.149
175,2019,HOLDING,UIT JBTB,,OFFICER PELAKSANA PENGADAAN,OFFICER,PELAKSANA PENGADAAN,G2,S1 Logistik/Supply Chain Management,1,S1,Rekrut 2019,Manajemen Konstruksi dan Pengadaan,2,2.149
176,2019,HOLDING,UID Kalbar,,OFFICER KINERJA TRANSAKSI ENERGI LISTRIK,OFFICER,KINERJA TRANSAKSI ENERGI LISTRIK,G2,S1 Teknik Elektro/Teknik Listrik,1,S1,3T,Distribusi,2,2.127
177,2019,HOLDING,UIP JBT,,TECHNICIAN PROJECT SITE,TECHNICIAN,PROJECT SITE,G2,S1 Teknik Elektro/Teknik Listrik,1,S1,Rekrut 2019,Distribusi,2,2.123
178,2019,HOLDING,UID Jawa Timur,,OFFICER LOGISTIK LAYANAN PELANGGAN,OFFICER,LOGISTIK LAYANAN PELANGGAN,G2,S1 Logistik/Supply Chain Management,1,S1,Rekrut 2019,Manajemen Konstruksi dan Pengadaan,2,2.121
179,2019,HOLDING,UID Jawa Timur,,OFFICER PELAKSANA PENGADAAN,OFFICER,PELAKSANA PENGADAAN,G2,S1 Logistik/Supply Chain Management,1,S1,Rekrut 2019,Manajemen Konstruksi dan Pengadaan,2,2.121
180,2019,HOLDING,UID Suluttenggo,,TECHNICIAN PEMELIHARAAN DISTRIBUSI,TECHNICIAN,PEMELIHARAAN DISTRIBUSI,G2,S1 Teknik Elektro/Teknik Listrik,1,S1,3T,Distribusi,2,2.105
181,2019,HOLDING,PUSHARLIS,,TECHNICIAN PRODUKSI MEKANIKAL,TECHNICIAN,PRODUKSI MEKANIKAL,G2,S1 Teknik Elektro/Teknik Listrik,1,S1,Rekrut 2019,Distribusi,2,2.099
182,2019,HOLDING,UID Sumut,,OFFICER KINERJA TRANSAKSI ENERGI LISTRIK,OFFICER,KINERJA TRANSAKSI ENERGI LISTRIK,G2,S1 Teknik Elektro/Teknik Listrik,1,S1,Rekrut 2019,Distribusi,2,2.094
183,2019,HOLDING,UID Jakarta Raya,,TECHNICIAN PEMELIHARAAN DISTRIBUSI,TECHNICIAN,PEMELIHARAAN DISTRIBUSI,G2,S1 Teknik Elektro/Teknik Listrik,1,S1,Rekrut 2019,Distribusi,2,2.076
184,2019,HOLDING,UIP Kalimantan Bag Barat,,TECHNICIAN PENGENDALIAN KONSTRUKSI,TECHNICIAN,PENGENDALIAN KONSTRUKSI,G2,S1 Logistik/Supply Chain Management,1,S1,3T,Manajemen Konstruksi dan Pengadaan,2,2.071
185,2019,HOLDING,UIP Sumatera Bag Utara,,OFFICER PENGENDALIAN PROYEK,OFFICER,PENGENDALIAN PROYEK,G2,S1 Logistik/Supply Chain Management,1,S1,Rekrut 2019,Manajemen Konstruksi dan Pengadaan,2,2.064
186,2019,HOLDING,P3B Sumatera,,TECHNICIAN PEMELIHARAAN GARDU INDUK,TECHNICIAN,PEMELIHARAAN GARDU INDUK,G2,S1 Teknik Elektro/Teknik Listrik,1,S1,Rekrut 2019,Transmisi dan Gardu Induk,2,2.06
187,2019,HOLDING,UID Aceh,,OFFICER KINERJA JARINGAN DAN KONSTRUKSI DISTRIBUSI,OFFICER,KINERJA JARINGAN DAN KONSTRUKSI DISTRIBUSI,G2,S1 Teknik Elektro/Teknik Listrik,1,S1,3T,Distribusi,2,2.034
188,2019,HOLDING,UID Aceh,,OFFICER KINERJA KEUANGAN DAN UMUM,OFFICER,KINERJA KEUANGAN DAN UMUM,G2,S1 Akuntansi/Administrasi Fiskal,1,S1,3T,Keuangan dan Akuntansi,2,2.034
189,2019,HOLDING,UID Jawa Barat,,OFFICER KINERJA NIAGA DAN PEMASARAN,OFFICER,KINERJA NIAGA DAN PEMASARAN,G2,S1 Manajemen Pemasaran/Digital Marketing Dan Analytics,1,S1,Rekrut 2019,Niaga dan Pemasaran,2,2.024
190,2019,HOLDING,UID Jawa Barat,,TECHNICIAN PENGATURAN OPERASI,TECHNICIAN,PENGATURAN OPERASI,G2,S1 Teknik Kimia/Teknik Lingkungan,1,S1,Rekrut 2019,Perencanaan Sistem,2,2.024
191,2019,HOLDING,UID Kalselteng,,OFFICER PRIORITY ACCOUNT EXECUTIVE,OFFICER,PRIORITY ACCOUNT EXECUTIVE,G2,S1 Komunikasi/Hubungan Masyarakat,1,S1,3T,Komunikasi dan Umum,2,2.016
192,2019,HOLDING,UID Jawa Tengah & DIY,,OFFICER PRIORITY ACCOUNT EXECUTIVE,OFFICER,PRIORITY ACCOUNT EXECUTIVE,G2,S1 Komunikasi/Hubungan Masyarakat,1,S1,Rekrut 2019,Komunikasi dan Umum,2,1.996
193,2019,HOLDING,UIW NusaTenggara Barat,,TECHNICIAN OPERASI PUSAT LISTRIK,TECHNICIAN,OPERASI PUSAT LISTRIK,G2,S1 Teknik Mesin/Konversi Energi,1,S1,3T,Pembangkitan,2,1.988
194,2019,HOLDING,UIW Papua&Papua Barat,,OFFICER NIAGA DAN PELAYANAN PELANGGAN,OFFICER,NIAGA DAN PELAYANAN PELANGGAN,G2,S1 Manajemen Pemasaran/Digital Marketing Dan Analytics,1,S1,3T,Niaga dan Pemasaran,2,1.975
195,2019,HOLDING,UIW Papua&Papua Barat,,OFFICER PERENCANAAN DAN EVALUASI SISTEM DISTRIBUSI,OFFICER,PERENCANAAN DAN EVALUASI SISTEM DISTRIBUSI,G2,S1 Teknik Kimia/Teknik Lingkungan,1,S1,3T,Perencanaan Sistem,2,1.975
196,2019,HOLDING,UIW Papua&Papua Barat,,TECHNICIAN PEMELIHARAAN DISTRIBUSI,TECHNICIAN,PEMELIHARAAN DISTRIBUSI,G2,S1 Teknik Elektro/Teknik Listrik,1,S1,3T,Distribusi,2,1.975
197,2019,HOLDING,PUSDIKLAT,,OFFICER PENYELENGGARAAN PEMBELAJARAN,OFFICER,PENYELENGGARAAN PEMBELAJARAN,G2,S1 Psikologi/Kepegawaian,1,S1,Rekrut 2019,Sumber Daya Manusia,2,1.944
198,2019,HOLDING,UIT JBB,,OFFICER PELAKSANA PENGADAAN,OFFICER,PELAKSANA PENGADAAN,G2,S1 Logistik/Supply Chain Management,1,S1,Rekrut 2019,Manajemen Konstruksi dan Pengadaan,2,1.943
199,2019,HOLDING,UIT JBB,,TECHNICIAN JARINGAN TRANSMISI DAN GARDU INDUK,TECHNICIAN,JARINGAN TRANSMISI DAN GARDU INDUK,G2,S1 Teknik Elektro/Teknik Listrik,1,S1,Rekrut 2019,Transmisi dan Gardu Induk,2,1.943
200,2019,HOLDING,UIT JBTB,,"OFFICER ASESMEN, DIAGNOSA DAN PENGELOLAAN DATA",OFFICER,"ASESMEN, DIAGNOSA DAN PENGELOLAAN DATA",G2,S1 Psikologi/Kepegawaian,1,S1,Rekrut 2019,Sumber Daya Manusia,2,1.934
201,2019,HOLDING,UIT JBTB,,TECHNICIAN JARINGAN TRANSMISI DAN GARDU INDUK,TECHNICIAN,JARINGAN TRANSMISI DAN GARDU INDUK,G2,S1 Teknik Elektro/Teknik Listrik,1,S1,Rekrut 2019,Transmisi dan Gardu Induk,2,1.934
202,2019,HOLDING,UIT JBTB,,"TECHNICIAN PEMELIHARAAN PROTEKSI, METER, DAN OTOMASI TRANSMISI DAN GARDUINDUK",TECHNICIAN,"PEMELIHARAAN PROTEKSI, METER, DAN OTOMASI TRANSMISI DAN GARDUINDUK",G2,S1 Teknik Elektro/Teknik Listrik,1,S1,Rekrut 2019,Transmisi dan Gardu Induk,2,1.934
203,2019,HOLDING,UID Suluttenggo,,OFFICER KINERJA TRANSAKSI ENERGI LISTRIK,OFFICER,KINERJA TRANSAKSI ENERGI LISTRIK,G2,S1 Teknik Elektro/Teknik Listrik,1,S1,3T,Distribusi,2,1.895
204,2019,HOLDING,UID Suluttenggo,,OFFICER NIAGA DAN PELAYANAN PELANGGAN,OFFICER,NIAGA DAN PELAYANAN PELANGGAN,G2,S1 Manajemen Pemasaran/Digital Marketing Dan Analytics,1,S1,3T,Niaga dan Pemasaran,2,1.895
205,2019,HOLDING,UID Kalbar,,OFFICER ADMINISTRASI DAN UMUM,OFFICER,ADMINISTRASI DAN UMUM,G2,S1 Komunikasi/Hubungan Masyarakat,1,S1,3T,Komunikasi dan Umum,2,1.891
206,2019,HOLDING,UID Jakarta Raya,,TECHNICIAN PENGENDALIAN KONSTRUKSI DISTRIBUSI,TECHNICIAN,PENGENDALIAN KONSTRUKSI DISTRIBUSI,G2,S1 Teknik Elektro/Teknik Listrik,1,S1,Rekrut 2019,Distribusi,2,1.869
207,2019,HOLDING,UID Lampung,,OFFICER KINERJA KEUANGAN DAN UMUM,OFFICER,KINERJA KEUANGAN DAN UMUM,G2,S1 Akuntansi/Administrasi Fiskal,1,S1,Rekrut 2019,Keuangan dan Akuntansi,2,1.869
208,2019,HOLDING,UID Lampung,,OFFICER LOGISTIK LAYANAN PELANGGAN,OFFICER,LOGISTIK LAYANAN PELANGGAN,G2,S1 Logistik/Supply Chain Management,1,S1,Rekrut 2019,Manajemen Konstruksi dan Pengadaan,2,1.869
209,2019,HOLDING,UID Lampung,,TECHNICIAN PDKB,TECHNICIAN,PDKB,G2,S1 Teknik Elektro/Teknik Listrik,1,S1,Rekrut 2019,Distribusi,2,1.869
210,2019,HOLDING,UID S2JB,,OFFICER PRIORITY ACCOUNT EXECUTIVE,OFFICER,PRIORITY ACCOUNT EXECUTIVE,G2,S1 Komunikasi/Hubungan Masyarakat,1,S1,3T,Komunikasi dan Umum,2,1.869
211,2019,HOLDING,UID Sumut,,OFFICER KINERJA,OFFICER,KINERJA,G2,S1 Teknik Industri/Teknik Material,1,S1,Rekrut 2019,Perencanaan dan Kinerja,2,1.861
212,2019,HOLDING,UID Sumbar,,OFFICER KINERJA JARINGAN DAN KONSTRUKSI,OFFICER,KINERJA JARINGAN DAN KONSTRUKSI,G2,S1 Teknik Elektro/Teknik Listrik,1,S1,Rekrut 2019,Distribusi,2,1.848
213,2019,HOLDING,UID Sumbar,,OFFICER KINERJA KEUANGAN DAN UMUM,OFFICER,KINERJA KEUANGAN DAN UMUM,G2,S1 Akuntansi/Administrasi Fiskal,1,S1,Rekrut 2019,Keuangan dan Akuntansi,2,1.848
214,2019,HOLDING,P3B Sumatera,,OFFICER ADMINISTRASI DAN UMUM,OFFICER,ADMINISTRASI DAN UMUM,G2,S1 Komunikasi/Hubungan Masyarakat,1,S1,Rekrut 2019,Komunikasi dan Umum,2,1.831
215,2019,HOLDING,P3B Sumatera,,"OFFICER ASESMEN, DIAGNOSA DAN PENGOLAHAN DATA",OFFICER,"ASESMEN, DIAGNOSA DAN PENGOLAHAN DATA",G2,S1 Psikologi/Kepegawaian,1,S1,Rekrut 2019,Sumber Daya Manusia,2,1.831
216,2019,HOLDING,P3B Sumatera,,OFFICER LINGKUNGAN,OFFICER,LINGKUNGAN,G2,S1 Keselamatan Dan Kesehatan Kerja/Kesehatan Masyarakat K3,1,S1,Rekrut 2019,K3 dan Lingkungan,2,1.831
217,2019,HOLDING,P3B Sumatera,,OFFICER PELAKSANA PENGADAAN,OFFICER,PELAKSANA PENGADAAN,G2,S1 Logistik/Supply Chain Management,1,S1,Rekrut 2019,Manajemen Konstruksi dan Pengadaan,2,1.831
218,2019,HOLDING,UID Jawa Timur,,OFFICER ADMINISTRASI DAN UMUM,OFFICER,ADMINISTRASI DAN UMUM,G2,S1 Komunikasi/Hubungan Masyarakat,1,S1,Rekrut 2019,Komunikasi dan Umum,2,1.818
219,2019,HOLDING,UID Jawa Timur,,TECHNICIAN PEMELIHARAAN DISTRIBUSI,TECHNICIAN,PEMELIHARAAN DISTRIBUSI,G2,S1 Teknik Elektro/Teknik Listrik,1,S1,Rekrut 2019,Distribusi,2,1.818
220,2019,HOLDING,UIP Sulawesi,,TECHNICIAN PENGENDALIAN KONSTRUKSI,TECHNICIAN,PENGENDALIAN KONSTRUKSI,G2,S1 Logistik/Supply Chain Management,1,S1,3T,Manajemen Konstruksi dan Pengadaan,2,1.808
221,2019,HOLDING,UID Jawa Barat,,OFFICER PRIORITY ACCOUNT EXECUTIVE,OFFICER,PRIORITY ACCOUNT EXECUTIVE,G2,S1 Komunikasi/Hubungan Masyarakat,1,S1,Rekrut 2019,Komunikasi dan Umum,2,1.799
222,2019,HOLDING,UIP JBTB,,TECHNICIAN PENGENDALIAN KONSTRUKSI,TECHNICIAN,PENGENDALIAN KONSTRUKSI,G2,S1 Logistik/Supply Chain Management,1,S1,Rekrut 2019,Manajemen Konstruksi dan Pengadaan,2,1.76
223,2019,HOLDING,UID Sulselrabar,,OFFICER KINERJA TRANSAKSI ENERGI LISTRIK,OFFICER,KINERJA TRANSAKSI ENERGI LISTRIK,G2,S1 Teknik Elektro/Teknik Listrik,1,S1,3T,Distribusi,2,1.738
224,2019,HOLDING,UID Sulselrabar,,TECHNICIAN PDKB,TECHNICIAN,PDKB,G2,S1 Teknik Elektro/Teknik Listrik,1,S1,3T,Distribusi,2,1.738
225,2019,HOLDING,UID Lampung,,OFFICER KINERJA JARINGAN DAN KONSTRUKSI DISTRIBUSI,OFFICER,KINERJA JARINGAN DAN KONSTRUKSI DISTRIBUSI,G2,S1 Teknik Elektro/Teknik Listrik,1,S1,Rekrut 2019,Distribusi,2,1.736
226,2019,HOLDING,UID Riau & Kepri,,TECHNICIAN PDKB,TECHNICIAN,PDKB,G2,S1 Teknik Elektro/Teknik Listrik,1,S1,Rekrut 2019,Distribusi,2,1.725
227,2019,HOLDING,UIW NusaTenggara Barat,,OFFICER KINERJA KEUANGAN DAN UMUM,OFFICER,KINERJA KEUANGAN DAN UMUM,G2,S1 Akuntansi/Administrasi Fiskal,1,S1,3T,Keuangan dan Akuntansi,2,1.723
228,2019,HOLDING,UIW NusaTenggaraTimur,,OFFICER KINERJA DAN ADMINISTRASI LAYANAN PELANGGAN,OFFICER,KINERJA DAN ADMINISTRASI LAYANAN PELANGGAN,G2,S1 Manajemen Pemasaran/Digital Marketing Dan Analytics,1,S1,3T,Niaga dan Pemasaran,2,1.718
229,2019,HOLDING,UIW NusaTenggaraTimur,,TECHNICIAN PENGENDALIAN OPERASI DAN PEMELIHARAAN TRANSMISI DAN GARDU INDUK,TECHNICIAN,PENGENDALIAN OPERASI DAN PEMELIHARAAN TRANSMISI DAN GARDU INDUK,G2,S1 Teknik Elektro/Teknik Listrik,1,S1,3T,Transmisi dan Gardu Induk,2,1.718
230,2019,HOLDING,Pusat Pengatur Beban,,OFFICER KINERJA,OFFICER,KINERJA,G2,S1 Teknik Industri/Teknik Material,1,S1,Rekrut 2019,Perencanaan dan Kinerja,2,1.713
231,2019,HOLDING,UIP JBB,,OFFICER ADMINISTRASI DAN UMUM,OFFICER,ADMINISTRASI DAN UMUM,G2,S1 Komunikasi/Hubungan Masyarakat,1,S1,Rekrut 2019,Komunikasi dan Umum,2,1.709
232,2019,HOLDING,Kantor Pusat,,OFFICER ADMINISTRASI EKSEKUTIF DIREKSI,OFFICER,ADMINISTRASI EKSEKUTIF DIREKSI,G2,S1 Komunikasi/Hubungan Masyarakat,1,S1,Rekrut 2019,Komunikasi dan Umum,2,1.701
233,2019,HOLDING,Kantor Pusat,,"OFFICER RISIKO KONSTRUKSI SUMATERA, KALIMANTAN, DAN SULAWESI",OFFICER,"RISIKO KONSTRUKSI SUMATERA, KALIMANTAN, DAN SULAWESI",G2,S1 Logistik/Supply Chain Management,1,S1,Rekrut 2019,Manajemen Konstruksi dan Pengadaan,2,1.701
234,2019,HOLDING,Kantor Pusat,,OFFICER VERIFIKASI INVESTASI,OFFICER,VERIFIKASI INVESTASI,G2,S1 Akuntansi/Administrasi Fiskal,1,S1,Rekrut 2019,Keuangan dan Akuntansi,2,1.701
235,2019,HOLDING,UID Banten,,TECHNICIAN OPERASI DISTRIBUSI,TECHNICIAN,OPERASI DISTRIBUSI,G2,S1 Teknik Elektro/Teknik Listrik,1,S1,Rekrut 2019,Distribusi,2,1.685
236,2019,HOLDING,UID Kalselteng,,OFFICER ADMINISTRASI DAN UMUM,OFFICER,ADMINISTRASI DAN UMUM,G2,S1 Komunikasi/Hubungan Masyarakat,1,S1,3T,Komunikasi dan Umum,2,1.68
237,2019,HOLDING,PUSDIKLAT,,OFFICER EVALUASI DAN PENGENDALIAN MUTU DAN KINERJA,OFFICER,EVALUASI DAN PENGENDALIAN MUTU DAN KINERJA,G2,S1 Teknik Industri/Teknik Material,1,S1,Rekrut 2019,Perencanaan dan Kinerja,2,1.666
238,2019,HOLDING,UID Jakarta Raya,,OFFICER KINERJA NIAGA,OFFICER,KINERJA NIAGA,G2,S1 Manajemen Pemasaran/Digital Marketing Dan Analytics,1,S1,Rekrut 2019,Niaga dan Pemasaran,2,1.661
239,2019,HOLDING,UIP JBT,,OFFICER PERIZINAN DAN PERTANAHAN,OFFICER,PERIZINAN DAN PERTANAHAN,G2,S1 Logistik/Supply Chain Management,1,S1,Rekrut 2019,Manajemen Konstruksi dan Pengadaan,2,1.633
240,2019,HOLDING,UIP3B Kalimantan,,TECHNICIAN PDKB SUTT/SUTET,TECHNICIAN,PDKB SUTT/SUTET,G2,S1 Teknik Elektro/Teknik Listrik,1,S1,3T,Transmisi dan Gardu Induk,2,1.628
241,2019,HOLDING,UID Bali,,OFFICER KINERJA JARINGAN DISTRIBUSI,OFFICER,KINERJA JARINGAN DISTRIBUSI,G2,S1 Teknik Elektro/Teknik Listrik,1,S1,Rekrut 2019,Distribusi,2,1.626
242,2019,HOLDING,UID Bali,,OFFICER KINERJA KEUANGAN DAN UMUM,OFFICER,KINERJA KEUANGAN DAN UMUM,G2,S1 Akuntansi/Administrasi Fiskal,1,S1,Rekrut 2019,Keuangan dan Akuntansi,2,1.626
243,2019,HOLDING,UID Bali,,OFFICER KINERJA TRANSAKSI ENERGI LISTRIK,OFFICER,KINERJA TRANSAKSI ENERGI LISTRIK,G2,S1 Teknik Elektro/Teknik Listrik,1,S1,Rekrut 2019,Distribusi,2,1.626
244,2019,HOLDING,UID Bali,,TECHNICIAN PENGELOLAAN KONSTRUKSI DISTRIBUSI,TECHNICIAN,PENGELOLAAN KONSTRUKSI DISTRIBUSI,G2,S1 Teknik Elektro/Teknik Listrik,1,S1,Rekrut 2019,Distribusi,2,1.626
245,2019,HOLDING,UID Sulselrabar,,OFFICER KINERJA JARINGAN DAN KONSTRUKSI DISTRIBUSI,OFFICER,KINERJA JARINGAN DAN KONSTRUKSI DISTRIBUSI,G2,S1 Teknik Elektro/Teknik Listrik,1,S1,3T,Distribusi,2,1.622
246,2019,HOLDING,UIT JBB,,OFFICER KINERJA KONSTRUKSI,OFFICER,KINERJA KONSTRUKSI,G2,S1 Logistik/Supply Chain Management,1,S1,Rekrut 2019,Manajemen Konstruksi dan Pengadaan,2,1.619
247,2019,HOLDING,UIT JBB,,OFFICER PERENCANAAN PENGUSAHAAN,OFFICER,PERENCANAAN PENGUSAHAAN,G2,S1 Teknik Industri/Teknik Material,1,S1,Rekrut 2019,Perencanaan dan Kinerja,2,1.619
248,2019,HOLDING,UIT JBB,,TECHNICIAN PDKB GI/GITET,TECHNICIAN,PDKB GI/GITET,G2,S1 Teknik Elektro/Teknik Listrik,1,S1,Rekrut 2019,Transmisi dan Gardu Induk,2,1.619
249,2019,HOLDING,UIT JBB,,TECHNICIAN PDKB SUTT/SUTET,TECHNICIAN,PDKB SUTT/SUTET,G2,S1 Teknik Elektro/Teknik Listrik,1,S1,Rekrut 2019,Transmisi dan Gardu Induk,2,1.619
250,2019,HOLDING,UIT JBB,,TECHNICIAN PEMELIHARAAN JARINGAN TRANSMISI,TECHNICIAN,PEMELIHARAAN JARINGAN TRANSMISI,G2,S1 Teknik Elektro/Teknik Listrik,1,S1,Rekrut 2019,Transmisi dan Gardu Induk,2,1.619
251,2019,HOLDING,UID Lampung,,OFFICER KINERJA,OFFICER,KINERJA,G2,S1 Teknik Industri/Teknik Material,1,S1,Rekrut 2019,Perencanaan dan Kinerja,2,1.602
252,2019,HOLDING,P3B Sumatera,,OFFICER PENGENDALIAN DAN PEMELIHARAAN ASET,OFFICER,PENGENDALIAN DAN PEMELIHARAAN ASET,G2,S1 Teknik Industri/Teknik Material,1,S1,Rekrut 2019,Perencanaan dan Kinerja,2,1.602
253,2019,HOLDING,P3B Sumatera,,OFFICER PENGENDALIAN KONSTRUKSI DAN ADMINISTRASI KONTRAK,OFFICER,PENGENDALIAN KONSTRUKSI DAN ADMINISTRASI KONTRAK,G2,S1 Logistik/Supply Chain Management,1,S1,Rekrut 2019,Manajemen Konstruksi dan Pengadaan,2,1.602
254,2019,HOLDING,UIW Maluku&Malut,,OFFICER ENJINIRING PEMBANGKITAN,OFFICER,ENJINIRING PEMBANGKITAN,G2,S1 Teknik Mesin/Konversi Energi,1,S1,3T,Pembangkitan,2,1.599
255,2019,HOLDING,UIW Maluku&Malut,,"OFFICER KESELAMATAN, KESEHATAN KERJA, LINGKUNGAN DAN KEAMANAN",OFFICER,"KESELAMATAN, KESEHATAN KERJA, LINGKUNGAN DAN KEAMANAN",G2,S1 Keselamatan Dan Kesehatan Kerja/Kesehatan Masyarakat K3,1,S1,3T,K3 dan Lingkungan,2,1.599
256,2019,HOLDING,UIW Maluku&Malut,,OFFICER KEUANGAN DAN ANGGARAN,OFFICER,KEUANGAN DAN ANGGARAN,G2,S1 Akuntansi/Administrasi Fiskal,1,S1,3T,Keuangan dan Akuntansi,2,1.599
257,2019,HOLDING,UIW Maluku&Malut,,OFFICER KINERJA TRANSAKSI ENERGI LISTRIK,OFFICER,KINERJA TRANSAKSI ENERGI LISTRIK,G2,S1 Teknik Elektro/Teknik Listrik,1,S1,3T,Distribusi,2,1.599
258,2019,HOLDING,UIW Maluku&Malut,,OFFICER NIAGA DAN PELAYANAN PELANGGAN,OFFICER,NIAGA DAN PELAYANAN PELANGGAN,G2,S1 Manajemen Pemasaran/Digital Marketing Dan Analytics,1,S1,3T,Niaga dan Pemasaran,2,1.599
259,2019,HOLDING,UIW Maluku&Malut,,OFFICER PELAKSANA PENGADAAN,OFFICER,PELAKSANA PENGADAAN,G2,S1 Logistik/Supply Chain Management,1,S1,3T,Manajemen Konstruksi dan Pengadaan,2,1.599
260,2019,HOLDING,UIW Maluku&Malut,,OFFICER PERENCANAAN DAN PENGELOLAAN ASET DISTRIBUSI,OFFICER,PERENCANAAN DAN PENGELOLAAN ASET DISTRIBUSI,G2,S1 Teknik Elektro/Teknik Listrik,1,S1,3T,Distribusi,2,1.599
261,2019,HOLDING,UIW Maluku&Malut,,OFFICER TJSL,OFFICER,TJSL,G2,S1 Komunikasi/Hubungan Masyarakat,1,S1,3T,Komunikasi dan Umum,2,1.599
262,2019,HOLDING,UIW Maluku&Malut,,TECHNICIAN PEMELIHARAAN METER TRANSAKSI,TECHNICIAN,PEMELIHARAAN METER TRANSAKSI,G2,S1 Teknik Elektro/Teknik Listrik,1,S1,3T,Distribusi,2,1.599
263,2019,HOLDING,UIW Maluku&Malut,,TECHNICIAN PERENCANAAN OPERASI DAN PEMELIHARAAN PEMBANGKIT,TECHNICIAN,PERENCANAAN OPERASI DAN PEMELIHARAAN PEMBANGKIT,G2,S1 Teknik Mesin/Konversi Energi,1,S1,3T,Pembangkitan,2,1.599
264,2019,HOLDING,UIW Maluku&Malut,,TECHNICIAN SCADA DAN TELEKOMUNIKASI,TECHNICIAN,SCADA DAN TELEKOMUNIKASI,G2,S1 Teknik Elektro/Teknik Listrik,1,S1,3T,Proteksi dan Kontrol,2,1.599
265,2019,HOLDING,UIW NusaTenggara Barat,,TECHNICIAN PEMELIHARAAN PUSAT LISTRIK,TECHNICIAN,PEMELIHARAAN PUSAT LISTRIK,G2,S1 Teknik Mesin/Konversi Energi,1,S1,3T,Pembangkitan,2,1.59
266,2019,HOLDING,UID Jawa Barat,,"OFFICER KESELAMATAN, KESEHATAN KERJA, LINGKUNGAN DAN KEAMANAN",OFFICER,"KESELAMATAN, KESEHATAN KERJA, LINGKUNGAN DAN KEAMANAN",G2,S1 Keselamatan Dan Kesehatan Kerja/Kesehatan Masyarakat K3,1,S1,Rekrut 2019,K3 dan Lingkungan,2,1.574
267,2019,HOLDING,UID Jawa Barat,,OFFICER KINERJA FASILITAS OPERASI,OFFICER,KINERJA FASILITAS OPERASI,G2,S1 Komunikasi/Hubungan Masyarakat,1,S1,Rekrut 2019,Komunikasi dan Umum,2,1.574
268,2019,HOLDING,UIP Maluku dan Papua,,OFFICER AKUNTANSI,OFFICER,AKUNTANSI,G2,S1 Akuntansi/Administrasi Fiskal,1,S1,3T,Keuangan dan Akuntansi,2,1.572
269,2019,HOLDING,UIP Maluku dan Papua,,OFFICER PENGENDALIAN KONTRAK DAN RISIKO PROYEK,OFFICER,PENGENDALIAN KONTRAK DAN RISIKO PROYEK,G2,S1 Logistik/Supply Chain Management,1,S1,3T,Manajemen Konstruksi dan Pengadaan,2,1.572
270,2019,HOLDING,UIP Maluku dan Papua,,OFFICER PERENCANAAN SIPIL,OFFICER,PERENCANAAN SIPIL,G2,S1 Logistik/Supply Chain Management,1,S1,3T,Manajemen Konstruksi dan Pengadaan,2,1.572
271,2019,HOLDING,UIP Maluku dan Papua,,OFFICER PERENCANAAN UMUM DAN KINERJA,OFFICER,PERENCANAAN UMUM DAN KINERJA,G2,S1 Komunikasi/Hubungan Masyarakat,1,S1,3T,Komunikasi dan Umum,2,1.572
272,2019,HOLDING,UIT JBT,,OFFICER ENJINIRING,OFFICER,ENJINIRING,G2,S1 Teknik Kimia/Teknik Lingkungan,1,S1,Rekrut 2019,Perencanaan Sistem,2,1.534
273,2019,HOLDING,Kantor Pusat,,OFFICER AUDIT TRANSMISI DAN DISTRIBUSI 2A,OFFICER,AUDIT TRANSMISI DAN DISTRIBUSI 2A,G2,S1 Teknik Elektro/Teknik Listrik,1,S1,Rekrut 2019,Transmisi dan Gardu Induk,2,1.531
274,2019,HOLDING,Kantor Pusat,,OFFICER PELAKSANA PENGADAAN TRANSMISI DAN GARDU INDUK,OFFICER,PELAKSANA PENGADAAN TRANSMISI DAN GARDU INDUK,G2,S1 Teknik Elektro/Teknik Listrik,1,S1,Rekrut 2019,Transmisi dan Gardu Induk,2,1.531
275,2019,HOLDING,Kantor Pusat,,OFFICER PROGRAM PERUBAHAN,OFFICER,PROGRAM PERUBAHAN,G2,S1 Komunikasi/Hubungan Masyarakat,1,S1,Rekrut 2019,Komunikasi dan Umum,2,1.531
276,2019,HOLDING,UID Banten,,TECHNICIAN PENGELOLAAN KONSTRUKSI DISTRIBUSI,TECHNICIAN,PENGELOLAAN KONSTRUKSI DISTRIBUSI,G2,S1 Teknik Elektro/Teknik Listrik,1,S1,Rekrut 2019,Distribusi,2,1.531
277,2019,HOLDING,PUSHARLIS,,OFFICER KEUANGAN DAN AKUNTANSI,OFFICER,KEUANGAN DAN AKUNTANSI,G2,S1 Akuntansi/Administrasi Fiskal,1,S1,Rekrut 2019,Keuangan dan Akuntansi,2,1.516
278,2019,HOLDING,UID Jawa Timur,,OFFICER KEUANGAN DAN ANGGARAN,OFFICER,KEUANGAN DAN ANGGARAN,G2,S1 Akuntansi/Administrasi Fiskal,1,S1,Rekrut 2019,Keuangan dan Akuntansi,2,1.515
279,2019,HOLDING,UID Jawa Timur,,TECHNICIAN OPERASI DISTRIBUSI,TECHNICIAN,OPERASI DISTRIBUSI,G2,S1 Teknik Elektro/Teknik Listrik,1,S1,Rekrut 2019,Distribusi,2,1.515
280,2019,HOLDING,UIP JBB,,OFFICER PENGENDALIAN KONTRAK DAN RISIKO PROYEK,OFFICER,PENGENDALIAN KONTRAK DAN RISIKO PROYEK,G2,S1 Logistik/Supply Chain Management,1,S1,Rekrut 2019,Manajemen Konstruksi dan Pengadaan,2,1.496
281,2019,HOLDING,UID Suluttenggo,,OFFICER KINERJA,OFFICER,KINERJA,G2,S1 Teknik Industri/Teknik Material,1,S1,3T,Perencanaan dan Kinerja,2,1.474
282,2019,HOLDING,UID Suluttenggo,,OFFICER PELAKSANA PENGADAAN,OFFICER,PELAKSANA PENGADAAN,G2,S1 Logistik/Supply Chain Management,1,S1,3T,Manajemen Konstruksi dan Pengadaan,2,1.474
283,2019,HOLDING,UID Jakarta Raya,,OFFICER KINERJA FASILITAS OPERASI,OFFICER,KINERJA FASILITAS OPERASI,G2,S1 Komunikasi/Hubungan Masyarakat,1,S1,Rekrut 2019,Komunikasi dan Umum,2,1.454
284,2019,HOLDING,UID Jakarta Raya,,OFFICER KINERJA OPERASI SISTEM DISTRIBUSI,OFFICER,KINERJA OPERASI SISTEM DISTRIBUSI,G2,S1 Teknik Kimia/Teknik Lingkungan,1,S1,Rekrut 2019,Perencanaan Sistem,2,1.454
285,2019,HOLDING,UID Jakarta Raya,,OFFICER PELAKSANA PENGADAAN,OFFICER,PELAKSANA PENGADAAN,G2,S1 Logistik/Supply Chain Management,1,S1,Rekrut 2019,Manajemen Konstruksi dan Pengadaan,2,1.454
286,2019,HOLDING,UID S2JB,,TECHNICIAN PDKB,TECHNICIAN,PDKB,G2,S1 Teknik Elektro/Teknik Listrik,1,S1,3T,Distribusi,2,1.437
287,2019,HOLDING,UIW NusaTenggaraTimur,,OFFICER ADMINISTRASI DAN UMUM,OFFICER,ADMINISTRASI DAN UMUM,G2,S1 Komunikasi/Hubungan Masyarakat,1,S1,3T,Komunikasi dan Umum,2,1.431
288,2019,HOLDING,UIW NusaTenggaraTimur,,OFFICER KINERJA KEUANGAN DAN UMUM,OFFICER,KINERJA KEUANGAN DAN UMUM,G2,S1 Akuntansi/Administrasi Fiskal,1,S1,3T,Keuangan dan Akuntansi,2,1.431
289,2019,HOLDING,UIW NusaTenggaraTimur,,OFFICER PELAKSANA PENGADAAN,OFFICER,PELAKSANA PENGADAAN,G2,S1 Logistik/Supply Chain Management,1,S1,3T,Manajemen Konstruksi dan Pengadaan,2,1.431
290,2019,HOLDING,UIW NusaTenggaraTimur,,TECHNICIAN KONSTRUKSI LISTRIK PERDESAAN,TECHNICIAN,KONSTRUKSI LISTRIK PERDESAAN,G2,S1 Teknik Elektro/Teknik Listrik,1,S1,3T,Distribusi,2,1.431
291,2019,HOLDING,UIW NusaTenggaraTimur,,TECHNICIAN PENGELOLAAN KONSTRUKSI DISTRIBUSI,TECHNICIAN,PENGELOLAAN KONSTRUKSI DISTRIBUSI,G2,S1 Teknik Elektro/Teknik Listrik,1,S1,3T,Distribusi,2,1.431
292,2019,HOLDING,Pusat Pengatur Beban,,OFFICER KINERJA OPERASI SISTEM,OFFICER,KINERJA OPERASI SISTEM,G2,S1 Teknik Kimia/Teknik Lingkungan,1,S1,Rekrut 2019,Perencanaan Sistem,2,1.427
293,2019,HOLDING,Pusat Pengatur Beban,,TECHNICIAN TELEKOMUNIKASI,TECHNICIAN,TELEKOMUNIKASI,G2,S1 Teknik Elektro/Teknik Listrik,1,S1,Rekrut 2019,Proteksi dan Kontrol,2,1.427
294,2019,HOLDING,UID Kalbar,,OFFICER LOGISTIK LAYANAN PELANGGAN,OFFICER,LOGISTIK LAYANAN PELANGGAN,G2,S1 Logistik/Supply Chain Management,1,S1,3T,Manajemen Konstruksi dan Pengadaan,2,1.418
295,2019,HOLDING,UID Kalbar,,OFFICER PELAKSANA PENGADAAN,OFFICER,PELAKSANA PENGADAAN,G2,S1 Logistik/Supply Chain Management,1,S1,3T,Manajemen Konstruksi dan Pengadaan,2,1.418
296,2019,HOLDING,UIW Papua&Papua Barat,,OFFICER ADMINISTRASI DAN UMUM,OFFICER,ADMINISTRASI DAN UMUM,G2,S1 Komunikasi/Hubungan Masyarakat,1,S1,3T,Komunikasi dan Umum,2,1.411
297,2019,HOLDING,UIW Papua&Papua Barat,,OFFICER PELAKSANA PENGADAAN,OFFICER,PELAKSANA PENGADAAN,G2,S1 Logistik/Supply Chain Management,1,S1,3T,Manajemen Konstruksi dan Pengadaan,2,1.411
298,2019,HOLDING,UID Aceh,,OFFICER KINERJA TRANSAKSI ENERGI LISTRIK,OFFICER,KINERJA TRANSAKSI ENERGI LISTRIK,G2,S1 Teknik Elektro/Teknik Listrik,1,S1,3T,Distribusi,2,1.399
299,2019,HOLDING,UID Sumut,,OFFICER PRIORITY ACCOUNT EXECUTIVE,OFFICER,PRIORITY ACCOUNT EXECUTIVE,G2,S1 Komunikasi/Hubungan Masyarakat,1,S1,Rekrut 2019,Komunikasi dan Umum,2,1.396
300,2019,HOLDING,PUSDIKLAT,,"OFFICER PENGEMBANGAN, MUTU DAN KINERJA",OFFICER,"PENGEMBANGAN, MUTU DAN KINERJA",G2,S1 Teknik Industri/Teknik Material,1,S1,Rekrut 2019,Perencanaan dan Kinerja,2,1.389
301,2019,HOLDING,UID Kaltimra,,TECHNICIAN KONSTRUKSI LISTRIK PERDESAAN,TECHNICIAN,KONSTRUKSI LISTRIK PERDESAAN,G2,S1 Teknik Elektro/Teknik Listrik,1,S1,3T,Distribusi,2,1.385
302,2019,HOLDING,UID Kaltimra,,TECHNICIAN OPERASI DISTRIBUSI,TECHNICIAN,OPERASI DISTRIBUSI,G2,S1 Teknik Elektro/Teknik Listrik,1,S1,3T,Distribusi,2,1.385
303,2019,HOLDING,UID Kaltimra,,TECHNICIAN PENGATURAN OPERASI,TECHNICIAN,PENGATURAN OPERASI,G2,S1 Teknik Kimia/Teknik Lingkungan,1,S1,3T,Perencanaan Sistem,2,1.385
304,2019,HOLDING,UID Riau & Kepri,,OFFICER ADMINISTRASI DAN UMUM,OFFICER,ADMINISTRASI DAN UMUM,G2,S1 Komunikasi/Hubungan Masyarakat,1,S1,Rekrut 2019,Komunikasi dan Umum,2,1.38
305,2019,HOLDING,UID Riau & Kepri,,OFFICER KINERJA,OFFICER,KINERJA,G2,S1 Teknik Industri/Teknik Material,1,S1,Rekrut 2019,Perencanaan dan Kinerja,2,1.38
306,2019,HOLDING,UID Riau & Kepri,,OFFICER PELAKSANA PENGADAAN,OFFICER,PELAKSANA PENGADAAN,G2,S1 Logistik/Supply Chain Management,1,S1,Rekrut 2019,Manajemen Konstruksi dan Pengadaan,2,1.38
307,2019,HOLDING,UID Banten,,OFFICER KINERJA KEUANGAN DAN UMUM,OFFICER,KINERJA KEUANGAN DAN UMUM,G2,S1 Akuntansi/Administrasi Fiskal,1,S1,Rekrut 2019,Keuangan dan Akuntansi,2,1.378
308,2019,HOLDING,UID Banten,,OFFICER LOGISTIK LAYANAN PELANGGAN,OFFICER,LOGISTIK LAYANAN PELANGGAN,G2,S1 Logistik/Supply Chain Management,1,S1,Rekrut 2019,Manajemen Konstruksi dan Pengadaan,2,1.378
309,2019,HOLDING,UIP Sumatera Bag Selatan,,OFFICER PENGENDALIAN PROYEK,OFFICER,PENGENDALIAN PROYEK,G2,S1 Logistik/Supply Chain Management,1,S1,Rekrut 2019,Manajemen Konstruksi dan Pengadaan,2,1.37
310,2019,HOLDING,Kantor Pusat,,OFFICER AUDIT TRANSMISI DAN DISTRIBUSI 1A,OFFICER,AUDIT TRANSMISI DAN DISTRIBUSI 1A,G2,S1 Teknik Elektro/Teknik Listrik,1,S1,Rekrut 2019,Transmisi dan Gardu Induk,2,1.36
311,2019,HOLDING,Kantor Pusat,,OFFICER AUDIT TRANSMISI DAN DISTRIBUSI 1B,OFFICER,AUDIT TRANSMISI DAN DISTRIBUSI 1B,G2,S1 Teknik Elektro/Teknik Listrik,1,S1,Rekrut 2019,Transmisi dan Gardu Induk,2,1.36
312,2019,HOLDING,Kantor Pusat,,OFFICER PELAKSANA PENGADAAN MATERIAL TERPUSAT,OFFICER,PELAKSANA PENGADAAN MATERIAL TERPUSAT,G2,S1 Logistik/Supply Chain Management,1,S1,Rekrut 2019,Manajemen Konstruksi dan Pengadaan,2,1.36
313,2019,HOLDING,Kantor Pusat,,OFFICER PENEMUAN DAN KUALIFIKASI VENDOR,OFFICER,PENEMUAN DAN KUALIFIKASI VENDOR,G2,S1 Komunikasi/Hubungan Masyarakat,1,S1,Rekrut 2019,Komunikasi dan Umum,2,1.36
314,2019,HOLDING,Kantor Pusat,,"OFFICER RISIKO TRANSMISI SUMATERA, JAWA, MADURA, DAN BALI",OFFICER,"RISIKO TRANSMISI SUMATERA, JAWA, MADURA, DAN BALI",G2,S1 Teknik Elektro/Teknik Listrik,1,S1,Rekrut 2019,Transmisi dan Gardu Induk,2,1.36
315,2019,HOLDING,UIP Nusa Tenggara,,OFFICER PERIZINAN DAN PERTANAHAN,OFFICER,PERIZINAN DAN PERTANAHAN,G2,S1 Logistik/Supply Chain Management,1,S1,3T,Manajemen Konstruksi dan Pengadaan,2,1.36
316,2019,HOLDING,UID Jawa Barat,,OFFICER PELAKSANA PENGADAAN,OFFICER,PELAKSANA PENGADAAN,G2,S1 Logistik/Supply Chain Management,1,S1,Rekrut 2019,Manajemen Konstruksi dan Pengadaan,2,1.349
317,2019,HOLDING,UID Kalselteng,,OFFICER KEUANGAN DAN ANGGARAN,OFFICER,KEUANGAN DAN ANGGARAN,G2,S1 Akuntansi/Administrasi Fiskal,1,S1,3T,Keuangan dan Akuntansi,2,1.344
318,2019,HOLDING,UID Kalselteng,,OFFICER KINERJA,OFFICER,KINERJA,G2,S1 Teknik Industri/Teknik Material,1,S1,3T,Perencanaan dan Kinerja,2,1.344
319,2019,HOLDING,UID Kalselteng,,OFFICER PERENCANAAN DAN EVALUASI SISTEM DISTRIBUSI,OFFICER,PERENCANAAN DAN EVALUASI SISTEM DISTRIBUSI,G2,S1 Teknik Kimia/Teknik Lingkungan,1,S1,3T,Perencanaan Sistem,2,1.344
320,2019,HOLDING,UID Kalselteng,,TECHNICIAN PEMELIHARAAN DISTRIBUSI,TECHNICIAN,PEMELIHARAAN DISTRIBUSI,G2,S1 Teknik Elektro/Teknik Listrik,1,S1,3T,Distribusi,2,1.344
321,2019,HOLDING,PUSERTIF,,TECHNICIAN PENGELOLAAN INSPEKSI TRANSMISI DAN GARDU INDUK,TECHNICIAN,PENGELOLAAN INSPEKSI TRANSMISI DAN GARDU INDUK,G2,S1 Teknik Elektro/Teknik Listrik,1,S1,Rekrut 2019,Transmisi dan Gardu Induk,2,1.338
322,2019,HOLDING,UID Lampung,,OFFICER KINERJA TRANSAKSI ENERGI LISTRIK,OFFICER,KINERJA TRANSAKSI ENERGI LISTRIK,G2,S1 Teknik Elektro/Teknik Listrik,1,S1,Rekrut 2019,Distribusi,2,1.335
323,2019,HOLDING,UIP Sulawesi,,OFFICER PERIZINAN DAN PERTANAHAN,OFFICER,PERIZINAN DAN PERTANAHAN,G2,S1 Logistik/Supply Chain Management,1,S1,3T,Manajemen Konstruksi dan Pengadaan,2,1.326
324,2019,HOLDING,UIP Sumatera Bag Utara,,OFFICER ADMINISTRASI DAN UMUM,OFFICER,ADMINISTRASI DAN UMUM,G2,S1 Komunikasi/Hubungan Masyarakat,1,S1,Rekrut 2019,Komunikasi dan Umum,2,1.314
325,2019,HOLDING,UIP3B Kalimantan,,"OFFICER KESELAMATAN, KESEHATAN KERJA, LINGKUNGAN, DAN KEAMANAN",OFFICER,"KESELAMATAN, KESEHATAN KERJA, LINGKUNGAN, DAN KEAMANAN",G2,S1 Keselamatan Dan Kesehatan Kerja/Kesehatan Masyarakat K3,1,S1,3T,K3 dan Lingkungan,2,1.302
326,2019,HOLDING,UIP3B Kalimantan,,OFFICER PENGENDALIAN ADMINISTRASI KONTRAK,OFFICER,PENGENDALIAN ADMINISTRASI KONTRAK,G2,S1 Logistik/Supply Chain Management,1,S1,3T,Manajemen Konstruksi dan Pengadaan,2,1.302
327,2019,HOLDING,UIP3B Kalimantan,,OFFICER PERENCANAAN DAN EVALUASI OPERASI SISTEM,OFFICER,PERENCANAAN DAN EVALUASI OPERASI SISTEM,G2,S1 Teknik Kimia/Teknik Lingkungan,1,S1,3T,Perencanaan Sistem,2,1.302
328,2019,HOLDING,UIP3B Kalimantan,,OFFICER STRATEGI OPERASI SISTEM,OFFICER,STRATEGI OPERASI SISTEM,G2,S1 Teknik Kimia/Teknik Lingkungan,1,S1,3T,Perencanaan Sistem,2,1.302
329,2019,HOLDING,UIP3B Kalimantan,,TECHNICIAN PENGENDALIAN OPERASI DAN PEMELIHARAAN,TECHNICIAN,PENGENDALIAN OPERASI DAN PEMELIHARAAN,G2,S1 Teknik Elektro/Teknik Listrik,1,S1,3T,Distribusi,2,1.302
330,2019,HOLDING,UIP3B Kalimantan,,TECHNICIAN PROTEKSI SISTEM,TECHNICIAN,PROTEKSI SISTEM,G2,S1 Teknik Elektro/Teknik Listrik,1,S1,3T,Proteksi dan Kontrol,2,1.302
331,2019,HOLDING,PUSLITBANG,,"OFFICER ASET PROPERTI, KOMUNIKASI DAN UMUM",OFFICER,"ASET PROPERTI, KOMUNIKASI DAN UMUM",G2,S1 Komunikasi/Hubungan Masyarakat,1,S1,Rekrut 2019,Komunikasi dan Umum,2,1.296
332,2019,HOLDING,UIP Kalimantan Bag Timur,,OFFICER ADMINISTRASI DAN UMUM,OFFICER,ADMINISTRASI DAN UMUM,G2,S1 Komunikasi/Hubungan Masyarakat,1,S1,3T,Komunikasi dan Umum,2,1.296
333,2019,HOLDING,UIP Kalimantan Bag Timur,,OFFICER AKUNTANSI,OFFICER,AKUNTANSI,G2,S1 Akuntansi/Administrasi Fiskal,1,S1,3T,Keuangan dan Akuntansi,2,1.296
334,2019,HOLDING,UIP Kalimantan Bag Timur,,"OFFICER KEUANGAN, PERIZINAN, PERTANAHAN DAN UMUM",OFFICER,"KEUANGAN, PERIZINAN, PERTANAHAN DAN UMUM",G2,S1 Logistik/Supply Chain Management,1,S1,3T,Manajemen Konstruksi dan Pengadaan,2,1.296
335,2019,HOLDING,UIP Kalimantan Bag Timur,,OFFICER PENGENDALIAN KONSTRUKSI,OFFICER,PENGENDALIAN KONSTRUKSI,G2,S1 Logistik/Supply Chain Management,1,S1,3T,Manajemen Konstruksi dan Pengadaan,2,1.296
336,2019,HOLDING,UIP Kalimantan Bag Timur,,OFFICER PENGENDALIAN KONTRAK DAN RISIKO PROYEK,OFFICER,PENGENDALIAN KONTRAK DAN RISIKO PROYEK,G2,S1 Logistik/Supply Chain Management,1,S1,3T,Manajemen Konstruksi dan Pengadaan,2,1.296
337,2019,HOLDING,UIP Kalimantan Bag Timur,,TECHNICIAN PENGENDALIAN KONTRAK DAN PELAPORAN,TECHNICIAN,PENGENDALIAN KONTRAK DAN PELAPORAN,G2,S1 Logistik/Supply Chain Management,1,S1,3T,Manajemen Konstruksi dan Pengadaan,2,1.296
338,2019,HOLDING,UIT JBB,,"OFFICER KESELAMATAN, KESEHATAN KERJA DAN KEAMANAN",OFFICER,"KESELAMATAN, KESEHATAN KERJA DAN KEAMANAN",G2,S1 Keselamatan Dan Kesehatan Kerja/Kesehatan Masyarakat K3,1,S1,Rekrut 2019,K3 dan Lingkungan,2,1.295
339,2019,HOLDING,UIT JBB,,OFFICER KEUANGAN DAN AKUNTANSI,OFFICER,KEUANGAN DAN AKUNTANSI,G2,S1 Akuntansi/Administrasi Fiskal,1,S1,Rekrut 2019,Keuangan dan Akuntansi,2,1.295
340,2019,HOLDING,UIT JBB,,OFFICER PENGENDALIAN KONSTRUKSI PERALATAN GARDU INDUK,OFFICER,PENGENDALIAN KONSTRUKSI PERALATAN GARDU INDUK,G2,S1 Teknik Elektro/Teknik Listrik,1,S1,Rekrut 2019,Transmisi dan Gardu Induk,2,1.295
341,2019,HOLDING,UIT JBTB,,TECHNICIAN PDKB GI/GITET,TECHNICIAN,PDKB GI/GITET,G2,S1 Teknik Elektro/Teknik Listrik,1,S1,Rekrut 2019,Transmisi dan Gardu Induk,2,1.289
342,2019,HOLDING,Pusat Pengatur Beban,,OFFICER KEUANGAN DAN AKUNTANSI,OFFICER,KEUANGAN DAN AKUNTANSI,G2,S1 Akuntansi/Administrasi Fiskal,1,S1,Rekrut 2019,Keuangan dan Akuntansi,2,1.284
343,2019,HOLDING,Pusat Pengatur Beban,,OFFICER KOMUNIKASI,OFFICER,KOMUNIKASI,G2,S1 Komunikasi/Hubungan Masyarakat,1,S1,Rekrut 2019,Komunikasi dan Umum,2,1.284
344,2019,HOLDING,PUSHARLIS,,TECHNICIAN PERENCANAAN DAN PENGENDALIAN PRODUKSI,TECHNICIAN,PERENCANAAN DAN PENGENDALIAN PRODUKSI,G2,S1 Teknik Industri/Teknik Material,1,S1,Rekrut 2019,Perencanaan dan Kinerja,2,1.283
345,2019,HOLDING,UID Jawa Tengah & DIY,,OFFICER ADMINISTRASI DAN UMUM,OFFICER,ADMINISTRASI DAN UMUM,G2,S1 Komunikasi/Hubungan Masyarakat,1,S1,Rekrut 2019,Komunikasi dan Umum,2,1.283
346,2019,HOLDING,UIP JBB,,OFFICER ADMINISTRASI TEKNIK,OFFICER,ADMINISTRASI TEKNIK,G2,S1 Komunikasi/Hubungan Masyarakat,1,S1,Rekrut 2019,Komunikasi dan Umum,2,1.282
347,2019,HOLDING,UIP JBB,,OFFICER PENGENDALIAN KONSTRUKSI,OFFICER,PENGENDALIAN KONSTRUKSI,G2,S1 Logistik/Supply Chain Management,1,S1,Rekrut 2019,Manajemen Konstruksi dan Pengadaan,2,1.282
348,2019,HOLDING,UIP JBB,,TECHNICIAN PROJECT SITE,TECHNICIAN,PROJECT SITE,G2,S1 Teknik Elektro/Teknik Listrik,1,S1,Rekrut 2019,Distribusi,2,1.282
349,2019,HOLDING,UID Aceh,,OFFICER KINERJA,OFFICER,KINERJA,G2,S1 Teknik Industri/Teknik Material,1,S1,3T,Perencanaan dan Kinerja,2,1.272
350,2019,HOLDING,UID Sumbar,,OFFICER KINERJA,OFFICER,KINERJA,G2,S1 Teknik Industri/Teknik Material,1,S1,Rekrut 2019,Perencanaan dan Kinerja,2,1.27
351,2019,HOLDING,UID Suluttenggo,,OFFICER ACCOUNT EXECUTIVE,OFFICER,ACCOUNT EXECUTIVE,G2,S1 Komunikasi/Hubungan Masyarakat,1,S1,3T,Komunikasi dan Umum,2,1.263
352,2019,HOLDING,UIT JBT,,OFFICER ADMINISTRASI DAN UMUM,OFFICER,ADMINISTRASI DAN UMUM,G2,S1 Komunikasi/Hubungan Masyarakat,1,S1,Rekrut 2019,Komunikasi dan Umum,2,1.255
353,2019,HOLDING,UID Jakarta Raya,,OFFICER ADMINISTRASI DAN PELAYANAN PELANGGAN,OFFICER,ADMINISTRASI DAN PELAYANAN PELANGGAN,G2,S1 Manajemen Pemasaran/Digital Marketing Dan Analytics,1,S1,Rekrut 2019,Niaga dan Pemasaran,2,1.246
354,2019,HOLDING,UID Jakarta Raya,,OFFICER ADMINISTRASI DAN UMUM,OFFICER,ADMINISTRASI DAN UMUM,G2,S1 Komunikasi/Hubungan Masyarakat,1,S1,Rekrut 2019,Komunikasi dan Umum,2,1.246
355,2019,HOLDING,UID Jakarta Raya,,OFFICER PENGELOLAAN PIUTANG,OFFICER,PENGELOLAAN PIUTANG,G2,S1 Teknik Industri/Teknik Material,1,S1,Rekrut 2019,Perencanaan dan Kinerja,2,1.246
356,2019,HOLDING,UID Jakarta Raya,,TECHNICIAN PEMELIHARAAN APP,TECHNICIAN,PEMELIHARAAN APP,G2,S1 Teknik Elektro/Teknik Listrik,1,S1,Rekrut 2019,Distribusi,2,1.246
357,2019,HOLDING,UIP Sumatera Bag Tengah,,OFFICER PENGENDALIAN KONSTRUKSI,OFFICER,PENGENDALIAN KONSTRUKSI,G2,S1 Logistik/Supply Chain Management,1,S1,Rekrut 2019,Manajemen Konstruksi dan Pengadaan,2,1.209
358,2019,HOLDING,UIP Sulawesi,,OFFICER PENGENDALIAN PROYEK,OFFICER,PENGENDALIAN PROYEK,G2,S1 Logistik/Supply Chain Management,1,S1,3T,Manajemen Konstruksi dan Pengadaan,2,1.206
359,2019,HOLDING,PUSERTIF,,TECHNICIAN PENGELOLAAN INSPEKSI DISTRIBUSI,TECHNICIAN,PENGELOLAAN INSPEKSI DISTRIBUSI,G2,S1 Teknik Elektro/Teknik Listrik,1,S1,Rekrut 2019,Distribusi,2,1.204
360,2019,HOLDING,PUSERTIF,,TECHNICIAN PENGELOLAAN PENGUJIAN PRODUK TEGANGAN RENDAH,TECHNICIAN,PENGELOLAAN PENGUJIAN PRODUK TEGANGAN RENDAH,G2,S1 Teknik Industri/Teknik Material,1,S1,Rekrut 2019,Perencanaan dan Kinerja,2,1.204
361,2019,HOLDING,Kantor Pusat,,OFFICER AUDIT TRANSMISI DAN DISTRIBUSI 3D,OFFICER,AUDIT TRANSMISI DAN DISTRIBUSI 3D,G2,S1 Teknik Elektro/Teknik Listrik,1,S1,Rekrut 2019,Transmisi dan Gardu Induk,2,1.19
362,2019,HOLDING,Kantor Pusat,,OFFICER MANAJEMEN DAN ENJINIRING DATA PERUSAHAAN,OFFICER,MANAJEMEN DAN ENJINIRING DATA PERUSAHAAN,G2,S1 Teknik Kimia/Teknik Lingkungan,1,S1,Rekrut 2019,Perencanaan Sistem,2,1.19
363,2019,HOLDING,Kantor Pusat,,OFFICER PELAPORAN AUDIT,OFFICER,PELAPORAN AUDIT,G2,S1 Akuntansi/Administrasi Fiskal,1,S1,Rekrut 2019,Audit dan Risiko,2,1.19
364,2019,HOLDING,Kantor Pusat,,OFFICER PERENCANA PENGADAAN PLTP IPP,OFFICER,PERENCANA PENGADAAN PLTP IPP,G2,S1 Teknik Mesin/Konversi Energi,1,S1,Rekrut 2019,Pembangkitan,2,1.19
365,2019,HOLDING,Kantor Pusat,,TECHNICIAN KONSTRUKSI PEMBANGKIT,TECHNICIAN,KONSTRUKSI PEMBANGKIT,G2,S1 Teknik Mesin/Konversi Energi,1,S1,Rekrut 2019,Pembangkitan,2,1.19
366,2019,HOLDING,UID Kalbar,,OFFICER ACCOUNT EXECUTIVE,OFFICER,ACCOUNT EXECUTIVE,G2,S1 Komunikasi/Hubungan Masyarakat,1,S1,3T,Komunikasi dan Umum,2,1.182
367,2019,HOLDING,UID Kalbar,,OFFICER KINERJA KEUANGAN DAN UMUM,OFFICER,KINERJA KEUANGAN DAN UMUM,G2,S1 Akuntansi/Administrasi Fiskal,1,S1,3T,Keuangan dan Akuntansi,2,1.182
368,2019,HOLDING,UID Kalbar,,OFFICER PERENCANAAN DAN EVALUASI SISTEM DISTRIBUSI,OFFICER,PERENCANAAN DAN EVALUASI SISTEM DISTRIBUSI,G2,S1 Teknik Kimia/Teknik Lingkungan,1,S1,3T,Perencanaan Sistem,2,1.182
369,2019,HOLDING,UID Kalbar,,TECHNICIAN KONSTRUKSI LISTRIK PERDESAAN,TECHNICIAN,KONSTRUKSI LISTRIK PERDESAAN,G2,S1 Teknik Elektro/Teknik Listrik,1,S1,3T,Distribusi,2,1.182
370,2019,HOLDING,UID Kalbar,,TECHNICIAN PEMELIHARAAN DISTRIBUSI,TECHNICIAN,PEMELIHARAAN DISTRIBUSI,G2,S1 Teknik Elektro/Teknik Listrik,1,S1,3T,Distribusi,2,1.182
371,2019,HOLDING,UID Kalbar,,TECHNICIAN PEMELIHARAAN ELEKTROMEKANIK,TECHNICIAN,PEMELIHARAAN ELEKTROMEKANIK,G2,S1 Teknik Mesin/Konversi Energi,1,S1,3T,Pembangkitan,2,1.182
372,2019,HOLDING,UID Sumut,,OFFICER LOGISTIK,OFFICER,LOGISTIK,G2,S1 Logistik/Supply Chain Management,1,S1,Rekrut 2019,Manajemen Konstruksi dan Pengadaan,2,1.163
373,2019,HOLDING,UID Sulselrabar,,OFFICER KINERJA NIAGA DAN PEMASARAN,OFFICER,KINERJA NIAGA DAN PEMASARAN,G2,S1 Manajemen Pemasaran/Digital Marketing Dan Analytics,1,S1,3T,Niaga dan Pemasaran,2,1.159
374,2019,HOLDING,UID S2JB,,OFFICER PELAKSANA PENGADAAN,OFFICER,PELAKSANA PENGADAAN,G2,S1 Logistik/Supply Chain Management,1,S1,3T,Manajemen Konstruksi dan Pengadaan,2,1.15
375,2019,HOLDING,UIW NusaTenggaraTimur,,OFFICER NIAGA DAN PELAYANAN PELANGGAN,OFFICER,NIAGA DAN PELAYANAN PELANGGAN,G2,S1 Manajemen Pemasaran/Digital Marketing Dan Analytics,1,S1,3T,Niaga dan Pemasaran,2,1.145
376,2019,HOLDING,UIW NusaTenggaraTimur,,OFFICER PERENCANAAN DAN EVALUASI SISTEM DISTRIBUSI,OFFICER,PERENCANAAN DAN EVALUASI SISTEM DISTRIBUSI,G2,S1 Teknik Kimia/Teknik Lingkungan,1,S1,3T,Perencanaan Sistem,2,1.145
377,2019,HOLDING,UIW NusaTenggaraTimur,,TECHNICIAN ENJINIRING DAN KINERJA,TECHNICIAN,ENJINIRING DAN KINERJA,G2,S1 Teknik Kimia/Teknik Lingkungan,1,S1,3T,Perencanaan Sistem,2,1.145
378,2019,HOLDING,UIW NusaTenggaraTimur,,TECHNICIAN OPERASI DISTRIBUSI,TECHNICIAN,OPERASI DISTRIBUSI,G2,S1 Teknik Elektro/Teknik Listrik,1,S1,3T,Distribusi,2,1.145
379,2019,HOLDING,P3B Sumatera,,OFFICER KEUANGAN DAN ANGGARAN,OFFICER,KEUANGAN DAN ANGGARAN,G2,S1 Akuntansi/Administrasi Fiskal,1,S1,Rekrut 2019,Keuangan dan Akuntansi,2,1.144
380,2019,HOLDING,P3B Sumatera,,OFFICER PERENCANAAN DAN EVALUASI PEMELIHARAAN GARDU INDUK,OFFICER,PERENCANAAN DAN EVALUASI PEMELIHARAAN GARDU INDUK,G2,S1 Teknik Elektro/Teknik Listrik,1,S1,Rekrut 2019,Transmisi dan Gardu Induk,2,1.144
381,2019,HOLDING,P3B Sumatera,,TECHNICIAN PROTEKSI SISTEM,TECHNICIAN,PROTEKSI SISTEM,G2,S1 Teknik Elektro/Teknik Listrik,1,S1,Rekrut 2019,Proteksi dan Kontrol,2,1.144
382,2019,HOLDING,UIP JBT,,OFFICER PELAKSANA PENGADAAN,OFFICER,PELAKSANA PENGADAAN,G2,S1 Logistik/Supply Chain Management,1,S1,Rekrut 2019,Manajemen Konstruksi dan Pengadaan,2,1.143
383,2019,HOLDING,UIP JBT,,OFFICER PERENCANAAN UMUM DAN KINERJA,OFFICER,PERENCANAAN UMUM DAN KINERJA,G2,S1 Komunikasi/Hubungan Masyarakat,1,S1,Rekrut 2019,Komunikasi dan Umum,2,1.143
384,2019,HOLDING,Pusat Pengatur Beban,,TECHNICIAN OPERASI SISTEM D,TECHNICIAN,OPERASI SISTEM D,G2,S1 Teknik Kimia/Teknik Lingkungan,1,S1,Rekrut 2019,Perencanaan Sistem,2,1.142
385,2019,HOLDING,UID Jawa Tengah & DIY,,TECHNICIAN TEKNIK LAYANAN PELANGGAN,TECHNICIAN,TEKNIK LAYANAN PELANGGAN,G2,S1 Teknik Elektro/Teknik Listrik,1,S1,Rekrut 2019,Distribusi,2,1.141
386,2019,HOLDING,PUSMANPRO,,"OFFICER ASET PROPERTI, KOMUNIKASI DAN UMUM",OFFICER,"ASET PROPERTI, KOMUNIKASI DAN UMUM",G2,S1 Komunikasi/Hubungan Masyarakat,1,S1,Rekrut 2019,Komunikasi dan Umum,2,1.139
387,2019,HOLDING,PUSMANPRO,,OFFICER KEUANGAN DAN AKUNTANSI,OFFICER,KEUANGAN DAN AKUNTANSI,G2,S1 Akuntansi/Administrasi Fiskal,1,S1,Rekrut 2019,Keuangan dan Akuntansi,2,1.139
388,2019,HOLDING,UIW Bangka Belitung,,OFFICER KINERJA KEUANGAN DAN UMUM,OFFICER,KINERJA KEUANGAN DAN UMUM,G2,S1 Akuntansi/Administrasi Fiskal,1,S1,Rekrut 2019,Keuangan dan Akuntansi,2,1.138
389,2019,HOLDING,UIP Nusa Tenggara,,OFFICER PENGENDALIAN PROYEK,OFFICER,PENGENDALIAN PROYEK,G2,S1 Logistik/Supply Chain Management,1,S1,3T,Manajemen Konstruksi dan Pengadaan,2,1.133
390,2019,HOLDING,UIW Papua&Papua Barat,,OFFICER MAPPING DATA JARINGAN DAN PELANGGAN,OFFICER,MAPPING DATA JARINGAN DAN PELANGGAN,G2,S1 Teknik Elektro/Teknik Listrik,1,S1,3T,Distribusi,2,1.129
391,2019,HOLDING,UIW Papua&Papua Barat,,OFFICER PERENCANAAN LISTRIK PERDESAAN,OFFICER,PERENCANAAN LISTRIK PERDESAAN,G2,S1 Teknik Elektro/Teknik Listrik,1,S1,3T,Distribusi,2,1.129
392,2019,HOLDING,UIW Papua&Papua Barat,,OFFICER PERENCANAAN SISTEM KELISTRIKAN,OFFICER,PERENCANAAN SISTEM KELISTRIKAN,G2,S1 Teknik Kimia/Teknik Lingkungan,1,S1,3T,Perencanaan Sistem,2,1.129
393,2019,HOLDING,UIW Papua&Papua Barat,,TECHNICIAN PENGELOLAAN KONSTRUKSI,TECHNICIAN,PENGELOLAAN KONSTRUKSI,G2,S1 Logistik/Supply Chain Management,1,S1,3T,Manajemen Konstruksi dan Pengadaan,2,1.129
394,2019,HOLDING,UIP Sumatera Bag Utara,,TECHNICIAN PENGENDALIAN KONSTRUKSI,TECHNICIAN,PENGENDALIAN KONSTRUKSI,G2,S1 Logistik/Supply Chain Management,1,S1,Rekrut 2019,Manajemen Konstruksi dan Pengadaan,2,1.126
395,2019,HOLDING,UID Jawa Barat,,TECHNICIAN PEMELIHARAAN DISTRIBUSI,TECHNICIAN,PEMELIHARAAN DISTRIBUSI,G2,S1 Teknik Elektro/Teknik Listrik,1,S1,Rekrut 2019,Distribusi,2,1.124
396,2019,HOLDING,UID Jawa Barat,,TECHNICIAN PROTEKSI DAN METER,TECHNICIAN,PROTEKSI DAN METER,G2,S1 Teknik Elektro/Teknik Listrik,1,S1,Rekrut 2019,Proteksi dan Kontrol,2,1.124
397,2019,HOLDING,UIT JBT,,TECHNICIAN JARINGAN TRANSMISI DAN GARDU INDUK,TECHNICIAN,JARINGAN TRANSMISI DAN GARDU INDUK,G2,S1 Teknik Elektro/Teknik Listrik,1,S1,Rekrut 2019,Transmisi dan Gardu Induk,2,1.115
398,2019,HOLDING,UIT JBT,,TECHNICIAN JARINGAN TRANSMISI DAN GARDU INDUK TEGANGAN EKSTRA TINGGI,TECHNICIAN,JARINGAN TRANSMISI DAN GARDU INDUK TEGANGAN EKSTRA TINGGI,G2,S1 Teknik Elektro/Teknik Listrik,1,S1,Rekrut 2019,Transmisi dan Gardu Induk,2,1.115
399,2019,HOLDING,UIT JBT,,TECHNICIAN PDKB GI/GITET,TECHNICIAN,PDKB GI/GITET,G2,S1 Teknik Elektro/Teknik Listrik,1,S1,Rekrut 2019,Transmisi dan Gardu Induk,2,1.115
400,2019,HOLDING,UIT JBT,,TECHNICIAN PDKB SUTT/SUTET,TECHNICIAN,PDKB SUTT/SUTET,G2,S1 Teknik Elektro/Teknik Listrik,1,S1,Rekrut 2019,Transmisi dan Gardu Induk,2,1.115
401,2019,HOLDING,PUSDIKLAT,,OFFICER PENYELENGGARAAN PEMBELAJARAN NON TEKNIK,OFFICER,PENYELENGGARAAN PEMBELAJARAN NON TEKNIK,G2,S1 Psikologi/Kepegawaian,1,S1,Rekrut 2019,Sumber Daya Manusia,2,1.111
402,2019,HOLDING,UID Kaltimra,,OFFICER ACCOUNT EXECUTIVE,OFFICER,ACCOUNT EXECUTIVE,G2,S1 Komunikasi/Hubungan Masyarakat,1,S1,3T,Komunikasi dan Umum,2,1.108
403,2019,HOLDING,UID Kaltimra,,OFFICER ADMINISTRASI DAN UMUM,OFFICER,ADMINISTRASI DAN UMUM,G2,S1 Komunikasi/Hubungan Masyarakat,1,S1,3T,Komunikasi dan Umum,2,1.108
404,2019,HOLDING,UID Kaltimra,,OFFICER KEUANGAN DAN ANGGARAN,OFFICER,KEUANGAN DAN ANGGARAN,G2,S1 Akuntansi/Administrasi Fiskal,1,S1,3T,Keuangan dan Akuntansi,2,1.108
405,2019,HOLDING,UID Kaltimra,,OFFICER KINERJA JARINGAN DAN KONSTRUKSI DISTRIBUSI,OFFICER,KINERJA JARINGAN DAN KONSTRUKSI DISTRIBUSI,G2,S1 Teknik Elektro/Teknik Listrik,1,S1,3T,Distribusi,2,1.108
406,2019,HOLDING,UID Kaltimra,,OFFICER KINERJA TRANSAKSI ENERGI LISTRIK,OFFICER,KINERJA TRANSAKSI ENERGI LISTRIK,G2,S1 Teknik Elektro/Teknik Listrik,1,S1,3T,Distribusi,2,1.108
407,2019,HOLDING,UID Kaltimra,,OFFICER PERENCANAAN DAN EVALUASI SISTEM DISTRIBUSI,OFFICER,PERENCANAAN DAN EVALUASI SISTEM DISTRIBUSI,G2,S1 Teknik Kimia/Teknik Lingkungan,1,S1,3T,Perencanaan Sistem,2,1.108
408,2019,HOLDING,UID Kaltimra,,OFFICER PRIORITY ACCOUNT EXECUTIVE,OFFICER,PRIORITY ACCOUNT EXECUTIVE,G2,S1 Komunikasi/Hubungan Masyarakat,1,S1,3T,Komunikasi dan Umum,2,1.108
409,2019,HOLDING,UID Kaltimra,,TECHNICIAN PEMELIHARAAN METER TRANSAKSI,TECHNICIAN,PEMELIHARAAN METER TRANSAKSI,G2,S1 Teknik Elektro/Teknik Listrik,1,S1,3T,Distribusi,2,1.108
410,2019,HOLDING,UID Kaltimra,,TECHNICIAN PENGELOLAAN KONSTRUKSI DISTRIBUSI,TECHNICIAN,PENGELOLAAN KONSTRUKSI DISTRIBUSI,G2,S1 Teknik Elektro/Teknik Listrik,1,S1,3T,Distribusi,2,1.108
411,2019,HOLDING,UID Kaltimra,,TECHNICIAN PENGENDALIAN SUSUT,TECHNICIAN,PENGENDALIAN SUSUT,G2,S1 Teknik Elektro/Teknik Listrik,1,S1,3T,Distribusi,2,1.108
412,2019,HOLDING,UIT JBTB,,OFFICER ADMINISTRASI DAN UMUM,OFFICER,ADMINISTRASI DAN UMUM,G2,S1 Komunikasi/Hubungan Masyarakat,1,S1,Rekrut 2019,Komunikasi dan Umum,2,1.075
413,2019,HOLDING,UIT JBTB,,TECHNICIAN JARINGAN TRANSMISI DAN GARDU INDUK TEGANGAN EKSTRA TINGGI,TECHNICIAN,JARINGAN TRANSMISI DAN GARDU INDUK TEGANGAN EKSTRA TINGGI,G2,S1 Teknik Elektro/Teknik Listrik,1,S1,Rekrut 2019,Transmisi dan Gardu Induk,2,1.075
414,2019,HOLDING,UID Banten,,OFFICER KINERJA KONSTRUKSI DISTRIBUSI,OFFICER,KINERJA KONSTRUKSI DISTRIBUSI,G2,S1 Teknik Elektro/Teknik Listrik,1,S1,Rekrut 2019,Distribusi,2,1.072
415,2019,HOLDING,UID Banten,,OFFICER PELAKSANA PENGADAAN,OFFICER,PELAKSANA PENGADAAN,G2,S1 Logistik/Supply Chain Management,1,S1,Rekrut 2019,Manajemen Konstruksi dan Pengadaan,2,1.072
416,2019,HOLDING,UID Banten,,TECHNICIAN TEKNIK LAYANAN PELANGGAN,TECHNICIAN,TEKNIK LAYANAN PELANGGAN,G2,S1 Teknik Elektro/Teknik Listrik,1,S1,Rekrut 2019,Distribusi,2,1.072
417,2019,HOLDING,UIP JBB,,"OFFICER ASET, PERTANAHAN DAN ROW",OFFICER,"ASET, PERTANAHAN DAN ROW",G2,S1 Logistik/Supply Chain Management,1,S1,Rekrut 2019,Manajemen Konstruksi dan Pengadaan,2,1.068
418,2019,HOLDING,UIP JBB,,OFFICER PELAKSANA PENGADAAN,OFFICER,PELAKSANA PENGADAAN,G2,S1 Logistik/Supply Chain Management,1,S1,Rekrut 2019,Manajemen Konstruksi dan Pengadaan,2,1.068
419,2019,HOLDING,UIP JBB,,OFFICER PERIZINAN DAN PERTANAHAN,OFFICER,PERIZINAN DAN PERTANAHAN,G2,S1 Logistik/Supply Chain Management,1,S1,Rekrut 2019,Manajemen Konstruksi dan Pengadaan,2,1.068
420,2019,HOLDING,UIW NusaTenggara Barat,,TECHNICIAN PDKB,TECHNICIAN,PDKB,G2,S1 Teknik Elektro/Teknik Listrik,1,S1,3T,Distribusi,2,1.06
421,2019,HOLDING,UIW NusaTenggara Barat,,TECHNICIAN PEMELIHARAAN GARDU INDUK,TECHNICIAN,PEMELIHARAAN GARDU INDUK,G2,S1 Teknik Elektro/Teknik Listrik,1,S1,3T,Transmisi dan Gardu Induk,2,1.06
422,2019,HOLDING,UID Suluttenggo,,OFFICER OPERASI DAN PEMELIHARAAN SISTEM DISTRIBUSI,OFFICER,OPERASI DAN PEMELIHARAAN SISTEM DISTRIBUSI,G2,S1 Teknik Elektro/Teknik Listrik,1,S1,3T,Distribusi,2,1.053
423,2019,HOLDING,UID Suluttenggo,,OFFICER PERENCANAAN SISTEM KELISTRIKAN,OFFICER,PERENCANAAN SISTEM KELISTRIKAN,G2,S1 Teknik Kimia/Teknik Lingkungan,1,S1,3T,Perencanaan Sistem,2,1.053
424,2019,HOLDING,UID Suluttenggo,,OFFICER STRATEGI PEMASARAN,OFFICER,STRATEGI PEMASARAN,G2,S1 Manajemen Pemasaran/Digital Marketing Dan Analytics,1,S1,3T,Niaga dan Pemasaran,2,1.053
425,2019,HOLDING,UID Suluttenggo,,TECHNICIAN PENGATURAN OPERASI (PALU),TECHNICIAN,PENGATURAN OPERASI (PALU),G2,S1 Teknik Kimia/Teknik Lingkungan,1,S1,3T,Perencanaan Sistem,2,1.053
426,2019,HOLDING,UID Suluttenggo,,TECHNICIAN PENGENDALIAN SUSUT,TECHNICIAN,PENGENDALIAN SUSUT,G2,S1 Teknik Elektro/Teknik Listrik,1,S1,3T,Distribusi,2,1.053
427,2019,HOLDING,UID Sumut,,OFFICER ADMINISTRASI DAN UMUM,OFFICER,ADMINISTRASI DAN UMUM,G2,S1 Komunikasi/Hubungan Masyarakat,1,S1,Rekrut 2019,Komunikasi dan Umum,2,1.047
428,2019,HOLDING,UID Sumut,,OFFICER KINERJA NIAGA DAN PEMASARAN,OFFICER,KINERJA NIAGA DAN PEMASARAN,G2,S1 Manajemen Pemasaran/Digital Marketing Dan Analytics,1,S1,Rekrut 2019,Niaga dan Pemasaran,2,1.047
429,2019,HOLDING,UID Sulselrabar,,OFFICER PELAKSANA PENGADAAN,OFFICER,PELAKSANA PENGADAAN,G2,S1 Logistik/Supply Chain Management,1,S1,3T,Manajemen Konstruksi dan Pengadaan,2,1.043
430,2019,HOLDING,UID Jakarta Raya,,OFFICER KINERJA PEMASARAN,OFFICER,KINERJA PEMASARAN,G2,S1 Manajemen Pemasaran/Digital Marketing Dan Analytics,1,S1,Rekrut 2019,Niaga dan Pemasaran,2,1.038
431,2019,HOLDING,UID Jakarta Raya,,OFFICER KINERJA PEMELIHARAAN,OFFICER,KINERJA PEMELIHARAAN,G2,S1 Teknik Industri/Teknik Material,1,S1,Rekrut 2019,Perencanaan dan Kinerja,2,1.038
432,2019,HOLDING,UID Jakarta Raya,,OFFICER PERENCANAAN DAN EVALUASI SISTEM DISTRIBUSI,OFFICER,PERENCANAAN DAN EVALUASI SISTEM DISTRIBUSI,G2,S1 Teknik Kimia/Teknik Lingkungan,1,S1,Rekrut 2019,Perencanaan Sistem,2,1.038
433,2019,HOLDING,UIP Sumatera Bag Tengah,,"OFFICER KEUANGAN, PERIZINAN, PERTANAHAN DAN UMUM",OFFICER,"KEUANGAN, PERIZINAN, PERTANAHAN DAN UMUM",G2,S1 Logistik/Supply Chain Management,1,S1,Rekrut 2019,Manajemen Konstruksi dan Pengadaan,2,1.037
434,2019,HOLDING,UID Riau & Kepri,,OFFICER KINERJA KEUANGAN DAN UMUM,OFFICER,KINERJA KEUANGAN DAN UMUM,G2,S1 Akuntansi/Administrasi Fiskal,1,S1,Rekrut 2019,Keuangan dan Akuntansi,2,1.035
435,2019,HOLDING,Kantor Pusat,,OFFICER AUDIT INVESTIGASI 1B,OFFICER,AUDIT INVESTIGASI 1B,G2,S1 Akuntansi/Administrasi Fiskal,1,S1,Rekrut 2019,Audit dan Risiko,2,1.02
436,2019,HOLDING,Kantor Pusat,,OFFICER AUDIT INVESTIGASI 2A,OFFICER,AUDIT INVESTIGASI 2A,G2,S1 Akuntansi/Administrasi Fiskal,1,S1,Rekrut 2019,Audit dan Risiko,2,1.02
437,2019,HOLDING,Kantor Pusat,,"OFFICER AUDIT KONSTRUKSI, PEMBANGKITAN, DAN EBT 2A",OFFICER,"AUDIT KONSTRUKSI, PEMBANGKITAN, DAN EBT 2A",G2,S1 Teknik Mesin/Konversi Energi,1,S1,Rekrut 2019,Pembangkitan,2,1.02
438,2019,HOLDING,Kantor Pusat,,"OFFICER AUDIT KONSTRUKSI, PEMBANGKITAN, DAN EBT 2B",OFFICER,"AUDIT KONSTRUKSI, PEMBANGKITAN, DAN EBT 2B",G2,S1 Teknik Mesin/Konversi Energi,1,S1,Rekrut 2019,Pembangkitan,2,1.02
439,2019,HOLDING,Kantor Pusat,,"OFFICER AUDIT KONSTRUKSI, PEMBANGKITAN, DAN EBT 3B",OFFICER,"AUDIT KONSTRUKSI, PEMBANGKITAN, DAN EBT 3B",G2,S1 Teknik Mesin/Konversi Energi,1,S1,Rekrut 2019,Pembangkitan,2,1.02
440,2019,HOLDING,Kantor Pusat,,OFFICER AUDIT TRANSMISI DAN DISTRIBUSI 1C,OFFICER,AUDIT TRANSMISI DAN DISTRIBUSI 1C,G2,S1 Teknik Elektro/Teknik Listrik,1,S1,Rekrut 2019,Transmisi dan Gardu Induk,2,1.02
441,2019,HOLDING,Kantor Pusat,,OFFICER AUDIT TRANSMISI DAN DISTRIBUSI 1D,OFFICER,AUDIT TRANSMISI DAN DISTRIBUSI 1D,G2,S1 Teknik Elektro/Teknik Listrik,1,S1,Rekrut 2019,Transmisi dan Gardu Induk,2,1.02
442,2019,HOLDING,Kantor Pusat,,OFFICER AUDIT TRANSMISI DAN DISTRIBUSI 2C,OFFICER,AUDIT TRANSMISI DAN DISTRIBUSI 2C,G2,S1 Teknik Elektro/Teknik Listrik,1,S1,Rekrut 2019,Transmisi dan Gardu Induk,2,1.02
443,2019,HOLDING,Kantor Pusat,,OFFICER AUDIT TRANSMISI DAN DISTRIBUSI 3A,OFFICER,AUDIT TRANSMISI DAN DISTRIBUSI 3A,G2,S1 Teknik Elektro/Teknik Listrik,1,S1,Rekrut 2019,Transmisi dan Gardu Induk,2,1.02
444,2019,HOLDING,Kantor Pusat,,OFFICER AUDIT TRANSMISI DAN DISTRIBUSI 3C,OFFICER,AUDIT TRANSMISI DAN DISTRIBUSI 3C,G2,S1 Teknik Elektro/Teknik Listrik,1,S1,Rekrut 2019,Transmisi dan Gardu Induk,2,1.02
445,2019,HOLDING,Kantor Pusat,,OFFICER ERP FINANCE AND ACCOUNTING,OFFICER,ERP FINANCE AND ACCOUNTING,G2,S1 Komunikasi/Hubungan Masyarakat,1,S1,Rekrut 2019,Komunikasi dan Umum,2,1.02
446,2019,HOLDING,Kantor Pusat,,OFFICER ERP HUMAN CAPITAL AND QUALITY CONTROL,OFFICER,ERP HUMAN CAPITAL AND QUALITY CONTROL,G2,S1 Psikologi/Kepegawaian,1,S1,Rekrut 2019,Sumber Daya Manusia,2,1.02
447,2019,HOLDING,Kantor Pusat,,OFFICER JAMINAN KUALITAS AUDIT,OFFICER,JAMINAN KUALITAS AUDIT,G2,S1 Akuntansi/Administrasi Fiskal,1,S1,Rekrut 2019,Audit dan Risiko,2,1.02
448,2019,HOLDING,Kantor Pusat,,OFFICER KONSULTANSI AUDIT 3A,OFFICER,KONSULTANSI AUDIT 3A,G2,S1 Akuntansi/Administrasi Fiskal,1,S1,Rekrut 2019,Audit dan Risiko,2,1.02
449,2019,HOLDING,Kantor Pusat,,OFFICER KONSULTANSI AUDIT 3B,OFFICER,KONSULTANSI AUDIT 3B,G2,S1 Akuntansi/Administrasi Fiskal,1,S1,Rekrut 2019,Audit dan Risiko,2,1.02
450,2019,HOLDING,Kantor Pusat,,OFFICER MARKET INTELLIGENCE DAN EKONOMI ANALITIS,OFFICER,MARKET INTELLIGENCE DAN EKONOMI ANALITIS,G2,S1 Komunikasi/Hubungan Masyarakat,1,S1,Rekrut 2019,Komunikasi dan Umum,2,1.02
451,2019,HOLDING,Kantor Pusat,,OFFICER PELAYANAN HUMAN CAPITAL MEDAN,OFFICER,PELAYANAN HUMAN CAPITAL MEDAN,G2,S1 Psikologi/Kepegawaian,1,S1,Rekrut 2019,Sumber Daya Manusia,2,1.02
452,2019,HOLDING,Kantor Pusat,,OFFICER PENGEMBANGAN TALENTA UID JAWA BARAT,OFFICER,PENGEMBANGAN TALENTA UID JAWA BARAT,G2,S1 Psikologi/Kepegawaian,1,S1,Rekrut 2019,Sumber Daya Manusia,2,1.02
453,2019,HOLDING,Kantor Pusat,,OFFICER PENGEMBANGAN TALENTA UID JAWA TENGAH DAN D.I. YOGYAKARTA,OFFICER,PENGEMBANGAN TALENTA UID JAWA TENGAH DAN D.I. YOGYAKARTA,G2,S1 Psikologi/Kepegawaian,1,S1,Rekrut 2019,Sumber Daya Manusia,2,1.02
454,2019,HOLDING,Kantor Pusat,,"OFFICER RISIKO KONSTRUKSI JAWA, MADURA, BALI, MALUKU, PAPUA, DAN NUSA TENGGARA",OFFICER,"RISIKO KONSTRUKSI JAWA, MADURA, BALI, MALUKU, PAPUA, DAN NUSA TENGGARA",G2,S1 Logistik/Supply Chain Management,1,S1,Rekrut 2019,Manajemen Konstruksi dan Pengadaan,2,1.02
455,2019,HOLDING,Kantor Pusat,,OFFICER STRATEGI AUDIT,OFFICER,STRATEGI AUDIT,G2,S1 Akuntansi/Administrasi Fiskal,1,S1,Rekrut 2019,Audit dan Risiko,2,1.02
456,2019,HOLDING,Kantor Pusat,,TECHNICIAN KONSTRUKSI JARINGAN,TECHNICIAN,KONSTRUKSI JARINGAN,G2,S1 Teknik Elektro/Teknik Listrik,1,S1,Rekrut 2019,Distribusi,2,1.02
457,2019,HOLDING,UID Bali,,OFFICER KEUANGAN DAN ANGGARAN,OFFICER,KEUANGAN DAN ANGGARAN,G2,S1 Akuntansi/Administrasi Fiskal,1,S1,Rekrut 2019,Keuangan dan Akuntansi,2,1.016
458,2019,HOLDING,UID Bali,,TECHNICIAN PENGATURAN OPERASI,TECHNICIAN,PENGATURAN OPERASI,G2,S1 Teknik Kimia/Teknik Lingkungan,1,S1,Rekrut 2019,Perencanaan Sistem,2,1.016
459,2019,HOLDING,UID Kalselteng,,OFFICER ACCOUNT EXECUTIVE,OFFICER,ACCOUNT EXECUTIVE,G2,S1 Komunikasi/Hubungan Masyarakat,1,S1,3T,Komunikasi dan Umum,2,1.008
460,2019,HOLDING,UID Kalselteng,,OFFICER KINERJA TRANSAKSI ENERGI LISTRIK,OFFICER,KINERJA TRANSAKSI ENERGI LISTRIK,G2,S1 Teknik Elektro/Teknik Listrik,1,S1,3T,Distribusi,2,1.008
461,2019,HOLDING,UID Kalselteng,,OFFICER MAPPING DATA JARINGAN DAN PELANGGAN,OFFICER,MAPPING DATA JARINGAN DAN PELANGGAN,G2,S1 Teknik Elektro/Teknik Listrik,1,S1,3T,Distribusi,2,1.008
462,2019,HOLDING,UID Kalselteng,,OFFICER PELAKSANA PENGADAAN,OFFICER,PELAKSANA PENGADAAN,G2,S1 Logistik/Supply Chain Management,1,S1,3T,Manajemen Konstruksi dan Pengadaan,2,1.008
463,2019,HOLDING,UID Kalselteng,,OFFICER PERENCANAAN DAN KINERJA,OFFICER,PERENCANAAN DAN KINERJA,G2,S1 Teknik Industri/Teknik Material,1,S1,3T,Perencanaan dan Kinerja,2,1.008
464,2019,HOLDING,UID Kalselteng,,OFFICER PERENCANAAN SISTEM KELISTRIKAN,OFFICER,PERENCANAAN SISTEM KELISTRIKAN,G2,S1 Teknik Kimia/Teknik Lingkungan,1,S1,3T,Perencanaan Sistem,2,1.008
465,2019,HOLDING,UID Kalselteng,,TECHNICIAN KONSTRUKSI LISTRIK PERDESAAN,TECHNICIAN,KONSTRUKSI LISTRIK PERDESAAN,G2,S1 Teknik Elektro/Teknik Listrik,1,S1,3T,Distribusi,2,1.008
466,2019,HOLDING,UID Kalselteng,,TECHNICIAN PENGENDALIAN LISTRIK PERDESAAN,TECHNICIAN,PENGENDALIAN LISTRIK PERDESAAN,G2,S1 Teknik Elektro/Teknik Listrik,1,S1,3T,Distribusi,2,1.008
467,2019,HOLDING,UIP JBTB,,OFFICER ADMINISTRASI DAN UMUM,OFFICER,ADMINISTRASI DAN UMUM,G2,S1 Komunikasi/Hubungan Masyarakat,1,S1,Rekrut 2019,Komunikasi dan Umum,2,1.006
468,2019,HOLDING,UIP JBTB,,OFFICER PELAKSANA PENGADAAN,OFFICER,PELAKSANA PENGADAAN,G2,S1 Logistik/Supply Chain Management,1,S1,Rekrut 2019,Manajemen Konstruksi dan Pengadaan,2,1.006
469,2019,HOLDING,UIP JBTB,,OFFICER PENGENDALIAN KONSTRUKSI,OFFICER,PENGENDALIAN KONSTRUKSI,G2,S1 Logistik/Supply Chain Management,1,S1,Rekrut 2019,Manajemen Konstruksi dan Pengadaan,2,1.006
470,2019,HOLDING,UIP JBTB,,OFFICER PERENCANAAN UMUM DAN KINERJA,OFFICER,PERENCANAAN UMUM DAN KINERJA,G2,S1 Komunikasi/Hubungan Masyarakat,1,S1,Rekrut 2019,Komunikasi dan Umum,2,1.006
471,2019,HOLDING,Pusat Pengatur Beban,,TECHNICIAN OPERASI SISTEM A,TECHNICIAN,OPERASI SISTEM A,G2,S1 Teknik Kimia/Teknik Lingkungan,1,S1,Rekrut 2019,Perencanaan Sistem,2,0.999
472,2019,HOLDING,Pusat Pengatur Beban,,TECHNICIAN OPERASI SISTEM E,TECHNICIAN,OPERASI SISTEM E,G2,S1 Teknik Kimia/Teknik Lingkungan,1,S1,Rekrut 2019,Perencanaan Sistem,2,0.999
473,2019,HOLDING,UID Jawa Tengah & DIY,,OFFICER KINERJA PEMELIHARAAN,OFFICER,KINERJA PEMELIHARAAN,G2,S1 Teknik Industri/Teknik Material,1,S1,Rekrut 2019,Perencanaan dan Kinerja,2,0.998
474,2019,HOLDING,UIP JBT,,OFFICER PENGENDALIAN KONSTRUKSI,OFFICER,PENGENDALIAN KONSTRUKSI,G2,S1 Logistik/Supply Chain Management,1,S1,Rekrut 2019,Manajemen Konstruksi dan Pengadaan,2,0.98
475,2019,HOLDING,UIP3B Kalimantan,,OFFICER KINERJA DAN PERENCANAAN,OFFICER,KINERJA DAN PERENCANAAN,G2,S1 Teknik Industri/Teknik Material,1,S1,3T,Perencanaan dan Kinerja,2,0.977
476,2019,HOLDING,UIP3B Kalimantan,,OFFICER PELAKSANA PENGADAAN,OFFICER,PELAKSANA PENGADAAN,G2,S1 Logistik/Supply Chain Management,1,S1,3T,Manajemen Konstruksi dan Pengadaan,2,0.977
477,2019,HOLDING,UIP3B Kalimantan,,"OFFICER PENGENDALIAN PEMELIHARAAN ASET JARINGAN, GI, DAN PROTEKSI",OFFICER,"PENGENDALIAN PEMELIHARAAN ASET JARINGAN, GI, DAN PROTEKSI",G2,S1 Teknik Elektro/Teknik Listrik,1,S1,3T,Proteksi dan Kontrol,2,0.977
478,2019,HOLDING,UIP3B Kalimantan,,OFFICER PERENCANAAN PENGUSAHAAN DAN KINERJA,OFFICER,PERENCANAAN PENGUSAHAAN DAN KINERJA,G2,S1 Teknik Industri/Teknik Material,1,S1,3T,Perencanaan dan Kinerja,2,0.977
479,2019,HOLDING,UIP3B Kalimantan,,OFFICER UMUM,OFFICER,UMUM,G2,S1 Komunikasi/Hubungan Masyarakat,1,S1,3T,Komunikasi dan Umum,2,0.977
480,2019,HOLDING,UIP3B Kalimantan,,TECHNICIAN ENJINIRING,TECHNICIAN,ENJINIRING,G2,S1 Teknik Kimia/Teknik Lingkungan,1,S1,3T,Perencanaan Sistem,2,0.977
481,2019,HOLDING,UIT JBT,,OFFICER KEUANGAN DAN AKUNTANSI,OFFICER,KEUANGAN DAN AKUNTANSI,G2,S1 Akuntansi/Administrasi Fiskal,1,S1,Rekrut 2019,Keuangan dan Akuntansi,2,0.976
482,2019,HOLDING,UIT JBT,,OFFICER PELAKSANA PENGADAAN,OFFICER,PELAKSANA PENGADAAN,G2,S1 Logistik/Supply Chain Management,1,S1,Rekrut 2019,Manajemen Konstruksi dan Pengadaan,2,0.976
483,2019,HOLDING,UIT JBT,,OFFICER PERENCANAAN PENGUSAHAAN,OFFICER,PERENCANAAN PENGUSAHAAN,G2,S1 Teknik Industri/Teknik Material,1,S1,Rekrut 2019,Perencanaan dan Kinerja,2,0.976
484,2019,HOLDING,UIT JBT,,TECHNICIAN PEMELIHARAAN GARDU INDUK,TECHNICIAN,PEMELIHARAAN GARDU INDUK,G2,S1 Teknik Elektro/Teknik Listrik,1,S1,Rekrut 2019,Transmisi dan Gardu Induk,2,0.976
485,2019,HOLDING,UIP Kalimantan Bag Timur,,OFFICER ADMINISTRASI TEKNIK,OFFICER,ADMINISTRASI TEKNIK,G2,S1 Komunikasi/Hubungan Masyarakat,1,S1,3T,Komunikasi dan Umum,2,0.972
486,2019,HOLDING,UIP Kalimantan Bag Timur,,OFFICER PELAKSANA PENGADAAN,OFFICER,PELAKSANA PENGADAAN,G2,S1 Logistik/Supply Chain Management,1,S1,3T,Manajemen Konstruksi dan Pengadaan,2,0.972
487,2019,HOLDING,UIP Kalimantan Bag Timur,,OFFICER PERENCANAAN UMUM DAN KINERJA,OFFICER,PERENCANAAN UMUM DAN KINERJA,G2,S1 Komunikasi/Hubungan Masyarakat,1,S1,3T,Komunikasi dan Umum,2,0.972
488,2019,HOLDING,UIT JBB,,OFFICER ADMINISTRASI DAN UMUM,OFFICER,ADMINISTRASI DAN UMUM,G2,S1 Komunikasi/Hubungan Masyarakat,1,S1,Rekrut 2019,Komunikasi dan Umum,2,0.972
489,2019,HOLDING,UIT JBB,,OFFICER LABORATORIUM,OFFICER,LABORATORIUM,G2,S1 Komunikasi/Hubungan Masyarakat,1,S1,Rekrut 2019,Komunikasi dan Umum,2,0.972
490,2019,HOLDING,UIT JBB,,OFFICER LINGKUNGAN,OFFICER,LINGKUNGAN,G2,S1 Keselamatan Dan Kesehatan Kerja/Kesehatan Masyarakat K3,1,S1,Rekrut 2019,K3 dan Lingkungan,2,0.972
491,2019,HOLDING,UIT JBB,,"OFFICER MANAJEMEN RISIKO, KEPATUHAN DAN SISTEM MANAJEMEN TERINTEGRASI",OFFICER,"MANAJEMEN RISIKO, KEPATUHAN DAN SISTEM MANAJEMEN TERINTEGRASI",G2,S1 Hukum/Public Policy,1,S1,Rekrut 2019,Hukum dan Kepatuhan,2,0.972
492,2019,HOLDING,UIT JBB,,OFFICER PENGENDALIAN KONSTRUKSI DAN ADMINISTRASI KONTRAK,OFFICER,PENGENDALIAN KONSTRUKSI DAN ADMINISTRASI KONTRAK,G2,S1 Logistik/Supply Chain Management,1,S1,Rekrut 2019,Manajemen Konstruksi dan Pengadaan,2,0.972
493,2019,HOLDING,UIT JBB,,"TECHNICIAN PEMELIHARAAN PROTEKSI, METER, DAN OTOMASI TRANSMISI DAN GARDUINDUK",TECHNICIAN,"PEMELIHARAAN PROTEKSI, METER, DAN OTOMASI TRANSMISI DAN GARDUINDUK",G2,S1 Teknik Elektro/Teknik Listrik,1,S1,Rekrut 2019,Transmisi dan Gardu Induk,2,0.972
494,2019,HOLDING,UIP3B Sulawesi,,OFFICER KINERJA KEUANGAN DAN UMUM,OFFICER,KINERJA KEUANGAN DAN UMUM,G2,S1 Akuntansi/Administrasi Fiskal,1,S1,3T,Keuangan dan Akuntansi,2,0.967
495,2019,HOLDING,UIP Kalimantan Bag Barat,,OFFICER PERIZINAN DAN PERTANAHAN,OFFICER,PERIZINAN DAN PERTANAHAN,G2,S1 Logistik/Supply Chain Management,1,S1,3T,Manajemen Konstruksi dan Pengadaan,2,0.956
496,2019,HOLDING,UID Kalbar,,"OFFICER KESELAMATAN, KESEHATAN KERJA, LINGKUNGAN DAN KEAMANAN",OFFICER,"KESELAMATAN, KESEHATAN KERJA, LINGKUNGAN DAN KEAMANAN",G2,S1 Keselamatan Dan Kesehatan Kerja/Kesehatan Masyarakat K3,1,S1,3T,K3 dan Lingkungan,2,0.945
497,2019,HOLDING,UID Kalbar,,OFFICER KEUANGAN DAN AKUNTANSI,OFFICER,KEUANGAN DAN AKUNTANSI,G2,S1 Akuntansi/Administrasi Fiskal,1,S1,3T,Keuangan dan Akuntansi,2,0.945
498,2019,HOLDING,UID Kalbar,,OFFICER PRIORITY ACCOUNT EXECUTIVE,OFFICER,PRIORITY ACCOUNT EXECUTIVE,G2,S1 Komunikasi/Hubungan Masyarakat,1,S1,3T,Komunikasi dan Umum,2,0.945
499,2019,HOLDING,UID Kalbar,,TECHNICIAN OPERASI DISTRIBUSI,TECHNICIAN,OPERASI DISTRIBUSI,G2,S1 Teknik Elektro/Teknik Listrik,1,S1,3T,Distribusi,2,0.945
500,2019,HOLDING,UID Kalbar,,TECHNICIAN PEMELIHARAAN METER TRANSAKSI,TECHNICIAN,PEMELIHARAAN METER TRANSAKSI,G2,S1 Teknik Elektro/Teknik Listrik,1,S1,3T,Distribusi,2,0.945
501,2019,HOLDING,UID Kalbar,,TECHNICIAN PENGELOLAAN KONSTRUKSI DISTRIBUSI,TECHNICIAN,PENGELOLAAN KONSTRUKSI DISTRIBUSI,G2,S1 Teknik Elektro/Teknik Listrik,1,S1,3T,Distribusi,2,0.945
502,2019,HOLDING,UID Kalbar,,TECHNICIAN PENGENDALIAN LISTRIK PERDESAAN,TECHNICIAN,PENGENDALIAN LISTRIK PERDESAAN,G2,S1 Teknik Elektro/Teknik Listrik,1,S1,3T,Distribusi,2,0.945
503,2019,HOLDING,UID Kalbar,,TECHNICIAN PENGENDALIAN SUSUT,TECHNICIAN,PENGENDALIAN SUSUT,G2,S1 Teknik Elektro/Teknik Listrik,1,S1,3T,Distribusi,2,0.945
504,2019,HOLDING,UID Kalbar,,TECHNICIAN TRANSAKSI ENERGI LISTRIK,TECHNICIAN,TRANSAKSI ENERGI LISTRIK,G2,S1 Teknik Elektro/Teknik Listrik,1,S1,3T,Distribusi,2,0.945
505,2019,HOLDING,UIP Sumatera Bag Utara,,OFFICER KEUANGAN DAN ANGGARAN,OFFICER,KEUANGAN DAN ANGGARAN,G2,S1 Akuntansi/Administrasi Fiskal,1,S1,Rekrut 2019,Keuangan dan Akuntansi,2,0.938
506,2019,HOLDING,UIP Sumatera Bag Utara,,OFFICER PENGENDALIAN KONSTRUKSI,OFFICER,PENGENDALIAN KONSTRUKSI,G2,S1 Logistik/Supply Chain Management,1,S1,Rekrut 2019,Manajemen Konstruksi dan Pengadaan,2,0.938
507,2019,HOLDING,UIP Sumatera Bag Utara,,OFFICER PERENCANAAN UMUM DAN KINERJA,OFFICER,PERENCANAAN UMUM DAN KINERJA,G2,S1 Komunikasi/Hubungan Masyarakat,1,S1,Rekrut 2019,Komunikasi dan Umum,2,0.938
508,2019,HOLDING,UIW NusaTenggara Barat,,TECHNICIAN ENJINIRING DAN KINERJA,TECHNICIAN,ENJINIRING DAN KINERJA,G2,S1 Teknik Kimia/Teknik Lingkungan,1,S1,3T,Perencanaan Sistem,2,0.928
509,2019,HOLDING,UID Banten,,OFFICER ACCOUNT EXECUTIVE,OFFICER,ACCOUNT EXECUTIVE,G2,S1 Komunikasi/Hubungan Masyarakat,1,S1,Rekrut 2019,Komunikasi dan Umum,2,0.919
510,2019,HOLDING,UID Banten,,"OFFICER KESELAMATAN, KESEHATAN KERJA, LINGKUNGAN DAN KEAMANAN",OFFICER,"KESELAMATAN, KESEHATAN KERJA, LINGKUNGAN DAN KEAMANAN",G2,S1 Keselamatan Dan Kesehatan Kerja/Kesehatan Masyarakat K3,1,S1,Rekrut 2019,K3 dan Lingkungan,2,0.919
511,2019,HOLDING,UID Banten,,TECHNICIAN PEMELIHARAAN DISTRIBUSI,TECHNICIAN,PEMELIHARAAN DISTRIBUSI,G2,S1 Teknik Elektro/Teknik Listrik,1,S1,Rekrut 2019,Distribusi,2,0.919
512,2019,HOLDING,UID Banten,,TECHNICIAN PENGENDALIAN KONSTRUKSI DISTRIBUSI,TECHNICIAN,PENGENDALIAN KONSTRUKSI DISTRIBUSI,G2,S1 Teknik Elektro/Teknik Listrik,1,S1,Rekrut 2019,Distribusi,2,0.919
513,2019,HOLDING,P3B Sumatera,,OFFICER PERENCANA PENGADAAN,OFFICER,PERENCANA PENGADAAN,G2,S1 Logistik/Supply Chain Management,1,S1,Rekrut 2019,Manajemen Konstruksi dan Pengadaan,2,0.916
514,2019,HOLDING,P3B Sumatera,,OFFICER UMUM,OFFICER,UMUM,G2,S1 Komunikasi/Hubungan Masyarakat,1,S1,Rekrut 2019,Komunikasi dan Umum,2,0.916
515,2019,HOLDING,P3B Sumatera,,TECHNICIAN PEMELIHARAAN JARINGAN TRANSMISI,TECHNICIAN,PEMELIHARAAN JARINGAN TRANSMISI,G2,S1 Teknik Elektro/Teknik Listrik,1,S1,Rekrut 2019,Transmisi dan Gardu Induk,2,0.916
516,2019,HOLDING,P3B Sumatera,,"TECHNICIAN PEMELIHARAAN PROTEKSI, METER, DAN OTOMASI TRANSMISI DAN GARDUINDUK",TECHNICIAN,"PEMELIHARAAN PROTEKSI, METER, DAN OTOMASI TRANSMISI DAN GARDUINDUK",G2,S1 Teknik Elektro/Teknik Listrik,1,S1,Rekrut 2019,Transmisi dan Gardu Induk,2,0.916
517,2019,HOLDING,UIP Sumatera Bag Selatan,,"OFFICER ASET, PERTANAHAN DAN ROW",OFFICER,"ASET, PERTANAHAN DAN ROW",G2,S1 Logistik/Supply Chain Management,1,S1,Rekrut 2019,Manajemen Konstruksi dan Pengadaan,2,0.913
518,2019,HOLDING,UID Jawa Timur,,OFFICER KOMUNIKASI,OFFICER,KOMUNIKASI,G2,S1 Komunikasi/Hubungan Masyarakat,1,S1,Rekrut 2019,Komunikasi dan Umum,2,0.909
519,2019,HOLDING,UID Jawa Timur,,OFFICER LOGISTIK,OFFICER,LOGISTIK,G2,S1 Logistik/Supply Chain Management,1,S1,Rekrut 2019,Manajemen Konstruksi dan Pengadaan,2,0.909
520,2019,HOLDING,UIP Nusa Tenggara,,OFFICER PENGENDALIAN KONSTRUKSI,OFFICER,PENGENDALIAN KONSTRUKSI,G2,S1 Logistik/Supply Chain Management,1,S1,3T,Manajemen Konstruksi dan Pengadaan,2,0.906
521,2019,HOLDING,UIP Nusa Tenggara,,TECHNICIAN PENGENDALIAN KONSTRUKSI,TECHNICIAN,PENGENDALIAN KONSTRUKSI,G2,S1 Logistik/Supply Chain Management,1,S1,3T,Manajemen Konstruksi dan Pengadaan,2,0.906
522,2019,HOLDING,UID Jawa Barat,,OFFICER PENGENDALIAN OPERASI DAN PEMELIHARAAN,OFFICER,PENGENDALIAN OPERASI DAN PEMELIHARAAN,G2,S1 Teknik Elektro/Teknik Listrik,1,S1,Rekrut 2019,Distribusi,2,0.899
523,2019,HOLDING,PUSMANPRO,,TECHNICIAN QUALITY ASSURANCE AND QUALITY CONTROL JARINGAN,TECHNICIAN,QUALITY ASSURANCE AND QUALITY CONTROL JARINGAN,G2,S1 Teknik Elektro/Teknik Listrik,1,S1,Rekrut 2019,Distribusi,2,0.886
524,2019,HOLDING,PUSLITBANG,,OFFICER KAJIAN DAN INVESTIGASI TEKNIK DAN TEKNOLOGI SISTEM TRANSMISI DAN DISTRIBUSI,OFFICER,KAJIAN DAN INVESTIGASI TEKNIK DAN TEKNOLOGI SISTEM TRANSMISI DAN DISTRIBUSI,G2,S1 Teknik Elektro/Teknik Listrik,1,S1,Rekrut 2019,Transmisi dan Gardu Induk,2,0.864
525,2019,HOLDING,PUSLITBANG,,OFFICER KAJIAN DAN INVESTIGASI TEKNIK TEKNOLOGI SISTEM PEMBANGKITAN DAN ENERGI,OFFICER,KAJIAN DAN INVESTIGASI TEKNIK TEKNOLOGI SISTEM PEMBANGKITAN DAN ENERGI,G2,S1 Teknik Mesin/Konversi Energi,1,S1,Rekrut 2019,Pembangkitan,2,0.864
526,2019,HOLDING,PUSLITBANG,,"OFFICER PERENCANAAN, EVALUASI DAN KINERJA",OFFICER,"PERENCANAAN, EVALUASI DAN KINERJA",G2,S1 Teknik Industri/Teknik Material,1,S1,Rekrut 2019,Perencanaan dan Kinerja,2,0.864
527,2019,HOLDING,PUSLITBANG,,OFFICER RISET ENERGI,OFFICER,RISET ENERGI,G2,S1 Komunikasi/Hubungan Masyarakat,1,S1,Rekrut 2019,Komunikasi dan Umum,2,0.864
528,2019,HOLDING,UIP Sumatera Bag Tengah,,OFFICER PENGENDALIAN KONTRAK DAN RISIKO PROYEK,OFFICER,PENGENDALIAN KONTRAK DAN RISIKO PROYEK,G2,S1 Logistik/Supply Chain Management,1,S1,Rekrut 2019,Manajemen Konstruksi dan Pengadaan,2,0.864
529,2019,HOLDING,UIP Sumatera Bag Tengah,,OFFICER PENGENDALIAN PROYEK,OFFICER,PENGENDALIAN PROYEK,G2,S1 Logistik/Supply Chain Management,1,S1,Rekrut 2019,Manajemen Konstruksi dan Pengadaan,2,0.864
530,2019,HOLDING,UIP Sumatera Bag Tengah,,TECHNICIAN PENGENDALIAN KONTRAK DAN PELAPORAN,TECHNICIAN,PENGENDALIAN KONTRAK DAN PELAPORAN,G2,S1 Logistik/Supply Chain Management,1,S1,Rekrut 2019,Manajemen Konstruksi dan Pengadaan,2,0.864
531,2019,HOLDING,UID Riau & Kepri,,OFFICER KEUANGAN DAN AKUNTANSI,OFFICER,KEUANGAN DAN AKUNTANSI,G2,S1 Akuntansi/Administrasi Fiskal,1,S1,Rekrut 2019,Keuangan dan Akuntansi,2,0.862
532,2019,HOLDING,UID Riau & Kepri,,OFFICER LOGISTIK LAYANAN PELANGGAN,OFFICER,LOGISTIK LAYANAN PELANGGAN,G2,S1 Logistik/Supply Chain Management,1,S1,Rekrut 2019,Manajemen Konstruksi dan Pengadaan,2,0.862
533,2019,HOLDING,UID Riau & Kepri,,OFFICER PERENCANAAN SISTEM KELISTRIKAN,OFFICER,PERENCANAAN SISTEM KELISTRIKAN,G2,S1 Teknik Kimia/Teknik Lingkungan,1,S1,Rekrut 2019,Perencanaan Sistem,2,0.862
534,2019,HOLDING,UID S2JB,,OFFICER ADMINISTRASI DAN UMUM,OFFICER,ADMINISTRASI DAN UMUM,G2,S1 Komunikasi/Hubungan Masyarakat,1,S1,3T,Komunikasi dan Umum,2,0.862
535,2019,HOLDING,UID S2JB,,OFFICER PERENCANAAN DAN KINERJA,OFFICER,PERENCANAAN DAN KINERJA,G2,S1 Teknik Industri/Teknik Material,1,S1,3T,Perencanaan dan Kinerja,2,0.862
536,2019,HOLDING,UIT JBTB,,OFFICER LINGKUNGAN,OFFICER,LINGKUNGAN,G2,S1 Keselamatan Dan Kesehatan Kerja/Kesehatan Masyarakat K3,1,S1,Rekrut 2019,K3 dan Lingkungan,2,0.86
537,2019,HOLDING,UIT JBTB,,OFFICER PERENCANAAN PENGUSAHAAN,OFFICER,PERENCANAAN PENGUSAHAAN,G2,S1 Teknik Industri/Teknik Material,1,S1,Rekrut 2019,Perencanaan dan Kinerja,2,0.86
538,2019,HOLDING,UIT JBTB,,TECHNICIAN PEMELIHARAAN JARINGAN TRANSMISI,TECHNICIAN,PEMELIHARAAN JARINGAN TRANSMISI,G2,S1 Teknik Elektro/Teknik Listrik,1,S1,Rekrut 2019,Transmisi dan Gardu Induk,2,0.86
539,2019,HOLDING,UIP3B Sulawesi,,OFFICER KINERJA KONSTRUKSI DAN PENYALURAN,OFFICER,KINERJA KONSTRUKSI DAN PENYALURAN,G2,S1 Teknik Elektro/Teknik Listrik,1,S1,3T,Transmisi dan Gardu Induk,2,0.859
540,2019,HOLDING,UIP3B Sulawesi,,TECHNICIAN PDKB GI/GITET,TECHNICIAN,PDKB GI/GITET,G2,S1 Teknik Elektro/Teknik Listrik,1,S1,3T,Transmisi dan Gardu Induk,2,0.859
541,2019,HOLDING,UIW NusaTenggaraTimur,,OFFICER ACCOUNT EXECUTIVE,OFFICER,ACCOUNT EXECUTIVE,G2,S1 Komunikasi/Hubungan Masyarakat,1,S1,3T,Komunikasi dan Umum,2,0.859
542,2019,HOLDING,UIW NusaTenggaraTimur,,OFFICER KEUANGAN,OFFICER,KEUANGAN,G2,S1 Akuntansi/Administrasi Fiskal,1,S1,3T,Keuangan dan Akuntansi,2,0.859
543,2019,HOLDING,UIW NusaTenggaraTimur,,OFFICER KINERJA JARINGAN DAN KONSTRUKSI DISTRIBUSI,OFFICER,KINERJA JARINGAN DAN KONSTRUKSI DISTRIBUSI,G2,S1 Teknik Elektro/Teknik Listrik,1,S1,3T,Distribusi,2,0.859
544,2019,HOLDING,UIW NusaTenggaraTimur,,OFFICER KINERJA OPERASI DAN PEMELIHARAAN PEMBANGKIT,OFFICER,KINERJA OPERASI DAN PEMELIHARAAN PEMBANGKIT,G2,S1 Teknik Mesin/Konversi Energi,1,S1,3T,Pembangkitan,2,0.859
545,2019,HOLDING,UIW NusaTenggaraTimur,,OFFICER PERENCANAAN LISTRIK PERDESAAN,OFFICER,PERENCANAAN LISTRIK PERDESAAN,G2,S1 Teknik Elektro/Teknik Listrik,1,S1,3T,Distribusi,2,0.859
546,2019,HOLDING,UIW NusaTenggaraTimur,,TECHNICIAN PEMELIHARAAN DISTRIBUSI,TECHNICIAN,PEMELIHARAAN DISTRIBUSI,G2,S1 Teknik Elektro/Teknik Listrik,1,S1,3T,Distribusi,2,0.859
547,2019,HOLDING,UIW NusaTenggaraTimur,,TECHNICIAN PENGENDALIAN SUSUT,TECHNICIAN,PENGENDALIAN SUSUT,G2,S1 Teknik Elektro/Teknik Listrik,1,S1,3T,Distribusi,2,0.859
548,2019,HOLDING,Pusat Pengatur Beban,,OFFICER OPERASI SISTEM PEMBANGKITAN,OFFICER,OPERASI SISTEM PEMBANGKITAN,G2,S1 Teknik Mesin/Konversi Energi,1,S1,Rekrut 2019,Pembangkitan,2,0.856
549,2019,HOLDING,Pusat Pengatur Beban,,TECHNICIAN PROTEKSI SISTEM,TECHNICIAN,PROTEKSI SISTEM,G2,S1 Teknik Elektro/Teknik Listrik,1,S1,Rekrut 2019,Proteksi dan Kontrol,2,0.856
550,2019,HOLDING,Pusat Pengatur Beban,,TECHNICIAN SCADA DAN MASTER STATION,TECHNICIAN,SCADA DAN MASTER STATION,G2,S1 Teknik Elektro/Teknik Listrik,1,S1,Rekrut 2019,Proteksi dan Kontrol,2,0.856
551,2019,HOLDING,UID Jawa Tengah & DIY,,OFFICER KINERJA FASILITAS OPERASI,OFFICER,KINERJA FASILITAS OPERASI,G2,S1 Komunikasi/Hubungan Masyarakat,1,S1,Rekrut 2019,Komunikasi dan Umum,2,0.855
552,2019,HOLDING,UID Jawa Tengah & DIY,,TECHNICIAN PEMELIHARAAN DISTRIBUSI,TECHNICIAN,PEMELIHARAAN DISTRIBUSI,G2,S1 Teknik Elektro/Teknik Listrik,1,S1,Rekrut 2019,Distribusi,2,0.855
553,2019,HOLDING,UIP JBB,,"OFFICER KEUANGAN, PERIZINAN, PERTANAHAN DAN UMUM",OFFICER,"KEUANGAN, PERIZINAN, PERTANAHAN DAN UMUM",G2,S1 Logistik/Supply Chain Management,1,S1,Rekrut 2019,Manajemen Konstruksi dan Pengadaan,2,0.855
554,2019,HOLDING,UIP JBB,,OFFICER LINGKUNGAN,OFFICER,LINGKUNGAN,G2,S1 Keselamatan Dan Kesehatan Kerja/Kesehatan Masyarakat K3,1,S1,Rekrut 2019,K3 dan Lingkungan,2,0.855
555,2019,HOLDING,UIP JBB,,OFFICER LOGISTIK DAN KEPABEANAN,OFFICER,LOGISTIK DAN KEPABEANAN,G2,S1 Logistik/Supply Chain Management,1,S1,Rekrut 2019,Manajemen Konstruksi dan Pengadaan,2,0.855
556,2019,HOLDING,UIP JBB,,OFFICER PERENCANAAN ELEKTROMEKANIK,OFFICER,PERENCANAAN ELEKTROMEKANIK,G2,S1 Teknik Mesin/Konversi Energi,1,S1,Rekrut 2019,Pembangkitan,2,0.855
557,2019,HOLDING,UIP JBB,,OFFICER PERENCANAAN SIPIL,OFFICER,PERENCANAAN SIPIL,G2,S1 Logistik/Supply Chain Management,1,S1,Rekrut 2019,Manajemen Konstruksi dan Pengadaan,2,0.855
558,2019,HOLDING,UIP JBB,,OFFICER PERENCANAAN UMUM DAN KINERJA,OFFICER,PERENCANAAN UMUM DAN KINERJA,G2,S1 Komunikasi/Hubungan Masyarakat,1,S1,Rekrut 2019,Komunikasi dan Umum,2,0.855
559,2019,HOLDING,Kantor Pusat,,OFFICER AKUNTANSI TRANSAKSI KANTOR PUSAT,OFFICER,AKUNTANSI TRANSAKSI KANTOR PUSAT,G2,S1 Akuntansi/Administrasi Fiskal,1,S1,Rekrut 2019,Keuangan dan Akuntansi,2,0.85
560,2019,HOLDING,Kantor Pusat,,OFFICER APLIKASI PELAYANAN PELANGGAN MOBILE,OFFICER,APLIKASI PELAYANAN PELANGGAN MOBILE,G2,S1 Manajemen Pemasaran/Digital Marketing Dan Analytics,1,S1,Rekrut 2019,Niaga dan Pemasaran,2,0.85
561,2019,HOLDING,Kantor Pusat,,OFFICER AUDIT DATA ANALITIK DAN CONTINUOUS AUDIT 1,OFFICER,AUDIT DATA ANALITIK DAN CONTINUOUS AUDIT 1,G2,S1 Data Science/Teknik Informatika,1,S1,Rekrut 2019,Teknologi Informasi,2,0.85
562,2019,HOLDING,Kantor Pusat,,OFFICER AUDIT INVESTIGASI 1A,OFFICER,AUDIT INVESTIGASI 1A,G2,S1 Akuntansi/Administrasi Fiskal,1,S1,Rekrut 2019,Audit dan Risiko,2,0.85
563,2019,HOLDING,Kantor Pusat,,OFFICER AUDIT INVESTIGASI 2B,OFFICER,AUDIT INVESTIGASI 2B,G2,S1 Akuntansi/Administrasi Fiskal,1,S1,Rekrut 2019,Audit dan Risiko,2,0.85
564,2019,HOLDING,Kantor Pusat,,OFFICER AUDIT KEUANGAN KORPORASI 2,OFFICER,AUDIT KEUANGAN KORPORASI 2,G2,S1 Akuntansi/Administrasi Fiskal,1,S1,Rekrut 2019,Keuangan dan Akuntansi,2,0.85
565,2019,HOLDING,Kantor Pusat,,OFFICER AUDIT KEUANGAN KORPORASI 3,OFFICER,AUDIT KEUANGAN KORPORASI 3,G2,S1 Akuntansi/Administrasi Fiskal,1,S1,Rekrut 2019,Keuangan dan Akuntansi,2,0.85
566,2019,HOLDING,Kantor Pusat,,"OFFICER AUDIT KONSTRUKSI, PEMBANGKITAN, DAN EBT 1A",OFFICER,"AUDIT KONSTRUKSI, PEMBANGKITAN, DAN EBT 1A",G2,S1 Teknik Mesin/Konversi Energi,1,S1,Rekrut 2019,Pembangkitan,2,0.85
567,2019,HOLDING,Kantor Pusat,,"OFFICER AUDIT KONSTRUKSI, PEMBANGKITAN, DAN EBT 1B",OFFICER,"AUDIT KONSTRUKSI, PEMBANGKITAN, DAN EBT 1B",G2,S1 Teknik Mesin/Konversi Energi,1,S1,Rekrut 2019,Pembangkitan,2,0.85
568,2019,HOLDING,Kantor Pusat,,"OFFICER AUDIT KONSTRUKSI, PEMBANGKITAN, DAN EBT 1C",OFFICER,"AUDIT KONSTRUKSI, PEMBANGKITAN, DAN EBT 1C",G2,S1 Teknik Mesin/Konversi Energi,1,S1,Rekrut 2019,Pembangkitan,2,0.85
569,2019,HOLDING,Kantor Pusat,,"OFFICER AUDIT KONSTRUKSI, PEMBANGKITAN, DAN EBT 1D",OFFICER,"AUDIT KONSTRUKSI, PEMBANGKITAN, DAN EBT 1D",G2,S1 Teknik Mesin/Konversi Energi,1,S1,Rekrut 2019,Pembangkitan,2,0.85
570,2019,HOLDING,Kantor Pusat,,"OFFICER AUDIT KONSTRUKSI, PEMBANGKITAN, DAN EBT 2C",OFFICER,"AUDIT KONSTRUKSI, PEMBANGKITAN, DAN EBT 2C",G2,S1 Teknik Mesin/Konversi Energi,1,S1,Rekrut 2019,Pembangkitan,2,0.85
571,2019,HOLDING,Kantor Pusat,,"OFFICER AUDIT KONSTRUKSI, PEMBANGKITAN, DAN EBT 3C",OFFICER,"AUDIT KONSTRUKSI, PEMBANGKITAN, DAN EBT 3C",G2,S1 Teknik Mesin/Konversi Energi,1,S1,Rekrut 2019,Pembangkitan,2,0.85
572,2019,HOLDING,Kantor Pusat,,"OFFICER AUDIT NIAGA, LEGAL, HUMAN CAPITAL, DAN ENABLER 1",OFFICER,"AUDIT NIAGA, LEGAL, HUMAN CAPITAL, DAN ENABLER 1",G2,S1 Psikologi/Kepegawaian,1,S1,Rekrut 2019,Sumber Daya Manusia,2,0.85
573,2019,HOLDING,Kantor Pusat,,"OFFICER AUDIT NIAGA, LEGAL, HUMAN CAPITAL, DAN ENABLER 2",OFFICER,"AUDIT NIAGA, LEGAL, HUMAN CAPITAL, DAN ENABLER 2",G2,S1 Psikologi/Kepegawaian,1,S1,Rekrut 2019,Sumber Daya Manusia,2,0.85
574,2019,HOLDING,Kantor Pusat,,"OFFICER AUDIT NIAGA, LEGAL, HUMAN CAPITAL, DAN ENABLER 3",OFFICER,"AUDIT NIAGA, LEGAL, HUMAN CAPITAL, DAN ENABLER 3",G2,S1 Psikologi/Kepegawaian,1,S1,Rekrut 2019,Sumber Daya Manusia,2,0.85
575,2019,HOLDING,Kantor Pusat,,"OFFICER AUDIT NIAGA, LEGAL, HUMAN CAPITAL, DAN ENABLER 4",OFFICER,"AUDIT NIAGA, LEGAL, HUMAN CAPITAL, DAN ENABLER 4",G2,S1 Psikologi/Kepegawaian,1,S1,Rekrut 2019,Sumber Daya Manusia,2,0.85
576,2019,HOLDING,Kantor Pusat,,OFFICER AUDIT TRANSMISI DAN DISTRIBUSI 2B,OFFICER,AUDIT TRANSMISI DAN DISTRIBUSI 2B,G2,S1 Teknik Elektro/Teknik Listrik,1,S1,Rekrut 2019,Transmisi dan Gardu Induk,2,0.85
577,2019,HOLDING,Kantor Pusat,,OFFICER DIGITAL FORENSIK,OFFICER,DIGITAL FORENSIK,G2,S1 Data Science/Teknik Informatika,1,S1,Rekrut 2019,Teknologi Informasi,2,0.85
578,2019,HOLDING,Kantor Pusat,,OFFICER KONSULTANSI AUDIT 1A,OFFICER,KONSULTANSI AUDIT 1A,G2,S1 Akuntansi/Administrasi Fiskal,1,S1,Rekrut 2019,Audit dan Risiko,2,0.85
579,2019,HOLDING,Kantor Pusat,,OFFICER LEGAL BUSINESS PARTNER PENGADAAN ENERGI BARU TERBARUKAN,OFFICER,LEGAL BUSINESS PARTNER PENGADAAN ENERGI BARU TERBARUKAN,G2,S1 Logistik/Supply Chain Management,1,S1,Rekrut 2019,Manajemen Konstruksi dan Pengadaan,2,0.85
580,2019,HOLDING,Kantor Pusat,,OFFICER PELAKSANA PENGADAAN EPC PEMBANGKIT NON EBT,OFFICER,PELAKSANA PENGADAAN EPC PEMBANGKIT NON EBT,G2,S1 Teknik Mesin/Konversi Energi,1,S1,Rekrut 2019,Pembangkitan,2,0.85
581,2019,HOLDING,Kantor Pusat,,OFFICER PELAKSANA PENGADAAN IPP HIDRO,OFFICER,PELAKSANA PENGADAAN IPP HIDRO,G2,S1 Teknik Mesin/Konversi Energi,1,S1,Rekrut 2019,Pembangkitan,2,0.85
582,2019,HOLDING,Kantor Pusat,,OFFICER PELAYANAN HUMAN CAPITAL BANDUNG,OFFICER,PELAYANAN HUMAN CAPITAL BANDUNG,G2,S1 Psikologi/Kepegawaian,1,S1,Rekrut 2019,Sumber Daya Manusia,2,0.85
583,2019,HOLDING,Kantor Pusat,,OFFICER PENDANAAN DAN HIBAH LUAR NEGERI,OFFICER,PENDANAAN DAN HIBAH LUAR NEGERI,G2,S1 Akuntansi/Administrasi Fiskal,1,S1,Rekrut 2019,Keuangan dan Akuntansi,2,0.85
584,2019,HOLDING,Kantor Pusat,,OFFICER PENGELOLA ADMINISTRASI DAN UMUM,OFFICER,PENGELOLA ADMINISTRASI DAN UMUM,G2,S1 Komunikasi/Hubungan Masyarakat,1,S1,Rekrut 2019,Komunikasi dan Umum,2,0.85
585,2019,HOLDING,Kantor Pusat,,OFFICER PENGEMBANGAN EXPERT,OFFICER,PENGEMBANGAN EXPERT,G2,S1 Teknik Industri/Teknik Material,1,S1,Rekrut 2019,Perencanaan dan Kinerja,2,0.85
586,2019,HOLDING,Kantor Pusat,,OFFICER PENGEMBANGAN SISTEM ANGGARAN,OFFICER,PENGEMBANGAN SISTEM ANGGARAN,G2,S1 Akuntansi/Administrasi Fiskal,1,S1,Rekrut 2019,Keuangan dan Akuntansi,2,0.85
587,2019,HOLDING,Kantor Pusat,,OFFICER PENGEMBANGAN TALENTA UIP3B SUMATERA,OFFICER,PENGEMBANGAN TALENTA UIP3B SUMATERA,G2,S1 Psikologi/Kepegawaian,1,S1,Rekrut 2019,Sumber Daya Manusia,2,0.85
588,2019,HOLDING,Kantor Pusat,,OFFICER PENGENDALIAN KINERJA DAN ANGGARAN KONSTRUKSI,OFFICER,PENGENDALIAN KINERJA DAN ANGGARAN KONSTRUKSI,G2,S1 Logistik/Supply Chain Management,1,S1,Rekrut 2019,Manajemen Konstruksi dan Pengadaan,2,0.85
589,2019,HOLDING,Kantor Pusat,,OFFICER RISIKO DISTRIBUSI SUMATERA BAGIAN SELATAN,OFFICER,RISIKO DISTRIBUSI SUMATERA BAGIAN SELATAN,G2,S1 Teknik Elektro/Teknik Listrik,1,S1,Rekrut 2019,Distribusi,2,0.85
590,2019,HOLDING,Kantor Pusat,,OFFICER RISIKO OPERASI DAN PERENCANAAN SISTEM KETENAGALISTRIKAN,OFFICER,RISIKO OPERASI DAN PERENCANAAN SISTEM KETENAGALISTRIKAN,G2,S1 Teknik Kimia/Teknik Lingkungan,1,S1,Rekrut 2019,Perencanaan Sistem,2,0.85
591,2019,HOLDING,Kantor Pusat,,"OFFICER RISIKO PERENCANAAN, KONTRAK PROYEK, DAN PMO",OFFICER,"RISIKO PERENCANAAN, KONTRAK PROYEK, DAN PMO",G2,S1 Logistik/Supply Chain Management,1,S1,Rekrut 2019,Manajemen Konstruksi dan Pengadaan,2,0.85
592,2019,HOLDING,Kantor Pusat,,OFFICER SEKRETARIS DIREKSI,OFFICER,SEKRETARIS DIREKSI,G2,S1 Komunikasi/Hubungan Masyarakat,1,S1,Rekrut 2019,Komunikasi dan Umum,2,0.85
593,2019,HOLDING,Kantor Pusat,,OFFICER SISTEM TEKNOLOGI INFORMASI BALI,OFFICER,SISTEM TEKNOLOGI INFORMASI BALI,G2,S1 Data Science/Teknik Informatika,1,S1,Rekrut 2019,Teknologi Informasi,2,0.85
594,2019,HOLDING,Kantor Pusat,,OFFICER SISTEM TEKNOLOGI INFORMASI JAWA TIMUR 1,OFFICER,SISTEM TEKNOLOGI INFORMASI JAWA TIMUR 1,G2,S1 Data Science/Teknik Informatika,1,S1,Rekrut 2019,Teknologi Informasi,2,0.85
595,2019,HOLDING,Kantor Pusat,,OFFICER SISTEM TEKNOLOGI INFORMASI SUMATERA SELATAN 2,OFFICER,SISTEM TEKNOLOGI INFORMASI SUMATERA SELATAN 2,G2,S1 Data Science/Teknik Informatika,1,S1,Rekrut 2019,Teknologi Informasi,2,0.85
596,2019,HOLDING,Kantor Pusat,,OFFICER TRACKING,OFFICER,TRACKING,G2,S1 Komunikasi/Hubungan Masyarakat,1,S1,Rekrut 2019,Komunikasi dan Umum,2,0.85
597,2019,HOLDING,Kantor Pusat,,OFFICER VERIFIKASI PURCHASE ORDER KANTOR PUSAT,OFFICER,VERIFIKASI PURCHASE ORDER KANTOR PUSAT,G2,S1 Akuntansi/Administrasi Fiskal,1,S1,Rekrut 2019,Keuangan dan Akuntansi,2,0.85
598,2019,HOLDING,Kantor Pusat,,TECHNICIAN ANEKA ENERGI IPP,TECHNICIAN,ANEKA ENERGI IPP,G2,S1 Teknik Mesin/Konversi Energi,1,S1,Rekrut 2019,Pembangkitan,2,0.85
599,2019,HOLDING,Kantor Pusat,,TECHNICIAN PENGELOLAAN PERUBAHAN IKLIM,TECHNICIAN,PENGELOLAAN PERUBAHAN IKLIM,G2,S1 Teknik Industri/Teknik Material,1,S1,Rekrut 2019,Perencanaan dan Kinerja,2,0.85
600,2019,HOLDING,UIW Papua&Papua Barat,,OFFICER KOMUNIKASI DAN MANAJEMEN STAKEHOLDER,OFFICER,KOMUNIKASI DAN MANAJEMEN STAKEHOLDER,G2,S1 Komunikasi/Hubungan Masyarakat,1,S1,3T,Komunikasi dan Umum,2,0.847
601,2019,HOLDING,UIW Papua&Papua Barat,,OFFICER LINGKUNGAN,OFFICER,LINGKUNGAN,G2,S1 Keselamatan Dan Kesehatan Kerja/Kesehatan Masyarakat K3,1,S1,3T,K3 dan Lingkungan,2,0.847
602,2019,HOLDING,UIW Papua&Papua Barat,,OFFICER LOGISTIK,OFFICER,LOGISTIK,G2,S1 Logistik/Supply Chain Management,1,S1,3T,Manajemen Konstruksi dan Pengadaan,2,0.847
603,2019,HOLDING,UIW Papua&Papua Barat,,OFFICER PENGENDALIAN SUSUT,OFFICER,PENGENDALIAN SUSUT,G2,S1 Teknik Elektro/Teknik Listrik,1,S1,3T,Distribusi,2,0.847
604,2019,HOLDING,UIW Papua&Papua Barat,,OFFICER PERENCANA PENGADAAN,OFFICER,PERENCANA PENGADAAN,G2,S1 Logistik/Supply Chain Management,1,S1,3T,Manajemen Konstruksi dan Pengadaan,2,0.847
605,2019,HOLDING,UIW Papua&Papua Barat,,TECHNICIAN ENERGI PRIMER DAN PELUMAS,TECHNICIAN,ENERGI PRIMER DAN PELUMAS,G2,S1 Teknik Mesin/Konversi Energi,1,S1,3T,Pembangkitan,2,0.847
606,2019,HOLDING,UIW Papua&Papua Barat,,TECHNICIAN PENGENDALIAN OPERASI SISTEM,TECHNICIAN,PENGENDALIAN OPERASI SISTEM,G2,S1 Teknik Kimia/Teknik Lingkungan,1,S1,3T,Perencanaan Sistem,2,0.847
607,2019,HOLDING,UIW Papua&Papua Barat,,TECHNICIAN PENGENDALIAN SUSUT,TECHNICIAN,PENGENDALIAN SUSUT,G2,S1 Teknik Elektro/Teknik Listrik,1,S1,3T,Distribusi,2,0.847
608,2019,HOLDING,UIP Sulawesi,,"OFFICER KEUANGAN, PERIZINAN, PERTANAHAN DAN UMUM",OFFICER,"KEUANGAN, PERIZINAN, PERTANAHAN DAN UMUM",G2,S1 Logistik/Supply Chain Management,1,S1,3T,Manajemen Konstruksi dan Pengadaan,2,0.844
609,2019,HOLDING,UIP Sulawesi,,TECHNICIAN PROJECT SITE,TECHNICIAN,PROJECT SITE,G2,S1 Teknik Elektro/Teknik Listrik,1,S1,3T,Distribusi,2,0.844
610,2019,HOLDING,UID Suluttenggo,,OFFICER AKUNTANSI,OFFICER,AKUNTANSI,G2,S1 Akuntansi/Administrasi Fiskal,1,S1,3T,Keuangan dan Akuntansi,2,0.842
611,2019,HOLDING,UID Suluttenggo,,OFFICER KINERJA JARINGAN DAN KONSTRUKSI DISTRIBUSI,OFFICER,KINERJA JARINGAN DAN KONSTRUKSI DISTRIBUSI,G2,S1 Teknik Elektro/Teknik Listrik,1,S1,3T,Distribusi,2,0.842
612,2019,HOLDING,UID Suluttenggo,,OFFICER KINERJA JARINGAN DISTRIBUSI,OFFICER,KINERJA JARINGAN DISTRIBUSI,G2,S1 Teknik Elektro/Teknik Listrik,1,S1,3T,Distribusi,2,0.842
613,2019,HOLDING,UID Suluttenggo,,OFFICER PERENCANAAN DAN EVALUASI SISTEM DISTRIBUSI,OFFICER,PERENCANAAN DAN EVALUASI SISTEM DISTRIBUSI,G2,S1 Teknik Kimia/Teknik Lingkungan,1,S1,3T,Perencanaan Sistem,2,0.842
614,2019,HOLDING,UID Suluttenggo,,OFFICER PERENCANAAN LISTRIK PERDESAAN,OFFICER,PERENCANAAN LISTRIK PERDESAAN,G2,S1 Teknik Elektro/Teknik Listrik,1,S1,3T,Distribusi,2,0.842
615,2019,HOLDING,UID Suluttenggo,,TECHNICIAN PEMELIHARAAN METER TRANSAKSI,TECHNICIAN,PEMELIHARAAN METER TRANSAKSI,G2,S1 Teknik Elektro/Teknik Listrik,1,S1,3T,Distribusi,2,0.842
616,2019,HOLDING,UIT JBT,,"OFFICER KESELAMATAN, KESEHATAN KERJA DAN KEAMANAN",OFFICER,"KESELAMATAN, KESEHATAN KERJA DAN KEAMANAN",G2,S1 Keselamatan Dan Kesehatan Kerja/Kesehatan Masyarakat K3,1,S1,Rekrut 2019,K3 dan Lingkungan,2,0.837
617,2019,HOLDING,PUSDIKLAT,,OFFICER PELAYANAN DAN PENDAYAGUNAAN ASET PROPERTI,OFFICER,PELAYANAN DAN PENDAYAGUNAAN ASET PROPERTI,G2,S1 Teknik Industri/Teknik Material,1,S1,Rekrut 2019,Perencanaan dan Kinerja,2,0.833
618,2019,HOLDING,PUSDIKLAT,,OFFICER PENGELOLAAN KEMITRAAN DAN RANTAI PASOK PEMBELAJARAN,OFFICER,PENGELOLAAN KEMITRAAN DAN RANTAI PASOK PEMBELAJARAN,G2,S1 Psikologi/Kepegawaian,1,S1,Rekrut 2019,Sumber Daya Manusia,2,0.833
619,2019,HOLDING,PUSDIKLAT,,OFFICER PENGEMBANGAN PEMBELAJARAN,OFFICER,PENGEMBANGAN PEMBELAJARAN,G2,S1 Psikologi/Kepegawaian,1,S1,Rekrut 2019,Sumber Daya Manusia,2,0.833
620,2019,HOLDING,UID Jakarta Raya,,OFFICER PERENCANAAN SISTEM KELISTRIKAN,OFFICER,PERENCANAAN SISTEM KELISTRIKAN,G2,S1 Teknik Kimia/Teknik Lingkungan,1,S1,Rekrut 2019,Perencanaan Sistem,2,0.831
621,2019,HOLDING,UID Jakarta Raya,,TECHNICIAN SCADA DAN TELEKOMUNIKASI,TECHNICIAN,SCADA DAN TELEKOMUNIKASI,G2,S1 Teknik Elektro/Teknik Listrik,1,S1,Rekrut 2019,Proteksi dan Kontrol,2,0.831
622,2019,HOLDING,UID Kaltimra,,OFFICER PELAKSANA PENGADAAN,OFFICER,PELAKSANA PENGADAAN,G2,S1 Logistik/Supply Chain Management,1,S1,3T,Manajemen Konstruksi dan Pengadaan,2,0.831
623,2019,HOLDING,UID Bali,,OFFICER KINERJA DAN ADMINISTRASI LAYANAN PELANGGAN,OFFICER,KINERJA DAN ADMINISTRASI LAYANAN PELANGGAN,G2,S1 Manajemen Pemasaran/Digital Marketing Dan Analytics,1,S1,Rekrut 2019,Niaga dan Pemasaran,2,3.658
624,2019,HOLDING,UID Jawa Barat,,TECHNICIAN TRANSAKSI ENERGI LAYANAN PELANGGAN,TECHNICIAN,TRANSAKSI ENERGI LAYANAN PELANGGAN,G2,S1 Teknik Elektro/Teknik Listrik,1,S1,Rekrut 2019,Distribusi,2,3.597
625,2019,HOLDING,UID Banten,,OFFICER KINERJA JARINGAN DISTRIBUSI,OFFICER,KINERJA JARINGAN DISTRIBUSI,G2,S1 Teknik Elektro/Teknik Listrik,1,S1,Rekrut 2019,Distribusi,2,3.522
626,2019,HOLDING,UID Sumut,,OFFICER KINERJA KEUANGAN DAN UMUM,OFFICER,KINERJA KEUANGAN DAN UMUM,G2,S1 Akuntansi/Administrasi Fiskal,1,S1,Rekrut 2019,Keuangan dan Akuntansi,2,3.489
627,2019,HOLDING,UID Riau & Kepri,,OFFICER KINERJA DAN ADMINISTRASI LAYANAN PELANGGAN,OFFICER,KINERJA DAN ADMINISTRASI LAYANAN PELANGGAN,G2,S1 Manajemen Pemasaran/Digital Marketing Dan Analytics,1,S1,Rekrut 2019,Niaga dan Pemasaran,2,3.449
628,2019,HOLDING,UIW Papua&Papua Barat,,TECHNICIAN OPERASI DISTRIBUSI,TECHNICIAN,OPERASI DISTRIBUSI,G2,S1 Teknik Elektro/Teknik Listrik,1,S1,3T,Distribusi,2,3.386
629,2019,HOLDING,UID Sulselrabar,,OFFICER KINERJA KEUANGAN DAN UMUM,OFFICER,KINERJA KEUANGAN DAN UMUM,G2,S1 Akuntansi/Administrasi Fiskal,1,S1,3T,Keuangan dan Akuntansi,2,3.36
630,2019,HOLDING,UID Jawa Timur,,TECHNICIAN PENGELOLAAN KONSTRUKSI,TECHNICIAN,PENGELOLAAN KONSTRUKSI,G2,S1 Logistik/Supply Chain Management,1,S1,Rekrut 2019,Manajemen Konstruksi dan Pengadaan,2,3.333
631,2019,HOLDING,UID Jawa Tengah & DIY,,OFFICER KINERJA TRANSAKSI ENERGI LISTRIK,OFFICER,KINERJA TRANSAKSI ENERGI LISTRIK,G2,S1 Teknik Elektro/Teknik Listrik,1,S1,Rekrut 2019,Distribusi,2,3.279
632,2019,HOLDING,UIP Kalimantan Bag Timur,,OFFICER PERIZINAN DAN PERTANAHAN,OFFICER,PERIZINAN DAN PERTANAHAN,G2,S1 Logistik/Supply Chain Management,1,S1,3T,Manajemen Konstruksi dan Pengadaan,2,3.24
633,2019,HOLDING,UID Sumbar,,OFFICER LOGISTIK LAYANAN PELANGGAN,OFFICER,LOGISTIK LAYANAN PELANGGAN,G2,S1 Logistik/Supply Chain Management,1,S1,Rekrut 2019,Manajemen Konstruksi dan Pengadaan,2,3.234
634,2019,HOLDING,UIT JBTB,,OFFICER KINERJA KEUANGAN DAN UMUM,OFFICER,KINERJA KEUANGAN DAN UMUM,G2,S1 Akuntansi/Administrasi Fiskal,1,S1,Rekrut 2019,Keuangan dan Akuntansi,2,3.224
635,2019,HOLDING,PUSERTIF,,TECHNICIAN PENGELOLAAN PENGUJIAN SISTEM PEMBANGKIT,TECHNICIAN,PENGELOLAAN PENGUJIAN SISTEM PEMBANGKIT,G2,S1 Teknik Mesin/Konversi Energi,1,S1,Rekrut 2019,Pembangkitan,2,3.212
636,2019,HOLDING,P3B Sumatera,,OFFICER KEUANGAN DAN AKUNTANSI,OFFICER,KEUANGAN DAN AKUNTANSI,G2,S1 Akuntansi/Administrasi Fiskal,1,S1,Rekrut 2019,Keuangan dan Akuntansi,2,3.204
637,2019,HOLDING,UIW Maluku&Malut,,OFFICER ADMINISTRASI DAN UMUM,OFFICER,ADMINISTRASI DAN UMUM,G2,S1 Komunikasi/Hubungan Masyarakat,1,S1,3T,Komunikasi dan Umum,2,3.198
638,2019,HOLDING,UIW Maluku&Malut,,OFFICER KINERJA,OFFICER,KINERJA,G2,S1 Teknik Industri/Teknik Material,1,S1,3T,Perencanaan dan Kinerja,2,3.198
639,2019,HOLDING,UIW Maluku&Malut,,OFFICER PERENCANAAN SISTEM KELISTRIKAN,OFFICER,PERENCANAAN SISTEM KELISTRIKAN,G2,S1 Teknik Kimia/Teknik Lingkungan,1,S1,3T,Perencanaan Sistem,2,3.198
640,2019,HOLDING,UIW Maluku&Malut,,TECHNICIAN PENGENDALIAN OPERASI SISTEM,TECHNICIAN,PENGENDALIAN OPERASI SISTEM,G2,S1 Teknik Kimia/Teknik Lingkungan,1,S1,3T,Perencanaan Sistem,2,3.198
641,2019,HOLDING,UIW NusaTenggaraTimur,,TECHNICIAN PENGENDALIAN OPERASI DAN PEMELIHARAAN PUSAT LISTRIK,TECHNICIAN,PENGENDALIAN OPERASI DAN PEMELIHARAAN PUSAT LISTRIK,G2,S1 Teknik Mesin/Konversi Energi,1,S1,3T,Pembangkitan,2,3.149
642,2019,HOLDING,UIP Maluku dan Papua,,TECHNICIAN PENGENDALIAN KONSTRUKSI,TECHNICIAN,PENGENDALIAN KONSTRUKSI,G2,S1 Logistik/Supply Chain Management,1,S1,3T,Manajemen Konstruksi dan Pengadaan,2,3.143
643,2019,HOLDING,UID Jakarta Raya,,TECHNICIAN OPERASI DISTRIBUSI,TECHNICIAN,OPERASI DISTRIBUSI,G2,S1 Teknik Elektro/Teknik Listrik,1,S1,Rekrut 2019,Distribusi,2,3.115
644,2019,HOLDING,UIT JBT,,OFFICER KINERJA KEUANGAN DAN UMUM,OFFICER,KINERJA KEUANGAN DAN UMUM,G2,S1 Akuntansi/Administrasi Fiskal,1,S1,Rekrut 2019,Keuangan dan Akuntansi,2,3.067
645,2019,HOLDING,UID Banten,,OFFICER KINERJA DAN ADMINISTRASI LAYANAN PELANGGAN,OFFICER,KINERJA DAN ADMINISTRASI LAYANAN PELANGGAN,G2,S1 Manajemen Pemasaran/Digital Marketing Dan Analytics,1,S1,Rekrut 2019,Niaga dan Pemasaran,2,3.063
646,2019,HOLDING,UID Bali,,OFFICER LOGISTIK LAYANAN PELANGGAN,OFFICER,LOGISTIK LAYANAN PELANGGAN,G2,S1 Logistik/Supply Chain Management,1,S1,Rekrut 2019,Manajemen Konstruksi dan Pengadaan,2,3.049
647,2019,HOLDING,UID Kaltimra,,OFFICER KINERJA KEUANGAN DAN UMUM,OFFICER,KINERJA KEUANGAN DAN UMUM,G2,S1 Akuntansi/Administrasi Fiskal,1,S1,3T,Keuangan dan Akuntansi,2,3.046
648,2019,HOLDING,UID Kalselteng,,OFFICER KINERJA JARINGAN DAN KONSTRUKSI DISTRIBUSI,OFFICER,KINERJA JARINGAN DAN KONSTRUKSI DISTRIBUSI,G2,S1 Teknik Elektro/Teknik Listrik,1,S1,3T,Distribusi,2,3.024
649,2019,HOLDING,UIP JBTB,,"OFFICER KEUANGAN, PERIZINAN, PERTANAHAN DAN UMUM",OFFICER,"KEUANGAN, PERIZINAN, PERTANAHAN DAN UMUM",G2,S1 Logistik/Supply Chain Management,1,S1,Rekrut 2019,Manajemen Konstruksi dan Pengadaan,2,3.017
650,2019,HOLDING,UIT JBTB,,OFFICER KINERJA KONSTRUKSI,OFFICER,KINERJA KONSTRUKSI,G2,S1 Logistik/Supply Chain Management,1,S1,Rekrut 2019,Manajemen Konstruksi dan Pengadaan,2,3.009
651,2019,HOLDING,UID Suluttenggo,,OFFICER KINERJA KEUANGAN DAN UMUM,OFFICER,KINERJA KEUANGAN DAN UMUM,G2,S1 Akuntansi/Administrasi Fiskal,1,S1,3T,Keuangan dan Akuntansi,2,2.947
652,2019,HOLDING,UIP3B Kalimantan,,OFFICER KINERJA KEUANGAN DAN UMUM,OFFICER,KINERJA KEUANGAN DAN UMUM,G2,S1 Akuntansi/Administrasi Fiskal,1,S1,3T,Keuangan dan Akuntansi,2,2.931
653,2019,HOLDING,UID Jawa Barat,,TECHNICIAN TEKNISI PDKB,TECHNICIAN,TEKNISI PDKB,G2,S1 Teknik Elektro/Teknik Listrik,1,S1,Rekrut 2019,Distribusi,2,2.923
654,2019,HOLDING,UIP Kalimantan Bag Timur,,TECHNICIAN PENGENDALIAN KONSTRUKSI,TECHNICIAN,PENGENDALIAN KONSTRUKSI,G2,S1 Logistik/Supply Chain Management,1,S1,3T,Manajemen Konstruksi dan Pengadaan,2,2.916
655,2019,HOLDING,UID Banten,,OFFICER PRIORITY ACCOUNT EXECUTIVE,OFFICER,PRIORITY ACCOUNT EXECUTIVE,G2,S1 Komunikasi/Hubungan Masyarakat,1,S1,Rekrut 2019,Komunikasi dan Umum,2,2.91
656,2019,HOLDING,UIP3B Sulawesi,,TECHNICIAN PENGENDALIAN OPERASI DAN PEMELIHARAAN,TECHNICIAN,PENGENDALIAN OPERASI DAN PEMELIHARAAN,G2,S1 Teknik Elektro/Teknik Listrik,1,S1,3T,Distribusi,2,2.9
657,2019,HOLDING,UID S2JB,,OFFICER KINERJA,OFFICER,KINERJA,G2,S1 Teknik Industri/Teknik Material,1,S1,3T,Perencanaan dan Kinerja,2,2.875
658,2019,HOLDING,UID Sumbar,,JUNIOR OFFICER PELAYANAN PELANGGAN,JUNIOR OFFICER,PELAYANAN PELANGGAN,G1,D3 Manajemen Pemasaran/Digital Marketing Dan Analytics,1,D3,Rekrut 2019,Niaga dan Pemasaran,1,2.828
659,2019,HOLDING,UID Bali,,JUNIOR OFFICER PELAYANAN PELANGGAN,JUNIOR OFFICER,PELAYANAN PELANGGAN,G1,D3 Manajemen Pemasaran/Digital Marketing Dan Analytics,1,D3,Rekrut 2019,Niaga dan Pemasaran,1,2.824
660,2019,HOLDING,UID Aceh,,JUNIOR TECHNICIAN TRANSAKSI ENERGI LAYANAN PELANGGAN,JUNIOR TECHNICIAN,TRANSAKSI ENERGI LAYANAN PELANGGAN,G1,D3 Teknik Elektro/Teknik Listrik,1,D3,3T,Distribusi,1,2.815
661,2019,HOLDING,UID Riau & Kepri,,JUNIOR TECHNICIAN TRANSAKSI ENERGI LAYANAN PELANGGAN,JUNIOR TECHNICIAN,TRANSAKSI ENERGI LAYANAN PELANGGAN,G1,D3 Teknik Elektro/Teknik Listrik,1,D3,Rekrut 2019,Distribusi,1,2.803
662,2019,HOLDING,UIW NusaTenggaraTimur,,JUNIOR TECHNICIAN TEKNIK LAYANAN PELANGGAN,JUNIOR TECHNICIAN,TEKNIK LAYANAN PELANGGAN,G1,D3 Teknik Elektro/Teknik Listrik,1,D3,3T,Distribusi,1,2.795
663,2019,HOLDING,UIP JBB,,JUNIOR OFFICER KEUANGAN,JUNIOR OFFICER,KEUANGAN,G1,D3 Akuntansi/Administrasi Fiskal,1,D3,Rekrut 2019,Keuangan dan Akuntansi,1,2.749
664,2019,HOLDING,UIP JBB,,JUNIOR OFFICER PENGADAAN TANAH DAN PENGENDALIAN ROW,JUNIOR OFFICER,PENGADAAN TANAH DAN PENGENDALIAN ROW,G1,D3 Logistik/Supply Chain Management,1,D3,Rekrut 2019,Manajemen Konstruksi dan Pengadaan,1,2.749
665,2019,HOLDING,UID Aceh,,JUNIOR OFFICER PELAYANAN PELANGGAN,JUNIOR OFFICER,PELAYANAN PELANGGAN,G1,D3 Manajemen Pemasaran/Digital Marketing Dan Analytics,1,D3,3T,Niaga dan Pemasaran,1,2.733
666,2019,HOLDING,UIP Nusa Tenggara,,JUNIOR TECHNICIAN TEKNIK ELEKTRIKAL,JUNIOR TECHNICIAN,TEKNIK ELEKTRIKAL,G1,D3 Teknik Elektro/Teknik Listrik,1,D3,3T,Distribusi,1,2.721
667,2019,HOLDING,UIP Maluku dan Papua,,JUNIOR OFFICER ADMINISTRASI DAN UMUM,JUNIOR OFFICER,ADMINISTRASI DAN UMUM,G1,D3 Komunikasi/Hubungan Masyarakat,1,D3,3T,Komunikasi dan Umum,1,2.706
668,2019,HOLDING,UID Kaltimra,,JUNIOR OFFICER PELAYANAN PELANGGAN,JUNIOR OFFICER,PELAYANAN PELANGGAN,G1,D3 Manajemen Pemasaran/Digital Marketing Dan Analytics,1,D3,3T,Niaga dan Pemasaran,1,2.68
669,2019,HOLDING,UID Jakarta Raya,,JUNIOR TECHNICIAN PENGENDALIAN SUSUT,JUNIOR TECHNICIAN,PENGENDALIAN SUSUT,G1,D3 Teknik Elektro/Teknik Listrik,1,D3,Rekrut 2019,Distribusi,1,2.572
670,2019,HOLDING,UID Sulselrabar,,JUNIOR OFFICER PELAYANAN PELANGGAN,JUNIOR OFFICER,PELAYANAN PELANGGAN,G1,D3 Manajemen Pemasaran/Digital Marketing Dan Analytics,1,D3,3T,Niaga dan Pemasaran,1,2.57
671,2019,HOLDING,Pusat Pengatur Beban,,JUNIOR TECHNICIAN TELEKOMUNIKASI,JUNIOR TECHNICIAN,TELEKOMUNIKASI,G1,D3 Teknik Elektro/Teknik Listrik,1,D3,Rekrut 2019,Proteksi dan Kontrol,1,2.561
672,2019,HOLDING,UIW Maluku&Malut,,JUNIOR OFFICER PELAYANAN PELANGGAN,JUNIOR OFFICER,PELAYANAN PELANGGAN,G1,D3 Manajemen Pemasaran/Digital Marketing Dan Analytics,1,D3,3T,Niaga dan Pemasaran,1,2.54
673,2019,HOLDING,UIP3B Kalimantan,,JUNIOR TECHNICIAN PEMELIHARAAN JARINGAN,JUNIOR TECHNICIAN,PEMELIHARAAN JARINGAN,G1,D3 Teknik Elektro/Teknik Listrik,1,D3,3T,Distribusi,1,2.494
674,2019,HOLDING,UIP Kalimantan Bag Timur,,JUNIOR TECHNICIAN TEKNIK ELEKTRIKAL,JUNIOR TECHNICIAN,TEKNIK ELEKTRIKAL,G1,D3 Teknik Elektro/Teknik Listrik,1,D3,3T,Distribusi,1,2.49
675,2019,HOLDING,UIP JBT,,"JUNIOR OFFICER KESELAMATAN, KESEHATAN KERJA, LINGKUNGAN, DAN KEAMANAN",JUNIOR OFFICER,"KESELAMATAN, KESEHATAN KERJA, LINGKUNGAN, DAN KEAMANAN",G1,D3 Keselamatan Dan Kesehatan Kerja/Kesehatan Masyarakat K3,1,D3,Rekrut 2019,K3 dan Lingkungan,1,2.438
676,2019,HOLDING,UID Sumbar,,JUNIOR TECHNICIAN TRANSAKSI ENERGI LAYANAN PELANGGAN,JUNIOR TECHNICIAN,TRANSAKSI ENERGI LAYANAN PELANGGAN,G1,D3 Teknik Elektro/Teknik Listrik,1,D3,Rekrut 2019,Distribusi,1,2.4
677,2019,HOLDING,UIP3B Kalimantan,,JUNIOR TECHNICIAN PEMELIHARAAN GARDU INDUK,JUNIOR TECHNICIAN,PEMELIHARAAN GARDU INDUK,G1,D3 Teknik Elektro/Teknik Listrik,1,D3,3T,Transmisi dan Gardu Induk,1,2.375
678,2019,HOLDING,UID S2JB,,JUNIOR TECHNICIAN TEKNIK LAYANAN PELANGGAN,JUNIOR TECHNICIAN,TEKNIK LAYANAN PELANGGAN,G1,D3 Teknik Elektro/Teknik Listrik,1,D3,3T,Distribusi,1,2.355
679,2019,HOLDING,P3B Sumatera,,"JUNIOR TECHNICIAN PEMELIHARAAN PROTEKSI, METER, DAN OTOMASI TRANSMISI DAN GARDU INDUK",JUNIOR TECHNICIAN,"PEMELIHARAAN PROTEKSI, METER, DAN OTOMASI TRANSMISI DAN GARDU INDUK",G1,D3 Teknik Elektro/Teknik Listrik,1,D3,Rekrut 2019,Transmisi dan Gardu Induk,1,2.326
680,2019,HOLDING,P3B Sumatera,,JUNIOR TECHNICIAN PDKB GI/GITET,JUNIOR TECHNICIAN,PDKB GI/GITET,G1,D3 Teknik Elektro/Teknik Listrik,1,D3,Rekrut 2019,Transmisi dan Gardu Induk,1,2.268
681,2019,HOLDING,UID Kalbar,,JUNIOR TECHNICIAN PDKB,JUNIOR TECHNICIAN,PDKB,G1,D3 Teknik Elektro/Teknik Listrik,1,D3,3T,Distribusi,1,2.25
682,2019,HOLDING,UIT JBT,,JUNIOR TECHNICIAN PEMELIHARAAN GARDU INDUK,JUNIOR TECHNICIAN,PEMELIHARAAN GARDU INDUK,G1,D3 Teknik Elektro/Teknik Listrik,1,D3,Rekrut 2019,Transmisi dan Gardu Induk,1,2.245
683,2019,HOLDING,Pusat Pengatur Beban,,JUNIOR OFFICER ADMINISTRASI UMUM,JUNIOR OFFICER,ADMINISTRASI UMUM,G1,D3 Komunikasi/Hubungan Masyarakat,1,D3,Rekrut 2019,Komunikasi dan Umum,1,2.241
684,2019,HOLDING,UID Jakarta Raya,,JUNIOR TECHNICIAN PENGATURAN OPERASI,JUNIOR TECHNICIAN,PENGATURAN OPERASI,G1,D3 Teknik Kimia/Teknik Lingkungan,1,D3,Rekrut 2019,Perencanaan Sistem,1,2.229
685,2019,HOLDING,UIP Maluku dan Papua,,JUNIOR TECHNICIAN TEKNIK ELEKTRIKAL,JUNIOR TECHNICIAN,TEKNIK ELEKTRIKAL,G1,D3 Teknik Elektro/Teknik Listrik,1,D3,3T,Distribusi,1,2.214
686,2019,HOLDING,UIP Sumatera Bag Tengah,,JUNIOR OFFICER PERIZINAN,JUNIOR OFFICER,PERIZINAN,G1,D3 Komunikasi/Hubungan Masyarakat,1,D3,Rekrut 2019,Komunikasi dan Umum,1,2.07
687,2019,HOLDING,UID Jawa Barat,,JUNIOR TECHNICIAN PENGATURAN OPERASI,JUNIOR TECHNICIAN,PENGATURAN OPERASI,G1,D3 Teknik Kimia/Teknik Lingkungan,1,D3,Rekrut 2019,Perencanaan Sistem,1,2.054
688,2019,HOLDING,UIT JBTB,,JUNIOR TECHNICIAN PEMELIHARAAN JARINGAN TRANSMISI,JUNIOR TECHNICIAN,PEMELIHARAAN JARINGAN TRANSMISI,G1,D3 Teknik Elektro/Teknik Listrik,1,D3,Rekrut 2019,Transmisi dan Gardu Induk,1,2.007
689,2019,HOLDING,UIW NusaTenggaraTimur,,JUNIOR TECHNICIAN TRANSAKSI ENERGI LAYANAN PELANGGAN,JUNIOR TECHNICIAN,TRANSAKSI ENERGI LAYANAN PELANGGAN,G1,D3 Teknik Elektro/Teknik Listrik,1,D3,3T,Distribusi,1,1.997
690,2019,HOLDING,UID Jawa Tengah & DIY,,JUNIOR TECHNICIAN PENGATURAN OPERASI,JUNIOR TECHNICIAN,PENGATURAN OPERASI,G1,D3 Teknik Kimia/Teknik Lingkungan,1,D3,Rekrut 2019,Perencanaan Sistem,1,1.956
691,2019,HOLDING,PUSDIKLAT,,JUNIOR OFFICER ADMINISTRASI UMUM,JUNIOR OFFICER,ADMINISTRASI UMUM,G1,D3 Komunikasi/Hubungan Masyarakat,1,D3,Rekrut 2019,Komunikasi dan Umum,1,1.928
692,2019,HOLDING,PUSDIKLAT,,JUNIOR OFFICER KEUANGAN DAN AKUNTANSI,JUNIOR OFFICER,KEUANGAN DAN AKUNTANSI,G1,D3 Akuntansi/Administrasi Fiskal,1,D3,Rekrut 2019,Keuangan dan Akuntansi,1,1.928
693,2019,HOLDING,PUSDIKLAT,,JUNIOR OFFICER PELAYANAN DAN FASILITAS TEKNOLOGI INFORMASI PEMBELAJARAN,JUNIOR OFFICER,PELAYANAN DAN FASILITAS TEKNOLOGI INFORMASI PEMBELAJARAN,G1,D3 Psikologi/Kepegawaian,1,D3,Rekrut 2019,Sumber Daya Manusia,1,1.928
694,2019,HOLDING,UIW NusaTenggaraTimur,,JUNIOR OFFICER PELAYANAN PELANGGAN,JUNIOR OFFICER,PELAYANAN PELANGGAN,G1,D3 Manajemen Pemasaran/Digital Marketing Dan Analytics,1,D3,3T,Niaga dan Pemasaran,1,1.917
695,2019,HOLDING,UIP Kalimantan Bag Barat,,JUNIOR OFFICER PENGADAAN TANAH DAN PENGENDALIAN ROW,JUNIOR OFFICER,PENGADAAN TANAH DAN PENGENDALIAN ROW,G1,D3 Logistik/Supply Chain Management,1,D3,3T,Manajemen Konstruksi dan Pengadaan,1,1.916
696,2019,HOLDING,UIP Kalimantan Bag Barat,,JUNIOR TECHNICIAN TEKNIK ELEKTRIKAL,JUNIOR TECHNICIAN,TEKNIK ELEKTRIKAL,G1,D3 Teknik Elektro/Teknik Listrik,1,D3,3T,Distribusi,1,1.916
697,2019,HOLDING,UID Suluttenggo,,JUNIOR OFFICER PELAYANAN PELANGGAN,JUNIOR OFFICER,PELAYANAN PELANGGAN,G1,D3 Manajemen Pemasaran/Digital Marketing Dan Analytics,1,D3,3T,Niaga dan Pemasaran,1,1.901
698,2019,HOLDING,UID Jakarta Raya,,JUNIOR TECHNICIAN PENGENDALIAN KONSTRUKSI DISTRIBUSI,JUNIOR TECHNICIAN,PENGENDALIAN KONSTRUKSI DISTRIBUSI,G1,D3 Teknik Elektro/Teknik Listrik,1,D3,Rekrut 2019,Distribusi,1,1.886
699,2019,HOLDING,UID Jakarta Raya,,JUNIOR TECHNICIAN PENYAMBUNGAN DAN PEMUTUSAN,JUNIOR TECHNICIAN,PENYAMBUNGAN DAN PEMUTUSAN,G1,D3 Teknik Elektro/Teknik Listrik,1,D3,Rekrut 2019,Distribusi,1,1.886
700,2019,HOLDING,UIT JBT,,JUNIOR TECHNICIAN PEMELIHARAAN JARINGAN TRANSMISI,JUNIOR TECHNICIAN,PEMELIHARAAN JARINGAN TRANSMISI,G1,D3 Teknik Elektro/Teknik Listrik,1,D3,Rekrut 2019,Transmisi dan Gardu Induk,1,1.878
701,2019,HOLDING,UIP Kalimantan Bag Timur,,JUNIOR OFFICER PENGADAAN TANAH DAN PENGENDALIAN ROW,JUNIOR OFFICER,PENGADAAN TANAH DAN PENGENDALIAN ROW,G1,D3 Logistik/Supply Chain Management,1,D3,3T,Manajemen Konstruksi dan Pengadaan,1,1.868
702,2019,HOLDING,UIW NusaTenggara Barat,,JUNIOR TECHNICIAN TEKNIK LAYANAN PELANGGAN,JUNIOR TECHNICIAN,TEKNIK LAYANAN PELANGGAN,G1,D3 Teknik Elektro/Teknik Listrik,1,D3,3T,Distribusi,1,1.868
703,2019,HOLDING,UID S2JB,,JUNIOR TECHNICIAN PENGATURAN OPERASI,JUNIOR TECHNICIAN,PENGATURAN OPERASI,G1,D3 Teknik Kimia/Teknik Lingkungan,1,D3,3T,Perencanaan Sistem,1,1.832
704,2019,HOLDING,UID Lampung,,JUNIOR OFFICER PELAYANAN PELANGGAN,JUNIOR OFFICER,PELAYANAN PELANGGAN,G1,D3 Manajemen Pemasaran/Digital Marketing Dan Analytics,1,D3,Rekrut 2019,Niaga dan Pemasaran,1,1.831
705,2019,HOLDING,UIP Sulawesi,,JUNIOR OFFICER ADMINISTRASI DAN UMUM,JUNIOR OFFICER,ADMINISTRASI DAN UMUM,G1,D3 Komunikasi/Hubungan Masyarakat,1,D3,3T,Komunikasi dan Umum,1,1.825
706,2019,HOLDING,UIW Papua&Papua Barat,,JUNIOR TECHNICIAN PDKB,JUNIOR TECHNICIAN,PDKB,G1,D3 Teknik Elektro/Teknik Listrik,1,D3,3T,Distribusi,1,1.821
707,2019,HOLDING,UIP Nusa Tenggara,,JUNIOR OFFICER PENGADAAN TANAH DAN PENGENDALIAN ROW,JUNIOR OFFICER,PENGADAAN TANAH DAN PENGENDALIAN ROW,G1,D3 Logistik/Supply Chain Management,1,D3,3T,Manajemen Konstruksi dan Pengadaan,1,1.814
708,2019,HOLDING,UIT JBTB,,"JUNIOR TECHNICIAN PEMELIHARAAN PROTEKSI, METER, DAN OTOMASI TRANSMISI DAN GARDU INDUK",JUNIOR TECHNICIAN,"PEMELIHARAAN PROTEKSI, METER, DAN OTOMASI TRANSMISI DAN GARDU INDUK",G1,D3 Teknik Elektro/Teknik Listrik,1,D3,Rekrut 2019,Transmisi dan Gardu Induk,1,1.806
709,2019,HOLDING,UIT JBB,,JUNIOR TECHNICIAN PDKB SUTT/SUTET,JUNIOR TECHNICIAN,PDKB SUTT/SUTET,G1,D3 Teknik Elektro/Teknik Listrik,1,D3,Rekrut 2019,Transmisi dan Gardu Induk,1,1.727
710,2019,HOLDING,UIP Sumatera Bag Tengah,,JUNIOR OFFICER PENGADAAN TANAH DAN PENGENDALIAN ROW,JUNIOR OFFICER,PENGADAAN TANAH DAN PENGENDALIAN ROW,G1,D3 Logistik/Supply Chain Management,1,D3,Rekrut 2019,Manajemen Konstruksi dan Pengadaan,1,1.725
711,2019,HOLDING,UIW NusaTenggara Barat,,JUNIOR TECHNICIAN OPERASI PUSAT LISTRIK,JUNIOR TECHNICIAN,OPERASI PUSAT LISTRIK,G1,D3 Teknik Mesin/Konversi Energi,1,D3,3T,Pembangkitan,1,1.716
712,2019,HOLDING,UIW Maluku&Malut,,JUNIOR TECHNICIAN PEMELIHARAAN PUSAT LISTRIK,JUNIOR TECHNICIAN,PEMELIHARAAN PUSAT LISTRIK,G1,D3 Teknik Mesin/Konversi Energi,1,D3,3T,Pembangkitan,1,1.693
713,2019,HOLDING,UIP3B Sulawesi,,JUNIOR TECHNICIAN PEMELIHARAAN GARDU INDUK,JUNIOR TECHNICIAN,PEMELIHARAAN GARDU INDUK,G1,D3 Teknik Elektro/Teknik Listrik,1,D3,3T,Transmisi dan Gardu Induk,1,1.631
714,2019,HOLDING,UIW NusaTenggara Barat,,JUNIOR OFFICER PELAYANAN PELANGGAN,JUNIOR OFFICER,PELAYANAN PELANGGAN,G1,D3 Manajemen Pemasaran/Digital Marketing Dan Analytics,1,D3,3T,Niaga dan Pemasaran,1,1.615
715,2019,HOLDING,UIT JBT,,JUNIOR TECHNICIAN PDKB SUTT/SUTET,JUNIOR TECHNICIAN,PDKB SUTT/SUTET,G1,D3 Teknik Elektro/Teknik Listrik,1,D3,Rekrut 2019,Transmisi dan Gardu Induk,1,1.603
716,2019,HOLDING,UID Suluttenggo,,JUNIOR TECHNICIAN PDKB,JUNIOR TECHNICIAN,PDKB,G1,D3 Teknik Elektro/Teknik Listrik,1,D3,3T,Distribusi,1,1.601
717,2019,HOLDING,Pusat Pengatur Beban,,JUNIOR TECHNICIAN OPERASI REAL TIME A,JUNIOR TECHNICIAN,OPERASI REAL TIME A,G1,D3 Teknik Elektro/Teknik Listrik,1,D3,Rekrut 2019,Distribusi,1,1.601
718,2019,HOLDING,UIW NusaTenggaraTimur,,JUNIOR TECHNICIAN OPERASI DISTRIBUSI,JUNIOR TECHNICIAN,OPERASI DISTRIBUSI,G1,D3 Teknik Elektro/Teknik Listrik,1,D3,3T,Distribusi,1,1.597
719,2019,HOLDING,UIW NusaTenggaraTimur,,JUNIOR TECHNICIAN PDKB,JUNIOR TECHNICIAN,PDKB,G1,D3 Teknik Elektro/Teknik Listrik,1,D3,3T,Distribusi,1,1.597
720,2019,HOLDING,UIP Sumatera Bag Selatan,,JUNIOR OFFICER PENGADAAN TANAH DAN PENGENDALIAN ROW,JUNIOR OFFICER,PENGADAAN TANAH DAN PENGENDALIAN ROW,G1,D3 Logistik/Supply Chain Management,1,D3,Rekrut 2019,Manajemen Konstruksi dan Pengadaan,1,1.59
721,2019,HOLDING,UID Kaltimra,,JUNIOR TECHNICIAN PENGATURAN OPERASI,JUNIOR TECHNICIAN,PENGATURAN OPERASI,G1,D3 Teknik Kimia/Teknik Lingkungan,1,D3,3T,Perencanaan Sistem,1,1.584
722,2019,HOLDING,UIW NusaTenggara Barat,,JUNIOR TECHNICIAN TRANSAKSI ENERGI LAYANAN PELANGGAN,JUNIOR TECHNICIAN,TRANSAKSI ENERGI LAYANAN PELANGGAN,G1,D3 Teknik Elektro/Teknik Listrik,1,D3,3T,Distribusi,1,1.565
723,2019,HOLDING,UID Kalbar,,JUNIOR TECHNICIAN PENGATURAN OPERASI,JUNIOR TECHNICIAN,PENGATURAN OPERASI,G1,D3 Teknik Kimia/Teknik Lingkungan,1,D3,3T,Perencanaan Sistem,1,1.558
724,2019,HOLDING,UID Jakarta Raya,,JUNIOR TECHNICIAN PDKB,JUNIOR TECHNICIAN,PDKB,G1,D3 Teknik Elektro/Teknik Listrik,1,D3,Rekrut 2019,Distribusi,1,1.543
725,2019,HOLDING,PUSERTIF,,JUNIOR TECHNICIAN PENGUJIAN ARUS TINGGI,JUNIOR TECHNICIAN,PENGUJIAN ARUS TINGGI,G1,D3 Teknik Elektro/Teknik Listrik,1,D3,Rekrut 2019,Distribusi,1,1.542
726,2019,HOLDING,PUSHARLIS,,JUNIOR TECHNICIAN MEKANIKAL,JUNIOR TECHNICIAN,MEKANIKAL,G1,D3 Teknik Elektro/Teknik Listrik,1,D3,Rekrut 2019,Distribusi,1,1.533
727,2019,HOLDING,UID Riau & Kepri,,JUNIOR TECHNICIAN PENGATURAN OPERASI,JUNIOR TECHNICIAN,PENGATURAN OPERASI,G1,D3 Teknik Kimia/Teknik Lingkungan,1,D3,Rekrut 2019,Perencanaan Sistem,1,1.51
728,2019,HOLDING,UID Banten,,JUNIOR TECHNICIAN TEKNIK LAYANAN PELANGGAN,JUNIOR TECHNICIAN,TEKNIK LAYANAN PELANGGAN,G1,D3 Teknik Elektro/Teknik Listrik,1,D3,Rekrut 2019,Distribusi,1,1.488
729,2019,HOLDING,UIP Maluku dan Papua,,JUNIOR OFFICER PENGADAAN TANAH DAN PENGENDALIAN ROW,JUNIOR OFFICER,PENGADAAN TANAH DAN PENGENDALIAN ROW,G1,D3 Logistik/Supply Chain Management,1,D3,3T,Manajemen Konstruksi dan Pengadaan,1,1.476
730,2019,HOLDING,UID Lampung,,JUNIOR TECHNICIAN PENGATURAN OPERASI,JUNIOR TECHNICIAN,PENGATURAN OPERASI,G1,D3 Teknik Kimia/Teknik Lingkungan,1,D3,Rekrut 2019,Perencanaan Sistem,1,1.424
731,2019,HOLDING,UID Lampung,,JUNIOR TECHNICIAN TEKNIK LAYANAN PELANGGAN,JUNIOR TECHNICIAN,TEKNIK LAYANAN PELANGGAN,G1,D3 Teknik Elektro/Teknik Listrik,1,D3,Rekrut 2019,Distribusi,1,1.424
732,2019,HOLDING,UID Bali,,JUNIOR TECHNICIAN PENGATURAN OPERASI,JUNIOR TECHNICIAN,PENGATURAN OPERASI,G1,D3 Teknik Kimia/Teknik Lingkungan,1,D3,Rekrut 2019,Perencanaan Sistem,1,1.412
733,2019,HOLDING,UIW Maluku&Malut,,JUNIOR TECHNICIAN OPERASI DISTRIBUSI,JUNIOR TECHNICIAN,OPERASI DISTRIBUSI,G1,D3 Teknik Elektro/Teknik Listrik,1,D3,3T,Distribusi,1,1.411
734,2019,HOLDING,UIW Maluku&Malut,,JUNIOR TECHNICIAN PEMELIHARAAN JARINGAN TRANSMISI DAN GARDU INDUK,JUNIOR TECHNICIAN,PEMELIHARAAN JARINGAN TRANSMISI DAN GARDU INDUK,G1,D3 Teknik Elektro/Teknik Listrik,1,D3,3T,Transmisi dan Gardu Induk,1,1.411
735,2019,HOLDING,UIP JBB,,JUNIOR OFFICER LOGISTIK,JUNIOR OFFICER,LOGISTIK,G1,D3 Logistik/Supply Chain Management,1,D3,Rekrut 2019,Manajemen Konstruksi dan Pengadaan,1,1.375
736,2019,HOLDING,UID Jakarta Raya,,JUNIOR OFFICER ACCOUNT EXECUTIVE,JUNIOR OFFICER,ACCOUNT EXECUTIVE,G1,D3 Komunikasi/Hubungan Masyarakat,1,D3,Rekrut 2019,Komunikasi dan Umum,1,1.372
737,2019,HOLDING,UID Jakarta Raya,,JUNIOR OFFICER ADMINISTRASI DAN PELAYANAN PELANGGAN,JUNIOR OFFICER,ADMINISTRASI DAN PELAYANAN PELANGGAN,G1,D3 Manajemen Pemasaran/Digital Marketing Dan Analytics,1,D3,Rekrut 2019,Niaga dan Pemasaran,1,1.372
738,2019,HOLDING,UID Jakarta Raya,,JUNIOR OFFICER PENGELOLAAN PIUTANG,JUNIOR OFFICER,PENGELOLAAN PIUTANG,G1,D3 Teknik Industri/Teknik Material,1,D3,Rekrut 2019,Perencanaan dan Kinerja,1,1.372
739,2019,HOLDING,UIP Sumatera Bag Utara,,JUNIOR OFFICER PENGADAAN TANAH DAN PENGENDALIAN ROW,JUNIOR OFFICER,PENGADAAN TANAH DAN PENGENDALIAN ROW,G1,D3 Logistik/Supply Chain Management,1,D3,Rekrut 2019,Manajemen Konstruksi dan Pengadaan,1,1.372
740,2019,HOLDING,UID Kaltimra,,JUNIOR TECHNICIAN PDKB,JUNIOR TECHNICIAN,PDKB,G1,D3 Teknik Elektro/Teknik Listrik,1,D3,3T,Distribusi,1,1.34
741,2019,HOLDING,Pusat Pengatur Beban,,JUNIOR TECHNICIAN DATA DISTURBANCE FAULT RECORDER (DFR) DAN PHASOR MEASUREMENT UNIT (PMU),JUNIOR TECHNICIAN,DATA DISTURBANCE FAULT RECORDER (DFR) DAN PHASOR MEASUREMENT UNIT (PMU),G1,D3 Data Science/Teknik Informatika,1,D3,Rekrut 2019,Teknologi Informasi,1,1.28
742,2019,HOLDING,Pusat Pengatur Beban,,JUNIOR TECHNICIAN OPERASI REAL TIME C,JUNIOR TECHNICIAN,OPERASI REAL TIME C,G1,D3 Teknik Elektro/Teknik Listrik,1,D3,Rekrut 2019,Distribusi,1,1.28
743,2019,HOLDING,UIK Tanjung Jati B,,JUNIOR OFFICER ADMINISTRASI DAN UMUM,JUNIOR OFFICER,ADMINISTRASI DAN UMUM,G1,D3 Komunikasi/Hubungan Masyarakat,1,D3,Rekrut 2019,Komunikasi dan Umum,1,1.246
744,2019,HOLDING,UIK Tanjung Jati B,,JUNIOR OFFICER KESELAMATAN DAN KESEHATAN KERJA,JUNIOR OFFICER,KESELAMATAN DAN KESEHATAN KERJA,G1,D3 Keselamatan Dan Kesehatan Kerja/Kesehatan Masyarakat K3,1,D3,Rekrut 2019,K3 dan Lingkungan,1,1.246
745,2019,HOLDING,UIP Kalimantan Bag Timur,,JUNIOR OFFICER PERIZINAN,JUNIOR OFFICER,PERIZINAN,G1,D3 Komunikasi/Hubungan Masyarakat,1,D3,3T,Komunikasi dan Umum,1,1.245
746,2019,HOLDING,UID Sulselrabar,,JUNIOR TECHNICIAN PENGATURAN OPERASI,JUNIOR TECHNICIAN,PENGATURAN OPERASI,G1,D3 Teknik Kimia/Teknik Lingkungan,1,D3,3T,Perencanaan Sistem,1,1.234
747,2019,HOLDING,PUSHARLIS,,JUNIOR OFFICER ADMINISTRASI UMUM,JUNIOR OFFICER,ADMINISTRASI UMUM,G1,D3 Komunikasi/Hubungan Masyarakat,1,D3,Rekrut 2019,Komunikasi dan Umum,1,1.227
748,2019,HOLDING,UID Lampung,,JUNIOR TECHNICIAN PDKB,JUNIOR TECHNICIAN,PDKB,G1,D3 Teknik Elektro/Teknik Listrik,1,D3,Rekrut 2019,Distribusi,1,1.221
749,2019,HOLDING,UIP JBT,,JUNIOR OFFICER KEUANGAN,JUNIOR OFFICER,KEUANGAN,G1,D3 Akuntansi/Administrasi Fiskal,1,D3,Rekrut 2019,Keuangan dan Akuntansi,1,1.219
750,2019,HOLDING,UIP JBT,,JUNIOR OFFICER PENGADAAN TANAH DAN PENGENDALIAN ROW,JUNIOR OFFICER,PENGADAAN TANAH DAN PENGENDALIAN ROW,G1,D3 Logistik/Supply Chain Management,1,D3,Rekrut 2019,Manajemen Konstruksi dan Pengadaan,1,1.219
751,2019,HOLDING,UID Jakarta Raya,,"JUNIOR OFFICER KESELAMATAN, KESEHATAN KERJA, LINGKUNGAN DAN KEAMANAN",JUNIOR OFFICER,"KESELAMATAN, KESEHATAN KERJA, LINGKUNGAN DAN KEAMANAN",G1,D3 Keselamatan Dan Kesehatan Kerja/Kesehatan Masyarakat K3,1,D3,Rekrut 2019,K3 dan Lingkungan,1,1.2
752,2019,HOLDING,UID Jakarta Raya,,JUNIOR OFFICER LOGISTIK,JUNIOR OFFICER,LOGISTIK,G1,D3 Logistik/Supply Chain Management,1,D3,Rekrut 2019,Manajemen Konstruksi dan Pengadaan,1,1.2
753,2019,HOLDING,UID Jakarta Raya,,JUNIOR OFFICER PEMBACAAN METER,JUNIOR OFFICER,PEMBACAAN METER,G1,D3 Teknik Elektro/Teknik Listrik,1,D3,Rekrut 2019,Distribusi,1,1.2
754,2019,HOLDING,UID Jakarta Raya,,JUNIOR TECHNICIAN PEMELIHARAAN DISTRIBUSI,JUNIOR TECHNICIAN,PEMELIHARAAN DISTRIBUSI,G1,D3 Teknik Elektro/Teknik Listrik,1,D3,Rekrut 2019,Distribusi,1,1.2
755,2019,HOLDING,UID Sumbar,,JUNIOR TECHNICIAN PDKB,JUNIOR TECHNICIAN,PDKB,G1,D3 Teknik Elektro/Teknik Listrik,1,D3,Rekrut 2019,Distribusi,1,1.2
756,2019,HOLDING,UID Banten,,JUNIOR TECHNICIAN TRANSAKSI ENERGI LAYANAN PELANGGAN,JUNIOR TECHNICIAN,TRANSAKSI ENERGI LAYANAN PELANGGAN,G1,D3 Teknik Elektro/Teknik Listrik,1,D3,Rekrut 2019,Distribusi,1,1.19
757,2019,HOLDING,UIW Maluku&Malut,,JUNIOR OFFICER PELAKSANA PENGADAAN,JUNIOR OFFICER,PELAKSANA PENGADAAN,G1,D3 Logistik/Supply Chain Management,1,D3,3T,Manajemen Konstruksi dan Pengadaan,1,1.129
758,2019,HOLDING,UIT JBB,,JUNIOR TECHNICIAN PDKB GI/GITET,JUNIOR TECHNICIAN,PDKB GI/GITET,G1,D3 Teknik Elektro/Teknik Listrik,1,D3,Rekrut 2019,Transmisi dan Gardu Induk,1,1.123
759,2019,HOLDING,UIW NusaTenggaraTimur,,JUNIOR TECHNICIAN PEMELIHARAAN JARINGAN TRANSMISI,JUNIOR TECHNICIAN,PEMELIHARAAN JARINGAN TRANSMISI,G1,D3 Teknik Elektro/Teknik Listrik,1,D3,3T,Transmisi dan Gardu Induk,1,1.118
760,2019,HOLDING,UIT JBT,,"JUNIOR TECHNICIAN PEMELIHARAAN PROTEKSI, METER, DAN OTOMASI TRANSMISI DAN GARDU INDUK",JUNIOR TECHNICIAN,"PEMELIHARAAN PROTEKSI, METER, DAN OTOMASI TRANSMISI DAN GARDU INDUK",G1,D3 Teknik Elektro/Teknik Listrik,1,D3,Rekrut 2019,Transmisi dan Gardu Induk,1,1.099
761,2019,HOLDING,UIP Sulawesi,,JUNIOR OFFICER PENGADAAN TANAH DAN PENGENDALIAN ROW,JUNIOR OFFICER,PENGADAAN TANAH DAN PENGENDALIAN ROW,G1,D3 Logistik/Supply Chain Management,1,D3,3T,Manajemen Konstruksi dan Pengadaan,1,1.095
762,2019,HOLDING,UIP Sulawesi,,JUNIOR TECHNICIAN PROYEK,JUNIOR TECHNICIAN,PROYEK,G1,D3 Logistik/Supply Chain Management,1,D3,3T,Manajemen Konstruksi dan Pengadaan,1,1.095
763,2019,HOLDING,UIP Sulawesi,,JUNIOR TECHNICIAN TEKNIK ELEKTRIKAL,JUNIOR TECHNICIAN,TEKNIK ELEKTRIKAL,G1,D3 Teknik Elektro/Teknik Listrik,1,D3,3T,Distribusi,1,1.095
764,2019,HOLDING,UIW Bangka Belitung,,JUNIOR TECHNICIAN PDKB,JUNIOR TECHNICIAN,PDKB,G1,D3 Teknik Elektro/Teknik Listrik,1,D3,Rekrut 2019,Distribusi,1,1.084
765,2019,HOLDING,UIT JBTB,,JUNIOR TECHNICIAN PDKB GI/GITET,JUNIOR TECHNICIAN,PDKB GI/GITET,G1,D3 Teknik Elektro/Teknik Listrik,1,D3,Rekrut 2019,Transmisi dan Gardu Induk,1,1.07
766,2019,HOLDING,UIP3B Kalimantan,,"JUNIOR TECHNICIAN PEMELIHARAAN PROTEKSI, METER, DAN OTOMASI",JUNIOR TECHNICIAN,"PEMELIHARAAN PROTEKSI, METER, DAN OTOMASI",G1,D3 Teknik Elektro/Teknik Listrik,1,D3,3T,Proteksi dan Kontrol,1,1.069
767,2019,HOLDING,UID Bali,,JUNIOR TECHNICIAN TRANSAKSI ENERGI LAYANAN PELANGGAN,JUNIOR TECHNICIAN,TRANSAKSI ENERGI LAYANAN PELANGGAN,G1,D3 Teknik Elektro/Teknik Listrik,1,D3,Rekrut 2019,Distribusi,1,1.059
768,2019,HOLDING,UIW Papua&Papua Barat,,JUNIOR TECHNICIAN PEMELIHARAAN JARINGAN TRANSMISI DAN GARDU INDUK,JUNIOR TECHNICIAN,PEMELIHARAAN JARINGAN TRANSMISI DAN GARDU INDUK,G1,D3 Teknik Elektro/Teknik Listrik,1,D3,3T,Transmisi dan Gardu Induk,1,1.054
769,2019,HOLDING,UIP3B Sulawesi,,JUNIOR TECHNICIAN PDKB SUTT/SUTET,JUNIOR TECHNICIAN,PDKB SUTT/SUTET,G1,D3 Teknik Elektro/Teknik Listrik,1,D3,3T,Transmisi dan Gardu Induk,1,1.052
770,2019,HOLDING,UIP Sumatera Bag Tengah,,JUNIOR OFFICER ADMINISTRASI DAN UMUM,JUNIOR OFFICER,ADMINISTRASI DAN UMUM,G1,D3 Komunikasi/Hubungan Masyarakat,1,D3,Rekrut 2019,Komunikasi dan Umum,1,1.035
771,2019,HOLDING,UID Sumbar,,JUNIOR TECHNICIAN PENGATURAN OPERASI,JUNIOR TECHNICIAN,PENGATURAN OPERASI,G1,D3 Teknik Kimia/Teknik Lingkungan,1,D3,Rekrut 2019,Perencanaan Sistem,1,1.029
772,2019,HOLDING,UIP Sumatera Bag Utara,,JUNIOR OFFICER ADMINISTRASI DAN UMUM,JUNIOR OFFICER,ADMINISTRASI DAN UMUM,G1,D3 Komunikasi/Hubungan Masyarakat,1,D3,Rekrut 2019,Komunikasi dan Umum,1,1.029
773,2019,HOLDING,UIT JBT,,JUNIOR OFFICER ADMINISTRASI UMUM,JUNIOR OFFICER,ADMINISTRASI UMUM,G1,D3 Komunikasi/Hubungan Masyarakat,1,D3,Rekrut 2019,Komunikasi dan Umum,1,1.008
774,2019,HOLDING,UIP3B Sulawesi,,"JUNIOR TECHNICIAN PEMELIHARAAN PROTEKSI, METER, DAN OTOMASI",JUNIOR TECHNICIAN,"PEMELIHARAAN PROTEKSI, METER, DAN OTOMASI",G1,D3 Teknik Elektro/Teknik Listrik,1,D3,3T,Proteksi dan Kontrol,1,0.999
775,2019,HOLDING,UIP JBTB,,JUNIOR OFFICER LOGISTIK,JUNIOR OFFICER,LOGISTIK,G1,D3 Logistik/Supply Chain Management,1,D3,Rekrut 2019,Manajemen Konstruksi dan Pengadaan,1,0.988
776,2019,HOLDING,UIP JBTB,,JUNIOR TECHNICIAN PENGENDALIAN KONTRAK DAN PELAPORAN,JUNIOR TECHNICIAN,PENGENDALIAN KONTRAK DAN PELAPORAN,G1,D3 Logistik/Supply Chain Management,1,D3,Rekrut 2019,Manajemen Konstruksi dan Pengadaan,1,0.988
777,2019,HOLDING,UID Kaltimra,,JUNIOR TECHNICIAN OPERASI DAN PEMELIHARAAN DISTRIBUSI,JUNIOR TECHNICIAN,OPERASI DAN PEMELIHARAAN DISTRIBUSI,G1,D3 Teknik Elektro/Teknik Listrik,1,D3,3T,Distribusi,1,0.975
778,2019,HOLDING,UID Kaltimra,,JUNIOR TECHNICIAN TEKNIK LAYANAN PELANGGAN,JUNIOR TECHNICIAN,TEKNIK LAYANAN PELANGGAN,G1,D3 Teknik Elektro/Teknik Listrik,1,D3,3T,Distribusi,1,3.777
779,2019,HOLDING,UID Sumut,,JUNIOR TECHNICIAN TRANSAKSI ENERGI LAYANAN PELANGGAN,JUNIOR TECHNICIAN,TRANSAKSI ENERGI LAYANAN PELANGGAN,G1,D3 Teknik Elektro/Teknik Listrik,1,D3,Rekrut 2019,Distribusi,1,3.773
780,2019,HOLDING,Kantor Pusat,,JUNIOR OFFICER ADMINISTRASI MANAJEMEN DIGITAL,JUNIOR OFFICER,ADMINISTRASI MANAJEMEN DIGITAL,G1,D3 Data Science/Teknik Informatika,1,D3,Rekrut 2019,Teknologi Informasi,1,3.702
781,2019,HOLDING,Kantor Pusat,,JUNIOR OFFICER ADMINISTRASI STRATEGI HUMAN CAPITAL,JUNIOR OFFICER,ADMINISTRASI STRATEGI HUMAN CAPITAL,G1,D3 Psikologi/Kepegawaian,1,D3,Rekrut 2019,Sumber Daya Manusia,1,3.702
782,2019,HOLDING,Kantor Pusat,,JUNIOR OFFICER DANA PENSIUN DAN JAMINAN SOSIAL,JUNIOR OFFICER,DANA PENSIUN DAN JAMINAN SOSIAL,G1,D3 Komunikasi/Hubungan Masyarakat,1,D3,Rekrut 2019,Komunikasi dan Umum,1,3.702
783,2019,HOLDING,Kantor Pusat,,JUNIOR OFFICER HUBUNGAN PEMERINTAHAN,JUNIOR OFFICER,HUBUNGAN PEMERINTAHAN,G1,D3 Komunikasi/Hubungan Masyarakat,1,D3,Rekrut 2019,Komunikasi dan Umum,1,3.702
784,2019,HOLDING,Kantor Pusat,,JUNIOR OFFICER PELAYANAN HUMAN CAPITAL BALIKPAPAN,JUNIOR OFFICER,PELAYANAN HUMAN CAPITAL BALIKPAPAN,G1,D3 Psikologi/Kepegawaian,1,D3,Rekrut 2019,Sumber Daya Manusia,1,3.702
785,2019,HOLDING,Kantor Pusat,,JUNIOR OFFICER PELAYANAN HUMAN CAPITAL BANJARBARU,JUNIOR OFFICER,PELAYANAN HUMAN CAPITAL BANJARBARU,G1,D3 Psikologi/Kepegawaian,1,D3,Rekrut 2019,Sumber Daya Manusia,1,3.702
786,2019,HOLDING,Kantor Pusat,,JUNIOR OFFICER PELAYANAN HUMAN CAPITAL DEPOK,JUNIOR OFFICER,PELAYANAN HUMAN CAPITAL DEPOK,G1,D3 Psikologi/Kepegawaian,1,D3,Rekrut 2019,Sumber Daya Manusia,1,3.702
787,2019,HOLDING,Kantor Pusat,,JUNIOR OFFICER PELAYANAN HUMAN CAPITAL KANTOR PUSAT,JUNIOR OFFICER,PELAYANAN HUMAN CAPITAL KANTOR PUSAT,G1,D3 Psikologi/Kepegawaian,1,D3,Rekrut 2019,Sumber Daya Manusia,1,3.702
788,2019,HOLDING,Kantor Pusat,,JUNIOR OFFICER PELAYANAN HUMAN CAPITAL KUPANG,JUNIOR OFFICER,PELAYANAN HUMAN CAPITAL KUPANG,G1,D3 Psikologi/Kepegawaian,1,D3,Rekrut 2019,Sumber Daya Manusia,1,3.702
789,2019,HOLDING,Kantor Pusat,,JUNIOR OFFICER PELAYANAN HUMAN CAPITAL MAKASSAR,JUNIOR OFFICER,PELAYANAN HUMAN CAPITAL MAKASSAR,G1,D3 Psikologi/Kepegawaian,1,D3,Rekrut 2019,Sumber Daya Manusia,1,3.702
790,2019,HOLDING,Kantor Pusat,,JUNIOR OFFICER PELAYANAN HUMAN CAPITAL PADANG,JUNIOR OFFICER,PELAYANAN HUMAN CAPITAL PADANG,G1,D3 Psikologi/Kepegawaian,1,D3,Rekrut 2019,Sumber Daya Manusia,1,3.702
791,2019,HOLDING,Kantor Pusat,,JUNIOR OFFICER PELAYANAN HUMAN CAPITAL PALEMBANG,JUNIOR OFFICER,PELAYANAN HUMAN CAPITAL PALEMBANG,G1,D3 Psikologi/Kepegawaian,1,D3,Rekrut 2019,Sumber Daya Manusia,1,3.702
792,2019,HOLDING,Kantor Pusat,,JUNIOR OFFICER PELAYANAN HUMAN CAPITAL PEKANBARU,JUNIOR OFFICER,PELAYANAN HUMAN CAPITAL PEKANBARU,G1,D3 Psikologi/Kepegawaian,1,D3,Rekrut 2019,Sumber Daya Manusia,1,3.702
793,2019,HOLDING,Kantor Pusat,,JUNIOR OFFICER PELAYANAN HUMAN CAPITAL PONTIANAK,JUNIOR OFFICER,PELAYANAN HUMAN CAPITAL PONTIANAK,G1,D3 Psikologi/Kepegawaian,1,D3,Rekrut 2019,Sumber Daya Manusia,1,3.702
794,2019,HOLDING,Kantor Pusat,,JUNIOR OFFICER PEMBAYARAN UNIT,JUNIOR OFFICER,PEMBAYARAN UNIT,G1,D3 Komunikasi/Hubungan Masyarakat,1,D3,Rekrut 2019,Komunikasi dan Umum,1,3.702
795,2019,HOLDING,Kantor Pusat,,JUNIOR OFFICER PENGELOLAAN KENDARAAN,JUNIOR OFFICER,PENGELOLAAN KENDARAAN,G1,D3 Teknik Industri/Teknik Material,1,D3,Rekrut 2019,Perencanaan dan Kinerja,1,3.702
796,2019,HOLDING,Kantor Pusat,,JUNIOR OFFICER PENYETORAN PAJAK,JUNIOR OFFICER,PENYETORAN PAJAK,G1,D3 Akuntansi/Administrasi Fiskal,1,D3,Rekrut 2019,Keuangan dan Akuntansi,1,3.702
797,2019,HOLDING,Kantor Pusat,,JUNIOR OFFICER PRIVATE OFFICE,JUNIOR OFFICER,PRIVATE OFFICE,G1,D3 Komunikasi/Hubungan Masyarakat,1,D3,Rekrut 2019,Komunikasi dan Umum,1,3.702
798,2019,HOLDING,Kantor Pusat,,JUNIOR OFFICER VERIFIKASI ENERGI PRIMER,JUNIOR OFFICER,VERIFIKASI ENERGI PRIMER,G1,D3 Teknik Mesin/Konversi Energi,1,D3,Rekrut 2019,Pembangkitan,1,3.702
799,2019,HOLDING,UIW Maluku&Malut,,JUNIOR TECHNICIAN PDKB,JUNIOR TECHNICIAN,PDKB,G1,D3 Teknik Elektro/Teknik Listrik,1,D3,3T,Distribusi,1,3.669
800,2019,HOLDING,UID Kalselteng,,JUNIOR OFFICER PELAYANAN PELANGGAN,JUNIOR OFFICER,PELAYANAN PELANGGAN,G1,D3 Manajemen Pemasaran/Digital Marketing Dan Analytics,1,D3,3T,Niaga dan Pemasaran,1,3.666
801,2019,HOLDING,UID Lampung,,JUNIOR TECHNICIAN TRANSAKSI ENERGI LAYANAN PELANGGAN,JUNIOR TECHNICIAN,TRANSAKSI ENERGI LAYANAN PELANGGAN,G1,D3 Teknik Elektro/Teknik Listrik,1,D3,Rekrut 2019,Distribusi,1,3.662
802,2019,HOLDING,UID Kaltimra,,JUNIOR TECHNICIAN TRANSAKSI ENERGI LAYANAN PELANGGAN,JUNIOR TECHNICIAN,TRANSAKSI ENERGI LAYANAN PELANGGAN,G1,D3 Teknik Elektro/Teknik Listrik,1,D3,3T,Distribusi,1,3.655
803,2019,HOLDING,UIW Papua&Papua Barat,,JUNIOR TECHNICIAN OPERASI PUSAT LISTRIK,JUNIOR TECHNICIAN,OPERASI PUSAT LISTRIK,G1,D3 Teknik Mesin/Konversi Energi,1,D3,3T,Pembangkitan,1,3.643
804,2019,HOLDING,UIT JBB,,"JUNIOR TECHNICIAN PEMELIHARAAN PROTEKSI, METER, DAN OTOMASI TRANSMISI DAN GARDU INDUK",JUNIOR TECHNICIAN,"PEMELIHARAAN PROTEKSI, METER, DAN OTOMASI TRANSMISI DAN GARDU INDUK",G1,D3 Teknik Elektro/Teknik Listrik,1,D3,Rekrut 2019,Transmisi dan Gardu Induk,1,3.627
805,2019,HOLDING,UID Banten,,JUNIOR TECHNICIAN PDKB,JUNIOR TECHNICIAN,PDKB,G1,D3 Teknik Elektro/Teknik Listrik,1,D3,Rekrut 2019,Distribusi,1,3.57
806,2019,HOLDING,UID Bali,,JUNIOR TECHNICIAN TEKNIK LAYANAN PELANGGAN,JUNIOR TECHNICIAN,TEKNIK LAYANAN PELANGGAN,G1,D3 Teknik Elektro/Teknik Listrik,1,D3,Rekrut 2019,Distribusi,1,3.531
807,2019,HOLDING,UID Kalselteng,,JUNIOR TECHNICIAN PDKB,JUNIOR TECHNICIAN,PDKB,G1,D3 Teknik Elektro/Teknik Listrik,1,D3,3T,Distribusi,1,3.492
808,2019,HOLDING,UID Aceh,,JUNIOR TECHNICIAN TEKNIK LAYANAN PELANGGAN,JUNIOR TECHNICIAN,TEKNIK LAYANAN PELANGGAN,G1,D3 Teknik Elektro/Teknik Listrik,1,D3,3T,Distribusi,1,3.478
809,2019,HOLDING,UID Sulselrabar,,JUNIOR TECHNICIAN TRANSAKSI ENERGI LAYANAN PELANGGAN,JUNIOR TECHNICIAN,TRANSAKSI ENERGI LAYANAN PELANGGAN,G1,D3 Teknik Elektro/Teknik Listrik,1,D3,3T,Distribusi,1,3.444
810,2019,HOLDING,UID S2JB,,JUNIOR OFFICER PELAYANAN PELANGGAN,JUNIOR OFFICER,PELAYANAN PELANGGAN,G1,D3 Manajemen Pemasaran/Digital Marketing Dan Analytics,1,D3,3T,Niaga dan Pemasaran,1,3.402
811,2019,HOLDING,UIT JBTB,,JUNIOR TECHNICIAN PEMELIHARAAN GARDU INDUK,JUNIOR TECHNICIAN,PEMELIHARAAN GARDU INDUK,G1,D3 Teknik Elektro/Teknik Listrik,1,D3,Rekrut 2019,Transmisi dan Gardu Induk,1,3.345
812,2019,HOLDING,UID Riau & Kepri,,JUNIOR OFFICER PELAYANAN PELANGGAN,JUNIOR OFFICER,PELAYANAN PELANGGAN,G1,D3 Manajemen Pemasaran/Digital Marketing Dan Analytics,1,D3,Rekrut 2019,Niaga dan Pemasaran,1,3.343
813,2019,HOLDING,UID Sumbar,,JUNIOR TECHNICIAN TEKNIK LAYANAN PELANGGAN,JUNIOR TECHNICIAN,TEKNIK LAYANAN PELANGGAN,G1,D3 Teknik Elektro/Teknik Listrik,1,D3,Rekrut 2019,Distribusi,1,3.257
814,2019,HOLDING,P3B Sumatera,,JUNIOR TECHNICIAN PEMELIHARAAN GARDU INDUK,JUNIOR TECHNICIAN,PEMELIHARAAN GARDU INDUK,G1,D3 Teknik Elektro/Teknik Listrik,1,D3,Rekrut 2019,Transmisi dan Gardu Induk,1,3.198
815,2019,HOLDING,UID Kalselteng,,JUNIOR TECHNICIAN PENGATURAN OPERASI,JUNIOR TECHNICIAN,PENGATURAN OPERASI,G1,D3 Teknik Kimia/Teknik Lingkungan,1,D3,3T,Perencanaan Sistem,1,3.142
816,2019,HOLDING,UID Riau & Kepri,,JUNIOR TECHNICIAN TEKNIK LAYANAN PELANGGAN,JUNIOR TECHNICIAN,TEKNIK LAYANAN PELANGGAN,G1,D3 Teknik Elektro/Teknik Listrik,1,D3,Rekrut 2019,Distribusi,1,3.127
817,2019,HOLDING,UIP Kalimantan Bag Timur,,JUNIOR OFFICER ADMINISTRASI DAN UMUM,JUNIOR OFFICER,ADMINISTRASI DAN UMUM,G1,D3 Komunikasi/Hubungan Masyarakat,1,D3,3T,Komunikasi dan Umum,1,3.113
818,2019,HOLDING,UID Sulselrabar,,JUNIOR TECHNICIAN PDKB,JUNIOR TECHNICIAN,PDKB,G1,D3 Teknik Elektro/Teknik Listrik,1,D3,3T,Distribusi,1,3.085
819,2019,HOLDING,UID Banten,,JUNIOR OFFICER PELAYANAN PELANGGAN,JUNIOR OFFICER,PELAYANAN PELANGGAN,G1,D3 Manajemen Pemasaran/Digital Marketing Dan Analytics,1,D3,Rekrut 2019,Niaga dan Pemasaran,1,2.975
820,2019,HOLDING,UID Banten,,JUNIOR TECHNICIAN OPERASI DISTRIBUSI,JUNIOR TECHNICIAN,OPERASI DISTRIBUSI,G1,D3 Teknik Elektro/Teknik Listrik,1,D3,Rekrut 2019,Distribusi,1,2.975
821,2019,HOLDING,UID Banten,,JUNIOR TECHNICIAN PENGATURAN OPERASI,JUNIOR TECHNICIAN,PENGATURAN OPERASI,G1,D3 Teknik Kimia/Teknik Lingkungan,1,D3,Rekrut 2019,Perencanaan Sistem,1,2.975
822,2019,HOLDING,UIT JBTB,,JUNIOR TECHNICIAN PDKB SUTT/SUTET,JUNIOR TECHNICIAN,PDKB SUTT/SUTET,G1,D3 Teknik Elektro/Teknik Listrik,1,D3,Rekrut 2019,Transmisi dan Gardu Induk,1,2.944
823,2019,HOLDING,UIT JBB,,JUNIOR TECHNICIAN PEMELIHARAAN JARINGAN TRANSMISI,JUNIOR TECHNICIAN,PEMELIHARAAN JARINGAN TRANSMISI,G1,D3 Teknik Elektro/Teknik Listrik,1,D3,Rekrut 2019,Transmisi dan Gardu Induk,1,2.936
824,2019,HOLDING,UIP Sumatera Bag Utara,,JUNIOR TECHNICIAN KONSTRUKSI,JUNIOR TECHNICIAN,KONSTRUKSI,G1,D3 Logistik/Supply Chain Management,1,D3,Rekrut 2019,Manajemen Konstruksi dan Pengadaan,1,2.915
825,2019,HOLDING,UID S2JB,,JUNIOR TECHNICIAN TRANSAKSI ENERGI LAYANAN PELANGGAN,JUNIOR TECHNICIAN,TRANSAKSI ENERGI LAYANAN PELANGGAN,G1,D3 Teknik Elektro/Teknik Listrik,1,D3,3T,Distribusi,1,2.879
826,2019,HOLDING,UIW Maluku&Malut,,SENIOR OFFICER PERFORMANCE ASSISTANT TO MANAGER,SENIOR OFFICER,PERFORMANCE ASSISTANT TO MANAGER,G3,S2 Komunikasi/Hubungan Masyarakat,1,S2,3T,Komunikasi dan Umum,3,1.936
827,2019,HOLDING,UID Jawa Timur,,SENIOR OFFICER PERFORMANCE ASSISTANT TO MANAGER,SENIOR OFFICER,PERFORMANCE ASSISTANT TO MANAGER,G3,S2 Komunikasi/Hubungan Masyarakat,1,S2,Rekrut 2019,Komunikasi dan Umum,3,1.858
828,2019,HOLDING,P3B Sumatera,,SENIOR OFFICER PERFORMANCE ASSISTANT TO MANAGER,SENIOR OFFICER,PERFORMANCE ASSISTANT TO MANAGER,G3,S2 Komunikasi/Hubungan Masyarakat,1,S2,Rekrut 2019,Komunikasi dan Umum,3,1.659
829,2019,HOLDING,UID Jawa Barat,,SENIOR OFFICER PERFORMANCE ASSISTANT to MANAGER,SENIOR OFFICER,PERFORMANCE ASSISTANT to MANAGER,G3,S2 Komunikasi/Hubungan Masyarakat,1,S2,Rekrut 2019,Komunikasi dan Umum,3,1.609
830,2019,HOLDING,UID Jakarta Raya,,SENIOR OFFICER PERFORMANCE ASSISTANT TO MANAGER,SENIOR OFFICER,PERFORMANCE ASSISTANT TO MANAGER,G3,S2 Komunikasi/Hubungan Masyarakat,1,S2,Rekrut 2019,Komunikasi dan Umum,3,1.561
831,2019,HOLDING,UID Jawa Tengah & DIY,,SENIOR OFFICER PERFORMANCE ASSISTANT TO MANAGER,SENIOR OFFICER,PERFORMANCE ASSISTANT TO MANAGER,G3,S2 Komunikasi/Hubungan Masyarakat,1,S2,Rekrut 2019,Komunikasi dan Umum,3,1.366
832,2019,HOLDING,UIT JBB,,SENIOR OFFICER PERFORMANCE ASSISTANT TO MANAGER,SENIOR OFFICER,PERFORMANCE ASSISTANT TO MANAGER,G3,S2 Komunikasi/Hubungan Masyarakat,1,S2,Rekrut 2019,Komunikasi dan Umum,3,1.284
833,2019,HOLDING,UIP Maluku dan Papua,,SENIOR OFFICER PERFORMANCE ASSISTANT TO MANAGER,SENIOR OFFICER,PERFORMANCE ASSISTANT TO MANAGER,G3,S2 Komunikasi/Hubungan Masyarakat,1,S2,3T,Komunikasi dan Umum,3,1.223
834,2019,HOLDING,UID Kalselteng,,SENIOR OFFICER PERFORMANCE ASSISTANT TO MANAGER,SENIOR OFFICER,PERFORMANCE ASSISTANT TO MANAGER,G3,S2 Komunikasi/Hubungan Masyarakat,1,S2,3T,Komunikasi dan Umum,3,1.106
835,2019,HOLDING,UIT JBTB,,SENIOR OFFICER PERFORMANCE ASSISTANT TO MANAGER,SENIOR OFFICER,PERFORMANCE ASSISTANT TO MANAGER,G3,S2 Komunikasi/Hubungan Masyarakat,1,S2,Rekrut 2019,Komunikasi dan Umum,3,1.069
836,2019,HOLDING,UIT JBT,,SENIOR OFFICER PERFORMANCE ASSISTANT TO MANAGER,SENIOR OFFICER,PERFORMANCE ASSISTANT TO MANAGER,G3,S2 Komunikasi/Hubungan Masyarakat,1,S2,Rekrut 2019,Komunikasi dan Umum,3,1.006
837,2019,HOLDING,UID Jawa Barat,,SENIOR OFFICER PERFORMANCE ASSISTANT TO MANAGER,SENIOR OFFICER,PERFORMANCE ASSISTANT TO MANAGER,G3,S2 Komunikasi/Hubungan Masyarakat,1,S2,Rekrut 2019,Komunikasi dan Umum,3,0.988
838,2019,HOLDING,UID Kalbar,,SENIOR OFFICER PERFORMANCE ASSISTANT TO MANAGER,SENIOR OFFICER,PERFORMANCE ASSISTANT TO MANAGER,G3,S2 Komunikasi/Hubungan Masyarakat,1,S2,3T,Komunikasi dan Umum,3,0.941
839,2019,HOLDING,UID Banten,,SENIOR OFFICER PERFORMANCE ASSISTANT TO MANAGER,SENIOR OFFICER,PERFORMANCE ASSISTANT TO MANAGER,G3,S2 Komunikasi/Hubungan Masyarakat,1,S2,Rekrut 2019,Komunikasi dan Umum,3,0.922
840,2019,HOLDING,Kantor Pusat,,SENIOR OFFICER VERIFIKASI,SENIOR OFFICER,VERIFIKASI,G3,S2 Akuntansi/Administrasi Fiskal,1,S2,Rekrut 2019,Keuangan dan Akuntansi,3,0.874
841,2019,HOLDING,UID Jawa Timur,,SENIOR OFFICER PERFORMANCE ASSISTANT to MANAGER,SENIOR OFFICER,PERFORMANCE ASSISTANT to MANAGER,G3,S2 Komunikasi/Hubungan Masyarakat,1,S2,Rekrut 2019,Komunikasi dan Umum,3,0.866
842,2019,HOLDING,UID Jawa Timur,,SENIOR OFFICER KINERJA DAN ADMINISTRASI LAYANAN PELANGGAN,SENIOR OFFICER,KINERJA DAN ADMINISTRASI LAYANAN PELANGGAN,G3,S2 Manajemen Pemasaran/Digital Marketing Dan Analytics,1,S2,Rekrut 2019,Niaga dan Pemasaran,3,0.852
843,2019,HOLDING,UIP3B Kalimantan,,SENIOR OFFICER PERFORMANCE ASSISTANT TO MANAGER,SENIOR OFFICER,PERFORMANCE ASSISTANT TO MANAGER,G3,S2 Komunikasi/Hubungan Masyarakat,1,S2,3T,Komunikasi dan Umum,3,0.824
844,2019,HOLDING,UIW Papua&Papua Barat,,SENIOR OFFICER PERFORMANCE ASSISTANT TO MANAGER,SENIOR OFFICER,PERFORMANCE ASSISTANT TO MANAGER,G3,S2 Komunikasi/Hubungan Masyarakat,1,S2,3T,Komunikasi dan Umum,3,0.8
845,2019,HOLDING,UIT JBT,,SENIOR OFFICER KINERJA DAN ADMINISTRASI TRANSMISI DAN GARDU INDUK,SENIOR OFFICER,KINERJA DAN ADMINISTRASI TRANSMISI DAN GARDU INDUK,G3,S2 Teknik Elektro/Teknik Listrik,1,S2,Rekrut 2019,Transmisi dan Gardu Induk,3,0.767
846,2019,HOLDING,UID S2JB,,SENIOR OFFICER PERFORMANCE ASSISTANT TO MANAGER,SENIOR OFFICER,PERFORMANCE ASSISTANT TO MANAGER,G3,S2 Komunikasi/Hubungan Masyarakat,1,S2,3T,Komunikasi dan Umum,3,0.747
847,2019,HOLDING,UID Sumut,,SENIOR OFFICER PERFORMANCE ASSISTANT TO MANAGER,SENIOR OFFICER,PERFORMANCE ASSISTANT TO MANAGER,G3,S2 Komunikasi/Hubungan Masyarakat,1,S2,Rekrut 2019,Komunikasi dan Umum,3,0.69
848,2019,HOLDING,PUSMANPRO,,SENIOR OFFICER PERFORMANCE ASSISTANT TO MANAGER,SENIOR OFFICER,PERFORMANCE ASSISTANT TO MANAGER,G3,S2 Komunikasi/Hubungan Masyarakat,1,S2,Rekrut 2019,Komunikasi dan Umum,3,0.688
849,2019,HOLDING,P3B Sumatera,,SENIOR OFFICER KINERJA KONSTRUKSI DAN PENYALURAN,SENIOR OFFICER,KINERJA KONSTRUKSI DAN PENYALURAN,G3,S2 Teknik Elektro/Teknik Listrik,1,S2,Rekrut 2019,Transmisi dan Gardu Induk,3,0.598
850,2019,HOLDING,Pusat Pengatur Beban,,SENIOR OFFICER PERFORMANCE ASSISTANT TO MANAGER,SENIOR OFFICER,PERFORMANCE ASSISTANT TO MANAGER,G3,S2 Komunikasi/Hubungan Masyarakat,1,S2,Rekrut 2019,Komunikasi dan Umum,3,0.547
851,2019,HOLDING,UIW Maluku&Malut,,SENIOR OFFICER KINERJA JARINGAN DAN KONSTRUKSI DISTRIBUSI,SENIOR OFFICER,KINERJA JARINGAN DAN KONSTRUKSI DISTRIBUSI,G3,S2 Teknik Elektro/Teknik Listrik,1,S2,3T,Distribusi,3,0.538
852,2019,HOLDING,UIW NusaTenggaraTimur,,SENIOR OFFICER PERFORMANCE ASSISTANT TO MANAGER,SENIOR OFFICER,PERFORMANCE ASSISTANT TO MANAGER,G3,S2 Komunikasi/Hubungan Masyarakat,1,S2,3T,Komunikasi dan Umum,3,0.494
853,2019,HOLDING,UID Bali,,SENIOR OFFICER PERFORMANCE ASSISTANT TO MANAGER,SENIOR OFFICER,PERFORMANCE ASSISTANT TO MANAGER,G3,S2 Komunikasi/Hubungan Masyarakat,1,S2,Rekrut 2019,Komunikasi dan Umum,3,0.487
854,2019,HOLDING,UID Jawa Barat,,SENIOR OFFICER KINERJA DAN ADMINISTRASI LAYANAN PELANGGAN,SENIOR OFFICER,KINERJA DAN ADMINISTRASI LAYANAN PELANGGAN,G3,S2 Manajemen Pemasaran/Digital Marketing Dan Analytics,1,S2,Rekrut 2019,Niaga dan Pemasaran,3,0.483
855,2019,HOLDING,UID Kaltimra,,SENIOR OFFICER PERFORMANCE ASSISTANT TO MANAGER,SENIOR OFFICER,PERFORMANCE ASSISTANT TO MANAGER,G3,S2 Komunikasi/Hubungan Masyarakat,1,S2,3T,Komunikasi dan Umum,3,0.453
856,2019,HOLDING,UIT JBB,,SENIOR OFFICER KINERJA DAN ADMINISTRASI TRANSMISI DAN GARDU INDUK,SENIOR OFFICER,KINERJA DAN ADMINISTRASI TRANSMISI DAN GARDU INDUK,G3,S2 Teknik Elektro/Teknik Listrik,1,S2,Rekrut 2019,Transmisi dan Gardu Induk,3,0.444
857,2019,HOLDING,UIW Papua&Papua Barat,,SENIOR OFFICER KINERJA,SENIOR OFFICER,KINERJA,G3,S2 Teknik Industri/Teknik Material,1,S2,3T,Perencanaan dan Kinerja,3,0.427
858,2019,HOLDING,UIW Papua&Papua Barat,,SENIOR OFFICER KINERJA NIAGA DAN PEMASARAN,SENIOR OFFICER,KINERJA NIAGA DAN PEMASARAN,G3,S2 Manajemen Pemasaran/Digital Marketing Dan Analytics,1,S2,3T,Niaga dan Pemasaran,3,0.427
859,2019,HOLDING,UID Aceh,,SENIOR OFFICER PERFORMANCE ASSISTANT TO MANAGER,SENIOR OFFICER,PERFORMANCE ASSISTANT TO MANAGER,G3,S2 Komunikasi/Hubungan Masyarakat,1,S2,3T,Komunikasi dan Umum,3,0.394
860,2019,HOLDING,UID Suluttenggo,,SENIOR OFFICER PERFORMANCE ASSISTANT TO MANAGER,SENIOR OFFICER,PERFORMANCE ASSISTANT TO MANAGER,G3,S2 Komunikasi/Hubungan Masyarakat,1,S2,3T,Komunikasi dan Umum,3,0.384
861,2019,HOLDING,UID Sulselrabar,,SENIOR OFFICER PERFORMANCE ASSISTANT TO MANAGER,SENIOR OFFICER,PERFORMANCE ASSISTANT TO MANAGER,G3,S2 Komunikasi/Hubungan Masyarakat,1,S2,3T,Komunikasi dan Umum,3,0.373
862,2020,HOLDING,UID Jawa Timur,,OFFICER KINERJA DAN ADMINISTRASI LAYANAN PELANGGAN,OFFICER,KINERJA DAN ADMINISTRASI LAYANAN PELANGGAN,G2,S1 Manajemen Pemasaran/Digital Marketing Dan Analytics,3,S1,Rekrut 2020,Niaga dan Pemasaran,2,20.443
863,2020,HOLDING,UIW Maluku&Malut,,OFFICER KINERJA DAN ADMINISTRASI LAYANAN PELANGGAN,OFFICER,KINERJA DAN ADMINISTRASI LAYANAN PELANGGAN,G2,S1 Manajemen Pemasaran/Digital Marketing Dan Analytics,3,S1,3T,Niaga dan Pemasaran,2,20.296
864,2020,HOLDING,UID Jawa Barat,,OFFICER KINERJA DAN ADMINISTRASI LAYANAN PELANGGAN,OFFICER,KINERJA DAN ADMINISTRASI LAYANAN PELANGGAN,G2,S1 Manajemen Pemasaran/Digital Marketing Dan Analytics,2,S1,Rekrut 2020,Niaga dan Pemasaran,2,15.469
865,2020,HOLDING,UIT JBTB,,TECHNICIAN PENGENDALIAN OPERASI DAN PEMELIHARAAN TRANSMISI DAN GARDU INDUK,TECHNICIAN,PENGENDALIAN OPERASI DAN PEMELIHARAAN TRANSMISI DAN GARDU INDUK,G2,S1 Teknik Elektro/Teknik Listrik,2,S1,Rekrut 2020,Transmisi dan Gardu Induk,2,12.406
866,2020,HOLDING,PUSMANPRO,,TECHNICIAN MANAJEMEN KONSTRUKSI JARINGAN,TECHNICIAN,MANAJEMEN KONSTRUKSI JARINGAN,G2,S1 Teknik Elektro/Teknik Listrik,2,S1,Rekrut 2020,Distribusi,2,12.3
867,2020,HOLDING,UID Jawa Timur,,TECHNICIAN PDKB,TECHNICIAN,PDKB,G2,S1 Teknik Elektro/Teknik Listrik,2,S1,Rekrut 2020,Distribusi,2,11.195
868,2020,HOLDING,P3B Sumatera,,TECHNICIAN PENGENDALIAN OPERASI DAN PEMELIHARAAN TRANSMISI DAN GARDU INDUK,TECHNICIAN,PENGENDALIAN OPERASI DAN PEMELIHARAAN TRANSMISI DAN GARDU INDUK,G2,S1 Teknik Elektro/Teknik Listrik,2,S1,Rekrut 2020,Transmisi dan Gardu Induk,2,10.259
869,2020,HOLDING,UID Jawa Barat,,OFFICER LOGISTIK LAYANAN PELANGGAN,OFFICER,LOGISTIK LAYANAN PELANGGAN,G2,S1 Logistik/Supply Chain Management,2,S1,Rekrut 2020,Manajemen Konstruksi dan Pengadaan,2,9.392
870,2020,HOLDING,UIT JBT,,TECHNICIAN PENGENDALIAN OPERASI DAN PEMELIHARAAN TRANSMISI DAN GARDU INDUK,TECHNICIAN,PENGENDALIAN OPERASI DAN PEMELIHARAAN TRANSMISI DAN GARDU INDUK,G2,S1 Teknik Elektro/Teknik Listrik,2,S1,Rekrut 2020,Transmisi dan Gardu Induk,2,16.261
871,2020,HOLDING,Kantor Pusat,,JUNIOR OFFICER PROTOKOLER DIREKSI,JUNIOR OFFICER,PROTOKOLER DIREKSI,G1,D3 Komunikasi/Hubungan Masyarakat,2,D3,Rekrut 2020,Komunikasi dan Umum,1,14.828
872,2020,HOLDING,P3B Sumatera,,JUNIOR TECHNICIAN JARINGAN TRANSMISI DAN GARDU INDUK,JUNIOR TECHNICIAN,JARINGAN TRANSMISI DAN GARDU INDUK,G1,D3 Teknik Elektro/Teknik Listrik,2,D3,Rekrut 2020,Transmisi dan Gardu Induk,1,12.619
873,2020,HOLDING,UID Jawa Barat,,JUNIOR TECHNICIAN TEKNIK LAYANAN PELANGGAN,JUNIOR TECHNICIAN,TEKNIK LAYANAN PELANGGAN,G1,D3 Teknik Elektro/Teknik Listrik,2,D3,Rekrut 2020,Distribusi,1,12.52
874,2020,HOLDING,UID Jawa Timur,,JUNIOR TECHNICIAN TEKNIK LAYANAN PELANGGAN,JUNIOR TECHNICIAN,TEKNIK LAYANAN PELANGGAN,G1,D3 Teknik Elektro/Teknik Listrik,2,D3,Rekrut 2020,Distribusi,1,10.451
875,2020,HOLDING,Kantor Pusat,,JUNIOR OFFICER SEKRETARIS DIREKSI,JUNIOR OFFICER,SEKRETARIS DIREKSI,G1,D3 Komunikasi/Hubungan Masyarakat,2,D3,Rekrut 2020,Komunikasi dan Umum,1,17.793
876,2020,HOLDING,UID Jawa Barat,,TECHNICIAN PENGELOLAAN KONSTRUKSI DISTRIBUSI,TECHNICIAN,PENGELOLAAN KONSTRUKSI DISTRIBUSI,G2,S1 Teknik Elektro/Teknik Listrik,1,S1,Rekrut 2020,Distribusi,2,7.55
877,2020,HOLDING,UID Jawa Barat,,TECHNICIAN PDKB,TECHNICIAN,PDKB,G2,S1 Teknik Elektro/Teknik Listrik,1,S1,Rekrut 2020,Distribusi,2,7.182
878,2020,HOLDING,UID Jakarta Raya,,OFFICER KINERJA JARINGAN DISTRIBUSI,OFFICER,KINERJA JARINGAN DISTRIBUSI,G2,S1 Teknik Elektro/Teknik Listrik,1,S1,Rekrut 2020,Distribusi,2,6.982
879,2020,HOLDING,UID S2JB,,OFFICER KINERJA DAN ADMINISTRASI LAYANAN PELANGGAN,OFFICER,KINERJA DAN ADMINISTRASI LAYANAN PELANGGAN,G2,S1 Manajemen Pemasaran/Digital Marketing Dan Analytics,1,S1,3T,Niaga dan Pemasaran,2,6.866
880,2020,HOLDING,UIT JBB,,OFFICER KINERJA,OFFICER,KINERJA,G2,S1 Teknik Industri/Teknik Material,1,S1,Rekrut 2020,Perencanaan dan Kinerja,2,6.852
881,2020,HOLDING,Kantor Pusat,,OFFICER VERIFIKASI,OFFICER,VERIFIKASI,G2,S1 Akuntansi/Administrasi Fiskal,1,S1,Rekrut 2020,Keuangan dan Akuntansi,2,6.805
882,2020,HOLDING,Kantor Pusat,,OFFICER HUKUM,OFFICER,HUKUM,G2,S1 Hukum/Public Policy,1,S1,Rekrut 2020,Hukum dan Kepatuhan,2,6.668
883,2020,HOLDING,UID Kaltimra,,OFFICER KINERJA DAN ADMINISTRASI LAYANAN PELANGGAN,OFFICER,KINERJA DAN ADMINISTRASI LAYANAN PELANGGAN,G2,S1 Manajemen Pemasaran/Digital Marketing Dan Analytics,1,S1,3T,Niaga dan Pemasaran,2,6.658
884,2020,HOLDING,UID Jawa Barat,,OFFICER KINERJA KEUANGAN DAN UMUM,OFFICER,KINERJA KEUANGAN DAN UMUM,G2,S1 Akuntansi/Administrasi Fiskal,1,S1,Rekrut 2020,Keuangan dan Akuntansi,2,6.629
885,2020,HOLDING,UID Sulselrabar,,OFFICER KINERJA DAN ADMINISTRASI LAYANAN PELANGGAN,OFFICER,KINERJA DAN ADMINISTRASI LAYANAN PELANGGAN,G2,S1 Manajemen Pemasaran/Digital Marketing Dan Analytics,1,S1,3T,Niaga dan Pemasaran,2,6.549
886,2020,HOLDING,UID Suluttenggo,,OFFICER KINERJA DAN ADMINISTRASI LAYANAN PELANGGAN,OFFICER,KINERJA DAN ADMINISTRASI LAYANAN PELANGGAN,G2,S1 Manajemen Pemasaran/Digital Marketing Dan Analytics,1,S1,3T,Niaga dan Pemasaran,2,6.394
887,2020,HOLDING,P3B Sumatera,,OFFICER KINERJA DAN PERENCANAAN,OFFICER,KINERJA DAN PERENCANAAN,G2,S1 Teknik Industri/Teknik Material,1,S1,Rekrut 2020,Perencanaan dan Kinerja,2,6.342
888,2020,HOLDING,UID Jakarta Raya,,OFFICER KINERJA KONSTRUKSI DISTRIBUSI,OFFICER,KINERJA KONSTRUKSI DISTRIBUSI,G2,S1 Teknik Elektro/Teknik Listrik,1,S1,Rekrut 2020,Distribusi,2,5.984
889,2020,HOLDING,UIW Papua&Papua Barat,,OFFICER KINERJA DAN ADMINISTRASI LAYANAN PELANGGAN,OFFICER,KINERJA DAN ADMINISTRASI LAYANAN PELANGGAN,G2,S1 Manajemen Pemasaran/Digital Marketing Dan Analytics,1,S1,3T,Niaga dan Pemasaran,2,5.816
890,2020,HOLDING,UID Sumut,,OFFICER KINERJA DAN ADMINISTRASI LAYANAN PELANGGAN,OFFICER,KINERJA DAN ADMINISTRASI LAYANAN PELANGGAN,G2,S1 Manajemen Pemasaran/Digital Marketing Dan Analytics,1,S1,Rekrut 2020,Niaga dan Pemasaran,2,5.568
891,2020,HOLDING,UID Jawa Barat,,OFFICER KINERJA JARINGAN DISTRIBUSI,OFFICER,KINERJA JARINGAN DISTRIBUSI,G2,S1 Teknik Elektro/Teknik Listrik,1,S1,Rekrut 2020,Distribusi,2,5.524
892,2020,HOLDING,UIT JBT,,OFFICER KINERJA,OFFICER,KINERJA,G2,S1 Teknik Industri/Teknik Material,1,S1,Rekrut 2020,Perencanaan dan Kinerja,2,5.457
893,2020,HOLDING,P3B Sumatera,,OFFICER KINERJA KEUANGAN DAN UMUM,OFFICER,KINERJA KEUANGAN DAN UMUM,G2,S1 Akuntansi/Administrasi Fiskal,1,S1,Rekrut 2020,Keuangan dan Akuntansi,2,5.223
894,2020,HOLDING,UID Sumbar,,OFFICER KINERJA DAN ADMINISTRASI LAYANAN PELANGGAN,OFFICER,KINERJA DAN ADMINISTRASI LAYANAN PELANGGAN,G2,S1 Manajemen Pemasaran/Digital Marketing Dan Analytics,1,S1,Rekrut 2020,Niaga dan Pemasaran,2,5.159
895,2020,HOLDING,UID Jakarta Raya,,OFFICER KINERJA KEUANGAN DAN UMUM,OFFICER,KINERJA KEUANGAN DAN UMUM,G2,S1 Akuntansi/Administrasi Fiskal,1,S1,Rekrut 2020,Keuangan dan Akuntansi,2,5.153
896,2020,HOLDING,UID Jakarta Raya,,OFFICER PRIORITY ACCOUNT EXECUTIVE,OFFICER,PRIORITY ACCOUNT EXECUTIVE,G2,S1 Komunikasi/Hubungan Masyarakat,1,S1,Rekrut 2020,Komunikasi dan Umum,2,4.987
897,2020,HOLDING,UID Jawa Timur,,OFFICER KINERJA,OFFICER,KINERJA,G2,S1 Teknik Industri/Teknik Material,1,S1,Rekrut 2020,Perencanaan dan Kinerja,2,4.867
898,2020,HOLDING,UID Jawa Tengah & DIY,,TECHNICIAN PDKB,TECHNICIAN,PDKB,G2,S1 Teknik Elektro/Teknik Listrik,1,S1,Rekrut 2020,Distribusi,2,4.72
899,2020,HOLDING,UID Kalselteng,,TECHNICIAN TEKNISI PDKB,TECHNICIAN,TEKNISI PDKB,G2,S1 Teknik Elektro/Teknik Listrik,1,S1,3T,Distribusi,2,4.718
900,2020,HOLDING,P3B Sumatera,,OFFICER KINERJA KONSTRUKSI DAN PENYALURAN,OFFICER,KINERJA KONSTRUKSI DAN PENYALURAN,G2,S1 Teknik Elektro/Teknik Listrik,1,S1,Rekrut 2020,Transmisi dan Gardu Induk,2,4.663
901,2020,HOLDING,Pusat Pengatur Beban,,OFFICER KINERJA FASILITAS OPERASI,OFFICER,KINERJA FASILITAS OPERASI,G2,S1 Komunikasi/Hubungan Masyarakat,1,S1,Rekrut 2020,Komunikasi dan Umum,2,4.646
902,2020,HOLDING,UID Jawa Timur,,OFFICER KINERJA TRANSAKSI ENERGI LISTRIK,OFFICER,KINERJA TRANSAKSI ENERGI LISTRIK,G2,S1 Teknik Elektro/Teknik Listrik,1,S1,Rekrut 2020,Distribusi,2,4.624
903,2020,HOLDING,UID Jawa Timur,,TECHNICIAN PENGELOLAAN KONSTRUKSI DISTRIBUSI,TECHNICIAN,PENGELOLAAN KONSTRUKSI DISTRIBUSI,G2,S1 Teknik Elektro/Teknik Listrik,1,S1,Rekrut 2020,Distribusi,2,4.624
904,2020,HOLDING,UID Jawa Barat,,TECHNICIAN TEKNIK LAYANAN PELANGGAN,TECHNICIAN,TEKNIK LAYANAN PELANGGAN,G2,S1 Teknik Elektro/Teknik Listrik,1,S1,Rekrut 2020,Distribusi,2,4.604
905,2020,HOLDING,PUSMANPRO,,TECHNICIAN MANAJEMEN KONSTRUKSI PEMBANGKITAN,TECHNICIAN,MANAJEMEN KONSTRUKSI PEMBANGKITAN,G2,S1 Teknik Mesin/Konversi Energi,1,S1,Rekrut 2020,Pembangkitan,2,4.378
906,2020,HOLDING,UID Kaltimra,,TECHNICIAN PDKB,TECHNICIAN,PDKB,G2,S1 Teknik Elektro/Teknik Listrik,1,S1,3T,Distribusi,2,4.362
907,2020,HOLDING,UID Jakarta Raya,,OFFICER KINERJA TRANSAKSI ENERGI LISTRIK,OFFICER,KINERJA TRANSAKSI ENERGI LISTRIK,G2,S1 Teknik Elektro/Teknik Listrik,1,S1,Rekrut 2020,Distribusi,2,4.322
908,2020,HOLDING,UID Jawa Barat,,OFFICER KINERJA,OFFICER,KINERJA,G2,S1 Teknik Industri/Teknik Material,1,S1,Rekrut 2020,Perencanaan dan Kinerja,2,4.235
909,2020,HOLDING,UID Jawa Barat,,OFFICER KINERJA TRANSAKSI ENERGI LISTRIK,OFFICER,KINERJA TRANSAKSI ENERGI LISTRIK,G2,S1 Teknik Elektro/Teknik Listrik,1,S1,Rekrut 2020,Distribusi,2,4.235
910,2020,HOLDING,UIT JBTB,,OFFICER KINERJA,OFFICER,KINERJA,G2,S1 Teknik Industri/Teknik Material,1,S1,Rekrut 2020,Perencanaan dan Kinerja,2,4.194
911,2020,HOLDING,UIW Papua&Papua Barat,,TECHNICIAN PENGENDALIAN OPERASI DAN PEMELIHARAAN PUSAT LISTRIK,TECHNICIAN,PENGENDALIAN OPERASI DAN PEMELIHARAAN PUSAT LISTRIK,G2,S1 Teknik Mesin/Konversi Energi,1,S1,3T,Pembangkitan,2,4.187
912,2020,HOLDING,UIW Maluku&Malut,,OFFICER KINERJA KEUANGAN DAN UMUM,OFFICER,KINERJA KEUANGAN DAN UMUM,G2,S1 Akuntansi/Administrasi Fiskal,1,S1,3T,Keuangan dan Akuntansi,2,4.059
913,2020,HOLDING,UIW Maluku&Malut,,TECHNICIAN PDKB,TECHNICIAN,PDKB,G2,S1 Teknik Elektro/Teknik Listrik,1,S1,3T,Distribusi,2,4.059
914,2020,HOLDING,UIP JBT,,OFFICER PENGENDALIAN PROYEK,OFFICER,PENGENDALIAN PROYEK,G2,S1 Logistik/Supply Chain Management,1,S1,Rekrut 2020,Manajemen Konstruksi dan Pengadaan,2,3.937
915,2020,HOLDING,UID Jakarta Raya,,OFFICER KINERJA,OFFICER,KINERJA,G2,S1 Teknik Industri/Teknik Material,1,S1,Rekrut 2020,Perencanaan dan Kinerja,2,3.823
916,2020,HOLDING,UIP JBB,,OFFICER PENGENDALIAN PROYEK,OFFICER,PENGENDALIAN PROYEK,G2,S1 Logistik/Supply Chain Management,1,S1,Rekrut 2020,Manajemen Konstruksi dan Pengadaan,2,3.747
917,2020,HOLDING,UIT JBB,,TECHNICIAN PEMELIHARAAN GARDU INDUK,TECHNICIAN,PEMELIHARAAN GARDU INDUK,G2,S1 Teknik Elektro/Teknik Listrik,1,S1,Rekrut 2020,Transmisi dan Gardu Induk,2,3.689
918,2020,HOLDING,UID Jawa Timur,,OFFICER KINERJA JARINGAN DISTRIBUSI,OFFICER,KINERJA JARINGAN DISTRIBUSI,G2,S1 Teknik Elektro/Teknik Listrik,1,S1,Rekrut 2020,Distribusi,2,3.651
919,2020,HOLDING,UID Jawa Timur,,OFFICER PRIORITY ACCOUNT EXECUTIVE,OFFICER,PRIORITY ACCOUNT EXECUTIVE,G2,S1 Komunikasi/Hubungan Masyarakat,1,S1,Rekrut 2020,Komunikasi dan Umum,2,3.651
920,2020,HOLDING,UID Jawa Tengah & DIY,,OFFICER KINERJA KEUANGAN DAN UMUM,OFFICER,KINERJA KEUANGAN DAN UMUM,G2,S1 Akuntansi/Administrasi Fiskal,1,S1,Rekrut 2020,Keuangan dan Akuntansi,2,3.513
921,2020,HOLDING,Kantor Pusat,,OFFICER PEMBAYARAN UNIT,OFFICER,PEMBAYARAN UNIT,G2,S1 Komunikasi/Hubungan Masyarakat,1,S1,Rekrut 2020,Komunikasi dan Umum,2,3.402
922,2020,HOLDING,UIW Maluku&Malut,,OFFICER KINERJA JARINGAN DAN KONSTRUKSI DISTRIBUSI,OFFICER,KINERJA JARINGAN DAN KONSTRUKSI DISTRIBUSI,G2,S1 Teknik Elektro/Teknik Listrik,1,S1,3T,Distribusi,2,3.383
923,2020,HOLDING,UIW Maluku&Malut,,TECHNICIAN OPERASI DISTRIBUSI,TECHNICIAN,OPERASI DISTRIBUSI,G2,S1 Teknik Elektro/Teknik Listrik,1,S1,3T,Distribusi,2,3.383
924,2020,HOLDING,UID Kalselteng,,TECHNICIAN PDKB,TECHNICIAN,PDKB,G2,S1 Teknik Elektro/Teknik Listrik,1,S1,3T,Distribusi,2,3.331
925,2020,HOLDING,UID S2JB,,OFFICER KINERJA JARINGAN DAN KONSTRUKSI DISTRIBUSI,OFFICER,KINERJA JARINGAN DAN KONSTRUKSI DISTRIBUSI,G2,S1 Teknik Elektro/Teknik Listrik,1,S1,3T,Distribusi,2,3.318
926,2020,HOLDING,UIP Maluku dan Papua,,OFFICER PENGENDALIAN KONSTRUKSI,OFFICER,PENGENDALIAN KONSTRUKSI,G2,S1 Logistik/Supply Chain Management,1,S1,3T,Manajemen Konstruksi dan Pengadaan,2,3.306
927,2020,HOLDING,UIW Papua&Papua Barat,,TECHNICIAN PDKB,TECHNICIAN,PDKB,G2,S1 Teknik Elektro/Teknik Listrik,1,S1,3T,Distribusi,2,3.257
928,2020,HOLDING,UID S2JB,,OFFICER KINERJA KEUANGAN DAN UMUM,OFFICER,KINERJA KEUANGAN DAN UMUM,G2,S1 Akuntansi/Administrasi Fiskal,1,S1,3T,Keuangan dan Akuntansi,2,3.204
929,2020,HOLDING,UID Banten,,TECHNICIAN PDKB,TECHNICIAN,PDKB,G2,S1 Teknik Elektro/Teknik Listrik,1,S1,Rekrut 2020,Distribusi,2,3.134
930,2020,HOLDING,UID Kalbar,,OFFICER KINERJA DAN ADMINISTRASI LAYANAN PELANGGAN,OFFICER,KINERJA DAN ADMINISTRASI LAYANAN PELANGGAN,G2,S1 Manajemen Pemasaran/Digital Marketing Dan Analytics,1,S1,3T,Niaga dan Pemasaran,2,3.113
931,2020,HOLDING,UIP JBTB,,OFFICER PENGENDALIAN PROYEK,OFFICER,PENGENDALIAN PROYEK,G2,S1 Logistik/Supply Chain Management,1,S1,Rekrut 2020,Manajemen Konstruksi dan Pengadaan,2,3.085
932,2020,HOLDING,UID Lampung,,OFFICER KINERJA DAN ADMINISTRASI LAYANAN PELANGGAN,OFFICER,KINERJA DAN ADMINISTRASI LAYANAN PELANGGAN,G2,S1 Manajemen Pemasaran/Digital Marketing Dan Analytics,1,S1,Rekrut 2020,Niaga dan Pemasaran,2,3.084
933,2020,HOLDING,UID Sumut,,OFFICER LOGISTIK LAYANAN PELANGGAN,OFFICER,LOGISTIK LAYANAN PELANGGAN,G2,S1 Logistik/Supply Chain Management,1,S1,Rekrut 2020,Manajemen Konstruksi dan Pengadaan,2,3.054
934,2020,HOLDING,UID Kalselteng,,OFFICER KINERJA DAN ADMINISTRASI LAYANAN PELANGGAN,OFFICER,KINERJA DAN ADMINISTRASI LAYANAN PELANGGAN,G2,S1 Manajemen Pemasaran/Digital Marketing Dan Analytics,1,S1,3T,Niaga dan Pemasaran,2,3.053
935,2020,HOLDING,UIW Papua&Papua Barat,,TECHNICIAN KONSTRUKSI LISTRIK PERDESAAN,TECHNICIAN,KONSTRUKSI LISTRIK PERDESAAN,G2,S1 Teknik Elektro/Teknik Listrik,1,S1,3T,Distribusi,2,3.024
936,2020,HOLDING,PUSHARLIS,,TECHNICIAN PRODUKSI,TECHNICIAN,PRODUKSI,G2,S1 Teknik Elektro/Teknik Listrik,1,S1,Rekrut 2020,Distribusi,2,3.006
937,2020,HOLDING,UID Bali,,OFFICER KINERJA DAN ADMINISTRASI LAYANAN PELANGGAN,OFFICER,KINERJA DAN ADMINISTRASI LAYANAN PELANGGAN,G2,S1 Manajemen Pemasaran/Digital Marketing Dan Analytics,1,S1,Rekrut 2020,Niaga dan Pemasaran,2,2.98
938,2020,HOLDING,UID Jawa Tengah & DIY,,OFFICER LOGISTIK LAYANAN PELANGGAN,OFFICER,LOGISTIK LAYANAN PELANGGAN,G2,S1 Logistik/Supply Chain Management,1,S1,Rekrut 2020,Manajemen Konstruksi dan Pengadaan,2,2.964
939,2020,HOLDING,UID Jawa Tengah & DIY,,TECHNICIAN PENGELOLAAN KONSTRUKSI DISTRIBUSI,TECHNICIAN,PENGELOLAAN KONSTRUKSI DISTRIBUSI,G2,S1 Teknik Elektro/Teknik Listrik,1,S1,Rekrut 2020,Distribusi,2,2.964
940,2020,HOLDING,UID Jawa Barat,,TECHNICIAN TRANSAKSI ENERGI LAYANAN PELANGGAN,TECHNICIAN,TRANSAKSI ENERGI LAYANAN PELANGGAN,G2,S1 Teknik Elektro/Teknik Listrik,1,S1,Rekrut 2020,Distribusi,2,2.946
941,2020,HOLDING,UID Banten,,OFFICER KINERJA JARINGAN DISTRIBUSI,OFFICER,KINERJA JARINGAN DISTRIBUSI,G2,S1 Teknik Elektro/Teknik Listrik,1,S1,Rekrut 2020,Distribusi,2,2.883
942,2020,HOLDING,UIW Papua&Papua Barat,,TECHNICIAN OPERASI DISTRIBUSI,TECHNICIAN,OPERASI DISTRIBUSI,G2,S1 Teknik Elektro/Teknik Listrik,1,S1,3T,Distribusi,2,2.792
943,2020,HOLDING,UIP Kalimantan Bag Timur,,OFFICER PERIZINAN DAN PERTANAHAN,OFFICER,PERIZINAN DAN PERTANAHAN,G2,S1 Logistik/Supply Chain Management,1,S1,3T,Manajemen Konstruksi dan Pengadaan,2,2.741
944,2020,HOLDING,UID Riau & Kepri,,OFFICER KINERJA DAN ADMINISTRASI LAYANAN PELANGGAN,OFFICER,KINERJA DAN ADMINISTRASI LAYANAN PELANGGAN,G2,S1 Manajemen Pemasaran/Digital Marketing Dan Analytics,1,S1,Rekrut 2020,Niaga dan Pemasaran,2,2.706
945,2020,HOLDING,UIW Maluku&Malut,,OFFICER ADMINISTRASI DAN UMUM,OFFICER,ADMINISTRASI DAN UMUM,G2,S1 Komunikasi/Hubungan Masyarakat,1,S1,3T,Komunikasi dan Umum,2,2.706
946,2020,HOLDING,UIW Maluku&Malut,,OFFICER KINERJA,OFFICER,KINERJA,G2,S1 Teknik Industri/Teknik Material,1,S1,3T,Perencanaan dan Kinerja,2,2.706
947,2020,HOLDING,UIW Maluku&Malut,,OFFICER PERENCANAAN SISTEM KELISTRIKAN,OFFICER,PERENCANAAN SISTEM KELISTRIKAN,G2,S1 Teknik Kimia/Teknik Lingkungan,1,S1,3T,Perencanaan Sistem,2,2.706
948,2020,HOLDING,UIW Maluku&Malut,,TECHNICIAN PENGENDALIAN OPERASI SISTEM,TECHNICIAN,PENGENDALIAN OPERASI SISTEM,G2,S1 Teknik Kimia/Teknik Lingkungan,1,S1,3T,Perencanaan Sistem,2,2.706
949,2020,HOLDING,UID Sumut,,OFFICER KINERJA KEUANGAN DAN UMUM,OFFICER,KINERJA KEUANGAN DAN UMUM,G2,S1 Akuntansi/Administrasi Fiskal,1,S1,Rekrut 2020,Keuangan dan Akuntansi,2,2.694
950,2020,HOLDING,UID Jawa Timur,,TECHNICIAN PENGELOLAAN KONSTRUKSI,TECHNICIAN,PENGELOLAAN KONSTRUKSI,G2,S1 Logistik/Supply Chain Management,1,S1,Rekrut 2020,Manajemen Konstruksi dan Pengadaan,2,2.677
951,2020,HOLDING,UIP Maluku dan Papua,,TECHNICIAN PENGENDALIAN KONSTRUKSI,TECHNICIAN,PENGENDALIAN KONSTRUKSI,G2,S1 Logistik/Supply Chain Management,1,S1,3T,Manajemen Konstruksi dan Pengadaan,2,2.645
952,2020,HOLDING,UID Sulselrabar,,OFFICER KINERJA KEUANGAN DAN UMUM,OFFICER,KINERJA KEUANGAN DAN UMUM,G2,S1 Akuntansi/Administrasi Fiskal,1,S1,3T,Keuangan dan Akuntansi,2,2.638
953,2020,HOLDING,UIT JBTB,,OFFICER KINERJA KEUANGAN DAN UMUM,OFFICER,KINERJA KEUANGAN DAN UMUM,G2,S1 Akuntansi/Administrasi Fiskal,1,S1,Rekrut 2020,Keuangan dan Akuntansi,2,2.621
954,2020,HOLDING,P3B Sumatera,,OFFICER KEUANGAN DAN AKUNTANSI,OFFICER,KEUANGAN DAN AKUNTANSI,G2,S1 Akuntansi/Administrasi Fiskal,1,S1,Rekrut 2020,Keuangan dan Akuntansi,2,2.611
955,2020,HOLDING,UIW NusaTenggaraTimur,,TECHNICIAN PENGENDALIAN OPERASI DAN PEMELIHARAAN PUSAT LISTRIK,TECHNICIAN,PENGENDALIAN OPERASI DAN PEMELIHARAAN PUSAT LISTRIK,G2,S1 Teknik Mesin/Konversi Energi,1,S1,3T,Pembangkitan,2,2.571
956,2020,HOLDING,PUSERTIF,,TECHNICIAN PENGELOLAAN PENGUJIAN SISTEM PEMBANGKIT,TECHNICIAN,PENGELOLAAN PENGUJIAN SISTEM PEMBANGKIT,G2,S1 Teknik Mesin/Konversi Energi,1,S1,Rekrut 2020,Pembangkitan,2,2.568
957,2020,HOLDING,UID Sumbar,,OFFICER LOGISTIK LAYANAN PELANGGAN,OFFICER,LOGISTIK LAYANAN PELANGGAN,G2,S1 Logistik/Supply Chain Management,1,S1,Rekrut 2020,Manajemen Konstruksi dan Pengadaan,2,2.534
958,2020,HOLDING,UID Kaltimra,,OFFICER KINERJA KEUANGAN DAN UMUM,OFFICER,KINERJA KEUANGAN DAN UMUM,G2,S1 Akuntansi/Administrasi Fiskal,1,S1,3T,Keuangan dan Akuntansi,2,2.526
959,2020,HOLDING,UID Jawa Tengah & DIY,,OFFICER KINERJA TRANSAKSI ENERGI LISTRIK,OFFICER,KINERJA TRANSAKSI ENERGI LISTRIK,G2,S1 Teknik Elektro/Teknik Listrik,1,S1,Rekrut 2020,Distribusi,2,2.525
960,2020,HOLDING,UID Banten,,OFFICER KINERJA DAN ADMINISTRASI LAYANAN PELANGGAN,OFFICER,KINERJA DAN ADMINISTRASI LAYANAN PELANGGAN,G2,S1 Manajemen Pemasaran/Digital Marketing Dan Analytics,1,S1,Rekrut 2020,Niaga dan Pemasaran,2,2.507
961,2020,HOLDING,UID Kalselteng,,OFFICER KINERJA JARINGAN DAN KONSTRUKSI DISTRIBUSI,OFFICER,KINERJA JARINGAN DAN KONSTRUKSI DISTRIBUSI,G2,S1 Teknik Elektro/Teknik Listrik,1,S1,3T,Distribusi,2,2.498
962,2020,HOLDING,UID Jakarta Raya,,TECHNICIAN OPERASI DISTRIBUSI,TECHNICIAN,OPERASI DISTRIBUSI,G2,S1 Teknik Elektro/Teknik Listrik,1,S1,Rekrut 2020,Distribusi,2,2.493
963,2020,HOLDING,UID Bali,,OFFICER LOGISTIK LAYANAN PELANGGAN,OFFICER,LOGISTIK LAYANAN PELANGGAN,G2,S1 Logistik/Supply Chain Management,1,S1,Rekrut 2020,Manajemen Konstruksi dan Pengadaan,2,2.484
964,2020,HOLDING,UIP JBTB,,"OFFICER KEUANGAN, PERIZINAN, PERTANAHAN DAN UMUM",OFFICER,"KEUANGAN, PERIZINAN, PERTANAHAN DAN UMUM",G2,S1 Logistik/Supply Chain Management,1,S1,Rekrut 2020,Manajemen Konstruksi dan Pengadaan,2,2.468
965,2020,HOLDING,UIP Kalimantan Bag Timur,,TECHNICIAN PENGENDALIAN KONSTRUKSI,TECHNICIAN,PENGENDALIAN KONSTRUKSI,G2,S1 Logistik/Supply Chain Management,1,S1,3T,Manajemen Konstruksi dan Pengadaan,2,2.467
966,2020,HOLDING,UIT JBT,,OFFICER KINERJA KEUANGAN DAN UMUM,OFFICER,KINERJA KEUANGAN DAN UMUM,G2,S1 Akuntansi/Administrasi Fiskal,1,S1,Rekrut 2020,Keuangan dan Akuntansi,2,2.45
967,2020,HOLDING,UIT JBTB,,OFFICER KINERJA KONSTRUKSI,OFFICER,KINERJA KONSTRUKSI,G2,S1 Logistik/Supply Chain Management,1,S1,Rekrut 2020,Manajemen Konstruksi dan Pengadaan,2,2.446
968,2020,HOLDING,UID Suluttenggo,,OFFICER KINERJA KEUANGAN DAN UMUM,OFFICER,KINERJA KEUANGAN DAN UMUM,G2,S1 Akuntansi/Administrasi Fiskal,1,S1,3T,Keuangan dan Akuntansi,2,2.419
969,2020,HOLDING,UIP3B Kalimantan,,OFFICER KINERJA KEUANGAN DAN UMUM,OFFICER,KINERJA KEUANGAN DAN UMUM,G2,S1 Akuntansi/Administrasi Fiskal,1,S1,3T,Keuangan dan Akuntansi,2,2.409
970,2020,HOLDING,UID Jawa Barat,,TECHNICIAN TEKNISI PDKB,TECHNICIAN,TEKNISI PDKB,G2,S1 Teknik Elektro/Teknik Listrik,1,S1,Rekrut 2020,Distribusi,2,2.394
971,2020,HOLDING,UID Banten,,OFFICER PRIORITY ACCOUNT EXECUTIVE,OFFICER,PRIORITY ACCOUNT EXECUTIVE,G2,S1 Komunikasi/Hubungan Masyarakat,1,S1,Rekrut 2020,Komunikasi dan Umum,2,2.382
972,2020,HOLDING,UID Kalbar,,OFFICER KINERJA JARINGAN DAN KONSTRUKSI DISTRIBUSI,OFFICER,KINERJA JARINGAN DAN KONSTRUKSI DISTRIBUSI,G2,S1 Teknik Elektro/Teknik Listrik,1,S1,3T,Distribusi,2,2.334
973,2020,HOLDING,UIP JBB,,TECHNICIAN PENGENDALIAN KONSTRUKSI,TECHNICIAN,PENGENDALIAN KONSTRUKSI,G2,S1 Logistik/Supply Chain Management,1,S1,Rekrut 2020,Manajemen Konstruksi dan Pengadaan,2,2.32
974,2020,HOLDING,UID S2JB,,OFFICER KINERJA,OFFICER,KINERJA,G2,S1 Teknik Industri/Teknik Material,1,S1,3T,Perencanaan dan Kinerja,2,2.289
975,2020,HOLDING,UIP3B Sulawesi,,TECHNICIAN PENGENDALIAN OPERASI DAN PEMELIHARAAN,TECHNICIAN,PENGENDALIAN OPERASI DAN PEMELIHARAAN,G2,S1 Teknik Elektro/Teknik Listrik,1,S1,3T,Distribusi,2,2.259
976,2020,HOLDING,PUSERTIF,,TECHNICIAN KOMISIONING SISTEM PEMBANGKIT,TECHNICIAN,KOMISIONING SISTEM PEMBANGKIT,G2,S1 Teknik Mesin/Konversi Energi,1,S1,Rekrut 2020,Pembangkitan,2,2.247
977,2020,HOLDING,UID Suluttenggo,,TECHNICIAN PDKB,TECHNICIAN,PDKB,G2,S1 Teknik Elektro/Teknik Listrik,1,S1,3T,Distribusi,2,2.247
978,2020,HOLDING,P3B Sumatera,,OFFICER ENJINIRING,OFFICER,ENJINIRING,G2,S1 Teknik Kimia/Teknik Lingkungan,1,S1,Rekrut 2020,Perencanaan Sistem,2,2.238
979,2020,HOLDING,UID Kalselteng,,OFFICER KINERJA KEUANGAN DAN UMUM,OFFICER,KINERJA KEUANGAN DAN UMUM,G2,S1 Akuntansi/Administrasi Fiskal,1,S1,3T,Keuangan dan Akuntansi,2,2.22
980,2020,HOLDING,UID Jawa Barat,,OFFICER ADMINISTRASI DAN UMUM,OFFICER,ADMINISTRASI DAN UMUM,G2,S1 Komunikasi/Hubungan Masyarakat,1,S1,Rekrut 2020,Komunikasi dan Umum,2,2.21
981,2020,HOLDING,UID Jawa Timur,,TECHNICIAN PENGATURAN OPERASI,TECHNICIAN,PENGATURAN OPERASI,G2,S1 Teknik Kimia/Teknik Lingkungan,1,S1,Rekrut 2020,Perencanaan Sistem,2,2.19
982,2020,HOLDING,UIP3B Kalimantan,,TECHNICIAN PDKB GI/GITET,TECHNICIAN,PDKB GI/GITET,G2,S1 Teknik Elektro/Teknik Listrik,1,S1,3T,Transmisi dan Gardu Induk,2,2.141
983,2020,HOLDING,UIT JBT,,OFFICER KINERJA KONSTRUKSI,OFFICER,KINERJA KONSTRUKSI,G2,S1 Logistik/Supply Chain Management,1,S1,Rekrut 2020,Manajemen Konstruksi dan Pengadaan,2,2.116
984,2020,HOLDING,UIT JBB,,OFFICER ENJINIRING,OFFICER,ENJINIRING,G2,S1 Teknik Kimia/Teknik Lingkungan,1,S1,Rekrut 2020,Perencanaan Sistem,2,2.108
985,2020,HOLDING,UIW Papua&Papua Barat,,OFFICER KINERJA JARINGAN DAN KONSTRUKSI,OFFICER,KINERJA JARINGAN DAN KONSTRUKSI,G2,S1 Teknik Elektro/Teknik Listrik,1,S1,3T,Distribusi,2,2.094
986,2020,HOLDING,UIW Papua&Papua Barat,,OFFICER KINERJA TRANSAKSI ENERGI LISTRIK,OFFICER,KINERJA TRANSAKSI ENERGI LISTRIK,G2,S1 Teknik Elektro/Teknik Listrik,1,S1,3T,Distribusi,2,2.094
987,2020,HOLDING,UID Suluttenggo,,TECHNICIAN PENGELOLAAN KONSTRUKSI DISTRIBUSI,TECHNICIAN,PENGELOLAAN KONSTRUKSI DISTRIBUSI,G2,S1 Teknik Elektro/Teknik Listrik,1,S1,3T,Distribusi,2,2.074
988,2020,HOLDING,UID Kaltimra,,OFFICER KINERJA,OFFICER,KINERJA,G2,S1 Teknik Industri/Teknik Material,1,S1,3T,Perencanaan dan Kinerja,2,2.066
989,2020,HOLDING,P3B Sumatera,,OFFICER KINERJA OPERASI SISTEM,OFFICER,KINERJA OPERASI SISTEM,G2,S1 Teknik Kimia/Teknik Lingkungan,1,S1,Rekrut 2020,Perencanaan Sistem,2,2.052
990,2020,HOLDING,Kantor Pusat,,OFFICER ANGGARAN,OFFICER,ANGGARAN,G2,S1 Akuntansi/Administrasi Fiskal,1,S1,Rekrut 2020,Keuangan dan Akuntansi,2,2.041
991,2020,HOLDING,UID Riau & Kepri,,OFFICER KINERJA JARINGAN DAN KONSTRUKSI DISTRIBUSI,OFFICER,KINERJA JARINGAN DAN KONSTRUKSI DISTRIBUSI,G2,S1 Teknik Elektro/Teknik Listrik,1,S1,Rekrut 2020,Distribusi,2,2.03
992,2020,HOLDING,UIW Maluku&Malut,,OFFICER PERENCANAAN DAN EVALUASI SISTEM DISTRIBUSI,OFFICER,PERENCANAAN DAN EVALUASI SISTEM DISTRIBUSI,G2,S1 Teknik Kimia/Teknik Lingkungan,1,S1,3T,Perencanaan Sistem,2,2.03
993,2020,HOLDING,UIW Maluku&Malut,,OFFICER PERENCANAAN PENGUSAHAAN DAN KINERJA,OFFICER,PERENCANAAN PENGUSAHAAN DAN KINERJA,G2,S1 Teknik Industri/Teknik Material,1,S1,3T,Perencanaan dan Kinerja,2,2.03
994,2020,HOLDING,UIW Maluku&Malut,,OFFICER STRATEGI PEMASARAN,OFFICER,STRATEGI PEMASARAN,G2,S1 Manajemen Pemasaran/Digital Marketing Dan Analytics,1,S1,3T,Niaga dan Pemasaran,2,2.03
995,2020,HOLDING,UIW Maluku&Malut,,TECHNICIAN PENGENDALIAN OPERASI DAN PEMELIHARAAN PUSAT LISTRIK,TECHNICIAN,PENGENDALIAN OPERASI DAN PEMELIHARAAN PUSAT LISTRIK,G2,S1 Teknik Mesin/Konversi Energi,1,S1,3T,Pembangkitan,2,2.03
996,2020,HOLDING,UIW Maluku&Malut,,TECHNICIAN PENGENDALIAN OPERASI DAN PEMELIHARAAN TRANSMISI DAN GARDU INDUK,TECHNICIAN,PENGENDALIAN OPERASI DAN PEMELIHARAAN TRANSMISI DAN GARDU INDUK,G2,S1 Teknik Elektro/Teknik Listrik,1,S1,3T,Transmisi dan Gardu Induk,2,2.03
997,2020,HOLDING,UIW Maluku&Malut,,TECHNICIAN PENGENDALIAN SUSUT,TECHNICIAN,PENGENDALIAN SUSUT,G2,S1 Teknik Elektro/Teknik Listrik,1,S1,3T,Distribusi,2,2.03
998,2020,HOLDING,UID Banten,,OFFICER KINERJA,OFFICER,KINERJA,G2,S1 Teknik Industri/Teknik Material,1,S1,Rekrut 2020,Perencanaan dan Kinerja,2,2.006
999,2020,HOLDING,UID Banten,,OFFICER KINERJA TRANSAKSI ENERGI LISTRIK,OFFICER,KINERJA TRANSAKSI ENERGI LISTRIK,G2,S1 Teknik Elektro/Teknik Listrik,1,S1,Rekrut 2020,Distribusi,2,2.006
1000,2020,HOLDING,UIP Sumatera Bag Tengah,,TECHNICIAN PENGENDALIAN KONSTRUKSI,TECHNICIAN,PENGENDALIAN KONSTRUKSI,G2,S1 Logistik/Supply Chain Management,1,S1,Rekrut 2020,Manajemen Konstruksi dan Pengadaan,2,2.004
1001,2020,HOLDING,UID Sulselrabar,,TECHNICIAN PENGELOLAAN KONSTRUKSI DISTRIBUSI,TECHNICIAN,PENGELOLAAN KONSTRUKSI DISTRIBUSI,G2,S1 Teknik Elektro/Teknik Listrik,1,S1,3T,Distribusi,2,2.001
1002,2020,HOLDING,UID Jawa Tengah & DIY,,OFFICER KINERJA JARINGAN DISTRIBUSI,OFFICER,KINERJA JARINGAN DISTRIBUSI,G2,S1 Teknik Elektro/Teknik Listrik,1,S1,Rekrut 2020,Distribusi,2,1.976
1003,2020,HOLDING,UID Sumut,,OFFICER KINERJA JARINGAN DAN KONSTRUKSI DISTRIBUSI,OFFICER,KINERJA JARINGAN DAN KONSTRUKSI DISTRIBUSI,G2,S1 Teknik Elektro/Teknik Listrik,1,S1,Rekrut 2020,Distribusi,2,1.976
1004,2020,HOLDING,UID Kalbar,,TECHNICIAN PDKB,TECHNICIAN,PDKB,G2,S1 Teknik Elektro/Teknik Listrik,1,S1,3T,Distribusi,2,1.945
1005,2020,HOLDING,UID Kalselteng,,TECHNICIAN OPERASI DISTRIBUSI,TECHNICIAN,OPERASI DISTRIBUSI,G2,S1 Teknik Elektro/Teknik Listrik,1,S1,3T,Distribusi,2,1.943
1006,2020,HOLDING,UIP Kalimantan Bag Timur,,OFFICER PENGENDALIAN PROYEK,OFFICER,PENGENDALIAN PROYEK,G2,S1 Logistik/Supply Chain Management,1,S1,3T,Manajemen Konstruksi dan Pengadaan,2,1.919
1007,2020,HOLDING,UID Suluttenggo,,TECHNICIAN OPERASI DISTRIBUSI,TECHNICIAN,OPERASI DISTRIBUSI,G2,S1 Teknik Elektro/Teknik Listrik,1,S1,3T,Distribusi,2,1.901
1008,2020,HOLDING,UIP JBT,,"OFFICER KEUANGAN, PERIZINAN, PERTANAHAN DAN UMUM",OFFICER,"KEUANGAN, PERIZINAN, PERTANAHAN DAN UMUM",G2,S1 Logistik/Supply Chain Management,1,S1,Rekrut 2020,Manajemen Konstruksi dan Pengadaan,2,1.9
1009,2020,HOLDING,PUSDIKLAT,,OFFICER KINERJA PELAKSANAAN PEMBELAJARAN,OFFICER,KINERJA PELAKSANAAN PEMBELAJARAN,G2,S1 Psikologi/Kepegawaian,1,S1,Rekrut 2020,Sumber Daya Manusia,2,1.893
1010,2020,HOLDING,UID Jawa Tengah & DIY,,OFFICER KINERJA,OFFICER,KINERJA,G2,S1 Teknik Industri/Teknik Material,1,S1,Rekrut 2020,Perencanaan dan Kinerja,2,1.866
1011,2020,HOLDING,P3B Sumatera,,OFFICER KINERJA FASILITAS OPERASI,OFFICER,KINERJA FASILITAS OPERASI,G2,S1 Komunikasi/Hubungan Masyarakat,1,S1,Rekrut 2020,Komunikasi dan Umum,2,1.865
1012,2020,HOLDING,UIW Papua&Papua Barat,,OFFICER KINERJA KEUANGAN DAN UMUM,OFFICER,KINERJA KEUANGAN DAN UMUM,G2,S1 Akuntansi/Administrasi Fiskal,1,S1,3T,Keuangan dan Akuntansi,2,1.861
1013,2020,HOLDING,UID Jawa Barat,,OFFICER PELAYANAN PELANGGAN,OFFICER,PELAYANAN PELANGGAN,G2,S1 Manajemen Pemasaran/Digital Marketing Dan Analytics,1,S1,Rekrut 2020,Niaga dan Pemasaran,2,1.841
1014,2020,HOLDING,UID Jawa Barat,,TECHNICIAN OPERASI DISTRIBUSI,TECHNICIAN,OPERASI DISTRIBUSI,G2,S1 Teknik Elektro/Teknik Listrik,1,S1,Rekrut 2020,Distribusi,2,1.841
1015,2020,HOLDING,UID Aceh,,OFFICER LOGISTIK LAYANAN PELANGGAN,OFFICER,LOGISTIK LAYANAN PELANGGAN,G2,S1 Logistik/Supply Chain Management,1,S1,3T,Manajemen Konstruksi dan Pengadaan,2,1.786
1016,2020,HOLDING,UIP JBT,,TECHNICIAN PROJECT SITE,TECHNICIAN,PROJECT SITE,G2,S1 Teknik Elektro/Teknik Listrik,1,S1,Rekrut 2020,Distribusi,2,1.765
1017,2020,HOLDING,UID Kalbar,,OFFICER KINERJA TRANSAKSI ENERGI LISTRIK,OFFICER,KINERJA TRANSAKSI ENERGI LISTRIK,G2,S1 Teknik Elektro/Teknik Listrik,1,S1,3T,Distribusi,2,1.751
1018,2020,HOLDING,UIT JBTB,,OFFICER ENJINIRING,OFFICER,ENJINIRING,G2,S1 Teknik Kimia/Teknik Lingkungan,1,S1,Rekrut 2020,Perencanaan Sistem,2,1.747
1019,2020,HOLDING,UIT JBTB,,OFFICER PELAKSANA PENGADAAN,OFFICER,PELAKSANA PENGADAAN,G2,S1 Logistik/Supply Chain Management,1,S1,Rekrut 2020,Manajemen Konstruksi dan Pengadaan,2,1.747
1020,2020,HOLDING,UID Sulselrabar,,OFFICER KINERJA,OFFICER,KINERJA,G2,S1 Teknik Industri/Teknik Material,1,S1,3T,Perencanaan dan Kinerja,2,1.728
1021,2020,HOLDING,UID Suluttenggo,,TECHNICIAN PEMELIHARAAN DISTRIBUSI,TECHNICIAN,PEMELIHARAAN DISTRIBUSI,G2,S1 Teknik Elektro/Teknik Listrik,1,S1,3T,Distribusi,2,1.728
1022,2020,HOLDING,UID S2JB,,OFFICER KINERJA TRANSAKSI ENERGI LISTRIK,OFFICER,KINERJA TRANSAKSI ENERGI LISTRIK,G2,S1 Teknik Elektro/Teknik Listrik,1,S1,3T,Distribusi,2,1.716
1023,2020,HOLDING,UID Jawa Timur,,OFFICER LOGISTIK LAYANAN PELANGGAN,OFFICER,LOGISTIK LAYANAN PELANGGAN,G2,S1 Logistik/Supply Chain Management,1,S1,Rekrut 2020,Manajemen Konstruksi dan Pengadaan,2,1.704
1024,2020,HOLDING,UID Jawa Timur,,OFFICER PELAKSANA PENGADAAN,OFFICER,PELAKSANA PENGADAAN,G2,S1 Logistik/Supply Chain Management,1,S1,Rekrut 2020,Manajemen Konstruksi dan Pengadaan,2,1.704
1025,2020,HOLDING,UIP Kalimantan Bag Barat,,TECHNICIAN PENGENDALIAN KONSTRUKSI,TECHNICIAN,PENGENDALIAN KONSTRUKSI,G2,S1 Logistik/Supply Chain Management,1,S1,3T,Manajemen Konstruksi dan Pengadaan,2,1.699
1026,2020,HOLDING,PUSHARLIS,,TECHNICIAN PRODUKSI MEKANIKAL,TECHNICIAN,PRODUKSI MEKANIKAL,G2,S1 Teknik Elektro/Teknik Listrik,1,S1,Rekrut 2020,Distribusi,2,1.691
1027,2020,HOLDING,UID Aceh,,OFFICER KINERJA DAN ADMINISTRASI LAYANAN PELANGGAN,OFFICER,KINERJA DAN ADMINISTRASI LAYANAN PELANGGAN,G2,S1 Manajemen Pemasaran/Digital Marketing Dan Analytics,1,S1,3T,Niaga dan Pemasaran,2,1.687
1028,2020,HOLDING,UID Aceh,,TECHNICIAN PDKB,TECHNICIAN,PDKB,G2,S1 Teknik Elektro/Teknik Listrik,1,S1,3T,Distribusi,2,1.687
1029,2020,HOLDING,P3B Sumatera,,TECHNICIAN PEMELIHARAAN GARDU INDUK,TECHNICIAN,PEMELIHARAAN GARDU INDUK,G2,S1 Teknik Elektro/Teknik Listrik,1,S1,Rekrut 2020,Transmisi dan Gardu Induk,2,1.679
1030,2020,HOLDING,UIP Sumatera Bag Utara,,OFFICER PENGENDALIAN PROYEK,OFFICER,PENGENDALIAN PROYEK,G2,S1 Logistik/Supply Chain Management,1,S1,Rekrut 2020,Manajemen Konstruksi dan Pengadaan,2,1.676
1031,2020,HOLDING,UID Kalselteng,,OFFICER PRIORITY ACCOUNT EXECUTIVE,OFFICER,PRIORITY ACCOUNT EXECUTIVE,G2,S1 Komunikasi/Hubungan Masyarakat,1,S1,3T,Komunikasi dan Umum,2,1.665
1032,2020,HOLDING,UID Jakarta Raya,,TECHNICIAN PEMELIHARAAN DISTRIBUSI,TECHNICIAN,PEMELIHARAAN DISTRIBUSI,G2,S1 Teknik Elektro/Teknik Listrik,1,S1,Rekrut 2020,Distribusi,2,1.662
1033,2020,HOLDING,UID Jawa Barat,,OFFICER KINERJA NIAGA DAN PEMASARAN,OFFICER,KINERJA NIAGA DAN PEMASARAN,G2,S1 Manajemen Pemasaran/Digital Marketing Dan Analytics,1,S1,Rekrut 2020,Niaga dan Pemasaran,2,1.657
1034,2020,HOLDING,UID Jawa Barat,,TECHNICIAN PENGATURAN OPERASI,TECHNICIAN,PENGATURAN OPERASI,G2,S1 Teknik Kimia/Teknik Lingkungan,1,S1,Rekrut 2020,Perencanaan Sistem,2,1.657
1035,2020,HOLDING,UIW Papua&Papua Barat,,OFFICER NIAGA DAN PELAYANAN PELANGGAN,OFFICER,NIAGA DAN PELAYANAN PELANGGAN,G2,S1 Manajemen Pemasaran/Digital Marketing Dan Analytics,1,S1,3T,Niaga dan Pemasaran,2,1.628
1036,2020,HOLDING,UIW Papua&Papua Barat,,OFFICER PERENCANAAN DAN EVALUASI SISTEM DISTRIBUSI,OFFICER,PERENCANAAN DAN EVALUASI SISTEM DISTRIBUSI,G2,S1 Teknik Kimia/Teknik Lingkungan,1,S1,3T,Perencanaan Sistem,2,1.628
1037,2020,HOLDING,UIW Papua&Papua Barat,,TECHNICIAN PEMELIHARAAN DISTRIBUSI,TECHNICIAN,PEMELIHARAAN DISTRIBUSI,G2,S1 Teknik Elektro/Teknik Listrik,1,S1,3T,Distribusi,2,1.628
1038,2020,HOLDING,UID Sumut,,OFFICER KINERJA TRANSAKSI ENERGI LISTRIK,OFFICER,KINERJA TRANSAKSI ENERGI LISTRIK,G2,S1 Teknik Elektro/Teknik Listrik,1,S1,Rekrut 2020,Distribusi,2,1.617
1039,2020,HOLDING,UID Aceh,,OFFICER KINERJA JARINGAN DAN KONSTRUKSI DISTRIBUSI,OFFICER,KINERJA JARINGAN DAN KONSTRUKSI DISTRIBUSI,G2,S1 Teknik Elektro/Teknik Listrik,1,S1,3T,Distribusi,2,1.588
1040,2020,HOLDING,UID Aceh,,OFFICER KINERJA KEUANGAN DAN UMUM,OFFICER,KINERJA KEUANGAN DAN UMUM,G2,S1 Akuntansi/Administrasi Fiskal,1,S1,3T,Keuangan dan Akuntansi,2,1.588
1041,2020,HOLDING,UIT JBB,,OFFICER PELAKSANA PENGADAAN,OFFICER,PELAKSANA PENGADAAN,G2,S1 Logistik/Supply Chain Management,1,S1,Rekrut 2020,Manajemen Konstruksi dan Pengadaan,2,1.581
1042,2020,HOLDING,UIT JBB,,TECHNICIAN JARINGAN TRANSMISI DAN GARDU INDUK,TECHNICIAN,JARINGAN TRANSMISI DAN GARDU INDUK,G2,S1 Teknik Elektro/Teknik Listrik,1,S1,Rekrut 2020,Transmisi dan Gardu Induk,2,1.581
1043,2020,HOLDING,UIT JBTB,,"OFFICER ASESMEN, DIAGNOSA DAN PENGELOLAAN DATA",OFFICER,"ASESMEN, DIAGNOSA DAN PENGELOLAAN DATA",G2,S1 Psikologi/Kepegawaian,1,S1,Rekrut 2020,Sumber Daya Manusia,2,1.573
1044,2020,HOLDING,UIT JBTB,,TECHNICIAN JARINGAN TRANSMISI DAN GARDU INDUK,TECHNICIAN,JARINGAN TRANSMISI DAN GARDU INDUK,G2,S1 Teknik Elektro/Teknik Listrik,1,S1,Rekrut 2020,Transmisi dan Gardu Induk,2,1.573
1045,2020,HOLDING,UIT JBTB,,"TECHNICIAN PEMELIHARAAN PROTEKSI, METER, DAN OTOMASI TRANSMISI DAN GARDUINDUK",TECHNICIAN,"PEMELIHARAAN PROTEKSI, METER, DAN OTOMASI TRANSMISI DAN GARDUINDUK",G2,S1 Teknik Elektro/Teknik Listrik,1,S1,Rekrut 2020,Transmisi dan Gardu Induk,2,1.573
1046,2020,HOLDING,UID Kalbar,,OFFICER ADMINISTRASI DAN UMUM,OFFICER,ADMINISTRASI DAN UMUM,G2,S1 Komunikasi/Hubungan Masyarakat,1,S1,3T,Komunikasi dan Umum,2,1.556
1047,2020,HOLDING,UID Suluttenggo,,OFFICER KINERJA TRANSAKSI ENERGI LISTRIK,OFFICER,KINERJA TRANSAKSI ENERGI LISTRIK,G2,S1 Teknik Elektro/Teknik Listrik,1,S1,3T,Distribusi,2,1.555
1048,2020,HOLDING,UID Suluttenggo,,OFFICER NIAGA DAN PELAYANAN PELANGGAN,OFFICER,NIAGA DAN PELAYANAN PELANGGAN,G2,S1 Manajemen Pemasaran/Digital Marketing Dan Analytics,1,S1,3T,Niaga dan Pemasaran,2,1.555
1049,2020,HOLDING,UIW NusaTenggara Barat,,TECHNICIAN OPERASI PUSAT LISTRIK,TECHNICIAN,OPERASI PUSAT LISTRIK,G2,S1 Teknik Mesin/Konversi Energi,1,S1,3T,Pembangkitan,2,1.548
1050,2020,HOLDING,UID Jawa Tengah & DIY,,OFFICER PRIORITY ACCOUNT EXECUTIVE,OFFICER,PRIORITY ACCOUNT EXECUTIVE,G2,S1 Komunikasi/Hubungan Masyarakat,1,S1,Rekrut 2020,Komunikasi dan Umum,2,1.537
1051,2020,HOLDING,UID Jakarta Raya,,TECHNICIAN PENGENDALIAN KONSTRUKSI DISTRIBUSI,TECHNICIAN,PENGENDALIAN KONSTRUKSI DISTRIBUSI,G2,S1 Teknik Elektro/Teknik Listrik,1,S1,Rekrut 2020,Distribusi,2,1.496
1052,2020,HOLDING,P3B Sumatera,,OFFICER ADMINISTRASI DAN UMUM,OFFICER,ADMINISTRASI DAN UMUM,G2,S1 Komunikasi/Hubungan Masyarakat,1,S1,Rekrut 2020,Komunikasi dan Umum,2,1.492
1053,2020,HOLDING,P3B Sumatera,,"OFFICER ASESMEN, DIAGNOSA DAN PENGOLAHAN DATA",OFFICER,"ASESMEN, DIAGNOSA DAN PENGOLAHAN DATA",G2,S1 Psikologi/Kepegawaian,1,S1,Rekrut 2020,Sumber Daya Manusia,2,1.492
1054,2020,HOLDING,P3B Sumatera,,OFFICER LINGKUNGAN,OFFICER,LINGKUNGAN,G2,S1 Keselamatan Dan Kesehatan Kerja/Kesehatan Masyarakat K3,1,S1,Rekrut 2020,K3 dan Lingkungan,2,1.492
1055,2020,HOLDING,P3B Sumatera,,OFFICER PELAKSANA PENGADAAN,OFFICER,PELAKSANA PENGADAAN,G2,S1 Logistik/Supply Chain Management,1,S1,Rekrut 2020,Manajemen Konstruksi dan Pengadaan,2,1.492
1056,2020,HOLDING,UID Lampung,,OFFICER KINERJA KEUANGAN DAN UMUM,OFFICER,KINERJA KEUANGAN DAN UMUM,G2,S1 Akuntansi/Administrasi Fiskal,1,S1,Rekrut 2020,Keuangan dan Akuntansi,2,1.489
1057,2020,HOLDING,UID Lampung,,OFFICER LOGISTIK LAYANAN PELANGGAN,OFFICER,LOGISTIK LAYANAN PELANGGAN,G2,S1 Logistik/Supply Chain Management,1,S1,Rekrut 2020,Manajemen Konstruksi dan Pengadaan,2,1.489
1058,2020,HOLDING,UID Lampung,,TECHNICIAN PDKB,TECHNICIAN,PDKB,G2,S1 Teknik Elektro/Teknik Listrik,1,S1,Rekrut 2020,Distribusi,2,1.489
1059,2020,HOLDING,UID S2JB,,OFFICER PRIORITY ACCOUNT EXECUTIVE,OFFICER,PRIORITY ACCOUNT EXECUTIVE,G2,S1 Komunikasi/Hubungan Masyarakat,1,S1,3T,Komunikasi dan Umum,2,1.488
1060,2020,HOLDING,UIP Sulawesi,,TECHNICIAN PENGENDALIAN KONSTRUKSI,TECHNICIAN,PENGENDALIAN KONSTRUKSI,G2,S1 Logistik/Supply Chain Management,1,S1,3T,Manajemen Konstruksi dan Pengadaan,2,1.474
1061,2020,HOLDING,PUSDIKLAT,,OFFICER PENYELENGGARAAN PEMBELAJARAN,OFFICER,PENYELENGGARAAN PEMBELAJARAN,G2,S1 Psikologi/Kepegawaian,1,S1,Rekrut 2020,Sumber Daya Manusia,2,1.473
1062,2020,HOLDING,UID Jawa Barat,,OFFICER PRIORITY ACCOUNT EXECUTIVE,OFFICER,PRIORITY ACCOUNT EXECUTIVE,G2,S1 Komunikasi/Hubungan Masyarakat,1,S1,Rekrut 2020,Komunikasi dan Umum,2,1.473
1063,2020,HOLDING,UID Jawa Timur,,OFFICER ADMINISTRASI DAN UMUM,OFFICER,ADMINISTRASI DAN UMUM,G2,S1 Komunikasi/Hubungan Masyarakat,1,S1,Rekrut 2020,Komunikasi dan Umum,2,1.46
1064,2020,HOLDING,UID Jawa Timur,,TECHNICIAN PEMELIHARAAN DISTRIBUSI,TECHNICIAN,PEMELIHARAAN DISTRIBUSI,G2,S1 Teknik Elektro/Teknik Listrik,1,S1,Rekrut 2020,Distribusi,2,1.46
1065,2020,HOLDING,UID Sumbar,,OFFICER KINERJA JARINGAN DAN KONSTRUKSI,OFFICER,KINERJA JARINGAN DAN KONSTRUKSI,G2,S1 Teknik Elektro/Teknik Listrik,1,S1,Rekrut 2020,Distribusi,2,1.448
1066,2020,HOLDING,UID Sumbar,,OFFICER KINERJA KEUANGAN DAN UMUM,OFFICER,KINERJA KEUANGAN DAN UMUM,G2,S1 Akuntansi/Administrasi Fiskal,1,S1,Rekrut 2020,Keuangan dan Akuntansi,2,1.448
1067,2020,HOLDING,UIP JBTB,,TECHNICIAN PENGENDALIAN KONSTRUKSI,TECHNICIAN,PENGENDALIAN KONSTRUKSI,G2,S1 Logistik/Supply Chain Management,1,S1,Rekrut 2020,Manajemen Konstruksi dan Pengadaan,2,1.44
1068,2020,HOLDING,UID Sumut,,OFFICER KINERJA,OFFICER,KINERJA,G2,S1 Teknik Industri/Teknik Material,1,S1,Rekrut 2020,Perencanaan dan Kinerja,2,1.437
1069,2020,HOLDING,UIP JBB,,OFFICER ADMINISTRASI DAN UMUM,OFFICER,ADMINISTRASI DAN UMUM,G2,S1 Komunikasi/Hubungan Masyarakat,1,S1,Rekrut 2020,Komunikasi dan Umum,2,1.428
1070,2020,HOLDING,UIW NusaTenggaraTimur,,OFFICER KINERJA DAN ADMINISTRASI LAYANAN PELANGGAN,OFFICER,KINERJA DAN ADMINISTRASI LAYANAN PELANGGAN,G2,S1 Manajemen Pemasaran/Digital Marketing Dan Analytics,1,S1,3T,Niaga dan Pemasaran,2,1.402
1071,2020,HOLDING,UIW NusaTenggaraTimur,,TECHNICIAN PENGENDALIAN OPERASI DAN PEMELIHARAAN TRANSMISI DAN GARDU INDUK,TECHNICIAN,PENGENDALIAN OPERASI DAN PEMELIHARAAN TRANSMISI DAN GARDU INDUK,G2,S1 Teknik Elektro/Teknik Listrik,1,S1,3T,Transmisi dan Gardu Induk,2,1.402
1072,2020,HOLDING,UID Bali,,TECHNICIAN PDKB,TECHNICIAN,PDKB,G2,S1 Teknik Elektro/Teknik Listrik,1,S1,Rekrut 2020,Distribusi,2,8.61
1073,2020,HOLDING,UID Jawa Tengah & DIY,,OFFICER KINERJA DAN ADMINISTRASI LAYANAN PELANGGAN,OFFICER,KINERJA DAN ADMINISTRASI LAYANAN PELANGGAN,G2,S1 Manajemen Pemasaran/Digital Marketing Dan Analytics,1,S1,Rekrut 2020,Niaga dan Pemasaran,2,8.562
1074,2020,HOLDING,UID Jawa Timur,,OFFICER KINERJA KEUANGAN DAN UMUM,OFFICER,KINERJA KEUANGAN DAN UMUM,G2,S1 Akuntansi/Administrasi Fiskal,1,S1,Rekrut 2020,Keuangan dan Akuntansi,2,8.275
1075,2020,HOLDING,UIT JBB,,TECHNICIAN PENGENDALIAN OPERASI DAN PEMELIHARAAN TRANSMISI DAN GARDU INDUK,TECHNICIAN,PENGENDALIAN OPERASI DAN PEMELIHARAAN TRANSMISI DAN GARDU INDUK,G2,S1 Teknik Elektro/Teknik Listrik,1,S1,Rekrut 2020,Transmisi dan Gardu Induk,2,7.906
1076,2020,HOLDING,UIT JBT,,JUNIOR TECHNICIAN JARINGAN TRANSMISI DAN GARDU INDUK,JUNIOR TECHNICIAN,JARINGAN TRANSMISI DAN GARDU INDUK,G1,D3 Teknik Elektro/Teknik Listrik,1,D3,Rekrut 2020,Transmisi dan Gardu Induk,1,7.612
1077,2020,HOLDING,UID Jawa Barat,,JUNIOR OFFICER PELAYANAN PELANGGAN,JUNIOR OFFICER,PELAYANAN PELANGGAN,G1,D3 Manajemen Pemasaran/Digital Marketing Dan Analytics,1,D3,Rekrut 2020,Niaga dan Pemasaran,1,7.356
1078,2020,HOLDING,UIT JBB,,JUNIOR TECHNICIAN JARINGAN TRANSMISI DAN GARDU INDUK,JUNIOR TECHNICIAN,JARINGAN TRANSMISI DAN GARDU INDUK,G1,D3 Teknik Elektro/Teknik Listrik,1,D3,Rekrut 2020,Transmisi dan Gardu Induk,1,7.246
1079,2020,HOLDING,UID Jakarta Raya,,JUNIOR TECHNICIAN OPERASI DISTRIBUSI,JUNIOR TECHNICIAN,OPERASI DISTRIBUSI,G1,D3 Teknik Elektro/Teknik Listrik,1,D3,Rekrut 2020,Distribusi,1,7.142
1080,2020,HOLDING,UIW Maluku&Malut,,JUNIOR TECHNICIAN TRANSAKSI ENERGI LAYANAN PELANGGAN,JUNIOR TECHNICIAN,TRANSAKSI ENERGI LAYANAN PELANGGAN,G1,D3 Teknik Elektro/Teknik Listrik,1,D3,3T,Distribusi,1,6.199
1081,2020,HOLDING,Kantor Pusat,,JUNIOR OFFICER PELAYANAN HUMAN CAPITAL AMBON,JUNIOR OFFICER,PELAYANAN HUMAN CAPITAL AMBON,G1,D3 Psikologi/Kepegawaian,1,D3,Rekrut 2020,Sumber Daya Manusia,1,5.931
1082,2020,HOLDING,UID S2JB,,JUNIOR TECHNICIAN PDKB,JUNIOR TECHNICIAN,PDKB,G1,D3 Teknik Elektro/Teknik Listrik,1,D3,3T,Distribusi,1,5.479
1083,2020,HOLDING,UIW Papua&Papua Barat,,JUNIOR TECHNICIAN TEKNIK LAYANAN PELANGGAN,JUNIOR TECHNICIAN,TEKNIK LAYANAN PELANGGAN,G1,D3 Teknik Elektro/Teknik Listrik,1,D3,3T,Distribusi,1,5.424
1084,2020,HOLDING,UID Suluttenggo,,JUNIOR TECHNICIAN TEKNIK LAYANAN PELANGGAN,JUNIOR TECHNICIAN,TEKNIK LAYANAN PELANGGAN,G1,D3 Teknik Elektro/Teknik Listrik,1,D3,3T,Distribusi,1,5.413
1085,2020,HOLDING,UID Jawa Tengah & DIY,,JUNIOR TECHNICIAN TEKNIK LAYANAN PELANGGAN,JUNIOR TECHNICIAN,TEKNIK LAYANAN PELANGGAN,G1,D3 Teknik Elektro/Teknik Listrik,1,D3,Rekrut 2020,Distribusi,1,5.348
1086,2020,HOLDING,UIT JBTB,,JUNIOR TECHNICIAN JARINGAN TRANSMISI DAN GARDU INDUK,JUNIOR TECHNICIAN,JARINGAN TRANSMISI DAN GARDU INDUK,G1,D3 Teknik Elektro/Teknik Listrik,1,D3,Rekrut 2020,Transmisi dan Gardu Induk,1,5.284
1087,2020,HOLDING,UID Kalselteng,,JUNIOR TECHNICIAN TEKNIK LAYANAN PELANGGAN,JUNIOR TECHNICIAN,TEKNIK LAYANAN PELANGGAN,G1,D3 Teknik Elektro/Teknik Listrik,1,D3,3T,Distribusi,1,5.201
1088,2020,HOLDING,UID Kalselteng,,JUNIOR TECHNICIAN TRANSAKSI ENERGI LAYANAN PELANGGAN,JUNIOR TECHNICIAN,TRANSAKSI ENERGI LAYANAN PELANGGAN,G1,D3 Teknik Elektro/Teknik Listrik,1,D3,3T,Distribusi,1,5.201
1089,2020,HOLDING,UIP JBTB,,JUNIOR OFFICER ADMINISTRASI DAN UMUM,JUNIOR OFFICER,ADMINISTRASI DAN UMUM,G1,D3 Komunikasi/Hubungan Masyarakat,1,D3,Rekrut 2020,Komunikasi dan Umum,1,4.874
1090,2020,HOLDING,PUSMANPRO,,"JUNIOR OFFICER KESELAMATAN, KESEHATAN KERJA, LINGKUNGAN, DAN KEAMANAN",JUNIOR OFFICER,"KESELAMATAN, KESEHATAN KERJA, LINGKUNGAN, DAN KEAMANAN",G1,D3 Keselamatan Dan Kesehatan Kerja/Kesehatan Masyarakat K3,1,D3,Rekrut 2020,K3 dan Lingkungan,1,4.694
1091,2020,HOLDING,PUSMANPRO,,JUNIOR TECHNICIAN MANAJEMEN KONSTRUKSI LISTRIK,JUNIOR TECHNICIAN,MANAJEMEN KONSTRUKSI LISTRIK,G1,D3 Logistik/Supply Chain Management,1,D3,Rekrut 2020,Manajemen Konstruksi dan Pengadaan,1,4.694
1092,2020,HOLDING,UID Bali,,JUNIOR TECHNICIAN PDKB,JUNIOR TECHNICIAN,PDKB,G1,D3 Teknik Elektro/Teknik Listrik,1,D3,Rekrut 2020,Distribusi,1,4.657
1093,2020,HOLDING,UIW Papua&Papua Barat,,JUNIOR OFFICER PELAYANAN PELANGGAN,JUNIOR OFFICER,PELAYANAN PELANGGAN,G1,D3 Manajemen Pemasaran/Digital Marketing Dan Analytics,1,D3,3T,Niaga dan Pemasaran,1,4.423
1094,2020,HOLDING,UIT JBB,,JUNIOR TECHNICIAN PEMELIHARAAN GARDU INDUK,JUNIOR TECHNICIAN,PEMELIHARAAN GARDU INDUK,G1,D3 Teknik Elektro/Teknik Listrik,1,D3,Rekrut 2020,Transmisi dan Gardu Induk,1,4.215
1095,2020,HOLDING,UID Suluttenggo,,JUNIOR TECHNICIAN TRANSAKSI ENERGI LAYANAN PELANGGAN,JUNIOR TECHNICIAN,TRANSAKSI ENERGI LAYANAN PELANGGAN,G1,D3 Teknik Elektro/Teknik Listrik,1,D3,3T,Distribusi,1,4.21
1096,2020,HOLDING,UID Jawa Timur,,JUNIOR OFFICER PELAYANAN PELANGGAN,JUNIOR OFFICER,PELAYANAN PELANGGAN,G1,D3 Manajemen Pemasaran/Digital Marketing Dan Analytics,1,D3,Rekrut 2020,Niaga dan Pemasaran,1,4.089
1097,2020,HOLDING,UID Jawa Timur,,JUNIOR TECHNICIAN PENGATURAN OPERASI,JUNIOR TECHNICIAN,PENGATURAN OPERASI,G1,D3 Teknik Kimia/Teknik Lingkungan,1,D3,Rekrut 2020,Perencanaan Sistem,1,4.089
1098,2020,HOLDING,UIP JBT,,JUNIOR OFFICER ADMINISTRASI DAN UMUM,JUNIOR OFFICER,ADMINISTRASI DAN UMUM,G1,D3 Komunikasi/Hubungan Masyarakat,1,D3,Rekrut 2020,Komunikasi dan Umum,1,4.072
1099,2020,HOLDING,UIW Papua&Papua Barat,,JUNIOR TECHNICIAN TRANSAKSI ENERGI LAYANAN PELANGGAN,JUNIOR TECHNICIAN,TRANSAKSI ENERGI LAYANAN PELANGGAN,G1,D3 Teknik Elektro/Teknik Listrik,1,D3,3T,Distribusi,1,3.839
1100,2020,HOLDING,UID Jawa Tengah & DIY,,JUNIOR TECHNICIAN TRANSAKSI ENERGI LAYANAN PELANGGAN,JUNIOR TECHNICIAN,TRANSAKSI ENERGI LAYANAN PELANGGAN,G1,D3 Teknik Elektro/Teknik Listrik,1,D3,Rekrut 2020,Distribusi,1,3.808
1101,2020,HOLDING,UID Kalbar,,JUNIOR TECHNICIAN TEKNIK LAYANAN PELANGGAN,JUNIOR TECHNICIAN,TEKNIK LAYANAN PELANGGAN,G1,D3 Teknik Elektro/Teknik Listrik,1,D3,3T,Distribusi,1,3.807
1102,2020,HOLDING,UIT JBT,,JUNIOR TECHNICIAN JARINGAN TRANSMISI DAN GARDU INDUK TEGANGAN EKSTRA TINGGI,JUNIOR TECHNICIAN,JARINGAN TRANSMISI DAN GARDU INDUK TEGANGAN EKSTRA TINGGI,G1,D3 Teknik Elektro/Teknik Listrik,1,D3,Rekrut 2020,Transmisi dan Gardu Induk,1,3.806
1103,2020,HOLDING,UID Sulselrabar,,JUNIOR TECHNICIAN TEKNIK LAYANAN PELANGGAN,JUNIOR TECHNICIAN,TEKNIK LAYANAN PELANGGAN,G1,D3 Teknik Elektro/Teknik Listrik,1,D3,3T,Distribusi,1,3.727
1104,2020,HOLDING,P3B Sumatera,,JUNIOR TECHNICIAN PEMELIHARAAN JARINGAN TRANSMISI,JUNIOR TECHNICIAN,PEMELIHARAAN JARINGAN TRANSMISI,G1,D3 Teknik Elektro/Teknik Listrik,1,D3,Rekrut 2020,Transmisi dan Gardu Induk,1,3.678
1105,2020,HOLDING,UID Jawa Tengah & DIY,,JUNIOR OFFICER PELAYANAN PELANGGAN,JUNIOR OFFICER,PELAYANAN PELANGGAN,G1,D3 Manajemen Pemasaran/Digital Marketing Dan Analytics,1,D3,Rekrut 2020,Niaga dan Pemasaran,1,3.646
1106,2020,HOLDING,P3B Sumatera,,JUNIOR TECHNICIAN JARINGAN TRANSMISI DAN GARDU INDUK TEGANGAN EKSTRA TINGGI,JUNIOR TECHNICIAN,JARINGAN TRANSMISI DAN GARDU INDUK TEGANGAN EKSTRA TINGGI,G1,D3 Teknik Elektro/Teknik Listrik,1,D3,Rekrut 2020,Transmisi dan Gardu Induk,1,3.627
1107,2020,HOLDING,UID Kalbar,,JUNIOR OFFICER PELAYANAN PELANGGAN,JUNIOR OFFICER,PELAYANAN PELANGGAN,G1,D3 Manajemen Pemasaran/Digital Marketing Dan Analytics,1,D3,3T,Niaga dan Pemasaran,1,3.514
1108,2020,HOLDING,UIP JBB,,JUNIOR OFFICER ADMINISTRASI DAN UMUM,JUNIOR OFFICER,ADMINISTRASI DAN UMUM,G1,D3 Komunikasi/Hubungan Masyarakat,1,D3,Rekrut 2020,Komunikasi dan Umum,1,3.46
1109,2020,HOLDING,P3B Sumatera,,JUNIOR TECHNICIAN PDKB SUTT/SUTET,JUNIOR TECHNICIAN,PDKB SUTT/SUTET,G1,D3 Teknik Elektro/Teknik Listrik,1,D3,Rekrut 2020,Transmisi dan Gardu Induk,1,3.423
1110,2020,HOLDING,UID Sumut,,JUNIOR TECHNICIAN PDKB,JUNIOR TECHNICIAN,PDKB,G1,D3 Teknik Elektro/Teknik Listrik,1,D3,Rekrut 2020,Distribusi,1,3.361
1111,2020,HOLDING,UID Kaltimra,,JUNIOR TECHNICIAN TEKNIK LAYANAN PELANGGAN,JUNIOR TECHNICIAN,TEKNIK LAYANAN PELANGGAN,G1,D3 Teknik Elektro/Teknik Listrik,1,D3,3T,Distribusi,1,3.284
1112,2020,HOLDING,UIW Maluku&Malut,,JUNIOR TECHNICIAN PDKB,JUNIOR TECHNICIAN,PDKB,G1,D3 Teknik Elektro/Teknik Listrik,1,D3,3T,Distribusi,1,3.224
1113,2020,HOLDING,UID Kalbar,,JUNIOR TECHNICIAN TRANSAKSI ENERGI LAYANAN PELANGGAN,JUNIOR TECHNICIAN,TRANSAKSI ENERGI LAYANAN PELANGGAN,G1,D3 Teknik Elektro/Teknik Listrik,1,D3,3T,Distribusi,1,3.221
1114,2020,HOLDING,UID Kaltimra,,JUNIOR TECHNICIAN TRANSAKSI ENERGI LAYANAN PELANGGAN,JUNIOR TECHNICIAN,TRANSAKSI ENERGI LAYANAN PELANGGAN,G1,D3 Teknik Elektro/Teknik Listrik,1,D3,3T,Distribusi,1,3.178
1115,2020,HOLDING,UIW Papua&Papua Barat,,JUNIOR TECHNICIAN OPERASI PUSAT LISTRIK,JUNIOR TECHNICIAN,OPERASI PUSAT LISTRIK,G1,D3 Teknik Mesin/Konversi Energi,1,D3,3T,Pembangkitan,1,3.171
1116,2020,HOLDING,UID Sumut,,JUNIOR TECHNICIAN TEKNIK LAYANAN PELANGGAN,JUNIOR TECHNICIAN,TEKNIK LAYANAN PELANGGAN,G1,D3 Teknik Elektro/Teknik Listrik,1,D3,Rekrut 2020,Distribusi,1,3.164
1117,2020,HOLDING,UID Jawa Tengah & DIY,,JUNIOR TECHNICIAN PDKB,JUNIOR TECHNICIAN,PDKB,G1,D3 Teknik Elektro/Teknik Listrik,1,D3,Rekrut 2020,Distribusi,1,3.16
1118,2020,HOLDING,UID Kalselteng,,JUNIOR OFFICER PELAYANAN PELANGGAN,JUNIOR OFFICER,PELAYANAN PELANGGAN,G1,D3 Manajemen Pemasaran/Digital Marketing Dan Analytics,1,D3,3T,Niaga dan Pemasaran,1,3.121
1119,2020,HOLDING,UIT JBB,,"JUNIOR TECHNICIAN PEMELIHARAAN PROTEKSI, METER, DAN OTOMASI TRANSMISI DAN GARDU INDUK",JUNIOR TECHNICIAN,"PEMELIHARAAN PROTEKSI, METER, DAN OTOMASI TRANSMISI DAN GARDU INDUK",G1,D3 Teknik Elektro/Teknik Listrik,1,D3,Rekrut 2020,Transmisi dan Gardu Induk,1,3.106
1120,2020,HOLDING,UID Sumut,,JUNIOR OFFICER PELAYANAN PELANGGAN,JUNIOR OFFICER,PELAYANAN PELANGGAN,G1,D3 Manajemen Pemasaran/Digital Marketing Dan Analytics,1,D3,Rekrut 2020,Niaga dan Pemasaran,1,3.065
1121,2020,HOLDING,UID Kalselteng,,JUNIOR TECHNICIAN PDKB,JUNIOR TECHNICIAN,PDKB,G1,D3 Teknik Elektro/Teknik Listrik,1,D3,3T,Distribusi,1,2.972
1122,2020,HOLDING,Kantor Pusat,,JUNIOR OFFICER ADMINISTRASI MANAJEMEN DIGITAL,JUNIOR OFFICER,ADMINISTRASI MANAJEMEN DIGITAL,G1,D3 Data Science/Teknik Informatika,1,D3,Rekrut 2020,Teknologi Informasi,1,2.966
1123,2020,HOLDING,Kantor Pusat,,JUNIOR OFFICER ADMINISTRASI STRATEGI HUMAN CAPITAL,JUNIOR OFFICER,ADMINISTRASI STRATEGI HUMAN CAPITAL,G1,D3 Psikologi/Kepegawaian,1,D3,Rekrut 2020,Sumber Daya Manusia,1,2.966
1124,2020,HOLDING,Kantor Pusat,,JUNIOR OFFICER DANA PENSIUN DAN JAMINAN SOSIAL,JUNIOR OFFICER,DANA PENSIUN DAN JAMINAN SOSIAL,G1,D3 Komunikasi/Hubungan Masyarakat,1,D3,Rekrut 2020,Komunikasi dan Umum,1,2.966
1125,2020,HOLDING,Kantor Pusat,,JUNIOR OFFICER HUBUNGAN PEMERINTAHAN,JUNIOR OFFICER,HUBUNGAN PEMERINTAHAN,G1,D3 Komunikasi/Hubungan Masyarakat,1,D3,Rekrut 2020,Komunikasi dan Umum,1,2.966
1126,2020,HOLDING,Kantor Pusat,,JUNIOR OFFICER PELAYANAN HUMAN CAPITAL BALIKPAPAN,JUNIOR OFFICER,PELAYANAN HUMAN CAPITAL BALIKPAPAN,G1,D3 Psikologi/Kepegawaian,1,D3,Rekrut 2020,Sumber Daya Manusia,1,2.966
1127,2020,HOLDING,Kantor Pusat,,JUNIOR OFFICER PELAYANAN HUMAN CAPITAL BANJARBARU,JUNIOR OFFICER,PELAYANAN HUMAN CAPITAL BANJARBARU,G1,D3 Psikologi/Kepegawaian,1,D3,Rekrut 2020,Sumber Daya Manusia,1,2.966
1128,2020,HOLDING,Kantor Pusat,,JUNIOR OFFICER PELAYANAN HUMAN CAPITAL DEPOK,JUNIOR OFFICER,PELAYANAN HUMAN CAPITAL DEPOK,G1,D3 Psikologi/Kepegawaian,1,D3,Rekrut 2020,Sumber Daya Manusia,1,2.966
1129,2020,HOLDING,Kantor Pusat,,JUNIOR OFFICER PELAYANAN HUMAN CAPITAL KANTOR PUSAT,JUNIOR OFFICER,PELAYANAN HUMAN CAPITAL KANTOR PUSAT,G1,D3 Psikologi/Kepegawaian,1,D3,Rekrut 2020,Sumber Daya Manusia,1,2.966
1130,2020,HOLDING,Kantor Pusat,,JUNIOR OFFICER PELAYANAN HUMAN CAPITAL KUPANG,JUNIOR OFFICER,PELAYANAN HUMAN CAPITAL KUPANG,G1,D3 Psikologi/Kepegawaian,1,D3,Rekrut 2020,Sumber Daya Manusia,1,2.966
1131,2020,HOLDING,Kantor Pusat,,JUNIOR OFFICER PELAYANAN HUMAN CAPITAL MAKASSAR,JUNIOR OFFICER,PELAYANAN HUMAN CAPITAL MAKASSAR,G1,D3 Psikologi/Kepegawaian,1,D3,Rekrut 2020,Sumber Daya Manusia,1,2.966
1132,2020,HOLDING,Kantor Pusat,,JUNIOR OFFICER PELAYANAN HUMAN CAPITAL PADANG,JUNIOR OFFICER,PELAYANAN HUMAN CAPITAL PADANG,G1,D3 Psikologi/Kepegawaian,1,D3,Rekrut 2020,Sumber Daya Manusia,1,2.966
1133,2020,HOLDING,Kantor Pusat,,JUNIOR OFFICER PELAYANAN HUMAN CAPITAL PALEMBANG,JUNIOR OFFICER,PELAYANAN HUMAN CAPITAL PALEMBANG,G1,D3 Psikologi/Kepegawaian,1,D3,Rekrut 2020,Sumber Daya Manusia,1,2.966
1134,2020,HOLDING,Kantor Pusat,,JUNIOR OFFICER PELAYANAN HUMAN CAPITAL PEKANBARU,JUNIOR OFFICER,PELAYANAN HUMAN CAPITAL PEKANBARU,G1,D3 Psikologi/Kepegawaian,1,D3,Rekrut 2020,Sumber Daya Manusia,1,2.966
1135,2020,HOLDING,Kantor Pusat,,JUNIOR OFFICER PELAYANAN HUMAN CAPITAL PONTIANAK,JUNIOR OFFICER,PELAYANAN HUMAN CAPITAL PONTIANAK,G1,D3 Psikologi/Kepegawaian,1,D3,Rekrut 2020,Sumber Daya Manusia,1,2.966
1136,2020,HOLDING,Kantor Pusat,,JUNIOR OFFICER PEMBAYARAN UNIT,JUNIOR OFFICER,PEMBAYARAN UNIT,G1,D3 Komunikasi/Hubungan Masyarakat,1,D3,Rekrut 2020,Komunikasi dan Umum,1,2.966
1137,2020,HOLDING,Kantor Pusat,,JUNIOR OFFICER PENGELOLAAN KENDARAAN,JUNIOR OFFICER,PENGELOLAAN KENDARAAN,G1,D3 Teknik Industri/Teknik Material,1,D3,Rekrut 2020,Perencanaan dan Kinerja,1,2.966
1138,2020,HOLDING,Kantor Pusat,,JUNIOR OFFICER PENYETORAN PAJAK,JUNIOR OFFICER,PENYETORAN PAJAK,G1,D3 Akuntansi/Administrasi Fiskal,1,D3,Rekrut 2020,Keuangan dan Akuntansi,1,2.966
1139,2020,HOLDING,Kantor Pusat,,JUNIOR OFFICER PRIVATE OFFICE,JUNIOR OFFICER,PRIVATE OFFICE,G1,D3 Komunikasi/Hubungan Masyarakat,1,D3,Rekrut 2020,Komunikasi dan Umum,1,2.966
1140,2020,HOLDING,Kantor Pusat,,JUNIOR OFFICER VERIFIKASI ENERGI PRIMER,JUNIOR OFFICER,VERIFIKASI ENERGI PRIMER,G1,D3 Teknik Mesin/Konversi Energi,1,D3,Rekrut 2020,Pembangkitan,1,2.966
1141,2020,HOLDING,UID Sumut,,JUNIOR TECHNICIAN TRANSAKSI ENERGI LAYANAN PELANGGAN,JUNIOR TECHNICIAN,TRANSAKSI ENERGI LAYANAN PELANGGAN,G1,D3 Teknik Elektro/Teknik Listrik,1,D3,Rekrut 2020,Distribusi,1,2.966
1142,2020,HOLDING,UID Banten,,JUNIOR TECHNICIAN PDKB,JUNIOR TECHNICIAN,PDKB,G1,D3 Teknik Elektro/Teknik Listrik,1,D3,Rekrut 2020,Distribusi,1,2.964
1143,2020,HOLDING,UID Lampung,,JUNIOR TECHNICIAN TRANSAKSI ENERGI LAYANAN PELANGGAN,JUNIOR TECHNICIAN,TRANSAKSI ENERGI LAYANAN PELANGGAN,G1,D3 Teknik Elektro/Teknik Listrik,1,D3,Rekrut 2020,Distribusi,1,2.959
1144,2020,HOLDING,PUSDIKLAT,,JUNIOR OFFICER ADMINITRASI DAN UMUM,JUNIOR OFFICER,ADMINITRASI DAN UMUM,G1,D3 Komunikasi/Hubungan Masyarakat,1,D3,Rekrut 2020,Komunikasi dan Umum,1,2.924
1145,2020,HOLDING,UID Bali,,JUNIOR TECHNICIAN TEKNIK LAYANAN PELANGGAN,JUNIOR TECHNICIAN,TEKNIK LAYANAN PELANGGAN,G1,D3 Teknik Elektro/Teknik Listrik,1,D3,Rekrut 2020,Distribusi,1,2.911
1146,2020,HOLDING,UIT JBTB,,JUNIOR TECHNICIAN PEMELIHARAAN GARDU INDUK,JUNIOR TECHNICIAN,PEMELIHARAAN GARDU INDUK,G1,D3 Teknik Elektro/Teknik Listrik,1,D3,Rekrut 2020,Transmisi dan Gardu Induk,1,2.903
1147,2020,HOLDING,UID Sulselrabar,,JUNIOR TECHNICIAN TRANSAKSI ENERGI LAYANAN PELANGGAN,JUNIOR TECHNICIAN,TRANSAKSI ENERGI LAYANAN PELANGGAN,G1,D3 Teknik Elektro/Teknik Listrik,1,D3,3T,Distribusi,1,2.837
1148,2020,HOLDING,P3B Sumatera,,JUNIOR TECHNICIAN PEMELIHARAAN GARDU INDUK,JUNIOR TECHNICIAN,PEMELIHARAAN GARDU INDUK,G1,D3 Teknik Elektro/Teknik Listrik,1,D3,Rekrut 2020,Transmisi dan Gardu Induk,1,2.81
1149,2020,HOLDING,UID Aceh,,JUNIOR TECHNICIAN TEKNIK LAYANAN PELANGGAN,JUNIOR TECHNICIAN,TEKNIK LAYANAN PELANGGAN,G1,D3 Teknik Elektro/Teknik Listrik,1,D3,3T,Distribusi,1,2.796
1150,2020,HOLDING,UID S2JB,,JUNIOR OFFICER PELAYANAN PELANGGAN,JUNIOR OFFICER,PELAYANAN PELANGGAN,G1,D3 Manajemen Pemasaran/Digital Marketing Dan Analytics,1,D3,3T,Niaga dan Pemasaran,1,2.739
1151,2020,HOLDING,UID Riau & Kepri,,JUNIOR OFFICER PELAYANAN PELANGGAN,JUNIOR OFFICER,PELAYANAN PELANGGAN,G1,D3 Manajemen Pemasaran/Digital Marketing Dan Analytics,1,D3,Rekrut 2020,Niaga dan Pemasaran,1,2.688
1152,2020,HOLDING,UID Kalselteng,,JUNIOR TECHNICIAN PENGATURAN OPERASI,JUNIOR TECHNICIAN,PENGATURAN OPERASI,G1,D3 Teknik Kimia/Teknik Lingkungan,1,D3,3T,Perencanaan Sistem,1,2.675
1153,2020,HOLDING,UIP Kalimantan Bag Timur,,JUNIOR OFFICER ADMINISTRASI DAN UMUM,JUNIOR OFFICER,ADMINISTRASI DAN UMUM,G1,D3 Komunikasi/Hubungan Masyarakat,1,D3,3T,Komunikasi dan Umum,1,2.674
1154,2020,HOLDING,UIW Maluku&Malut,,JUNIOR TECHNICIAN TEKNIK LAYANAN PELANGGAN,JUNIOR TECHNICIAN,TEKNIK LAYANAN PELANGGAN,G1,D3 Teknik Elektro/Teknik Listrik,1,D3,3T,Distribusi,1,10.414
1155,2020,HOLDING,UID Jawa Barat,,JUNIOR TECHNICIAN TRANSAKSI ENERGI LAYANAN PELANGGAN,JUNIOR TECHNICIAN,TRANSAKSI ENERGI LAYANAN PELANGGAN,G1,D3 Teknik Elektro/Teknik Listrik,1,D3,Rekrut 2020,Distribusi,1,10.016
1156,2020,HOLDING,UID Jawa Timur,,JUNIOR TECHNICIAN PDKB,JUNIOR TECHNICIAN,PDKB,G1,D3 Teknik Elektro/Teknik Listrik,1,D3,Rekrut 2020,Distribusi,1,9.542
1157,2020,HOLDING,UID Jawa Barat,,JUNIOR TECHNICIAN PDKB,JUNIOR TECHNICIAN,PDKB,G1,D3 Teknik Elektro/Teknik Listrik,1,D3,Rekrut 2020,Distribusi,1,9.234
1158,2020,HOLDING,Kantor Pusat,,JUNIOR OFFICER PELAYANAN HUMAN CAPITAL SURABAYA,JUNIOR OFFICER,PELAYANAN HUMAN CAPITAL SURABAYA,G1,D3 Psikologi/Kepegawaian,1,D3,Rekrut 2020,Sumber Daya Manusia,1,8.897
1159,2020,HOLDING,UID Jawa Timur,,JUNIOR TECHNICIAN TRANSAKSI ENERGI LAYANAN PELANGGAN,JUNIOR TECHNICIAN,TRANSAKSI ENERGI LAYANAN PELANGGAN,G1,D3 Teknik Elektro/Teknik Listrik,1,D3,Rekrut 2020,Distribusi,1,7.876
1160,2020,HOLDING,UIW Maluku&Malut,,SENIOR OFFICER PERFORMANCE ASSISTANT TO MANAGER,SENIOR OFFICER,PERFORMANCE ASSISTANT TO MANAGER,G3,S2 Komunikasi/Hubungan Masyarakat,1,S2,3T,Komunikasi dan Umum,3,1.629
1161,2020,HOLDING,UID Jawa Timur,,SENIOR OFFICER PERFORMANCE ASSISTANT TO MANAGER,SENIOR OFFICER,PERFORMANCE ASSISTANT TO MANAGER,G3,S2 Komunikasi/Hubungan Masyarakat,1,S2,Rekrut 2020,Komunikasi dan Umum,3,1.484
1162,2020,HOLDING,P3B Sumatera,,SENIOR OFFICER PERFORMANCE ASSISTANT TO MANAGER,SENIOR OFFICER,PERFORMANCE ASSISTANT TO MANAGER,G3,S2 Komunikasi/Hubungan Masyarakat,1,S2,Rekrut 2020,Komunikasi dan Umum,3,1.34
1163,2020,HOLDING,UID Jawa Barat,,SENIOR OFFICER PERFORMANCE ASSISTANT to MANAGER,SENIOR OFFICER,PERFORMANCE ASSISTANT to MANAGER,G3,S2 Komunikasi/Hubungan Masyarakat,1,S2,Rekrut 2020,Komunikasi dan Umum,3,1.306
1164,2020,HOLDING,UID Jakarta Raya,,SENIOR OFFICER PERFORMANCE ASSISTANT TO MANAGER,SENIOR OFFICER,PERFORMANCE ASSISTANT TO MANAGER,G3,S2 Komunikasi/Hubungan Masyarakat,1,S2,Rekrut 2020,Komunikasi dan Umum,3,1.239
1165,2020,HOLDING,UID Jawa Tengah & DIY,,SENIOR OFFICER PERFORMANCE ASSISTANT TO MANAGER,SENIOR OFFICER,PERFORMANCE ASSISTANT TO MANAGER,G3,S2 Komunikasi/Hubungan Masyarakat,1,S2,Rekrut 2020,Komunikasi dan Umum,3,1.043
1166,2020,HOLDING,UIT JBB,,SENIOR OFFICER PERFORMANCE ASSISTANT TO MANAGER,SENIOR OFFICER,PERFORMANCE ASSISTANT TO MANAGER,G3,S2 Komunikasi/Hubungan Masyarakat,1,S2,Rekrut 2020,Komunikasi dan Umum,3,1.038
1167,2020,HOLDING,UIP Maluku dan Papua,,SENIOR OFFICER PERFORMANCE ASSISTANT TO MANAGER,SENIOR OFFICER,PERFORMANCE ASSISTANT TO MANAGER,G3,S2 Komunikasi/Hubungan Masyarakat,1,S2,3T,Komunikasi dan Umum,3,1.022
1168,2020,HOLDING,UID Kalselteng,,SENIOR OFFICER PERFORMANCE ASSISTANT TO MANAGER,SENIOR OFFICER,PERFORMANCE ASSISTANT TO MANAGER,G3,S2 Komunikasi/Hubungan Masyarakat,1,S2,3T,Komunikasi dan Umum,3,0.907
1169,2020,HOLDING,UIT JBTB,,SENIOR OFFICER PERFORMANCE ASSISTANT TO MANAGER,SENIOR OFFICER,PERFORMANCE ASSISTANT TO MANAGER,G3,S2 Komunikasi/Hubungan Masyarakat,1,S2,Rekrut 2020,Komunikasi dan Umum,3,0.86
1170,2020,HOLDING,UID Jawa Barat,,SENIOR OFFICER PERFORMANCE ASSISTANT TO MANAGER,SENIOR OFFICER,PERFORMANCE ASSISTANT TO MANAGER,G3,S2 Komunikasi/Hubungan Masyarakat,1,S2,Rekrut 2020,Komunikasi dan Umum,3,0.802
1171,2021,HOLDING,UIW Maluku&Malut,,OFFICER KINERJA DAN ADMINISTRASI LAYANAN PELANGGAN,OFFICER,KINERJA DAN ADMINISTRASI LAYANAN PELANGGAN,G2,S1 Manajemen Pemasaran/Digital Marketing Dan Analytics,6,S1,3T,Niaga dan Pemasaran,2,18.752
1172,2021,HOLDING,UID Jawa Timur,,OFFICER KINERJA DAN ADMINISTRASI LAYANAN PELANGGAN,OFFICER,KINERJA DAN ADMINISTRASI LAYANAN PELANGGAN,G2,S1 Manajemen Pemasaran/Digital Marketing Dan Analytics,6,S1,Rekrut 2021,Niaga dan Pemasaran,2,18.668
1173,2021,HOLDING,UIT JBT,,TECHNICIAN PENGENDALIAN OPERASI DAN PEMELIHARAAN TRANSMISI DAN GARDU INDUK,TECHNICIAN,PENGENDALIAN OPERASI DAN PEMELIHARAAN TRANSMISI DAN GARDU INDUK,G2,S1 Teknik Elektro/Teknik Listrik,5,S1,Rekrut 2021,Transmisi dan Gardu Induk,2,14.836
1174,2021,HOLDING,Kantor Pusat,,JUNIOR OFFICER SEKRETARIS DIREKSI,JUNIOR OFFICER,SEKRETARIS DIREKSI,G1,D3 Komunikasi/Hubungan Masyarakat,5,D3,Rekrut 2021,Komunikasi dan Umum,1,16.259
1175,2021,HOLDING,UIT JBTB,,TECHNICIAN PENGENDALIAN OPERASI DAN PEMELIHARAAN TRANSMISI DAN GARDU INDUK,TECHNICIAN,PENGENDALIAN OPERASI DAN PEMELIHARAAN TRANSMISI DAN GARDU INDUK,G2,S1 Teknik Elektro/Teknik Listrik,4,S1,Rekrut 2021,Transmisi dan Gardu Induk,2,11.375
1176,2021,HOLDING,PUSMANPRO,,TECHNICIAN MANAJEMEN KONSTRUKSI JARINGAN,TECHNICIAN,MANAJEMEN KONSTRUKSI JARINGAN,G2,S1 Teknik Elektro/Teknik Listrik,4,S1,Rekrut 2021,Distribusi,2,11.283
1177,2021,HOLDING,UID Jawa Barat,,OFFICER KINERJA DAN ADMINISTRASI LAYANAN PELANGGAN,OFFICER,KINERJA DAN ADMINISTRASI LAYANAN PELANGGAN,G2,S1 Manajemen Pemasaran/Digital Marketing Dan Analytics,4,S1,Rekrut 2021,Niaga dan Pemasaran,2,14.177
1178,2021,HOLDING,P3B Sumatera,,JUNIOR TECHNICIAN JARINGAN TRANSMISI DAN GARDU INDUK,JUNIOR TECHNICIAN,JARINGAN TRANSMISI DAN GARDU INDUK,G1,D3 Teknik Elektro/Teknik Listrik,4,D3,Rekrut 2021,Transmisi dan Gardu Induk,1,11.563
1179,2021,HOLDING,UID Jawa Barat,,JUNIOR TECHNICIAN TEKNIK LAYANAN PELANGGAN,JUNIOR TECHNICIAN,TEKNIK LAYANAN PELANGGAN,G1,D3 Teknik Elektro/Teknik Listrik,4,D3,Rekrut 2021,Distribusi,1,11.472
1180,2021,HOLDING,Kantor Pusat,,JUNIOR OFFICER PROTOKOLER DIREKSI,JUNIOR OFFICER,PROTOKOLER DIREKSI,G1,D3 Komunikasi/Hubungan Masyarakat,4,D3,Rekrut 2021,Komunikasi dan Umum,1,13.549
1181,2021,HOLDING,P3B Sumatera,,TECHNICIAN PENGENDALIAN OPERASI DAN PEMELIHARAAN TRANSMISI DAN GARDU INDUK,TECHNICIAN,PENGENDALIAN OPERASI DAN PEMELIHARAAN TRANSMISI DAN GARDU INDUK,G2,S1 Teknik Elektro/Teknik Listrik,3,S1,Rekrut 2021,Transmisi dan Gardu Induk,2,9.409
1182,2021,HOLDING,UID Jawa Barat,,OFFICER LOGISTIK LAYANAN PELANGGAN,OFFICER,LOGISTIK LAYANAN PELANGGAN,G2,S1 Logistik/Supply Chain Management,3,S1,Rekrut 2021,Manajemen Konstruksi dan Pengadaan,2,8.608
1183,2021,HOLDING,UID Bali,,TECHNICIAN PDKB,TECHNICIAN,PDKB,G2,S1 Teknik Elektro/Teknik Listrik,3,S1,Rekrut 2021,Distribusi,2,7.886
1184,2021,HOLDING,UID Jawa Tengah & DIY,,OFFICER KINERJA DAN ADMINISTRASI LAYANAN PELANGGAN,OFFICER,KINERJA DAN ADMINISTRASI LAYANAN PELANGGAN,G2,S1 Manajemen Pemasaran/Digital Marketing Dan Analytics,3,S1,Rekrut 2021,Niaga dan Pemasaran,2,7.74
1185,2021,HOLDING,UID Jawa Timur,,OFFICER KINERJA KEUANGAN DAN UMUM,OFFICER,KINERJA KEUANGAN DAN UMUM,G2,S1 Akuntansi/Administrasi Fiskal,3,S1,Rekrut 2021,Keuangan dan Akuntansi,2,7.556
1186,2021,HOLDING,UID Jawa Timur,,TECHNICIAN PDKB,TECHNICIAN,PDKB,G2,S1 Teknik Elektro/Teknik Listrik,3,S1,Rekrut 2021,Distribusi,2,10.223
1187,2021,HOLDING,UIW Maluku&Malut,,JUNIOR TECHNICIAN TEKNIK LAYANAN PELANGGAN,JUNIOR TECHNICIAN,TEKNIK LAYANAN PELANGGAN,G1,D3 Teknik Elektro/Teknik Listrik,3,D3,3T,Distribusi,1,9.62
1188,2021,HOLDING,UID Jawa Timur,,JUNIOR TECHNICIAN TEKNIK LAYANAN PELANGGAN,JUNIOR TECHNICIAN,TEKNIK LAYANAN PELANGGAN,G1,D3 Teknik Elektro/Teknik Listrik,3,D3,Rekrut 2021,Distribusi,1,9.541
1189,2021,HOLDING,UID Jawa Barat,,JUNIOR TECHNICIAN TRANSAKSI ENERGI LAYANAN PELANGGAN,JUNIOR TECHNICIAN,TRANSAKSI ENERGI LAYANAN PELANGGAN,G1,D3 Teknik Elektro/Teknik Listrik,3,D3,Rekrut 2021,Distribusi,1,9.177
1190,2021,HOLDING,UID Jawa Timur,,JUNIOR TECHNICIAN PDKB,JUNIOR TECHNICIAN,PDKB,G1,D3 Teknik Elektro/Teknik Listrik,3,D3,Rekrut 2021,Distribusi,1,8.711
1191,2021,HOLDING,UID Jawa Barat,,JUNIOR TECHNICIAN PDKB,JUNIOR TECHNICIAN,PDKB,G1,D3 Teknik Elektro/Teknik Listrik,3,D3,Rekrut 2021,Distribusi,1,8.46
1192,2021,HOLDING,Kantor Pusat,,JUNIOR OFFICER PELAYANAN HUMAN CAPITAL SURABAYA,JUNIOR OFFICER,PELAYANAN HUMAN CAPITAL SURABAYA,G1,D3 Psikologi/Kepegawaian,3,D3,Rekrut 2021,Sumber Daya Manusia,1,8.129
1193,2021,HOLDING,UID Jawa Barat,,TECHNICIAN PDKB,TECHNICIAN,PDKB,G2,S1 Teknik Elektro/Teknik Listrik,2,S1,Rekrut 2021,Distribusi,2,6.582
1194,2021,HOLDING,UID Jakarta Raya,,OFFICER KINERJA JARINGAN DISTRIBUSI,OFFICER,KINERJA JARINGAN DISTRIBUSI,G2,S1 Teknik Elektro/Teknik Listrik,2,S1,Rekrut 2021,Distribusi,2,6.374
1195,2021,HOLDING,UIT JBB,,OFFICER KINERJA,OFFICER,KINERJA,G2,S1 Teknik Industri/Teknik Material,2,S1,Rekrut 2021,Perencanaan dan Kinerja,2,6.282
1196,2021,HOLDING,UID S2JB,,OFFICER KINERJA DAN ADMINISTRASI LAYANAN PELANGGAN,OFFICER,KINERJA DAN ADMINISTRASI LAYANAN PELANGGAN,G2,S1 Manajemen Pemasaran/Digital Marketing Dan Analytics,2,S1,3T,Niaga dan Pemasaran,2,6.251
1197,2021,HOLDING,Kantor Pusat,,OFFICER VERIFIKASI,OFFICER,VERIFIKASI,G2,S1 Akuntansi/Administrasi Fiskal,2,S1,Rekrut 2021,Keuangan dan Akuntansi,2,6.218
1198,2021,HOLDING,UID Kaltimra,,OFFICER KINERJA DAN ADMINISTRASI LAYANAN PELANGGAN,OFFICER,KINERJA DAN ADMINISTRASI LAYANAN PELANGGAN,G2,S1 Manajemen Pemasaran/Digital Marketing Dan Analytics,2,S1,3T,Niaga dan Pemasaran,2,6.125
1199,2021,HOLDING,Kantor Pusat,,OFFICER HUKUM,OFFICER,HUKUM,G2,S1 Hukum/Public Policy,2,S1,Rekrut 2021,Hukum dan Kepatuhan,2,6.093
1200,2021,HOLDING,UID Jawa Barat,,OFFICER KINERJA KEUANGAN DAN UMUM,OFFICER,KINERJA KEUANGAN DAN UMUM,G2,S1 Akuntansi/Administrasi Fiskal,2,S1,Rekrut 2021,Keuangan dan Akuntansi,2,6.076
1201,2021,HOLDING,UID Sulselrabar,,OFFICER KINERJA DAN ADMINISTRASI LAYANAN PELANGGAN,OFFICER,KINERJA DAN ADMINISTRASI LAYANAN PELANGGAN,G2,S1 Manajemen Pemasaran/Digital Marketing Dan Analytics,2,S1,3T,Niaga dan Pemasaran,2,5.94
1202,2021,HOLDING,UID Suluttenggo,,OFFICER KINERJA DAN ADMINISTRASI LAYANAN PELANGGAN,OFFICER,KINERJA DAN ADMINISTRASI LAYANAN PELANGGAN,G2,S1 Manajemen Pemasaran/Digital Marketing Dan Analytics,2,S1,3T,Niaga dan Pemasaran,2,5.865
1203,2021,HOLDING,P3B Sumatera,,OFFICER KINERJA DAN PERENCANAAN,OFFICER,KINERJA DAN PERENCANAAN,G2,S1 Teknik Industri/Teknik Material,2,S1,Rekrut 2021,Perencanaan dan Kinerja,2,5.816
1204,2021,HOLDING,UID Jakarta Raya,,OFFICER KINERJA KONSTRUKSI DISTRIBUSI,OFFICER,KINERJA KONSTRUKSI DISTRIBUSI,G2,S1 Teknik Elektro/Teknik Listrik,2,S1,Rekrut 2021,Distribusi,2,5.463
1205,2021,HOLDING,UIW Papua&Papua Barat,,OFFICER KINERJA DAN ADMINISTRASI LAYANAN PELANGGAN,OFFICER,KINERJA DAN ADMINISTRASI LAYANAN PELANGGAN,G2,S1 Manajemen Pemasaran/Digital Marketing Dan Analytics,2,S1,3T,Niaga dan Pemasaran,2,5.344
1206,2021,HOLDING,UID Jawa Barat,,OFFICER KINERJA JARINGAN DISTRIBUSI,OFFICER,KINERJA JARINGAN DISTRIBUSI,G2,S1 Teknik Elektro/Teknik Listrik,2,S1,Rekrut 2021,Distribusi,2,5.063
1207,2021,HOLDING,UID Sumut,,OFFICER KINERJA DAN ADMINISTRASI LAYANAN PELANGGAN,OFFICER,KINERJA DAN ADMINISTRASI LAYANAN PELANGGAN,G2,S1 Manajemen Pemasaran/Digital Marketing Dan Analytics,2,S1,Rekrut 2021,Niaga dan Pemasaran,2,5.034
1208,2021,HOLDING,UIT JBT,,OFFICER KINERJA,OFFICER,KINERJA,G2,S1 Teknik Industri/Teknik Material,2,S1,Rekrut 2021,Perencanaan dan Kinerja,2,4.979
1209,2021,HOLDING,P3B Sumatera,,OFFICER KINERJA KEUANGAN DAN UMUM,OFFICER,KINERJA KEUANGAN DAN UMUM,G2,S1 Akuntansi/Administrasi Fiskal,2,S1,Rekrut 2021,Keuangan dan Akuntansi,2,4.79
1210,2021,HOLDING,UID Jakarta Raya,,OFFICER KINERJA KEUANGAN DAN UMUM,OFFICER,KINERJA KEUANGAN DAN UMUM,G2,S1 Akuntansi/Administrasi Fiskal,2,S1,Rekrut 2021,Keuangan dan Akuntansi,2,4.704
1211,2021,HOLDING,UID Sumbar,,OFFICER KINERJA DAN ADMINISTRASI LAYANAN PELANGGAN,OFFICER,KINERJA DAN ADMINISTRASI LAYANAN PELANGGAN,G2,S1 Manajemen Pemasaran/Digital Marketing Dan Analytics,2,S1,Rekrut 2021,Niaga dan Pemasaran,2,4.682
1212,2021,HOLDING,UID Jakarta Raya,,OFFICER PRIORITY ACCOUNT EXECUTIVE,OFFICER,PRIORITY ACCOUNT EXECUTIVE,G2,S1 Komunikasi/Hubungan Masyarakat,2,S1,Rekrut 2021,Komunikasi dan Umum,2,4.553
1213,2021,HOLDING,UID Jawa Timur,,OFFICER KINERJA,OFFICER,KINERJA,G2,S1 Teknik Industri/Teknik Material,2,S1,Rekrut 2021,Perencanaan dan Kinerja,2,4.445
1214,2021,HOLDING,UID Kalselteng,,TECHNICIAN TEKNISI PDKB,TECHNICIAN,TEKNISI PDKB,G2,S1 Teknik Elektro/Teknik Listrik,2,S1,3T,Distribusi,2,4.335
1215,2021,HOLDING,P3B Sumatera,,OFFICER KINERJA KONSTRUKSI DAN PENYALURAN,OFFICER,KINERJA KONSTRUKSI DAN PENYALURAN,G2,S1 Teknik Elektro/Teknik Listrik,2,S1,Rekrut 2021,Transmisi dan Gardu Induk,2,4.277
1216,2021,HOLDING,UID Jawa Tengah & DIY,,TECHNICIAN PDKB,TECHNICIAN,PDKB,G2,S1 Teknik Elektro/Teknik Listrik,2,S1,Rekrut 2021,Distribusi,2,4.267
1217,2021,HOLDING,Pusat Pengatur Beban,,OFFICER KINERJA FASILITAS OPERASI,OFFICER,KINERJA FASILITAS OPERASI,G2,S1 Komunikasi/Hubungan Masyarakat,2,S1,Rekrut 2021,Komunikasi dan Umum,2,4.253
1218,2021,HOLDING,UID Jawa Timur,,OFFICER KINERJA TRANSAKSI ENERGI LISTRIK,OFFICER,KINERJA TRANSAKSI ENERGI LISTRIK,G2,S1 Teknik Elektro/Teknik Listrik,2,S1,Rekrut 2021,Distribusi,2,4.223
1219,2021,HOLDING,UID Jawa Timur,,TECHNICIAN PENGELOLAAN KONSTRUKSI DISTRIBUSI,TECHNICIAN,PENGELOLAAN KONSTRUKSI DISTRIBUSI,G2,S1 Teknik Elektro/Teknik Listrik,2,S1,Rekrut 2021,Distribusi,2,4.223
1220,2021,HOLDING,UID Jawa Barat,,TECHNICIAN TEKNIK LAYANAN PELANGGAN,TECHNICIAN,TEKNIK LAYANAN PELANGGAN,G2,S1 Teknik Elektro/Teknik Listrik,2,S1,Rekrut 2021,Distribusi,2,4.219
1221,2021,HOLDING,UIT JBB,,TECHNICIAN PENGENDALIAN OPERASI DAN PEMELIHARAAN TRANSMISI DAN GARDU INDUK,TECHNICIAN,PENGENDALIAN OPERASI DAN PEMELIHARAAN TRANSMISI DAN GARDU INDUK,G2,S1 Teknik Elektro/Teknik Listrik,2,S1,Rekrut 2021,Transmisi dan Gardu Induk,2,7.249
1222,2021,HOLDING,UID Jawa Barat,,TECHNICIAN PENGELOLAAN KONSTRUKSI DISTRIBUSI,TECHNICIAN,PENGELOLAAN KONSTRUKSI DISTRIBUSI,G2,S1 Teknik Elektro/Teknik Listrik,2,S1,Rekrut 2021,Distribusi,2,6.92
1223,2021,HOLDING,UIT JBB,,JUNIOR TECHNICIAN JARINGAN TRANSMISI DAN GARDU INDUK,JUNIOR TECHNICIAN,JARINGAN TRANSMISI DAN GARDU INDUK,G1,D3 Teknik Elektro/Teknik Listrik,2,D3,Rekrut 2021,Transmisi dan Gardu Induk,1,6.64
1224,2021,HOLDING,UID Jakarta Raya,,JUNIOR TECHNICIAN OPERASI DISTRIBUSI,JUNIOR TECHNICIAN,OPERASI DISTRIBUSI,G1,D3 Teknik Elektro/Teknik Listrik,2,D3,Rekrut 2021,Distribusi,1,6.518
1225,2021,HOLDING,UIW Maluku&Malut,,JUNIOR TECHNICIAN TRANSAKSI ENERGI LAYANAN PELANGGAN,JUNIOR TECHNICIAN,TRANSAKSI ENERGI LAYANAN PELANGGAN,G1,D3 Teknik Elektro/Teknik Listrik,2,D3,3T,Distribusi,1,5.726
1226,2021,HOLDING,Kantor Pusat,,JUNIOR OFFICER PELAYANAN HUMAN CAPITAL AMBON,JUNIOR OFFICER,PELAYANAN HUMAN CAPITAL AMBON,G1,D3 Psikologi/Kepegawaian,2,D3,Rekrut 2021,Sumber Daya Manusia,1,5.42
1227,2021,HOLDING,UID S2JB,,JUNIOR TECHNICIAN PDKB,JUNIOR TECHNICIAN,PDKB,G1,D3 Teknik Elektro/Teknik Listrik,2,D3,3T,Distribusi,1,4.988
1228,2021,HOLDING,UIW Papua&Papua Barat,,JUNIOR TECHNICIAN TEKNIK LAYANAN PELANGGAN,JUNIOR TECHNICIAN,TEKNIK LAYANAN PELANGGAN,G1,D3 Teknik Elektro/Teknik Listrik,2,D3,3T,Distribusi,1,4.982
1229,2021,HOLDING,UID Suluttenggo,,JUNIOR TECHNICIAN TEKNIK LAYANAN PELANGGAN,JUNIOR TECHNICIAN,TEKNIK LAYANAN PELANGGAN,G1,D3 Teknik Elektro/Teknik Listrik,2,D3,3T,Distribusi,1,4.963
1230,2021,HOLDING,UIT JBTB,,JUNIOR TECHNICIAN JARINGAN TRANSMISI DAN GARDU INDUK,JUNIOR TECHNICIAN,JARINGAN TRANSMISI DAN GARDU INDUK,G1,D3 Teknik Elektro/Teknik Listrik,2,D3,Rekrut 2021,Transmisi dan Gardu Induk,1,4.842
1231,2021,HOLDING,UID Jawa Tengah & DIY,,JUNIOR TECHNICIAN TEKNIK LAYANAN PELANGGAN,JUNIOR TECHNICIAN,TEKNIK LAYANAN PELANGGAN,G1,D3 Teknik Elektro/Teknik Listrik,2,D3,Rekrut 2021,Distribusi,1,4.833
1232,2021,HOLDING,UID Kalselteng,,JUNIOR TECHNICIAN TEKNIK LAYANAN PELANGGAN,JUNIOR TECHNICIAN,TEKNIK LAYANAN PELANGGAN,G1,D3 Teknik Elektro/Teknik Listrik,2,D3,3T,Distribusi,1,4.777
1233,2021,HOLDING,UID Kalselteng,,JUNIOR TECHNICIAN TRANSAKSI ENERGI LAYANAN PELANGGAN,JUNIOR TECHNICIAN,TRANSAKSI ENERGI LAYANAN PELANGGAN,G1,D3 Teknik Elektro/Teknik Listrik,2,D3,3T,Distribusi,1,4.777
1234,2021,HOLDING,UID Jawa Timur,,JUNIOR TECHNICIAN TRANSAKSI ENERGI LAYANAN PELANGGAN,JUNIOR TECHNICIAN,TRANSAKSI ENERGI LAYANAN PELANGGAN,G1,D3 Teknik Elektro/Teknik Listrik,2,D3,Rekrut 2021,Distribusi,1,7.19
1235,2021,HOLDING,UIT JBT,,JUNIOR TECHNICIAN JARINGAN TRANSMISI DAN GARDU INDUK,JUNIOR TECHNICIAN,JARINGAN TRANSMISI DAN GARDU INDUK,G1,D3 Teknik Elektro/Teknik Listrik,2,D3,Rekrut 2021,Transmisi dan Gardu Induk,1,6.939
1236,2021,HOLDING,UID Jawa Barat,,JUNIOR OFFICER PELAYANAN PELANGGAN,JUNIOR OFFICER,PELAYANAN PELANGGAN,G1,D3 Manajemen Pemasaran/Digital Marketing Dan Analytics,2,D3,Rekrut 2021,Niaga dan Pemasaran,1,6.74
1237,2021,HOLDING,UID Jawa Timur,,OFFICER KINERJA JARINGAN DISTRIBUSI,OFFICER,KINERJA JARINGAN DISTRIBUSI,G2,S1 Teknik Elektro/Teknik Listrik,1,S1,Rekrut 2021,Distribusi,2,3.334
1238,2021,HOLDING,UID Jawa Timur,,OFFICER PRIORITY ACCOUNT EXECUTIVE,OFFICER,PRIORITY ACCOUNT EXECUTIVE,G2,S1 Komunikasi/Hubungan Masyarakat,1,S1,Rekrut 2021,Komunikasi dan Umum,2,3.334
1239,2021,HOLDING,UID Jawa Tengah & DIY,,OFFICER KINERJA KEUANGAN DAN UMUM,OFFICER,KINERJA KEUANGAN DAN UMUM,G2,S1 Akuntansi/Administrasi Fiskal,1,S1,Rekrut 2021,Keuangan dan Akuntansi,2,3.176
1240,2021,HOLDING,UIW Maluku&Malut,,OFFICER KINERJA JARINGAN DAN KONSTRUKSI DISTRIBUSI,OFFICER,KINERJA JARINGAN DAN KONSTRUKSI DISTRIBUSI,G2,S1 Teknik Elektro/Teknik Listrik,1,S1,3T,Distribusi,2,3.125
1241,2021,HOLDING,UIW Maluku&Malut,,TECHNICIAN OPERASI DISTRIBUSI,TECHNICIAN,OPERASI DISTRIBUSI,G2,S1 Teknik Elektro/Teknik Listrik,1,S1,3T,Distribusi,2,3.125
1242,2021,HOLDING,Kantor Pusat,,OFFICER PEMBAYARAN UNIT,OFFICER,PEMBAYARAN UNIT,G2,S1 Komunikasi/Hubungan Masyarakat,1,S1,Rekrut 2021,Komunikasi dan Umum,2,3.109
1243,2021,HOLDING,UID Kalselteng,,TECHNICIAN PDKB,TECHNICIAN,PDKB,G2,S1 Teknik Elektro/Teknik Listrik,1,S1,3T,Distribusi,2,3.06
1244,2021,HOLDING,UIP Maluku dan Papua,,OFFICER PENGENDALIAN KONSTRUKSI,OFFICER,PENGENDALIAN KONSTRUKSI,G2,S1 Logistik/Supply Chain Management,1,S1,3T,Manajemen Konstruksi dan Pengadaan,2,3.054
1245,2021,HOLDING,UID S2JB,,OFFICER KINERJA JARINGAN DAN KONSTRUKSI DISTRIBUSI,OFFICER,KINERJA JARINGAN DAN KONSTRUKSI DISTRIBUSI,G2,S1 Teknik Elektro/Teknik Listrik,1,S1,3T,Distribusi,2,3.021
1246,2021,HOLDING,UIW Papua&Papua Barat,,TECHNICIAN PDKB,TECHNICIAN,PDKB,G2,S1 Teknik Elektro/Teknik Listrik,1,S1,3T,Distribusi,2,2.993
1247,2021,HOLDING,UID S2JB,,OFFICER KINERJA KEUANGAN DAN UMUM,OFFICER,KINERJA KEUANGAN DAN UMUM,G2,S1 Akuntansi/Administrasi Fiskal,1,S1,3T,Keuangan dan Akuntansi,2,2.917
1248,2021,HOLDING,UID Banten,,TECHNICIAN PDKB,TECHNICIAN,PDKB,G2,S1 Teknik Elektro/Teknik Listrik,1,S1,Rekrut 2021,Distribusi,2,2.872
1249,2021,HOLDING,UID Kalbar,,OFFICER KINERJA DAN ADMINISTRASI LAYANAN PELANGGAN,OFFICER,KINERJA DAN ADMINISTRASI LAYANAN PELANGGAN,G2,S1 Manajemen Pemasaran/Digital Marketing Dan Analytics,1,S1,3T,Niaga dan Pemasaran,2,2.857
1250,2021,HOLDING,UIP JBTB,,OFFICER PENGENDALIAN PROYEK,OFFICER,PENGENDALIAN PROYEK,G2,S1 Logistik/Supply Chain Management,1,S1,Rekrut 2021,Manajemen Konstruksi dan Pengadaan,2,2.83
1251,2021,HOLDING,UID Lampung,,OFFICER KINERJA DAN ADMINISTRASI LAYANAN PELANGGAN,OFFICER,KINERJA DAN ADMINISTRASI LAYANAN PELANGGAN,G2,S1 Manajemen Pemasaran/Digital Marketing Dan Analytics,1,S1,Rekrut 2021,Niaga dan Pemasaran,2,2.808
1252,2021,HOLDING,UID Kalselteng,,OFFICER KINERJA DAN ADMINISTRASI LAYANAN PELANGGAN,OFFICER,KINERJA DAN ADMINISTRASI LAYANAN PELANGGAN,G2,S1 Manajemen Pemasaran/Digital Marketing Dan Analytics,1,S1,3T,Niaga dan Pemasaran,2,2.805
1253,2021,HOLDING,UIW Papua&Papua Barat,,TECHNICIAN KONSTRUKSI LISTRIK PERDESAAN,TECHNICIAN,KONSTRUKSI LISTRIK PERDESAAN,G2,S1 Teknik Elektro/Teknik Listrik,1,S1,3T,Distribusi,2,2.779
1254,2021,HOLDING,UID Sumut,,OFFICER LOGISTIK LAYANAN PELANGGAN,OFFICER,LOGISTIK LAYANAN PELANGGAN,G2,S1 Logistik/Supply Chain Management,1,S1,Rekrut 2021,Manajemen Konstruksi dan Pengadaan,2,2.76
1255,2021,HOLDING,PUSHARLIS,,TECHNICIAN PRODUKSI,TECHNICIAN,PRODUKSI,G2,S1 Teknik Elektro/Teknik Listrik,1,S1,Rekrut 2021,Distribusi,2,2.746
1256,2021,HOLDING,UID Bali,,OFFICER KINERJA DAN ADMINISTRASI LAYANAN PELANGGAN,OFFICER,KINERJA DAN ADMINISTRASI LAYANAN PELANGGAN,G2,S1 Manajemen Pemasaran/Digital Marketing Dan Analytics,1,S1,Rekrut 2021,Niaga dan Pemasaran,2,2.73
1257,2021,HOLDING,UID Jawa Barat,,TECHNICIAN TRANSAKSI ENERGI LAYANAN PELANGGAN,TECHNICIAN,TRANSAKSI ENERGI LAYANAN PELANGGAN,G2,S1 Teknik Elektro/Teknik Listrik,1,S1,Rekrut 2021,Distribusi,2,2.7
1258,2021,HOLDING,UID Jawa Tengah & DIY,,OFFICER LOGISTIK LAYANAN PELANGGAN,OFFICER,LOGISTIK LAYANAN PELANGGAN,G2,S1 Logistik/Supply Chain Management,1,S1,Rekrut 2021,Manajemen Konstruksi dan Pengadaan,2,2.679
1259,2021,HOLDING,UID Jawa Tengah & DIY,,TECHNICIAN PENGELOLAAN KONSTRUKSI DISTRIBUSI,TECHNICIAN,PENGELOLAAN KONSTRUKSI DISTRIBUSI,G2,S1 Teknik Elektro/Teknik Listrik,1,S1,Rekrut 2021,Distribusi,2,2.679
1260,2021,HOLDING,UID Banten,,OFFICER KINERJA JARINGAN DISTRIBUSI,OFFICER,KINERJA JARINGAN DISTRIBUSI,G2,S1 Teknik Elektro/Teknik Listrik,1,S1,Rekrut 2021,Distribusi,2,2.642
1261,2021,HOLDING,UIW Papua&Papua Barat,,TECHNICIAN OPERASI DISTRIBUSI,TECHNICIAN,OPERASI DISTRIBUSI,G2,S1 Teknik Elektro/Teknik Listrik,1,S1,3T,Distribusi,2,2.565
1262,2021,HOLDING,UIP Kalimantan Bag Timur,,OFFICER PERIZINAN DAN PERTANAHAN,OFFICER,PERIZINAN DAN PERTANAHAN,G2,S1 Logistik/Supply Chain Management,1,S1,3T,Manajemen Konstruksi dan Pengadaan,2,2.53
1263,2021,HOLDING,UIW Maluku&Malut,,OFFICER ADMINISTRASI DAN UMUM,OFFICER,ADMINISTRASI DAN UMUM,G2,S1 Komunikasi/Hubungan Masyarakat,1,S1,3T,Komunikasi dan Umum,2,2.5
1264,2021,HOLDING,UIW Maluku&Malut,,OFFICER KINERJA,OFFICER,KINERJA,G2,S1 Teknik Industri/Teknik Material,1,S1,3T,Perencanaan dan Kinerja,2,2.5
1265,2021,HOLDING,UIW Maluku&Malut,,OFFICER PERENCANAAN SISTEM KELISTRIKAN,OFFICER,PERENCANAAN SISTEM KELISTRIKAN,G2,S1 Teknik Kimia/Teknik Lingkungan,1,S1,3T,Perencanaan Sistem,2,2.5
1266,2021,HOLDING,UIW Maluku&Malut,,TECHNICIAN PENGENDALIAN OPERASI SISTEM,TECHNICIAN,PENGENDALIAN OPERASI SISTEM,G2,S1 Teknik Kimia/Teknik Lingkungan,1,S1,3T,Perencanaan Sistem,2,2.5
1267,2021,HOLDING,UID Riau & Kepri,,OFFICER KINERJA DAN ADMINISTRASI LAYANAN PELANGGAN,OFFICER,KINERJA DAN ADMINISTRASI LAYANAN PELANGGAN,G2,S1 Manajemen Pemasaran/Digital Marketing Dan Analytics,1,S1,Rekrut 2021,Niaga dan Pemasaran,2,2.458
1268,2021,HOLDING,UID Jawa Timur,,TECHNICIAN PENGELOLAAN KONSTRUKSI,TECHNICIAN,PENGELOLAAN KONSTRUKSI,G2,S1 Logistik/Supply Chain Management,1,S1,Rekrut 2021,Manajemen Konstruksi dan Pengadaan,2,2.445
1269,2021,HOLDING,UIP Maluku dan Papua,,TECHNICIAN PENGENDALIAN KONSTRUKSI,TECHNICIAN,PENGENDALIAN KONSTRUKSI,G2,S1 Logistik/Supply Chain Management,1,S1,3T,Manajemen Konstruksi dan Pengadaan,2,2.443
1270,2021,HOLDING,UID Sumut,,OFFICER KINERJA KEUANGAN DAN UMUM,OFFICER,KINERJA KEUANGAN DAN UMUM,G2,S1 Akuntansi/Administrasi Fiskal,1,S1,Rekrut 2021,Keuangan dan Akuntansi,2,2.436
1271,2021,HOLDING,UIT JBTB,,OFFICER KINERJA KEUANGAN DAN UMUM,OFFICER,KINERJA KEUANGAN DAN UMUM,G2,S1 Akuntansi/Administrasi Fiskal,1,S1,Rekrut 2021,Keuangan dan Akuntansi,2,2.403
1272,2021,HOLDING,P3B Sumatera,,OFFICER KEUANGAN DAN AKUNTANSI,OFFICER,KEUANGAN DAN AKUNTANSI,G2,S1 Akuntansi/Administrasi Fiskal,1,S1,Rekrut 2021,Keuangan dan Akuntansi,2,2.395
1273,2021,HOLDING,UID Sulselrabar,,OFFICER KINERJA KEUANGAN DAN UMUM,OFFICER,KINERJA KEUANGAN DAN UMUM,G2,S1 Akuntansi/Administrasi Fiskal,1,S1,3T,Keuangan dan Akuntansi,2,2.393
1274,2021,HOLDING,UIW NusaTenggaraTimur,,TECHNICIAN PENGENDALIAN OPERASI DAN PEMELIHARAAN PUSAT LISTRIK,TECHNICIAN,PENGENDALIAN OPERASI DAN PEMELIHARAAN PUSAT LISTRIK,G2,S1 Teknik Mesin/Konversi Energi,1,S1,3T,Pembangkitan,2,2.358
1275,2021,HOLDING,PUSERTIF,,TECHNICIAN PENGELOLAAN PENGUJIAN SISTEM PEMBANGKIT,TECHNICIAN,PENGELOLAAN PENGUJIAN SISTEM PEMBANGKIT,G2,S1 Teknik Mesin/Konversi Energi,1,S1,Rekrut 2021,Pembangkitan,2,2.344
1276,2021,HOLDING,UID Kaltimra,,OFFICER KINERJA KEUANGAN DAN UMUM,OFFICER,KINERJA KEUANGAN DAN UMUM,G2,S1 Akuntansi/Administrasi Fiskal,1,S1,3T,Keuangan dan Akuntansi,2,2.323
1277,2021,HOLDING,UID Sumbar,,OFFICER LOGISTIK LAYANAN PELANGGAN,OFFICER,LOGISTIK LAYANAN PELANGGAN,G2,S1 Logistik/Supply Chain Management,1,S1,Rekrut 2021,Manajemen Konstruksi dan Pengadaan,2,2.3
1278,2021,HOLDING,UID Banten,,OFFICER KINERJA DAN ADMINISTRASI LAYANAN PELANGGAN,OFFICER,KINERJA DAN ADMINISTRASI LAYANAN PELANGGAN,G2,S1 Manajemen Pemasaran/Digital Marketing Dan Analytics,1,S1,Rekrut 2021,Niaga dan Pemasaran,2,2.297
1279,2021,HOLDING,UID Kalselteng,,OFFICER KINERJA JARINGAN DAN KONSTRUKSI DISTRIBUSI,OFFICER,KINERJA JARINGAN DAN KONSTRUKSI DISTRIBUSI,G2,S1 Teknik Elektro/Teknik Listrik,1,S1,3T,Distribusi,2,2.295
1280,2021,HOLDING,UID Jawa Tengah & DIY,,OFFICER KINERJA TRANSAKSI ENERGI LISTRIK,OFFICER,KINERJA TRANSAKSI ENERGI LISTRIK,G2,S1 Teknik Elektro/Teknik Listrik,1,S1,Rekrut 2021,Distribusi,2,2.282
1281,2021,HOLDING,UIP Kalimantan Bag Timur,,TECHNICIAN PENGENDALIAN KONSTRUKSI,TECHNICIAN,PENGENDALIAN KONSTRUKSI,G2,S1 Logistik/Supply Chain Management,1,S1,3T,Manajemen Konstruksi dan Pengadaan,2,2.277
1282,2021,HOLDING,UID Jakarta Raya,,TECHNICIAN OPERASI DISTRIBUSI,TECHNICIAN,OPERASI DISTRIBUSI,G2,S1 Teknik Elektro/Teknik Listrik,1,S1,Rekrut 2021,Distribusi,2,2.276
1283,2021,HOLDING,UID Bali,,OFFICER LOGISTIK LAYANAN PELANGGAN,OFFICER,LOGISTIK LAYANAN PELANGGAN,G2,S1 Logistik/Supply Chain Management,1,S1,Rekrut 2021,Manajemen Konstruksi dan Pengadaan,2,2.275
1284,2021,HOLDING,UIP JBTB,,"OFFICER KEUANGAN, PERIZINAN, PERTANAHAN DAN UMUM",OFFICER,"KEUANGAN, PERIZINAN, PERTANAHAN DAN UMUM",G2,S1 Logistik/Supply Chain Management,1,S1,Rekrut 2021,Manajemen Konstruksi dan Pengadaan,2,2.264
1285,2021,HOLDING,UIT JBTB,,OFFICER KINERJA KONSTRUKSI,OFFICER,KINERJA KONSTRUKSI,G2,S1 Logistik/Supply Chain Management,1,S1,Rekrut 2021,Manajemen Konstruksi dan Pengadaan,2,2.243
1286,2021,HOLDING,UIT JBT,,OFFICER KINERJA KEUANGAN DAN UMUM,OFFICER,KINERJA KEUANGAN DAN UMUM,G2,S1 Akuntansi/Administrasi Fiskal,1,S1,Rekrut 2021,Keuangan dan Akuntansi,2,2.236
1287,2021,HOLDING,UID Suluttenggo,,OFFICER KINERJA KEUANGAN DAN UMUM,OFFICER,KINERJA KEUANGAN DAN UMUM,G2,S1 Akuntansi/Administrasi Fiskal,1,S1,3T,Keuangan dan Akuntansi,2,2.219
1288,2021,HOLDING,UIP3B Kalimantan,,OFFICER KINERJA KEUANGAN DAN UMUM,OFFICER,KINERJA KEUANGAN DAN UMUM,G2,S1 Akuntansi/Administrasi Fiskal,1,S1,3T,Keuangan dan Akuntansi,2,2.212
1289,2021,HOLDING,UID Jawa Barat,,TECHNICIAN TEKNISI PDKB,TECHNICIAN,TEKNISI PDKB,G2,S1 Teknik Elektro/Teknik Listrik,1,S1,Rekrut 2021,Distribusi,2,2.194
1290,2021,HOLDING,UID Banten,,OFFICER PRIORITY ACCOUNT EXECUTIVE,OFFICER,PRIORITY ACCOUNT EXECUTIVE,G2,S1 Komunikasi/Hubungan Masyarakat,1,S1,Rekrut 2021,Komunikasi dan Umum,2,2.182
1291,2021,HOLDING,UID Kalbar,,OFFICER KINERJA JARINGAN DAN KONSTRUKSI DISTRIBUSI,OFFICER,KINERJA JARINGAN DAN KONSTRUKSI DISTRIBUSI,G2,S1 Teknik Elektro/Teknik Listrik,1,S1,3T,Distribusi,2,2.142
1292,2021,HOLDING,UIP JBB,,TECHNICIAN PENGENDALIAN KONSTRUKSI,TECHNICIAN,PENGENDALIAN KONSTRUKSI,G2,S1 Logistik/Supply Chain Management,1,S1,Rekrut 2021,Manajemen Konstruksi dan Pengadaan,2,2.135
1293,2021,HOLDING,UID S2JB,,OFFICER KINERJA,OFFICER,KINERJA,G2,S1 Teknik Industri/Teknik Material,1,S1,3T,Perencanaan dan Kinerja,2,2.084
1294,2021,HOLDING,UID Suluttenggo,,TECHNICIAN PDKB,TECHNICIAN,PDKB,G2,S1 Teknik Elektro/Teknik Listrik,1,S1,3T,Distribusi,2,2.061
1295,2021,HOLDING,P3B Sumatera,,OFFICER ENJINIRING,OFFICER,ENJINIRING,G2,S1 Teknik Kimia/Teknik Lingkungan,1,S1,Rekrut 2021,Perencanaan Sistem,2,2.053
1296,2021,HOLDING,PUSERTIF,,TECHNICIAN KOMISIONING SISTEM PEMBANGKIT,TECHNICIAN,KOMISIONING SISTEM PEMBANGKIT,G2,S1 Teknik Mesin/Konversi Energi,1,S1,Rekrut 2021,Pembangkitan,2,2.051
1297,2021,HOLDING,UIP3B Sulawesi,,TECHNICIAN PENGENDALIAN OPERASI DAN PEMELIHARAAN,TECHNICIAN,PENGENDALIAN OPERASI DAN PEMELIHARAAN,G2,S1 Teknik Elektro/Teknik Listrik,1,S1,3T,Distribusi,2,2.046
1298,2021,HOLDING,UID Kalselteng,,OFFICER KINERJA KEUANGAN DAN UMUM,OFFICER,KINERJA KEUANGAN DAN UMUM,G2,S1 Akuntansi/Administrasi Fiskal,1,S1,3T,Keuangan dan Akuntansi,2,2.04
1299,2021,HOLDING,UID Jawa Barat,,OFFICER ADMINISTRASI DAN UMUM,OFFICER,ADMINISTRASI DAN UMUM,G2,S1 Komunikasi/Hubungan Masyarakat,1,S1,Rekrut 2021,Komunikasi dan Umum,2,2.025
1300,2021,HOLDING,UID Jawa Timur,,TECHNICIAN PENGATURAN OPERASI,TECHNICIAN,PENGATURAN OPERASI,G2,S1 Teknik Kimia/Teknik Lingkungan,1,S1,Rekrut 2021,Perencanaan Sistem,2,2.0
1301,2021,HOLDING,UIP3B Kalimantan,,TECHNICIAN PDKB GI/GITET,TECHNICIAN,PDKB GI/GITET,G2,S1 Teknik Elektro/Teknik Listrik,1,S1,3T,Transmisi dan Gardu Induk,2,1.966
1302,2021,HOLDING,UIT JBB,,OFFICER ENJINIRING,OFFICER,ENJINIRING,G2,S1 Teknik Kimia/Teknik Lingkungan,1,S1,Rekrut 2021,Perencanaan Sistem,2,1.933
1303,2021,HOLDING,UIT JBT,,OFFICER KINERJA KONSTRUKSI,OFFICER,KINERJA KONSTRUKSI,G2,S1 Logistik/Supply Chain Management,1,S1,Rekrut 2021,Manajemen Konstruksi dan Pengadaan,2,1.931
1304,2021,HOLDING,UIW Papua&Papua Barat,,OFFICER KINERJA JARINGAN DAN KONSTRUKSI,OFFICER,KINERJA JARINGAN DAN KONSTRUKSI,G2,S1 Teknik Elektro/Teknik Listrik,1,S1,3T,Distribusi,2,1.924
1305,2021,HOLDING,UIW Papua&Papua Barat,,OFFICER KINERJA TRANSAKSI ENERGI LISTRIK,OFFICER,KINERJA TRANSAKSI ENERGI LISTRIK,G2,S1 Teknik Elektro/Teknik Listrik,1,S1,3T,Distribusi,2,1.924
1306,2021,HOLDING,UID Suluttenggo,,TECHNICIAN PENGELOLAAN KONSTRUKSI DISTRIBUSI,TECHNICIAN,PENGELOLAAN KONSTRUKSI DISTRIBUSI,G2,S1 Teknik Elektro/Teknik Listrik,1,S1,3T,Distribusi,2,1.902
1307,2021,HOLDING,UID Kaltimra,,OFFICER KINERJA,OFFICER,KINERJA,G2,S1 Teknik Industri/Teknik Material,1,S1,3T,Perencanaan dan Kinerja,2,1.901
1308,2021,HOLDING,P3B Sumatera,,OFFICER KINERJA OPERASI SISTEM,OFFICER,KINERJA OPERASI SISTEM,G2,S1 Teknik Kimia/Teknik Lingkungan,1,S1,Rekrut 2021,Perencanaan Sistem,2,1.882
1309,2021,HOLDING,UIW Maluku&Malut,,OFFICER PERENCANAAN DAN EVALUASI SISTEM DISTRIBUSI,OFFICER,PERENCANAAN DAN EVALUASI SISTEM DISTRIBUSI,G2,S1 Teknik Kimia/Teknik Lingkungan,1,S1,3T,Perencanaan Sistem,2,1.875
1310,2021,HOLDING,UIW Maluku&Malut,,OFFICER PERENCANAAN PENGUSAHAAN DAN KINERJA,OFFICER,PERENCANAAN PENGUSAHAAN DAN KINERJA,G2,S1 Teknik Industri/Teknik Material,1,S1,3T,Perencanaan dan Kinerja,2,1.875
1311,2021,HOLDING,UIW Maluku&Malut,,OFFICER STRATEGI PEMASARAN,OFFICER,STRATEGI PEMASARAN,G2,S1 Manajemen Pemasaran/Digital Marketing Dan Analytics,1,S1,3T,Niaga dan Pemasaran,2,1.875
1312,2021,HOLDING,UIW Maluku&Malut,,TECHNICIAN PENGENDALIAN OPERASI DAN PEMELIHARAAN PUSAT LISTRIK,TECHNICIAN,PENGENDALIAN OPERASI DAN PEMELIHARAAN PUSAT LISTRIK,G2,S1 Teknik Mesin/Konversi Energi,1,S1,3T,Pembangkitan,2,1.875
1313,2021,HOLDING,UIW Maluku&Malut,,TECHNICIAN PENGENDALIAN OPERASI DAN PEMELIHARAAN TRANSMISI DAN GARDU INDUK,TECHNICIAN,PENGENDALIAN OPERASI DAN PEMELIHARAAN TRANSMISI DAN GARDU INDUK,G2,S1 Teknik Elektro/Teknik Listrik,1,S1,3T,Transmisi dan Gardu Induk,2,1.875
1314,2021,HOLDING,UIW Maluku&Malut,,TECHNICIAN PENGENDALIAN SUSUT,TECHNICIAN,PENGENDALIAN SUSUT,G2,S1 Teknik Elektro/Teknik Listrik,1,S1,3T,Distribusi,2,1.875
1315,2021,HOLDING,Kantor Pusat,,OFFICER ANGGARAN,OFFICER,ANGGARAN,G2,S1 Akuntansi/Administrasi Fiskal,1,S1,Rekrut 2021,Keuangan dan Akuntansi,2,1.865
1316,2021,HOLDING,UID Riau & Kepri,,OFFICER KINERJA JARINGAN DAN KONSTRUKSI DISTRIBUSI,OFFICER,KINERJA JARINGAN DAN KONSTRUKSI DISTRIBUSI,G2,S1 Teknik Elektro/Teknik Listrik,1,S1,Rekrut 2021,Distribusi,2,1.843
1317,2021,HOLDING,UIP Sumatera Bag Tengah,,TECHNICIAN PENGENDALIAN KONSTRUKSI,TECHNICIAN,PENGENDALIAN KONSTRUKSI,G2,S1 Logistik/Supply Chain Management,1,S1,Rekrut 2021,Manajemen Konstruksi dan Pengadaan,2,1.842
1318,2021,HOLDING,UID Banten,,OFFICER KINERJA,OFFICER,KINERJA,G2,S1 Teknik Industri/Teknik Material,1,S1,Rekrut 2021,Perencanaan dan Kinerja,2,1.838
1319,2021,HOLDING,UID Banten,,OFFICER KINERJA TRANSAKSI ENERGI LISTRIK,OFFICER,KINERJA TRANSAKSI ENERGI LISTRIK,G2,S1 Teknik Elektro/Teknik Listrik,1,S1,Rekrut 2021,Distribusi,2,1.838
1320,2021,HOLDING,UID Sulselrabar,,TECHNICIAN PENGELOLAAN KONSTRUKSI DISTRIBUSI,TECHNICIAN,PENGELOLAAN KONSTRUKSI DISTRIBUSI,G2,S1 Teknik Elektro/Teknik Listrik,1,S1,3T,Distribusi,2,1.815
1321,2021,HOLDING,UID Jawa Tengah & DIY,,OFFICER KINERJA JARINGAN DISTRIBUSI,OFFICER,KINERJA JARINGAN DISTRIBUSI,G2,S1 Teknik Elektro/Teknik Listrik,1,S1,Rekrut 2021,Distribusi,2,1.786
1322,2021,HOLDING,UID Sumut,,OFFICER KINERJA JARINGAN DAN KONSTRUKSI DISTRIBUSI,OFFICER,KINERJA JARINGAN DAN KONSTRUKSI DISTRIBUSI,G2,S1 Teknik Elektro/Teknik Listrik,1,S1,Rekrut 2021,Distribusi,2,1.786
1323,2021,HOLDING,UID Kalbar,,TECHNICIAN PDKB,TECHNICIAN,PDKB,G2,S1 Teknik Elektro/Teknik Listrik,1,S1,3T,Distribusi,2,1.785
1324,2021,HOLDING,UID Kalselteng,,TECHNICIAN OPERASI DISTRIBUSI,TECHNICIAN,OPERASI DISTRIBUSI,G2,S1 Teknik Elektro/Teknik Listrik,1,S1,3T,Distribusi,2,1.785
1325,2021,HOLDING,UIP Kalimantan Bag Timur,,OFFICER PENGENDALIAN PROYEK,OFFICER,PENGENDALIAN PROYEK,G2,S1 Logistik/Supply Chain Management,1,S1,3T,Manajemen Konstruksi dan Pengadaan,2,1.771
1326,2021,HOLDING,UIP JBT,,"OFFICER KEUANGAN, PERIZINAN, PERTANAHAN DAN UMUM",OFFICER,"KEUANGAN, PERIZINAN, PERTANAHAN DAN UMUM",G2,S1 Logistik/Supply Chain Management,1,S1,Rekrut 2021,Manajemen Konstruksi dan Pengadaan,2,1.747
1327,2021,HOLDING,UID Suluttenggo,,TECHNICIAN OPERASI DISTRIBUSI,TECHNICIAN,OPERASI DISTRIBUSI,G2,S1 Teknik Elektro/Teknik Listrik,1,S1,3T,Distribusi,2,1.744
1328,2021,HOLDING,PUSDIKLAT,,OFFICER KINERJA PELAKSANAAN PEMBELAJARAN,OFFICER,KINERJA PELAKSANAAN PEMBELAJARAN,G2,S1 Psikologi/Kepegawaian,1,S1,Rekrut 2021,Sumber Daya Manusia,2,1.712
1329,2021,HOLDING,P3B Sumatera,,OFFICER KINERJA FASILITAS OPERASI,OFFICER,KINERJA FASILITAS OPERASI,G2,S1 Komunikasi/Hubungan Masyarakat,1,S1,Rekrut 2021,Komunikasi dan Umum,2,1.711
1330,2021,HOLDING,UIW Papua&Papua Barat,,OFFICER KINERJA KEUANGAN DAN UMUM,OFFICER,KINERJA KEUANGAN DAN UMUM,G2,S1 Akuntansi/Administrasi Fiskal,1,S1,3T,Keuangan dan Akuntansi,2,1.71
1331,2021,HOLDING,UID Jawa Barat,,OFFICER PELAYANAN PELANGGAN,OFFICER,PELAYANAN PELANGGAN,G2,S1 Manajemen Pemasaran/Digital Marketing Dan Analytics,1,S1,Rekrut 2021,Niaga dan Pemasaran,2,1.688
1332,2021,HOLDING,UID Jawa Barat,,TECHNICIAN OPERASI DISTRIBUSI,TECHNICIAN,OPERASI DISTRIBUSI,G2,S1 Teknik Elektro/Teknik Listrik,1,S1,Rekrut 2021,Distribusi,2,1.688
1333,2021,HOLDING,UID Jawa Tengah & DIY,,OFFICER KINERJA,OFFICER,KINERJA,G2,S1 Teknik Industri/Teknik Material,1,S1,Rekrut 2021,Perencanaan dan Kinerja,2,1.687
1334,2021,HOLDING,UIP JBT,,TECHNICIAN PROJECT SITE,TECHNICIAN,PROJECT SITE,G2,S1 Teknik Elektro/Teknik Listrik,1,S1,Rekrut 2021,Distribusi,2,1.622
1335,2021,HOLDING,UID Aceh,,OFFICER LOGISTIK LAYANAN PELANGGAN,OFFICER,LOGISTIK LAYANAN PELANGGAN,G2,S1 Logistik/Supply Chain Management,1,S1,3T,Manajemen Konstruksi dan Pengadaan,2,1.619
1336,2021,HOLDING,UID Kalbar,,OFFICER KINERJA TRANSAKSI ENERGI LISTRIK,OFFICER,KINERJA TRANSAKSI ENERGI LISTRIK,G2,S1 Teknik Elektro/Teknik Listrik,1,S1,3T,Distribusi,2,1.607
1337,2021,HOLDING,UIT JBTB,,OFFICER ENJINIRING,OFFICER,ENJINIRING,G2,S1 Teknik Kimia/Teknik Lingkungan,1,S1,Rekrut 2021,Perencanaan Sistem,2,1.602
1338,2021,HOLDING,UIT JBTB,,OFFICER PELAKSANA PENGADAAN,OFFICER,PELAKSANA PENGADAAN,G2,S1 Logistik/Supply Chain Management,1,S1,Rekrut 2021,Manajemen Konstruksi dan Pengadaan,2,1.602
1339,2021,HOLDING,UID Suluttenggo,,TECHNICIAN PEMELIHARAAN DISTRIBUSI,TECHNICIAN,PEMELIHARAAN DISTRIBUSI,G2,S1 Teknik Elektro/Teknik Listrik,1,S1,3T,Distribusi,2,1.585
1340,2021,HOLDING,UID Sulselrabar,,OFFICER KINERJA,OFFICER,KINERJA,G2,S1 Teknik Industri/Teknik Material,1,S1,3T,Perencanaan dan Kinerja,2,1.568
1341,2021,HOLDING,UID S2JB,,OFFICER KINERJA TRANSAKSI ENERGI LISTRIK,OFFICER,KINERJA TRANSAKSI ENERGI LISTRIK,G2,S1 Teknik Elektro/Teknik Listrik,1,S1,3T,Distribusi,2,1.563
1342,2021,HOLDING,UIP Kalimantan Bag Barat,,TECHNICIAN PENGENDALIAN KONSTRUKSI,TECHNICIAN,PENGENDALIAN KONSTRUKSI,G2,S1 Logistik/Supply Chain Management,1,S1,3T,Manajemen Konstruksi dan Pengadaan,2,1.558
1343,2021,HOLDING,UID Jawa Timur,,OFFICER LOGISTIK LAYANAN PELANGGAN,OFFICER,LOGISTIK LAYANAN PELANGGAN,G2,S1 Logistik/Supply Chain Management,1,S1,Rekrut 2021,Manajemen Konstruksi dan Pengadaan,2,1.556
1344,2021,HOLDING,UID Jawa Timur,,OFFICER PELAKSANA PENGADAAN,OFFICER,PELAKSANA PENGADAAN,G2,S1 Logistik/Supply Chain Management,1,S1,Rekrut 2021,Manajemen Konstruksi dan Pengadaan,2,1.556
1345,2021,HOLDING,PUSHARLIS,,TECHNICIAN PRODUKSI MEKANIKAL,TECHNICIAN,PRODUKSI MEKANIKAL,G2,S1 Teknik Elektro/Teknik Listrik,1,S1,Rekrut 2021,Distribusi,2,1.545
1346,2021,HOLDING,P3B Sumatera,,TECHNICIAN PEMELIHARAAN GARDU INDUK,TECHNICIAN,PEMELIHARAAN GARDU INDUK,G2,S1 Teknik Elektro/Teknik Listrik,1,S1,Rekrut 2021,Transmisi dan Gardu Induk,2,1.54
1347,2021,HOLDING,UIP Sumatera Bag Utara,,OFFICER PENGENDALIAN PROYEK,OFFICER,PENGENDALIAN PROYEK,G2,S1 Logistik/Supply Chain Management,1,S1,Rekrut 2021,Manajemen Konstruksi dan Pengadaan,2,1.536
1348,2021,HOLDING,UID Kalselteng,,OFFICER PRIORITY ACCOUNT EXECUTIVE,OFFICER,PRIORITY ACCOUNT EXECUTIVE,G2,S1 Komunikasi/Hubungan Masyarakat,1,S1,3T,Komunikasi dan Umum,2,1.53
1349,2021,HOLDING,UID Aceh,,OFFICER KINERJA DAN ADMINISTRASI LAYANAN PELANGGAN,OFFICER,KINERJA DAN ADMINISTRASI LAYANAN PELANGGAN,G2,S1 Manajemen Pemasaran/Digital Marketing Dan Analytics,1,S1,3T,Niaga dan Pemasaran,2,1.529
1350,2021,HOLDING,UID Aceh,,TECHNICIAN PDKB,TECHNICIAN,PDKB,G2,S1 Teknik Elektro/Teknik Listrik,1,S1,3T,Distribusi,2,1.529
1351,2021,HOLDING,UID Jawa Barat,,OFFICER KINERJA NIAGA DAN PEMASARAN,OFFICER,KINERJA NIAGA DAN PEMASARAN,G2,S1 Manajemen Pemasaran/Digital Marketing Dan Analytics,1,S1,Rekrut 2021,Niaga dan Pemasaran,2,1.519
1352,2021,HOLDING,UID Jawa Barat,,TECHNICIAN PENGATURAN OPERASI,TECHNICIAN,PENGATURAN OPERASI,G2,S1 Teknik Kimia/Teknik Lingkungan,1,S1,Rekrut 2021,Perencanaan Sistem,2,1.519
1353,2021,HOLDING,UID Jakarta Raya,,TECHNICIAN PEMELIHARAAN DISTRIBUSI,TECHNICIAN,PEMELIHARAAN DISTRIBUSI,G2,S1 Teknik Elektro/Teknik Listrik,1,S1,Rekrut 2021,Distribusi,2,1.518
1354,2021,HOLDING,UIW Papua&Papua Barat,,OFFICER NIAGA DAN PELAYANAN PELANGGAN,OFFICER,NIAGA DAN PELAYANAN PELANGGAN,G2,S1 Manajemen Pemasaran/Digital Marketing Dan Analytics,1,S1,3T,Niaga dan Pemasaran,2,1.496
1355,2021,HOLDING,UIW Papua&Papua Barat,,OFFICER PERENCANAAN DAN EVALUASI SISTEM DISTRIBUSI,OFFICER,PERENCANAAN DAN EVALUASI SISTEM DISTRIBUSI,G2,S1 Teknik Kimia/Teknik Lingkungan,1,S1,3T,Perencanaan Sistem,2,1.496
1356,2021,HOLDING,UIW Papua&Papua Barat,,TECHNICIAN PEMELIHARAAN DISTRIBUSI,TECHNICIAN,PEMELIHARAAN DISTRIBUSI,G2,S1 Teknik Elektro/Teknik Listrik,1,S1,3T,Distribusi,2,1.496
1357,2021,HOLDING,UID Sumut,,OFFICER KINERJA TRANSAKSI ENERGI LISTRIK,OFFICER,KINERJA TRANSAKSI ENERGI LISTRIK,G2,S1 Teknik Elektro/Teknik Listrik,1,S1,Rekrut 2021,Distribusi,2,1.461
1358,2021,HOLDING,UIT JBB,,OFFICER PELAKSANA PENGADAAN,OFFICER,PELAKSANA PENGADAAN,G2,S1 Logistik/Supply Chain Management,1,S1,Rekrut 2021,Manajemen Konstruksi dan Pengadaan,2,1.45
1359,2021,HOLDING,UIT JBB,,TECHNICIAN JARINGAN TRANSMISI DAN GARDU INDUK,TECHNICIAN,JARINGAN TRANSMISI DAN GARDU INDUK,G2,S1 Teknik Elektro/Teknik Listrik,1,S1,Rekrut 2021,Transmisi dan Gardu Induk,2,1.45
1360,2021,HOLDING,UIT JBTB,,"OFFICER ASESMEN, DIAGNOSA DAN PENGELOLAAN DATA",OFFICER,"ASESMEN, DIAGNOSA DAN PENGELOLAAN DATA",G2,S1 Psikologi/Kepegawaian,1,S1,Rekrut 2021,Sumber Daya Manusia,2,1.442
1361,2021,HOLDING,UIT JBTB,,TECHNICIAN JARINGAN TRANSMISI DAN GARDU INDUK,TECHNICIAN,JARINGAN TRANSMISI DAN GARDU INDUK,G2,S1 Teknik Elektro/Teknik Listrik,1,S1,Rekrut 2021,Transmisi dan Gardu Induk,2,1.442
1362,2021,HOLDING,UIT JBTB,,"TECHNICIAN PEMELIHARAAN PROTEKSI, METER, DAN OTOMASI TRANSMISI DAN GARDUINDUK",TECHNICIAN,"PEMELIHARAAN PROTEKSI, METER, DAN OTOMASI TRANSMISI DAN GARDUINDUK",G2,S1 Teknik Elektro/Teknik Listrik,1,S1,Rekrut 2021,Transmisi dan Gardu Induk,2,1.442
1363,2021,HOLDING,UID Aceh,,OFFICER KINERJA JARINGAN DAN KONSTRUKSI DISTRIBUSI,OFFICER,KINERJA JARINGAN DAN KONSTRUKSI DISTRIBUSI,G2,S1 Teknik Elektro/Teknik Listrik,1,S1,3T,Distribusi,2,1.439
1364,2021,HOLDING,UID Aceh,,OFFICER KINERJA KEUANGAN DAN UMUM,OFFICER,KINERJA KEUANGAN DAN UMUM,G2,S1 Akuntansi/Administrasi Fiskal,1,S1,3T,Keuangan dan Akuntansi,2,1.439
1365,2021,HOLDING,UID Kalbar,,OFFICER ADMINISTRASI DAN UMUM,OFFICER,ADMINISTRASI DAN UMUM,G2,S1 Komunikasi/Hubungan Masyarakat,1,S1,3T,Komunikasi dan Umum,2,1.428
1366,2021,HOLDING,UID Suluttenggo,,OFFICER KINERJA TRANSAKSI ENERGI LISTRIK,OFFICER,KINERJA TRANSAKSI ENERGI LISTRIK,G2,S1 Teknik Elektro/Teknik Listrik,1,S1,3T,Distribusi,2,1.427
1367,2021,HOLDING,UID Suluttenggo,,OFFICER NIAGA DAN PELAYANAN PELANGGAN,OFFICER,NIAGA DAN PELAYANAN PELANGGAN,G2,S1 Manajemen Pemasaran/Digital Marketing Dan Analytics,1,S1,3T,Niaga dan Pemasaran,2,1.427
1368,2021,HOLDING,UIW NusaTenggara Barat,,TECHNICIAN OPERASI PUSAT LISTRIK,TECHNICIAN,OPERASI PUSAT LISTRIK,G2,S1 Teknik Mesin/Konversi Energi,1,S1,3T,Pembangkitan,2,1.403
1369,2021,HOLDING,UID Jawa Tengah & DIY,,OFFICER PRIORITY ACCOUNT EXECUTIVE,OFFICER,PRIORITY ACCOUNT EXECUTIVE,G2,S1 Komunikasi/Hubungan Masyarakat,1,S1,Rekrut 2021,Komunikasi dan Umum,2,1.389
1370,2021,HOLDING,P3B Sumatera,,OFFICER ADMINISTRASI DAN UMUM,OFFICER,ADMINISTRASI DAN UMUM,G2,S1 Komunikasi/Hubungan Masyarakat,1,S1,Rekrut 2021,Komunikasi dan Umum,2,1.369
1371,2021,HOLDING,P3B Sumatera,,"OFFICER ASESMEN, DIAGNOSA DAN PENGOLAHAN DATA",OFFICER,"ASESMEN, DIAGNOSA DAN PENGOLAHAN DATA",G2,S1 Psikologi/Kepegawaian,1,S1,Rekrut 2021,Sumber Daya Manusia,2,1.369
1372,2021,HOLDING,P3B Sumatera,,OFFICER LINGKUNGAN,OFFICER,LINGKUNGAN,G2,S1 Keselamatan Dan Kesehatan Kerja/Kesehatan Masyarakat K3,1,S1,Rekrut 2021,K3 dan Lingkungan,2,1.369
1373,2021,HOLDING,P3B Sumatera,,OFFICER PELAKSANA PENGADAAN,OFFICER,PELAKSANA PENGADAAN,G2,S1 Logistik/Supply Chain Management,1,S1,Rekrut 2021,Manajemen Konstruksi dan Pengadaan,2,1.369
1374,2021,HOLDING,UID Jakarta Raya,,TECHNICIAN PENGENDALIAN KONSTRUKSI DISTRIBUSI,TECHNICIAN,PENGENDALIAN KONSTRUKSI DISTRIBUSI,G2,S1 Teknik Elektro/Teknik Listrik,1,S1,Rekrut 2021,Distribusi,2,1.366
1375,2021,HOLDING,UID Lampung,,OFFICER KINERJA KEUANGAN DAN UMUM,OFFICER,KINERJA KEUANGAN DAN UMUM,G2,S1 Akuntansi/Administrasi Fiskal,1,S1,Rekrut 2021,Keuangan dan Akuntansi,2,1.356
1376,2021,HOLDING,UID Lampung,,OFFICER LOGISTIK LAYANAN PELANGGAN,OFFICER,LOGISTIK LAYANAN PELANGGAN,G2,S1 Logistik/Supply Chain Management,1,S1,Rekrut 2021,Manajemen Konstruksi dan Pengadaan,2,1.356
1377,2021,HOLDING,UID Lampung,,TECHNICIAN PDKB,TECHNICIAN,PDKB,G2,S1 Teknik Elektro/Teknik Listrik,1,S1,Rekrut 2021,Distribusi,2,1.356
1378,2021,HOLDING,UID S2JB,,OFFICER PRIORITY ACCOUNT EXECUTIVE,OFFICER,PRIORITY ACCOUNT EXECUTIVE,G2,S1 Komunikasi/Hubungan Masyarakat,1,S1,3T,Komunikasi dan Umum,2,1.354
1379,2021,HOLDING,UID Jawa Barat,,OFFICER PRIORITY ACCOUNT EXECUTIVE,OFFICER,PRIORITY ACCOUNT EXECUTIVE,G2,S1 Komunikasi/Hubungan Masyarakat,1,S1,Rekrut 2021,Komunikasi dan Umum,2,1.35
1380,2021,HOLDING,UIP Sulawesi,,TECHNICIAN PENGENDALIAN KONSTRUKSI,TECHNICIAN,PENGENDALIAN KONSTRUKSI,G2,S1 Logistik/Supply Chain Management,1,S1,3T,Manajemen Konstruksi dan Pengadaan,2,1.35
1381,2021,HOLDING,UID Jawa Timur,,OFFICER ADMINISTRASI DAN UMUM,OFFICER,ADMINISTRASI DAN UMUM,G2,S1 Komunikasi/Hubungan Masyarakat,1,S1,Rekrut 2021,Komunikasi dan Umum,2,1.333
1382,2021,HOLDING,UID Jawa Timur,,TECHNICIAN PEMELIHARAAN DISTRIBUSI,TECHNICIAN,PEMELIHARAAN DISTRIBUSI,G2,S1 Teknik Elektro/Teknik Listrik,1,S1,Rekrut 2021,Distribusi,2,1.333
1383,2021,HOLDING,PUSDIKLAT,,OFFICER PENYELENGGARAAN PEMBELAJARAN,OFFICER,PENYELENGGARAAN PEMBELAJARAN,G2,S1 Psikologi/Kepegawaian,1,S1,Rekrut 2021,Sumber Daya Manusia,2,1.332
1384,2021,HOLDING,UIP JBTB,,TECHNICIAN PENGENDALIAN KONSTRUKSI,TECHNICIAN,PENGENDALIAN KONSTRUKSI,G2,S1 Logistik/Supply Chain Management,1,S1,Rekrut 2021,Manajemen Konstruksi dan Pengadaan,2,1.321
1385,2021,HOLDING,UID Sumbar,,OFFICER KINERJA JARINGAN DAN KONSTRUKSI,OFFICER,KINERJA JARINGAN DAN KONSTRUKSI,G2,S1 Teknik Elektro/Teknik Listrik,1,S1,Rekrut 2021,Distribusi,2,1.314
1386,2021,HOLDING,UID Sumbar,,OFFICER KINERJA KEUANGAN DAN UMUM,OFFICER,KINERJA KEUANGAN DAN UMUM,G2,S1 Akuntansi/Administrasi Fiskal,1,S1,Rekrut 2021,Keuangan dan Akuntansi,2,1.314
1387,2021,HOLDING,UIP JBB,,OFFICER ADMINISTRASI DAN UMUM,OFFICER,ADMINISTRASI DAN UMUM,G2,S1 Komunikasi/Hubungan Masyarakat,1,S1,Rekrut 2021,Komunikasi dan Umum,2,1.314
1388,2021,HOLDING,UID Sumut,,OFFICER KINERJA,OFFICER,KINERJA,G2,S1 Teknik Industri/Teknik Material,1,S1,Rekrut 2021,Perencanaan dan Kinerja,2,1.299
1389,2021,HOLDING,UIW NusaTenggaraTimur,,OFFICER KINERJA DAN ADMINISTRASI LAYANAN PELANGGAN,OFFICER,KINERJA DAN ADMINISTRASI LAYANAN PELANGGAN,G2,S1 Manajemen Pemasaran/Digital Marketing Dan Analytics,1,S1,3T,Niaga dan Pemasaran,2,1.286
1390,2021,HOLDING,UIW NusaTenggaraTimur,,TECHNICIAN PENGENDALIAN OPERASI DAN PEMELIHARAAN TRANSMISI DAN GARDU INDUK,TECHNICIAN,PENGENDALIAN OPERASI DAN PEMELIHARAAN TRANSMISI DAN GARDU INDUK,G2,S1 Teknik Elektro/Teknik Listrik,1,S1,3T,Transmisi dan Gardu Induk,2,1.286
1391,2021,HOLDING,Pusat Pengatur Beban,,OFFICER KINERJA,OFFICER,KINERJA,G2,S1 Teknik Industri/Teknik Material,1,S1,Rekrut 2021,Perencanaan dan Kinerja,2,1.276
1392,2021,HOLDING,UID Kalselteng,,OFFICER ADMINISTRASI DAN UMUM,OFFICER,ADMINISTRASI DAN UMUM,G2,S1 Komunikasi/Hubungan Masyarakat,1,S1,3T,Komunikasi dan Umum,2,1.275
1393,2021,HOLDING,UID Banten,,TECHNICIAN OPERASI DISTRIBUSI,TECHNICIAN,OPERASI DISTRIBUSI,G2,S1 Teknik Elektro/Teknik Listrik,1,S1,Rekrut 2021,Distribusi,2,1.264
1394,2021,HOLDING,UID Lampung,,OFFICER KINERJA JARINGAN DAN KONSTRUKSI DISTRIBUSI,OFFICER,KINERJA JARINGAN DAN KONSTRUKSI DISTRIBUSI,G2,S1 Teknik Elektro/Teknik Listrik,1,S1,Rekrut 2021,Distribusi,2,1.259
1395,2021,HOLDING,UIW Maluku&Malut,,OFFICER ENJINIRING PEMBANGKITAN,OFFICER,ENJINIRING PEMBANGKITAN,G2,S1 Teknik Mesin/Konversi Energi,1,S1,3T,Pembangkitan,2,1.25
1396,2021,HOLDING,UIW Maluku&Malut,,"OFFICER KESELAMATAN, KESEHATAN KERJA, LINGKUNGAN DAN KEAMANAN",OFFICER,"KESELAMATAN, KESEHATAN KERJA, LINGKUNGAN DAN KEAMANAN",G2,S1 Keselamatan Dan Kesehatan Kerja/Kesehatan Masyarakat K3,1,S1,3T,K3 dan Lingkungan,2,1.25
1397,2021,HOLDING,UIW Maluku&Malut,,OFFICER KEUANGAN DAN ANGGARAN,OFFICER,KEUANGAN DAN ANGGARAN,G2,S1 Akuntansi/Administrasi Fiskal,1,S1,3T,Keuangan dan Akuntansi,2,1.25
1398,2021,HOLDING,UIW Maluku&Malut,,OFFICER KINERJA TRANSAKSI ENERGI LISTRIK,OFFICER,KINERJA TRANSAKSI ENERGI LISTRIK,G2,S1 Teknik Elektro/Teknik Listrik,1,S1,3T,Distribusi,2,1.25
1399,2021,HOLDING,UIW Maluku&Malut,,OFFICER NIAGA DAN PELAYANAN PELANGGAN,OFFICER,NIAGA DAN PELAYANAN PELANGGAN,G2,S1 Manajemen Pemasaran/Digital Marketing Dan Analytics,1,S1,3T,Niaga dan Pemasaran,2,1.25
1400,2021,HOLDING,UIW Maluku&Malut,,OFFICER PELAKSANA PENGADAAN,OFFICER,PELAKSANA PENGADAAN,G2,S1 Logistik/Supply Chain Management,1,S1,3T,Manajemen Konstruksi dan Pengadaan,2,1.25
1401,2021,HOLDING,UIW Maluku&Malut,,OFFICER PERENCANAAN DAN PENGELOLAAN ASET DISTRIBUSI,OFFICER,PERENCANAAN DAN PENGELOLAAN ASET DISTRIBUSI,G2,S1 Teknik Elektro/Teknik Listrik,1,S1,3T,Distribusi,2,1.25
1402,2021,HOLDING,UIW Maluku&Malut,,OFFICER TJSL,OFFICER,TJSL,G2,S1 Komunikasi/Hubungan Masyarakat,1,S1,3T,Komunikasi dan Umum,2,1.25
1403,2021,HOLDING,UIW Maluku&Malut,,TECHNICIAN PEMELIHARAAN METER TRANSAKSI,TECHNICIAN,PEMELIHARAAN METER TRANSAKSI,G2,S1 Teknik Elektro/Teknik Listrik,1,S1,3T,Distribusi,2,1.25
1404,2021,HOLDING,UIW Maluku&Malut,,TECHNICIAN PERENCANAAN OPERASI DAN PEMELIHARAAN PEMBANGKIT,TECHNICIAN,PERENCANAAN OPERASI DAN PEMELIHARAAN PEMBANGKIT,G2,S1 Teknik Mesin/Konversi Energi,1,S1,3T,Pembangkitan,2,1.25
1405,2021,HOLDING,UIW Maluku&Malut,,TECHNICIAN SCADA DAN TELEKOMUNIKASI,TECHNICIAN,SCADA DAN TELEKOMUNIKASI,G2,S1 Teknik Elektro/Teknik Listrik,1,S1,3T,Proteksi dan Kontrol,2,1.25
1406,2021,HOLDING,UIP JBT,,OFFICER PERIZINAN DAN PERTANAHAN,OFFICER,PERIZINAN DAN PERTANAHAN,G2,S1 Logistik/Supply Chain Management,1,S1,Rekrut 2021,Manajemen Konstruksi dan Pengadaan,2,1.248
1407,2021,HOLDING,Kantor Pusat,,OFFICER ADMINISTRASI EKSEKUTIF DIREKSI,OFFICER,ADMINISTRASI EKSEKUTIF DIREKSI,G2,S1 Komunikasi/Hubungan Masyarakat,1,S1,Rekrut 2021,Komunikasi dan Umum,2,1.244
1408,2021,HOLDING,Kantor Pusat,,"OFFICER RISIKO KONSTRUKSI SUMATERA, KALIMANTAN, DAN SULAWESI",OFFICER,"RISIKO KONSTRUKSI SUMATERA, KALIMANTAN, DAN SULAWESI",G2,S1 Logistik/Supply Chain Management,1,S1,Rekrut 2021,Manajemen Konstruksi dan Pengadaan,2,1.244
1409,2021,HOLDING,Kantor Pusat,,OFFICER VERIFIKASI INVESTASI,OFFICER,VERIFIKASI INVESTASI,G2,S1 Akuntansi/Administrasi Fiskal,1,S1,Rekrut 2021,Keuangan dan Akuntansi,2,1.244
1410,2021,HOLDING,UID Sulselrabar,,OFFICER KINERJA TRANSAKSI ENERGI LISTRIK,OFFICER,KINERJA TRANSAKSI ENERGI LISTRIK,G2,S1 Teknik Elektro/Teknik Listrik,1,S1,3T,Distribusi,2,1.238
1411,2021,HOLDING,UID Sulselrabar,,TECHNICIAN PDKB,TECHNICIAN,PDKB,G2,S1 Teknik Elektro/Teknik Listrik,1,S1,3T,Distribusi,2,1.238
1412,2021,HOLDING,UID Riau & Kepri,,TECHNICIAN PDKB,TECHNICIAN,PDKB,G2,S1 Teknik Elektro/Teknik Listrik,1,S1,Rekrut 2021,Distribusi,2,1.229
1413,2021,HOLDING,UIP3B Kalimantan,,TECHNICIAN PDKB SUTT/SUTET,TECHNICIAN,PDKB SUTT/SUTET,G2,S1 Teknik Elektro/Teknik Listrik,1,S1,3T,Transmisi dan Gardu Induk,2,1.229
1414,2021,HOLDING,UIP Maluku dan Papua,,OFFICER AKUNTANSI,OFFICER,AKUNTANSI,G2,S1 Akuntansi/Administrasi Fiskal,1,S1,3T,Keuangan dan Akuntansi,2,1.221
1415,2021,HOLDING,UIP Maluku dan Papua,,OFFICER PENGENDALIAN KONTRAK DAN RISIKO PROYEK,OFFICER,PENGENDALIAN KONTRAK DAN RISIKO PROYEK,G2,S1 Logistik/Supply Chain Management,1,S1,3T,Manajemen Konstruksi dan Pengadaan,2,1.221
1416,2021,HOLDING,UIP Maluku dan Papua,,OFFICER PERENCANAAN SIPIL,OFFICER,PERENCANAAN SIPIL,G2,S1 Logistik/Supply Chain Management,1,S1,3T,Manajemen Konstruksi dan Pengadaan,2,1.221
1417,2021,HOLDING,UIP Maluku dan Papua,,OFFICER PERENCANAAN UMUM DAN KINERJA,OFFICER,PERENCANAAN UMUM DAN KINERJA,G2,S1 Komunikasi/Hubungan Masyarakat,1,S1,3T,Komunikasi dan Umum,2,1.221
1418,2021,HOLDING,UIW NusaTenggara Barat,,OFFICER KINERJA KEUANGAN DAN UMUM,OFFICER,KINERJA KEUANGAN DAN UMUM,G2,S1 Akuntansi/Administrasi Fiskal,1,S1,3T,Keuangan dan Akuntansi,2,1.216
1419,2021,HOLDING,UID Jakarta Raya,,OFFICER KINERJA NIAGA,OFFICER,KINERJA NIAGA,G2,S1 Manajemen Pemasaran/Digital Marketing Dan Analytics,1,S1,Rekrut 2021,Niaga dan Pemasaran,2,1.214
1420,2021,HOLDING,UID Bali,,OFFICER KINERJA JARINGAN DISTRIBUSI,OFFICER,KINERJA JARINGAN DISTRIBUSI,G2,S1 Teknik Elektro/Teknik Listrik,1,S1,Rekrut 2021,Distribusi,2,1.213
1421,2021,HOLDING,UID Bali,,OFFICER KINERJA KEUANGAN DAN UMUM,OFFICER,KINERJA KEUANGAN DAN UMUM,G2,S1 Akuntansi/Administrasi Fiskal,1,S1,Rekrut 2021,Keuangan dan Akuntansi,2,1.213
1422,2021,HOLDING,UID Bali,,OFFICER KINERJA TRANSAKSI ENERGI LISTRIK,OFFICER,KINERJA TRANSAKSI ENERGI LISTRIK,G2,S1 Teknik Elektro/Teknik Listrik,1,S1,Rekrut 2021,Distribusi,2,1.213
1423,2021,HOLDING,UID Bali,,TECHNICIAN PENGELOLAAN KONSTRUKSI DISTRIBUSI,TECHNICIAN,PENGELOLAAN KONSTRUKSI DISTRIBUSI,G2,S1 Teknik Elektro/Teknik Listrik,1,S1,Rekrut 2021,Distribusi,2,1.213
1424,2021,HOLDING,UIT JBB,,OFFICER KINERJA KONSTRUKSI,OFFICER,KINERJA KONSTRUKSI,G2,S1 Logistik/Supply Chain Management,1,S1,Rekrut 2021,Manajemen Konstruksi dan Pengadaan,2,1.208
1425,2021,HOLDING,UIT JBB,,OFFICER PERENCANAAN PENGUSAHAAN,OFFICER,PERENCANAAN PENGUSAHAAN,G2,S1 Teknik Industri/Teknik Material,1,S1,Rekrut 2021,Perencanaan dan Kinerja,2,1.208
1426,2021,HOLDING,UIT JBB,,TECHNICIAN PDKB GI/GITET,TECHNICIAN,PDKB GI/GITET,G2,S1 Teknik Elektro/Teknik Listrik,1,S1,Rekrut 2021,Transmisi dan Gardu Induk,2,1.208
1427,2021,HOLDING,UIT JBB,,TECHNICIAN PDKB SUTT/SUTET,TECHNICIAN,PDKB SUTT/SUTET,G2,S1 Teknik Elektro/Teknik Listrik,1,S1,Rekrut 2021,Transmisi dan Gardu Induk,2,1.208
1428,2021,HOLDING,UIT JBB,,TECHNICIAN PEMELIHARAAN JARINGAN TRANSMISI,TECHNICIAN,PEMELIHARAAN JARINGAN TRANSMISI,G2,S1 Teknik Elektro/Teknik Listrik,1,S1,Rekrut 2021,Transmisi dan Gardu Induk,2,1.208
1429,2021,HOLDING,P3B Sumatera,,OFFICER PENGENDALIAN DAN PEMELIHARAAN ASET,OFFICER,PENGENDALIAN DAN PEMELIHARAAN ASET,G2,S1 Teknik Industri/Teknik Material,1,S1,Rekrut 2021,Perencanaan dan Kinerja,2,1.198
1430,2021,HOLDING,P3B Sumatera,,OFFICER PENGENDALIAN KONSTRUKSI DAN ADMINISTRASI KONTRAK,OFFICER,PENGENDALIAN KONSTRUKSI DAN ADMINISTRASI KONTRAK,G2,S1 Logistik/Supply Chain Management,1,S1,Rekrut 2021,Manajemen Konstruksi dan Pengadaan,2,1.198
1431,2021,HOLDING,UID Jawa Barat,,"OFFICER KESELAMATAN, KESEHATAN KERJA, LINGKUNGAN DAN KEAMANAN",OFFICER,"KESELAMATAN, KESEHATAN KERJA, LINGKUNGAN DAN KEAMANAN",G2,S1 Keselamatan Dan Kesehatan Kerja/Kesehatan Masyarakat K3,1,S1,Rekrut 2021,K3 dan Lingkungan,2,1.181
1432,2021,HOLDING,UID Jawa Barat,,OFFICER KINERJA FASILITAS OPERASI,OFFICER,KINERJA FASILITAS OPERASI,G2,S1 Komunikasi/Hubungan Masyarakat,1,S1,Rekrut 2021,Komunikasi dan Umum,2,1.181
1433,2021,HOLDING,UID Lampung,,OFFICER KINERJA,OFFICER,KINERJA,G2,S1 Teknik Industri/Teknik Material,1,S1,Rekrut 2021,Perencanaan dan Kinerja,2,1.162
1434,2021,HOLDING,UID Sulselrabar,,OFFICER KINERJA JARINGAN DAN KONSTRUKSI DISTRIBUSI,OFFICER,KINERJA JARINGAN DAN KONSTRUKSI DISTRIBUSI,G2,S1 Teknik Elektro/Teknik Listrik,1,S1,3T,Distribusi,2,1.155
1435,2021,HOLDING,UIP JBB,,OFFICER PENGENDALIAN KONTRAK DAN RISIKO PROYEK,OFFICER,PENGENDALIAN KONTRAK DAN RISIKO PROYEK,G2,S1 Logistik/Supply Chain Management,1,S1,Rekrut 2021,Manajemen Konstruksi dan Pengadaan,2,1.15
1436,2021,HOLDING,UID Banten,,TECHNICIAN PENGELOLAAN KONSTRUKSI DISTRIBUSI,TECHNICIAN,PENGELOLAAN KONSTRUKSI DISTRIBUSI,G2,S1 Teknik Elektro/Teknik Listrik,1,S1,Rekrut 2021,Distribusi,2,1.149
1437,2021,HOLDING,PUSDIKLAT,,OFFICER EVALUASI DAN PENGENDALIAN MUTU DAN KINERJA,OFFICER,EVALUASI DAN PENGENDALIAN MUTU DAN KINERJA,G2,S1 Teknik Industri/Teknik Material,1,S1,Rekrut 2021,Perencanaan dan Kinerja,2,1.141
1438,2021,HOLDING,UIW NusaTenggara Barat,,TECHNICIAN PEMELIHARAAN PUSAT LISTRIK,TECHNICIAN,PEMELIHARAAN PUSAT LISTRIK,G2,S1 Teknik Mesin/Konversi Energi,1,S1,3T,Pembangkitan,2,1.123
1439,2021,HOLDING,Kantor Pusat,,OFFICER AUDIT TRANSMISI DAN DISTRIBUSI 2A,OFFICER,AUDIT TRANSMISI DAN DISTRIBUSI 2A,G2,S1 Teknik Elektro/Teknik Listrik,1,S1,Rekrut 2021,Transmisi dan Gardu Induk,2,1.119
1440,2021,HOLDING,Kantor Pusat,,OFFICER PELAKSANA PENGADAAN TRANSMISI DAN GARDU INDUK,OFFICER,PELAKSANA PENGADAAN TRANSMISI DAN GARDU INDUK,G2,S1 Teknik Elektro/Teknik Listrik,1,S1,Rekrut 2021,Transmisi dan Gardu Induk,2,1.119
1441,2021,HOLDING,Kantor Pusat,,OFFICER PROGRAM PERUBAHAN,OFFICER,PROGRAM PERUBAHAN,G2,S1 Komunikasi/Hubungan Masyarakat,1,S1,Rekrut 2021,Komunikasi dan Umum,2,1.119
1442,2021,HOLDING,UIT JBT,,OFFICER ENJINIRING,OFFICER,ENJINIRING,G2,S1 Teknik Kimia/Teknik Lingkungan,1,S1,Rekrut 2021,Perencanaan Sistem,2,1.118
1443,2021,HOLDING,PUSHARLIS,,OFFICER KEUANGAN DAN AKUNTANSI,OFFICER,KEUANGAN DAN AKUNTANSI,G2,S1 Akuntansi/Administrasi Fiskal,1,S1,Rekrut 2021,Keuangan dan Akuntansi,2,1.116
1444,2021,HOLDING,UID Jawa Timur,,OFFICER KEUANGAN DAN ANGGARAN,OFFICER,KEUANGAN DAN ANGGARAN,G2,S1 Akuntansi/Administrasi Fiskal,1,S1,Rekrut 2021,Keuangan dan Akuntansi,2,1.111
1445,2021,HOLDING,UID Jawa Timur,,TECHNICIAN OPERASI DISTRIBUSI,TECHNICIAN,OPERASI DISTRIBUSI,G2,S1 Teknik Elektro/Teknik Listrik,1,S1,Rekrut 2021,Distribusi,2,1.111
1446,2021,HOLDING,UID Suluttenggo,,OFFICER KINERJA,OFFICER,KINERJA,G2,S1 Teknik Industri/Teknik Material,1,S1,3T,Perencanaan dan Kinerja,2,1.11
1447,2021,HOLDING,UID Suluttenggo,,OFFICER PELAKSANA PENGADAAN,OFFICER,PELAKSANA PENGADAAN,G2,S1 Logistik/Supply Chain Management,1,S1,3T,Manajemen Konstruksi dan Pengadaan,2,1.11
1448,2021,HOLDING,UIW NusaTenggaraTimur,,OFFICER ADMINISTRASI DAN UMUM,OFFICER,ADMINISTRASI DAN UMUM,G2,S1 Komunikasi/Hubungan Masyarakat,1,S1,3T,Komunikasi dan Umum,2,1.072
1449,2021,HOLDING,UIW NusaTenggaraTimur,,OFFICER KINERJA KEUANGAN DAN UMUM,OFFICER,KINERJA KEUANGAN DAN UMUM,G2,S1 Akuntansi/Administrasi Fiskal,1,S1,3T,Keuangan dan Akuntansi,2,1.072
1450,2021,HOLDING,UIW NusaTenggaraTimur,,OFFICER PELAKSANA PENGADAAN,OFFICER,PELAKSANA PENGADAAN,G2,S1 Logistik/Supply Chain Management,1,S1,3T,Manajemen Konstruksi dan Pengadaan,2,1.072
1451,2021,HOLDING,UIW NusaTenggaraTimur,,TECHNICIAN KONSTRUKSI LISTRIK PERDESAAN,TECHNICIAN,KONSTRUKSI LISTRIK PERDESAAN,G2,S1 Teknik Elektro/Teknik Listrik,1,S1,3T,Distribusi,2,1.072
1452,2021,HOLDING,UIW NusaTenggaraTimur,,TECHNICIAN PENGELOLAAN KONSTRUKSI DISTRIBUSI,TECHNICIAN,PENGELOLAAN KONSTRUKSI DISTRIBUSI,G2,S1 Teknik Elektro/Teknik Listrik,1,S1,3T,Distribusi,2,1.072
1453,2021,HOLDING,UID Kalbar,,OFFICER LOGISTIK LAYANAN PELANGGAN,OFFICER,LOGISTIK LAYANAN PELANGGAN,G2,S1 Logistik/Supply Chain Management,1,S1,3T,Manajemen Konstruksi dan Pengadaan,2,1.071
1454,2021,HOLDING,UID Kalbar,,OFFICER PELAKSANA PENGADAAN,OFFICER,PELAKSANA PENGADAAN,G2,S1 Logistik/Supply Chain Management,1,S1,3T,Manajemen Konstruksi dan Pengadaan,2,1.071
1455,2021,HOLDING,UIW Papua&Papua Barat,,OFFICER ADMINISTRASI DAN UMUM,OFFICER,ADMINISTRASI DAN UMUM,G2,S1 Komunikasi/Hubungan Masyarakat,1,S1,3T,Komunikasi dan Umum,2,1.069
1456,2021,HOLDING,UIW Papua&Papua Barat,,OFFICER PELAKSANA PENGADAAN,OFFICER,PELAKSANA PENGADAAN,G2,S1 Logistik/Supply Chain Management,1,S1,3T,Manajemen Konstruksi dan Pengadaan,2,1.069
1457,2021,HOLDING,Pusat Pengatur Beban,,OFFICER KINERJA OPERASI SISTEM,OFFICER,KINERJA OPERASI SISTEM,G2,S1 Teknik Kimia/Teknik Lingkungan,1,S1,Rekrut 2021,Perencanaan Sistem,2,1.063
1458,2021,HOLDING,Pusat Pengatur Beban,,TECHNICIAN TELEKOMUNIKASI,TECHNICIAN,TELEKOMUNIKASI,G2,S1 Teknik Elektro/Teknik Listrik,1,S1,Rekrut 2021,Proteksi dan Kontrol,2,1.063
1459,2021,HOLDING,UID Jakarta Raya,,OFFICER KINERJA FASILITAS OPERASI,OFFICER,KINERJA FASILITAS OPERASI,G2,S1 Komunikasi/Hubungan Masyarakat,1,S1,Rekrut 2021,Komunikasi dan Umum,2,1.062
1460,2021,HOLDING,UID Jakarta Raya,,OFFICER KINERJA OPERASI SISTEM DISTRIBUSI,OFFICER,KINERJA OPERASI SISTEM DISTRIBUSI,G2,S1 Teknik Kimia/Teknik Lingkungan,1,S1,Rekrut 2021,Perencanaan Sistem,2,1.062
1461,2021,HOLDING,UID Jakarta Raya,,OFFICER PELAKSANA PENGADAAN,OFFICER,PELAKSANA PENGADAAN,G2,S1 Logistik/Supply Chain Management,1,S1,Rekrut 2021,Manajemen Konstruksi dan Pengadaan,2,1.062
1462,2021,HOLDING,UID Kaltimra,,TECHNICIAN KONSTRUKSI LISTRIK PERDESAAN,TECHNICIAN,KONSTRUKSI LISTRIK PERDESAAN,G2,S1 Teknik Elektro/Teknik Listrik,1,S1,3T,Distribusi,2,1.056
1463,2021,HOLDING,UID Kaltimra,,TECHNICIAN OPERASI DISTRIBUSI,TECHNICIAN,OPERASI DISTRIBUSI,G2,S1 Teknik Elektro/Teknik Listrik,1,S1,3T,Distribusi,2,1.056
1464,2021,HOLDING,UID Kaltimra,,TECHNICIAN PENGATURAN OPERASI,TECHNICIAN,PENGATURAN OPERASI,G2,S1 Teknik Kimia/Teknik Lingkungan,1,S1,3T,Perencanaan Sistem,2,1.056
1465,2021,HOLDING,UID S2JB,,TECHNICIAN PDKB,TECHNICIAN,PDKB,G2,S1 Teknik Elektro/Teknik Listrik,1,S1,3T,Distribusi,2,1.042
1466,2021,HOLDING,UIP Nusa Tenggara,,OFFICER PERIZINAN DAN PERTANAHAN,OFFICER,PERIZINAN DAN PERTANAHAN,G2,S1 Logistik/Supply Chain Management,1,S1,3T,Manajemen Konstruksi dan Pengadaan,2,1.042
1467,2021,HOLDING,UID Banten,,OFFICER KINERJA KEUANGAN DAN UMUM,OFFICER,KINERJA KEUANGAN DAN UMUM,G2,S1 Akuntansi/Administrasi Fiskal,1,S1,Rekrut 2021,Keuangan dan Akuntansi,2,1.034
1468,2021,HOLDING,UID Banten,,OFFICER LOGISTIK LAYANAN PELANGGAN,OFFICER,LOGISTIK LAYANAN PELANGGAN,G2,S1 Logistik/Supply Chain Management,1,S1,Rekrut 2021,Manajemen Konstruksi dan Pengadaan,2,1.034
1469,2021,HOLDING,UID Kalselteng,,OFFICER KEUANGAN DAN ANGGARAN,OFFICER,KEUANGAN DAN ANGGARAN,G2,S1 Akuntansi/Administrasi Fiskal,1,S1,3T,Keuangan dan Akuntansi,2,1.02
1470,2021,HOLDING,UID Kalselteng,,OFFICER KINERJA,OFFICER,KINERJA,G2,S1 Teknik Industri/Teknik Material,1,S1,3T,Perencanaan dan Kinerja,2,1.02
1471,2021,HOLDING,UID Kalselteng,,OFFICER PERENCANAAN DAN EVALUASI SISTEM DISTRIBUSI,OFFICER,PERENCANAAN DAN EVALUASI SISTEM DISTRIBUSI,G2,S1 Teknik Kimia/Teknik Lingkungan,1,S1,3T,Perencanaan Sistem,2,1.02
1472,2021,HOLDING,UID Kalselteng,,TECHNICIAN PEMELIHARAAN DISTRIBUSI,TECHNICIAN,PEMELIHARAAN DISTRIBUSI,G2,S1 Teknik Elektro/Teknik Listrik,1,S1,3T,Distribusi,2,1.02
1473,2021,HOLDING,UID Jawa Barat,,OFFICER PELAKSANA PENGADAAN,OFFICER,PELAKSANA PENGADAAN,G2,S1 Logistik/Supply Chain Management,1,S1,Rekrut 2021,Manajemen Konstruksi dan Pengadaan,2,1.013
1474,2021,HOLDING,UIP Kalimantan Bag Timur,,OFFICER ADMINISTRASI DAN UMUM,OFFICER,ADMINISTRASI DAN UMUM,G2,S1 Komunikasi/Hubungan Masyarakat,1,S1,3T,Komunikasi dan Umum,2,1.012
1475,2021,HOLDING,UIP Kalimantan Bag Timur,,OFFICER AKUNTANSI,OFFICER,AKUNTANSI,G2,S1 Akuntansi/Administrasi Fiskal,1,S1,3T,Keuangan dan Akuntansi,2,1.012
1476,2021,HOLDING,UIP Kalimantan Bag Timur,,"OFFICER KEUANGAN, PERIZINAN, PERTANAHAN DAN UMUM",OFFICER,"KEUANGAN, PERIZINAN, PERTANAHAN DAN UMUM",G2,S1 Logistik/Supply Chain Management,1,S1,3T,Manajemen Konstruksi dan Pengadaan,2,1.012
1477,2021,HOLDING,UIP Kalimantan Bag Timur,,OFFICER PENGENDALIAN KONSTRUKSI,OFFICER,PENGENDALIAN KONSTRUKSI,G2,S1 Logistik/Supply Chain Management,1,S1,3T,Manajemen Konstruksi dan Pengadaan,2,1.012
1478,2021,HOLDING,UIP Kalimantan Bag Timur,,OFFICER PENGENDALIAN KONTRAK DAN RISIKO PROYEK,OFFICER,PENGENDALIAN KONTRAK DAN RISIKO PROYEK,G2,S1 Logistik/Supply Chain Management,1,S1,3T,Manajemen Konstruksi dan Pengadaan,2,1.012
1479,2021,HOLDING,UIP Kalimantan Bag Timur,,TECHNICIAN PENGENDALIAN KONTRAK DAN PELAPORAN,TECHNICIAN,PENGENDALIAN KONTRAK DAN PELAPORAN,G2,S1 Logistik/Supply Chain Management,1,S1,3T,Manajemen Konstruksi dan Pengadaan,2,1.012
1480,2021,HOLDING,Kantor Pusat,,OFFICER AUDIT TRANSMISI DAN DISTRIBUSI 1A,OFFICER,AUDIT TRANSMISI DAN DISTRIBUSI 1A,G2,S1 Teknik Elektro/Teknik Listrik,1,S1,Rekrut 2021,Transmisi dan Gardu Induk,2,0.995
1481,2021,HOLDING,Kantor Pusat,,OFFICER AUDIT TRANSMISI DAN DISTRIBUSI 1B,OFFICER,AUDIT TRANSMISI DAN DISTRIBUSI 1B,G2,S1 Teknik Elektro/Teknik Listrik,1,S1,Rekrut 2021,Transmisi dan Gardu Induk,2,0.995
1482,2021,HOLDING,Kantor Pusat,,OFFICER PELAKSANA PENGADAAN MATERIAL TERPUSAT,OFFICER,PELAKSANA PENGADAAN MATERIAL TERPUSAT,G2,S1 Logistik/Supply Chain Management,1,S1,Rekrut 2021,Manajemen Konstruksi dan Pengadaan,2,0.995
1483,2021,HOLDING,Kantor Pusat,,OFFICER PENEMUAN DAN KUALIFIKASI VENDOR,OFFICER,PENEMUAN DAN KUALIFIKASI VENDOR,G2,S1 Komunikasi/Hubungan Masyarakat,1,S1,Rekrut 2021,Komunikasi dan Umum,2,0.995
1484,2021,HOLDING,Kantor Pusat,,"OFFICER RISIKO TRANSMISI SUMATERA, JAWA, MADURA, DAN BALI",OFFICER,"RISIKO TRANSMISI SUMATERA, JAWA, MADURA, DAN BALI",G2,S1 Teknik Elektro/Teknik Listrik,1,S1,Rekrut 2021,Transmisi dan Gardu Induk,2,0.995
1485,2021,HOLDING,UIP Sumatera Bag Selatan,,OFFICER PENGENDALIAN PROYEK,OFFICER,PENGENDALIAN PROYEK,G2,S1 Logistik/Supply Chain Management,1,S1,Rekrut 2021,Manajemen Konstruksi dan Pengadaan,2,0.994
1486,2021,HOLDING,UID Aceh,,OFFICER KINERJA TRANSAKSI ENERGI LISTRIK,OFFICER,KINERJA TRANSAKSI ENERGI LISTRIK,G2,S1 Teknik Elektro/Teknik Listrik,1,S1,3T,Distribusi,2,0.99
1487,2021,HOLDING,UIP Sulawesi,,OFFICER PERIZINAN DAN PERTANAHAN,OFFICER,PERIZINAN DAN PERTANAHAN,G2,S1 Logistik/Supply Chain Management,1,S1,3T,Manajemen Konstruksi dan Pengadaan,2,0.99
1488,2021,HOLDING,UIP JBB,,OFFICER ADMINISTRASI TEKNIK,OFFICER,ADMINISTRASI TEKNIK,G2,S1 Komunikasi/Hubungan Masyarakat,1,S1,Rekrut 2021,Komunikasi dan Umum,2,0.985
1489,2021,HOLDING,UIP JBB,,OFFICER PENGENDALIAN KONSTRUKSI,OFFICER,PENGENDALIAN KONSTRUKSI,G2,S1 Logistik/Supply Chain Management,1,S1,Rekrut 2021,Manajemen Konstruksi dan Pengadaan,2,0.985
1490,2021,HOLDING,UIP JBB,,TECHNICIAN PROJECT SITE,TECHNICIAN,PROJECT SITE,G2,S1 Teknik Elektro/Teknik Listrik,1,S1,Rekrut 2021,Distribusi,2,0.985
1491,2021,HOLDING,UID Riau & Kepri,,OFFICER ADMINISTRASI DAN UMUM,OFFICER,ADMINISTRASI DAN UMUM,G2,S1 Komunikasi/Hubungan Masyarakat,1,S1,Rekrut 2021,Komunikasi dan Umum,2,0.983
1492,2021,HOLDING,UID Riau & Kepri,,OFFICER KINERJA,OFFICER,KINERJA,G2,S1 Teknik Industri/Teknik Material,1,S1,Rekrut 2021,Perencanaan dan Kinerja,2,0.983
1493,2021,HOLDING,UID Riau & Kepri,,OFFICER PELAKSANA PENGADAAN,OFFICER,PELAKSANA PENGADAAN,G2,S1 Logistik/Supply Chain Management,1,S1,Rekrut 2021,Manajemen Konstruksi dan Pengadaan,2,0.983
1494,2021,HOLDING,UIP3B Kalimantan,,"OFFICER KESELAMATAN, KESEHATAN KERJA, LINGKUNGAN, DAN KEAMANAN",OFFICER,"KESELAMATAN, KESEHATAN KERJA, LINGKUNGAN, DAN KEAMANAN",G2,S1 Keselamatan Dan Kesehatan Kerja/Kesehatan Masyarakat K3,1,S1,3T,K3 dan Lingkungan,2,0.983
1495,2021,HOLDING,UIP3B Kalimantan,,OFFICER PENGENDALIAN ADMINISTRASI KONTRAK,OFFICER,PENGENDALIAN ADMINISTRASI KONTRAK,G2,S1 Logistik/Supply Chain Management,1,S1,3T,Manajemen Konstruksi dan Pengadaan,2,0.983
1496,2021,HOLDING,UIP3B Kalimantan,,OFFICER PERENCANAAN DAN EVALUASI OPERASI SISTEM,OFFICER,PERENCANAAN DAN EVALUASI OPERASI SISTEM,G2,S1 Teknik Kimia/Teknik Lingkungan,1,S1,3T,Perencanaan Sistem,2,0.983
1497,2021,HOLDING,UIP3B Kalimantan,,OFFICER STRATEGI OPERASI SISTEM,OFFICER,STRATEGI OPERASI SISTEM,G2,S1 Teknik Kimia/Teknik Lingkungan,1,S1,3T,Perencanaan Sistem,2,0.983
1498,2021,HOLDING,UIP3B Kalimantan,,TECHNICIAN PENGENDALIAN OPERASI DAN PEMELIHARAAN,TECHNICIAN,PENGENDALIAN OPERASI DAN PEMELIHARAAN,G2,S1 Teknik Elektro/Teknik Listrik,1,S1,3T,Distribusi,2,0.983
1499,2021,HOLDING,UIP3B Kalimantan,,TECHNICIAN PROTEKSI SISTEM,TECHNICIAN,PROTEKSI SISTEM,G2,S1 Teknik Elektro/Teknik Listrik,1,S1,3T,Proteksi dan Kontrol,2,0.983
1500,2021,HOLDING,PUSERTIF,,TECHNICIAN PENGELOLAAN INSPEKSI TRANSMISI DAN GARDU INDUK,TECHNICIAN,PENGELOLAAN INSPEKSI TRANSMISI DAN GARDU INDUK,G2,S1 Teknik Elektro/Teknik Listrik,1,S1,Rekrut 2021,Transmisi dan Gardu Induk,2,0.977
1501,2021,HOLDING,UIP Sumatera Bag Utara,,OFFICER ADMINISTRASI DAN UMUM,OFFICER,ADMINISTRASI DAN UMUM,G2,S1 Komunikasi/Hubungan Masyarakat,1,S1,Rekrut 2021,Komunikasi dan Umum,2,0.977
1502,2021,HOLDING,UID Sumut,,OFFICER PRIORITY ACCOUNT EXECUTIVE,OFFICER,PRIORITY ACCOUNT EXECUTIVE,G2,S1 Komunikasi/Hubungan Masyarakat,1,S1,Rekrut 2021,Komunikasi dan Umum,2,0.974
1503,2021,HOLDING,UID Lampung,,OFFICER KINERJA TRANSAKSI ENERGI LISTRIK,OFFICER,KINERJA TRANSAKSI ENERGI LISTRIK,G2,S1 Teknik Elektro/Teknik Listrik,1,S1,Rekrut 2021,Distribusi,2,0.968
1504,2021,HOLDING,UIT JBB,,"OFFICER KESELAMATAN, KESEHATAN KERJA DAN KEAMANAN",OFFICER,"KESELAMATAN, KESEHATAN KERJA DAN KEAMANAN",G2,S1 Keselamatan Dan Kesehatan Kerja/Kesehatan Masyarakat K3,1,S1,Rekrut 2021,K3 dan Lingkungan,2,0.966
1505,2021,HOLDING,UIT JBB,,OFFICER KEUANGAN DAN AKUNTANSI,OFFICER,KEUANGAN DAN AKUNTANSI,G2,S1 Akuntansi/Administrasi Fiskal,1,S1,Rekrut 2021,Keuangan dan Akuntansi,2,0.966
1506,2021,HOLDING,UIT JBB,,OFFICER PENGENDALIAN KONSTRUKSI PERALATAN GARDU INDUK,OFFICER,PENGENDALIAN KONSTRUKSI PERALATAN GARDU INDUK,G2,S1 Teknik Elektro/Teknik Listrik,1,S1,Rekrut 2021,Transmisi dan Gardu Induk,2,0.966
1507,2021,HOLDING,UIT JBTB,,TECHNICIAN PDKB GI/GITET,TECHNICIAN,PDKB GI/GITET,G2,S1 Teknik Elektro/Teknik Listrik,1,S1,Rekrut 2021,Transmisi dan Gardu Induk,2,0.961
1508,2021,HOLDING,Pusat Pengatur Beban,,OFFICER KEUANGAN DAN AKUNTANSI,OFFICER,KEUANGAN DAN AKUNTANSI,G2,S1 Akuntansi/Administrasi Fiskal,1,S1,Rekrut 2021,Keuangan dan Akuntansi,2,0.957
1509,2021,HOLDING,Pusat Pengatur Beban,,OFFICER KOMUNIKASI,OFFICER,KOMUNIKASI,G2,S1 Komunikasi/Hubungan Masyarakat,1,S1,Rekrut 2021,Komunikasi dan Umum,2,0.957
1510,2021,HOLDING,PUSDIKLAT,,"OFFICER PENGEMBANGAN, MUTU DAN KINERJA",OFFICER,"PENGEMBANGAN, MUTU DAN KINERJA",G2,S1 Teknik Industri/Teknik Material,1,S1,Rekrut 2021,Perencanaan dan Kinerja,2,0.951
1511,2021,HOLDING,UID Suluttenggo,,OFFICER ACCOUNT EXECUTIVE,OFFICER,ACCOUNT EXECUTIVE,G2,S1 Komunikasi/Hubungan Masyarakat,1,S1,3T,Komunikasi dan Umum,2,0.951
1512,2021,HOLDING,PUSHARLIS,,TECHNICIAN PERENCANAAN DAN PENGENDALIAN PRODUKSI,TECHNICIAN,PERENCANAAN DAN PENGENDALIAN PRODUKSI,G2,S1 Teknik Industri/Teknik Material,1,S1,Rekrut 2021,Perencanaan dan Kinerja,2,0.944
1513,2021,HOLDING,PUSLITBANG,,"OFFICER ASET PROPERTI, KOMUNIKASI DAN UMUM",OFFICER,"ASET PROPERTI, KOMUNIKASI DAN UMUM",G2,S1 Komunikasi/Hubungan Masyarakat,1,S1,Rekrut 2021,Komunikasi dan Umum,2,0.926
1514,2021,HOLDING,UIP Sumatera Bag Tengah,,OFFICER PENGENDALIAN KONSTRUKSI,OFFICER,PENGENDALIAN KONSTRUKSI,G2,S1 Logistik/Supply Chain Management,1,S1,Rekrut 2021,Manajemen Konstruksi dan Pengadaan,2,0.921
1515,2021,HOLDING,UIT JBT,,OFFICER ADMINISTRASI DAN UMUM,OFFICER,ADMINISTRASI DAN UMUM,G2,S1 Komunikasi/Hubungan Masyarakat,1,S1,Rekrut 2021,Komunikasi dan Umum,2,0.915
1516,2021,HOLDING,UID Jakarta Raya,,OFFICER ADMINISTRASI DAN PELAYANAN PELANGGAN,OFFICER,ADMINISTRASI DAN PELAYANAN PELANGGAN,G2,S1 Manajemen Pemasaran/Digital Marketing Dan Analytics,1,S1,Rekrut 2021,Niaga dan Pemasaran,2,0.911
1517,2021,HOLDING,UID Jakarta Raya,,OFFICER ADMINISTRASI DAN UMUM,OFFICER,ADMINISTRASI DAN UMUM,G2,S1 Komunikasi/Hubungan Masyarakat,1,S1,Rekrut 2021,Komunikasi dan Umum,2,0.911
1518,2021,HOLDING,UID Jakarta Raya,,OFFICER PENGELOLAAN PIUTANG,OFFICER,PENGELOLAAN PIUTANG,G2,S1 Teknik Industri/Teknik Material,1,S1,Rekrut 2021,Perencanaan dan Kinerja,2,0.911
1519,2021,HOLDING,UID Jakarta Raya,,TECHNICIAN PEMELIHARAAN APP,TECHNICIAN,PEMELIHARAAN APP,G2,S1 Teknik Elektro/Teknik Listrik,1,S1,Rekrut 2021,Distribusi,2,0.911
1520,2021,HOLDING,UID Sumbar,,OFFICER KINERJA,OFFICER,KINERJA,G2,S1 Teknik Industri/Teknik Material,1,S1,Rekrut 2021,Perencanaan dan Kinerja,2,0.904
1521,2021,HOLDING,UID Aceh,,OFFICER KINERJA,OFFICER,KINERJA,G2,S1 Teknik Industri/Teknik Material,1,S1,3T,Perencanaan dan Kinerja,2,0.9
1522,2021,HOLDING,UIP Sulawesi,,OFFICER PENGENDALIAN PROYEK,OFFICER,PENGENDALIAN PROYEK,G2,S1 Logistik/Supply Chain Management,1,S1,3T,Manajemen Konstruksi dan Pengadaan,2,0.9
1523,2021,HOLDING,UID Jawa Tengah & DIY,,OFFICER ADMINISTRASI DAN UMUM,OFFICER,ADMINISTRASI DAN UMUM,G2,S1 Komunikasi/Hubungan Masyarakat,1,S1,Rekrut 2021,Komunikasi dan Umum,2,0.893
1524,2021,HOLDING,UID Kalbar,,OFFICER ACCOUNT EXECUTIVE,OFFICER,ACCOUNT EXECUTIVE,G2,S1 Komunikasi/Hubungan Masyarakat,1,S1,3T,Komunikasi dan Umum,2,0.893
1525,2021,HOLDING,UID Kalbar,,OFFICER KINERJA KEUANGAN DAN UMUM,OFFICER,KINERJA KEUANGAN DAN UMUM,G2,S1 Akuntansi/Administrasi Fiskal,1,S1,3T,Keuangan dan Akuntansi,2,0.893
1526,2021,HOLDING,UID Kalbar,,OFFICER PERENCANAAN DAN EVALUASI SISTEM DISTRIBUSI,OFFICER,PERENCANAAN DAN EVALUASI SISTEM DISTRIBUSI,G2,S1 Teknik Kimia/Teknik Lingkungan,1,S1,3T,Perencanaan Sistem,2,0.893
1527,2021,HOLDING,UID Kalbar,,TECHNICIAN KONSTRUKSI LISTRIK PERDESAAN,TECHNICIAN,KONSTRUKSI LISTRIK PERDESAAN,G2,S1 Teknik Elektro/Teknik Listrik,1,S1,3T,Distribusi,2,0.893
1528,2021,HOLDING,UID Kalbar,,TECHNICIAN PEMELIHARAAN DISTRIBUSI,TECHNICIAN,PEMELIHARAAN DISTRIBUSI,G2,S1 Teknik Elektro/Teknik Listrik,1,S1,3T,Distribusi,2,0.893
1529,2021,HOLDING,UID Kalbar,,TECHNICIAN PEMELIHARAAN ELEKTROMEKANIK,TECHNICIAN,PEMELIHARAAN ELEKTROMEKANIK,G2,S1 Teknik Mesin/Konversi Energi,1,S1,3T,Pembangkitan,2,0.893
1530,2021,HOLDING,PUSERTIF,,TECHNICIAN PENGELOLAAN INSPEKSI DISTRIBUSI,TECHNICIAN,PENGELOLAAN INSPEKSI DISTRIBUSI,G2,S1 Teknik Elektro/Teknik Listrik,1,S1,Rekrut 2021,Distribusi,2,0.879
1531,2021,HOLDING,PUSERTIF,,TECHNICIAN PENGELOLAAN PENGUJIAN PRODUK TEGANGAN RENDAH,TECHNICIAN,PENGELOLAAN PENGUJIAN PRODUK TEGANGAN RENDAH,G2,S1 Teknik Industri/Teknik Material,1,S1,Rekrut 2021,Perencanaan dan Kinerja,2,0.879
1532,2021,HOLDING,UIP JBT,,OFFICER PELAKSANA PENGADAAN,OFFICER,PELAKSANA PENGADAAN,G2,S1 Logistik/Supply Chain Management,1,S1,Rekrut 2021,Manajemen Konstruksi dan Pengadaan,2,0.873
1533,2021,HOLDING,UIP JBT,,OFFICER PERENCANAAN UMUM DAN KINERJA,OFFICER,PERENCANAAN UMUM DAN KINERJA,G2,S1 Komunikasi/Hubungan Masyarakat,1,S1,Rekrut 2021,Komunikasi dan Umum,2,0.873
1534,2021,HOLDING,Kantor Pusat,,OFFICER AUDIT TRANSMISI DAN DISTRIBUSI 3D,OFFICER,AUDIT TRANSMISI DAN DISTRIBUSI 3D,G2,S1 Teknik Elektro/Teknik Listrik,1,S1,Rekrut 2021,Transmisi dan Gardu Induk,2,0.87
1535,2021,HOLDING,Kantor Pusat,,OFFICER MANAJEMEN DAN ENJINIRING DATA PERUSAHAAN,OFFICER,MANAJEMEN DAN ENJINIRING DATA PERUSAHAAN,G2,S1 Teknik Kimia/Teknik Lingkungan,1,S1,Rekrut 2021,Perencanaan Sistem,2,0.87
1536,2021,HOLDING,Kantor Pusat,,OFFICER PELAPORAN AUDIT,OFFICER,PELAPORAN AUDIT,G2,S1 Akuntansi/Administrasi Fiskal,1,S1,Rekrut 2021,Audit dan Risiko,2,0.87
1537,2021,HOLDING,Kantor Pusat,,OFFICER PERENCANA PENGADAAN PLTP IPP,OFFICER,PERENCANA PENGADAAN PLTP IPP,G2,S1 Teknik Mesin/Konversi Energi,1,S1,Rekrut 2021,Pembangkitan,2,0.87
1538,2021,HOLDING,Kantor Pusat,,TECHNICIAN KONSTRUKSI PEMBANGKIT,TECHNICIAN,KONSTRUKSI PEMBANGKIT,G2,S1 Teknik Mesin/Konversi Energi,1,S1,Rekrut 2021,Pembangkitan,2,0.87
1539,2021,HOLDING,UIP Nusa Tenggara,,OFFICER PENGENDALIAN PROYEK,OFFICER,PENGENDALIAN PROYEK,G2,S1 Logistik/Supply Chain Management,1,S1,3T,Manajemen Konstruksi dan Pengadaan,2,0.868
1540,2021,HOLDING,PUSMANPRO,,"OFFICER ASET PROPERTI, KOMUNIKASI DAN UMUM",OFFICER,"ASET PROPERTI, KOMUNIKASI DAN UMUM",G2,S1 Komunikasi/Hubungan Masyarakat,1,S1,Rekrut 2021,Komunikasi dan Umum,2,0.861
1541,2021,HOLDING,PUSMANPRO,,OFFICER KEUANGAN DAN AKUNTANSI,OFFICER,KEUANGAN DAN AKUNTANSI,G2,S1 Akuntansi/Administrasi Fiskal,1,S1,Rekrut 2021,Keuangan dan Akuntansi,2,0.861
1542,2021,HOLDING,UIW NusaTenggaraTimur,,OFFICER NIAGA DAN PELAYANAN PELANGGAN,OFFICER,NIAGA DAN PELAYANAN PELANGGAN,G2,S1 Manajemen Pemasaran/Digital Marketing Dan Analytics,1,S1,3T,Niaga dan Pemasaran,2,0.858
1543,2021,HOLDING,UIW NusaTenggaraTimur,,OFFICER PERENCANAAN DAN EVALUASI SISTEM DISTRIBUSI,OFFICER,PERENCANAAN DAN EVALUASI SISTEM DISTRIBUSI,G2,S1 Teknik Kimia/Teknik Lingkungan,1,S1,3T,Perencanaan Sistem,2,0.858
1544,2021,HOLDING,UIW NusaTenggaraTimur,,TECHNICIAN ENJINIRING DAN KINERJA,TECHNICIAN,ENJINIRING DAN KINERJA,G2,S1 Teknik Kimia/Teknik Lingkungan,1,S1,3T,Perencanaan Sistem,2,0.858
1545,2021,HOLDING,UIW NusaTenggaraTimur,,TECHNICIAN OPERASI DISTRIBUSI,TECHNICIAN,OPERASI DISTRIBUSI,G2,S1 Teknik Elektro/Teknik Listrik,1,S1,3T,Distribusi,2,0.858
1546,2021,HOLDING,P3B Sumatera,,OFFICER KEUANGAN DAN ANGGARAN,OFFICER,KEUANGAN DAN ANGGARAN,G2,S1 Akuntansi/Administrasi Fiskal,1,S1,Rekrut 2021,Keuangan dan Akuntansi,2,0.855
1547,2021,HOLDING,P3B Sumatera,,OFFICER PERENCANAAN DAN EVALUASI PEMELIHARAAN GARDU INDUK,OFFICER,PERENCANAAN DAN EVALUASI PEMELIHARAAN GARDU INDUK,G2,S1 Teknik Elektro/Teknik Listrik,1,S1,Rekrut 2021,Transmisi dan Gardu Induk,2,0.855
1548,2021,HOLDING,P3B Sumatera,,TECHNICIAN PROTEKSI SISTEM,TECHNICIAN,PROTEKSI SISTEM,G2,S1 Teknik Elektro/Teknik Listrik,1,S1,Rekrut 2021,Proteksi dan Kontrol,2,0.855
1549,2021,HOLDING,UIW Papua&Papua Barat,,OFFICER MAPPING DATA JARINGAN DAN PELANGGAN,OFFICER,MAPPING DATA JARINGAN DAN PELANGGAN,G2,S1 Teknik Elektro/Teknik Listrik,1,S1,3T,Distribusi,2,0.855
1550,2021,HOLDING,UIW Papua&Papua Barat,,OFFICER PERENCANAAN LISTRIK PERDESAAN,OFFICER,PERENCANAAN LISTRIK PERDESAAN,G2,S1 Teknik Elektro/Teknik Listrik,1,S1,3T,Distribusi,2,0.855
1551,2021,HOLDING,UIW Papua&Papua Barat,,OFFICER PERENCANAAN SISTEM KELISTRIKAN,OFFICER,PERENCANAAN SISTEM KELISTRIKAN,G2,S1 Teknik Kimia/Teknik Lingkungan,1,S1,3T,Perencanaan Sistem,2,0.855
1552,2021,HOLDING,UIW Papua&Papua Barat,,TECHNICIAN PENGELOLAAN KONSTRUKSI,TECHNICIAN,PENGELOLAAN KONSTRUKSI,G2,S1 Logistik/Supply Chain Management,1,S1,3T,Manajemen Konstruksi dan Pengadaan,2,0.855
1553,2021,HOLDING,Pusat Pengatur Beban,,TECHNICIAN OPERASI SISTEM D,TECHNICIAN,OPERASI SISTEM D,G2,S1 Teknik Kimia/Teknik Lingkungan,1,S1,Rekrut 2021,Perencanaan Sistem,2,0.851
1554,2021,HOLDING,UID Kaltimra,,OFFICER ACCOUNT EXECUTIVE,OFFICER,ACCOUNT EXECUTIVE,G2,S1 Komunikasi/Hubungan Masyarakat,1,S1,3T,Komunikasi dan Umum,2,0.845
1555,2021,HOLDING,UID Kaltimra,,OFFICER ADMINISTRASI DAN UMUM,OFFICER,ADMINISTRASI DAN UMUM,G2,S1 Komunikasi/Hubungan Masyarakat,1,S1,3T,Komunikasi dan Umum,2,0.845
1556,2021,HOLDING,UID Kaltimra,,OFFICER KEUANGAN DAN ANGGARAN,OFFICER,KEUANGAN DAN ANGGARAN,G2,S1 Akuntansi/Administrasi Fiskal,1,S1,3T,Keuangan dan Akuntansi,2,0.845
1557,2021,HOLDING,UID Kaltimra,,OFFICER KINERJA JARINGAN DAN KONSTRUKSI DISTRIBUSI,OFFICER,KINERJA JARINGAN DAN KONSTRUKSI DISTRIBUSI,G2,S1 Teknik Elektro/Teknik Listrik,1,S1,3T,Distribusi,2,0.845
1558,2021,HOLDING,UID Kaltimra,,OFFICER KINERJA TRANSAKSI ENERGI LISTRIK,OFFICER,KINERJA TRANSAKSI ENERGI LISTRIK,G2,S1 Teknik Elektro/Teknik Listrik,1,S1,3T,Distribusi,2,0.845
1559,2021,HOLDING,UID Kaltimra,,OFFICER PERENCANAAN DAN EVALUASI SISTEM DISTRIBUSI,OFFICER,PERENCANAAN DAN EVALUASI SISTEM DISTRIBUSI,G2,S1 Teknik Kimia/Teknik Lingkungan,1,S1,3T,Perencanaan Sistem,2,0.845
1560,2021,HOLDING,UID Kaltimra,,OFFICER PRIORITY ACCOUNT EXECUTIVE,OFFICER,PRIORITY ACCOUNT EXECUTIVE,G2,S1 Komunikasi/Hubungan Masyarakat,1,S1,3T,Komunikasi dan Umum,2,0.845
1561,2021,HOLDING,UID Kaltimra,,TECHNICIAN PEMELIHARAAN METER TRANSAKSI,TECHNICIAN,PEMELIHARAAN METER TRANSAKSI,G2,S1 Teknik Elektro/Teknik Listrik,1,S1,3T,Distribusi,2,0.845
1562,2021,HOLDING,UID Kaltimra,,TECHNICIAN PENGELOLAAN KONSTRUKSI DISTRIBUSI,TECHNICIAN,PENGELOLAAN KONSTRUKSI DISTRIBUSI,G2,S1 Teknik Elektro/Teknik Listrik,1,S1,3T,Distribusi,2,0.845
1563,2021,HOLDING,UID Kaltimra,,TECHNICIAN PENGENDALIAN SUSUT,TECHNICIAN,PENGENDALIAN SUSUT,G2,S1 Teknik Elektro/Teknik Listrik,1,S1,3T,Distribusi,2,0.845
1564,2021,HOLDING,UID Jawa Barat,,TECHNICIAN PEMELIHARAAN DISTRIBUSI,TECHNICIAN,PEMELIHARAAN DISTRIBUSI,G2,S1 Teknik Elektro/Teknik Listrik,1,S1,Rekrut 2021,Distribusi,2,0.844
1565,2021,HOLDING,UID Jawa Barat,,TECHNICIAN PROTEKSI DAN METER,TECHNICIAN,PROTEKSI DAN METER,G2,S1 Teknik Elektro/Teknik Listrik,1,S1,Rekrut 2021,Proteksi dan Kontrol,2,0.844
1566,2021,HOLDING,UIP Sumatera Bag Utara,,TECHNICIAN PENGENDALIAN KONSTRUKSI,TECHNICIAN,PENGENDALIAN KONSTRUKSI,G2,S1 Logistik/Supply Chain Management,1,S1,Rekrut 2021,Manajemen Konstruksi dan Pengadaan,2,0.838
1567,2021,HOLDING,UID S2JB,,OFFICER PELAKSANA PENGADAAN,OFFICER,PELAKSANA PENGADAAN,G2,S1 Logistik/Supply Chain Management,1,S1,3T,Manajemen Konstruksi dan Pengadaan,2,0.833
1568,2021,HOLDING,UID Sulselrabar,,OFFICER KINERJA NIAGA DAN PEMASARAN,OFFICER,KINERJA NIAGA DAN PEMASARAN,G2,S1 Manajemen Pemasaran/Digital Marketing Dan Analytics,1,S1,3T,Niaga dan Pemasaran,2,0.825
1569,2021,HOLDING,UIP JBB,,"OFFICER ASET, PERTANAHAN DAN ROW",OFFICER,"ASET, PERTANAHAN DAN ROW",G2,S1 Logistik/Supply Chain Management,1,S1,Rekrut 2021,Manajemen Konstruksi dan Pengadaan,2,0.821
1570,2021,HOLDING,UIP JBB,,OFFICER PELAKSANA PENGADAAN,OFFICER,PELAKSANA PENGADAAN,G2,S1 Logistik/Supply Chain Management,1,S1,Rekrut 2021,Manajemen Konstruksi dan Pengadaan,2,0.821
1571,2021,HOLDING,UIP JBB,,OFFICER PERIZINAN DAN PERTANAHAN,OFFICER,PERIZINAN DAN PERTANAHAN,G2,S1 Logistik/Supply Chain Management,1,S1,Rekrut 2021,Manajemen Konstruksi dan Pengadaan,2,0.821
1572,2021,HOLDING,UIT JBT,,TECHNICIAN JARINGAN TRANSMISI DAN GARDU INDUK,TECHNICIAN,JARINGAN TRANSMISI DAN GARDU INDUK,G2,S1 Teknik Elektro/Teknik Listrik,1,S1,Rekrut 2021,Transmisi dan Gardu Induk,2,0.813
1573,2021,HOLDING,UIT JBT,,TECHNICIAN JARINGAN TRANSMISI DAN GARDU INDUK TEGANGAN EKSTRA TINGGI,TECHNICIAN,JARINGAN TRANSMISI DAN GARDU INDUK TEGANGAN EKSTRA TINGGI,G2,S1 Teknik Elektro/Teknik Listrik,1,S1,Rekrut 2021,Transmisi dan Gardu Induk,2,0.813
1574,2021,HOLDING,UIT JBT,,TECHNICIAN PDKB GI/GITET,TECHNICIAN,PDKB GI/GITET,G2,S1 Teknik Elektro/Teknik Listrik,1,S1,Rekrut 2021,Transmisi dan Gardu Induk,2,0.813
1575,2021,HOLDING,UIT JBT,,TECHNICIAN PDKB SUTT/SUTET,TECHNICIAN,PDKB SUTT/SUTET,G2,S1 Teknik Elektro/Teknik Listrik,1,S1,Rekrut 2021,Transmisi dan Gardu Induk,2,0.813
1576,2021,HOLDING,UID Sumut,,OFFICER LOGISTIK,OFFICER,LOGISTIK,G2,S1 Logistik/Supply Chain Management,1,S1,Rekrut 2021,Manajemen Konstruksi dan Pengadaan,2,0.812
1577,2021,HOLDING,UID Banten,,OFFICER KINERJA KONSTRUKSI DISTRIBUSI,OFFICER,KINERJA KONSTRUKSI DISTRIBUSI,G2,S1 Teknik Elektro/Teknik Listrik,1,S1,Rekrut 2021,Distribusi,2,0.804
1578,2021,HOLDING,UID Banten,,OFFICER PELAKSANA PENGADAAN,OFFICER,PELAKSANA PENGADAAN,G2,S1 Logistik/Supply Chain Management,1,S1,Rekrut 2021,Manajemen Konstruksi dan Pengadaan,2,0.804
1579,2021,HOLDING,UID Banten,,TECHNICIAN TEKNIK LAYANAN PELANGGAN,TECHNICIAN,TEKNIK LAYANAN PELANGGAN,G2,S1 Teknik Elektro/Teknik Listrik,1,S1,Rekrut 2021,Distribusi,2,0.804
1580,2021,HOLDING,UIW Bangka Belitung,,OFFICER KINERJA KEUANGAN DAN UMUM,OFFICER,KINERJA KEUANGAN DAN UMUM,G2,S1 Akuntansi/Administrasi Fiskal,1,S1,Rekrut 2021,Keuangan dan Akuntansi,2,0.804
1581,2021,HOLDING,UIT JBTB,,OFFICER ADMINISTRASI DAN UMUM,OFFICER,ADMINISTRASI DAN UMUM,G2,S1 Komunikasi/Hubungan Masyarakat,1,S1,Rekrut 2021,Komunikasi dan Umum,2,0.801
1582,2021,HOLDING,UIT JBTB,,TECHNICIAN JARINGAN TRANSMISI DAN GARDU INDUK TEGANGAN EKSTRA TINGGI,TECHNICIAN,JARINGAN TRANSMISI DAN GARDU INDUK TEGANGAN EKSTRA TINGGI,G2,S1 Teknik Elektro/Teknik Listrik,1,S1,Rekrut 2021,Transmisi dan Gardu Induk,2,0.801
1583,2021,HOLDING,UID Jawa Tengah & DIY,,TECHNICIAN TEKNIK LAYANAN PELANGGAN,TECHNICIAN,TEKNIK LAYANAN PELANGGAN,G2,S1 Teknik Elektro/Teknik Listrik,1,S1,Rekrut 2021,Distribusi,2,0.794
1584,2021,HOLDING,PUSMANPRO,,TECHNICIAN MANAJEMEN KONSTRUKSI PEMBANGKITAN,TECHNICIAN,MANAJEMEN KONSTRUKSI PEMBANGKITAN,G2,S1 Teknik Mesin/Konversi Energi,1,S1,Rekrut 2021,Pembangkitan,2,4.016
1585,2021,HOLDING,UID Kaltimra,,TECHNICIAN PDKB,TECHNICIAN,PDKB,G2,S1 Teknik Elektro/Teknik Listrik,1,S1,3T,Distribusi,2,4.013
1586,2021,HOLDING,UID Jakarta Raya,,OFFICER KINERJA TRANSAKSI ENERGI LISTRIK,OFFICER,KINERJA TRANSAKSI ENERGI LISTRIK,G2,S1 Teknik Elektro/Teknik Listrik,1,S1,Rekrut 2021,Distribusi,2,3.946
1587,2021,HOLDING,UID Jawa Barat,,OFFICER KINERJA,OFFICER,KINERJA,G2,S1 Teknik Industri/Teknik Material,1,S1,Rekrut 2021,Perencanaan dan Kinerja,2,3.882
1588,2021,HOLDING,UID Jawa Barat,,OFFICER KINERJA TRANSAKSI ENERGI LISTRIK,OFFICER,KINERJA TRANSAKSI ENERGI LISTRIK,G2,S1 Teknik Elektro/Teknik Listrik,1,S1,Rekrut 2021,Distribusi,2,3.882
1589,2021,HOLDING,UIW Papua&Papua Barat,,TECHNICIAN PENGENDALIAN OPERASI DAN PEMELIHARAAN PUSAT LISTRIK,TECHNICIAN,PENGENDALIAN OPERASI DAN PEMELIHARAAN PUSAT LISTRIK,G2,S1 Teknik Mesin/Konversi Energi,1,S1,3T,Pembangkitan,2,3.848
1590,2021,HOLDING,UIT JBTB,,OFFICER KINERJA,OFFICER,KINERJA,G2,S1 Teknik Industri/Teknik Material,1,S1,Rekrut 2021,Perencanaan dan Kinerja,2,3.845
1591,2021,HOLDING,UIW Maluku&Malut,,OFFICER KINERJA KEUANGAN DAN UMUM,OFFICER,KINERJA KEUANGAN DAN UMUM,G2,S1 Akuntansi/Administrasi Fiskal,1,S1,3T,Keuangan dan Akuntansi,2,3.75
1592,2021,HOLDING,UIW Maluku&Malut,,TECHNICIAN PDKB,TECHNICIAN,PDKB,G2,S1 Teknik Elektro/Teknik Listrik,1,S1,3T,Distribusi,2,3.75
1593,2021,HOLDING,UIP JBT,,OFFICER PENGENDALIAN PROYEK,OFFICER,PENGENDALIAN PROYEK,G2,S1 Logistik/Supply Chain Management,1,S1,Rekrut 2021,Manajemen Konstruksi dan Pengadaan,2,3.619
1594,2021,HOLDING,UID Jakarta Raya,,OFFICER KINERJA,OFFICER,KINERJA,G2,S1 Teknik Industri/Teknik Material,1,S1,Rekrut 2021,Perencanaan dan Kinerja,2,3.49
1595,2021,HOLDING,UIP JBB,,OFFICER PENGENDALIAN PROYEK,OFFICER,PENGENDALIAN PROYEK,G2,S1 Logistik/Supply Chain Management,1,S1,Rekrut 2021,Manajemen Konstruksi dan Pengadaan,2,3.449
1596,2021,HOLDING,UIT JBB,,TECHNICIAN PEMELIHARAAN GARDU INDUK,TECHNICIAN,PEMELIHARAAN GARDU INDUK,G2,S1 Teknik Elektro/Teknik Listrik,1,S1,Rekrut 2021,Transmisi dan Gardu Induk,2,3.383
1597,2021,HOLDING,P3B Sumatera,,JUNIOR TECHNICIAN JARINGAN TRANSMISI DAN GARDU INDUK TEGANGAN EKSTRA TINGGI,JUNIOR TECHNICIAN,JARINGAN TRANSMISI DAN GARDU INDUK TEGANGAN EKSTRA TINGGI,G1,D3 Teknik Elektro/Teknik Listrik,1,D3,Rekrut 2021,Transmisi dan Gardu Induk,1,3.324
1598,2021,HOLDING,UID Jawa Tengah & DIY,,JUNIOR OFFICER PELAYANAN PELANGGAN,JUNIOR OFFICER,PELAYANAN PELANGGAN,G1,D3 Manajemen Pemasaran/Digital Marketing Dan Analytics,1,D3,Rekrut 2021,Niaga dan Pemasaran,1,3.295
1599,2021,HOLDING,UID Kalbar,,JUNIOR OFFICER PELAYANAN PELANGGAN,JUNIOR OFFICER,PELAYANAN PELANGGAN,G1,D3 Manajemen Pemasaran/Digital Marketing Dan Analytics,1,D3,3T,Niaga dan Pemasaran,1,3.224
1600,2021,HOLDING,UIP JBB,,JUNIOR OFFICER ADMINISTRASI DAN UMUM,JUNIOR OFFICER,ADMINISTRASI DAN UMUM,G1,D3 Komunikasi/Hubungan Masyarakat,1,D3,Rekrut 2021,Komunikasi dan Umum,1,3.184
1601,2021,HOLDING,P3B Sumatera,,JUNIOR TECHNICIAN PDKB SUTT/SUTET,JUNIOR TECHNICIAN,PDKB SUTT/SUTET,G1,D3 Teknik Elektro/Teknik Listrik,1,D3,Rekrut 2021,Transmisi dan Gardu Induk,1,3.137
1602,2021,HOLDING,UID Sumut,,JUNIOR TECHNICIAN PDKB,JUNIOR TECHNICIAN,PDKB,G1,D3 Teknik Elektro/Teknik Listrik,1,D3,Rekrut 2021,Distribusi,1,3.038
1603,2021,HOLDING,UID Kaltimra,,JUNIOR TECHNICIAN TEKNIK LAYANAN PELANGGAN,JUNIOR TECHNICIAN,TEKNIK LAYANAN PELANGGAN,G1,D3 Teknik Elektro/Teknik Listrik,1,D3,3T,Distribusi,1,3.02
1604,2021,HOLDING,UIW Maluku&Malut,,JUNIOR TECHNICIAN PDKB,JUNIOR TECHNICIAN,PDKB,G1,D3 Teknik Elektro/Teknik Listrik,1,D3,3T,Distribusi,1,2.978
1605,2021,HOLDING,UID Kalbar,,JUNIOR TECHNICIAN TRANSAKSI ENERGI LAYANAN PELANGGAN,JUNIOR TECHNICIAN,TRANSAKSI ENERGI LAYANAN PELANGGAN,G1,D3 Teknik Elektro/Teknik Listrik,1,D3,3T,Distribusi,1,2.955
1606,2021,HOLDING,UID Kaltimra,,JUNIOR TECHNICIAN TRANSAKSI ENERGI LAYANAN PELANGGAN,JUNIOR TECHNICIAN,TRANSAKSI ENERGI LAYANAN PELANGGAN,G1,D3 Teknik Elektro/Teknik Listrik,1,D3,3T,Distribusi,1,2.923
1607,2021,HOLDING,UIW Papua&Papua Barat,,JUNIOR TECHNICIAN OPERASI PUSAT LISTRIK,JUNIOR TECHNICIAN,OPERASI PUSAT LISTRIK,G1,D3 Teknik Mesin/Konversi Energi,1,D3,3T,Pembangkitan,1,2.912
1608,2021,HOLDING,UID Kalselteng,,JUNIOR OFFICER PELAYANAN PELANGGAN,JUNIOR OFFICER,PELAYANAN PELANGGAN,G1,D3 Manajemen Pemasaran/Digital Marketing Dan Analytics,1,D3,3T,Niaga dan Pemasaran,1,2.866
1609,2021,HOLDING,UID Sumut,,JUNIOR TECHNICIAN TEKNIK LAYANAN PELANGGAN,JUNIOR TECHNICIAN,TEKNIK LAYANAN PELANGGAN,G1,D3 Teknik Elektro/Teknik Listrik,1,D3,Rekrut 2021,Distribusi,1,2.859
1610,2021,HOLDING,UID Jawa Tengah & DIY,,JUNIOR TECHNICIAN PDKB,JUNIOR TECHNICIAN,PDKB,G1,D3 Teknik Elektro/Teknik Listrik,1,D3,Rekrut 2021,Distribusi,1,2.856
1611,2021,HOLDING,UIT JBB,,"JUNIOR TECHNICIAN PEMELIHARAAN PROTEKSI, METER, DAN OTOMASI TRANSMISI DAN GARDU INDUK",JUNIOR TECHNICIAN,"PEMELIHARAAN PROTEKSI, METER, DAN OTOMASI TRANSMISI DAN GARDU INDUK",G1,D3 Teknik Elektro/Teknik Listrik,1,D3,Rekrut 2021,Transmisi dan Gardu Induk,1,2.846
1612,2021,HOLDING,UID Sumut,,JUNIOR OFFICER PELAYANAN PELANGGAN,JUNIOR OFFICER,PELAYANAN PELANGGAN,G1,D3 Manajemen Pemasaran/Digital Marketing Dan Analytics,1,D3,Rekrut 2021,Niaga dan Pemasaran,1,2.77
1613,2021,HOLDING,UID Kalselteng,,JUNIOR TECHNICIAN PDKB,JUNIOR TECHNICIAN,PDKB,G1,D3 Teknik Elektro/Teknik Listrik,1,D3,3T,Distribusi,1,2.73
1614,2021,HOLDING,UID Banten,,JUNIOR TECHNICIAN PDKB,JUNIOR TECHNICIAN,PDKB,G1,D3 Teknik Elektro/Teknik Listrik,1,D3,Rekrut 2021,Distribusi,1,2.716
1615,2021,HOLDING,Kantor Pusat,,JUNIOR OFFICER ADMINISTRASI MANAJEMEN DIGITAL,JUNIOR OFFICER,ADMINISTRASI MANAJEMEN DIGITAL,G1,D3 Data Science/Teknik Informatika,1,D3,Rekrut 2021,Teknologi Informasi,1,2.71
1616,2021,HOLDING,Kantor Pusat,,JUNIOR OFFICER ADMINISTRASI STRATEGI HUMAN CAPITAL,JUNIOR OFFICER,ADMINISTRASI STRATEGI HUMAN CAPITAL,G1,D3 Psikologi/Kepegawaian,1,D3,Rekrut 2021,Sumber Daya Manusia,1,2.71
1617,2021,HOLDING,Kantor Pusat,,JUNIOR OFFICER DANA PENSIUN DAN JAMINAN SOSIAL,JUNIOR OFFICER,DANA PENSIUN DAN JAMINAN SOSIAL,G1,D3 Komunikasi/Hubungan Masyarakat,1,D3,Rekrut 2021,Komunikasi dan Umum,1,2.71
1618,2021,HOLDING,Kantor Pusat,,JUNIOR OFFICER HUBUNGAN PEMERINTAHAN,JUNIOR OFFICER,HUBUNGAN PEMERINTAHAN,G1,D3 Komunikasi/Hubungan Masyarakat,1,D3,Rekrut 2021,Komunikasi dan Umum,1,2.71
1619,2021,HOLDING,Kantor Pusat,,JUNIOR OFFICER PELAYANAN HUMAN CAPITAL BALIKPAPAN,JUNIOR OFFICER,PELAYANAN HUMAN CAPITAL BALIKPAPAN,G1,D3 Psikologi/Kepegawaian,1,D3,Rekrut 2021,Sumber Daya Manusia,1,2.71
1620,2021,HOLDING,Kantor Pusat,,JUNIOR OFFICER PELAYANAN HUMAN CAPITAL BANJARBARU,JUNIOR OFFICER,PELAYANAN HUMAN CAPITAL BANJARBARU,G1,D3 Psikologi/Kepegawaian,1,D3,Rekrut 2021,Sumber Daya Manusia,1,2.71
1621,2021,HOLDING,Kantor Pusat,,JUNIOR OFFICER PELAYANAN HUMAN CAPITAL DEPOK,JUNIOR OFFICER,PELAYANAN HUMAN CAPITAL DEPOK,G1,D3 Psikologi/Kepegawaian,1,D3,Rekrut 2021,Sumber Daya Manusia,1,2.71
1622,2021,HOLDING,Kantor Pusat,,JUNIOR OFFICER PELAYANAN HUMAN CAPITAL KANTOR PUSAT,JUNIOR OFFICER,PELAYANAN HUMAN CAPITAL KANTOR PUSAT,G1,D3 Psikologi/Kepegawaian,1,D3,Rekrut 2021,Sumber Daya Manusia,1,2.71
1623,2021,HOLDING,Kantor Pusat,,JUNIOR OFFICER PELAYANAN HUMAN CAPITAL KUPANG,JUNIOR OFFICER,PELAYANAN HUMAN CAPITAL KUPANG,G1,D3 Psikologi/Kepegawaian,1,D3,Rekrut 2021,Sumber Daya Manusia,1,2.71
1624,2021,HOLDING,Kantor Pusat,,JUNIOR OFFICER PELAYANAN HUMAN CAPITAL MAKASSAR,JUNIOR OFFICER,PELAYANAN HUMAN CAPITAL MAKASSAR,G1,D3 Psikologi/Kepegawaian,1,D3,Rekrut 2021,Sumber Daya Manusia,1,2.71
1625,2021,HOLDING,Kantor Pusat,,JUNIOR OFFICER PELAYANAN HUMAN CAPITAL PADANG,JUNIOR OFFICER,PELAYANAN HUMAN CAPITAL PADANG,G1,D3 Psikologi/Kepegawaian,1,D3,Rekrut 2021,Sumber Daya Manusia,1,2.71
1626,2021,HOLDING,Kantor Pusat,,JUNIOR OFFICER PELAYANAN HUMAN CAPITAL PALEMBANG,JUNIOR OFFICER,PELAYANAN HUMAN CAPITAL PALEMBANG,G1,D3 Psikologi/Kepegawaian,1,D3,Rekrut 2021,Sumber Daya Manusia,1,2.71
1627,2021,HOLDING,Kantor Pusat,,JUNIOR OFFICER PELAYANAN HUMAN CAPITAL PEKANBARU,JUNIOR OFFICER,PELAYANAN HUMAN CAPITAL PEKANBARU,G1,D3 Psikologi/Kepegawaian,1,D3,Rekrut 2021,Sumber Daya Manusia,1,2.71
1628,2021,HOLDING,Kantor Pusat,,JUNIOR OFFICER PELAYANAN HUMAN CAPITAL PONTIANAK,JUNIOR OFFICER,PELAYANAN HUMAN CAPITAL PONTIANAK,G1,D3 Psikologi/Kepegawaian,1,D3,Rekrut 2021,Sumber Daya Manusia,1,2.71
1629,2021,HOLDING,Kantor Pusat,,JUNIOR OFFICER PEMBAYARAN UNIT,JUNIOR OFFICER,PEMBAYARAN UNIT,G1,D3 Komunikasi/Hubungan Masyarakat,1,D3,Rekrut 2021,Komunikasi dan Umum,1,2.71
1630,2021,HOLDING,Kantor Pusat,,JUNIOR OFFICER PENGELOLAAN KENDARAAN,JUNIOR OFFICER,PENGELOLAAN KENDARAAN,G1,D3 Teknik Industri/Teknik Material,1,D3,Rekrut 2021,Perencanaan dan Kinerja,1,2.71
1631,2021,HOLDING,Kantor Pusat,,JUNIOR OFFICER PENYETORAN PAJAK,JUNIOR OFFICER,PENYETORAN PAJAK,G1,D3 Akuntansi/Administrasi Fiskal,1,D3,Rekrut 2021,Keuangan dan Akuntansi,1,2.71
1632,2021,HOLDING,Kantor Pusat,,JUNIOR OFFICER PRIVATE OFFICE,JUNIOR OFFICER,PRIVATE OFFICE,G1,D3 Komunikasi/Hubungan Masyarakat,1,D3,Rekrut 2021,Komunikasi dan Umum,1,2.71
1633,2021,HOLDING,Kantor Pusat,,JUNIOR OFFICER VERIFIKASI ENERGI PRIMER,JUNIOR OFFICER,VERIFIKASI ENERGI PRIMER,G1,D3 Teknik Mesin/Konversi Energi,1,D3,Rekrut 2021,Pembangkitan,1,2.71
1634,2021,HOLDING,UID Lampung,,JUNIOR TECHNICIAN TRANSAKSI ENERGI LAYANAN PELANGGAN,JUNIOR TECHNICIAN,TRANSAKSI ENERGI LAYANAN PELANGGAN,G1,D3 Teknik Elektro/Teknik Listrik,1,D3,Rekrut 2021,Distribusi,1,2.694
1635,2021,HOLDING,UID Sumut,,JUNIOR TECHNICIAN TRANSAKSI ENERGI LAYANAN PELANGGAN,JUNIOR TECHNICIAN,TRANSAKSI ENERGI LAYANAN PELANGGAN,G1,D3 Teknik Elektro/Teknik Listrik,1,D3,Rekrut 2021,Distribusi,1,2.681
1636,2021,HOLDING,UID Bali,,JUNIOR TECHNICIAN TEKNIK LAYANAN PELANGGAN,JUNIOR TECHNICIAN,TEKNIK LAYANAN PELANGGAN,G1,D3 Teknik Elektro/Teknik Listrik,1,D3,Rekrut 2021,Distribusi,1,2.665
1637,2021,HOLDING,UIT JBTB,,JUNIOR TECHNICIAN PEMELIHARAAN GARDU INDUK,JUNIOR TECHNICIAN,PEMELIHARAAN GARDU INDUK,G1,D3 Teknik Elektro/Teknik Listrik,1,D3,Rekrut 2021,Transmisi dan Gardu Induk,1,2.66
1638,2021,HOLDING,PUSDIKLAT,,JUNIOR OFFICER ADMINITRASI DAN UMUM,JUNIOR OFFICER,ADMINITRASI DAN UMUM,G1,D3 Komunikasi/Hubungan Masyarakat,1,D3,Rekrut 2021,Komunikasi dan Umum,1,2.644
1639,2021,HOLDING,P3B Sumatera,,JUNIOR TECHNICIAN PEMELIHARAAN GARDU INDUK,JUNIOR TECHNICIAN,PEMELIHARAAN GARDU INDUK,G1,D3 Teknik Elektro/Teknik Listrik,1,D3,Rekrut 2021,Transmisi dan Gardu Induk,1,2.575
1640,2021,HOLDING,UID Sulselrabar,,JUNIOR TECHNICIAN TRANSAKSI ENERGI LAYANAN PELANGGAN,JUNIOR TECHNICIAN,TRANSAKSI ENERGI LAYANAN PELANGGAN,G1,D3 Teknik Elektro/Teknik Listrik,1,D3,3T,Distribusi,1,2.572
1641,2021,HOLDING,UID Aceh,,JUNIOR TECHNICIAN TEKNIK LAYANAN PELANGGAN,JUNIOR TECHNICIAN,TEKNIK LAYANAN PELANGGAN,G1,D3 Teknik Elektro/Teknik Listrik,1,D3,3T,Distribusi,1,2.534
1642,2021,HOLDING,UID S2JB,,JUNIOR OFFICER PELAYANAN PELANGGAN,JUNIOR OFFICER,PELAYANAN PELANGGAN,G1,D3 Manajemen Pemasaran/Digital Marketing Dan Analytics,1,D3,3T,Niaga dan Pemasaran,1,2.494
1643,2021,HOLDING,UIP Kalimantan Bag Timur,,JUNIOR OFFICER ADMINISTRASI DAN UMUM,JUNIOR OFFICER,ADMINISTRASI DAN UMUM,G1,D3 Komunikasi/Hubungan Masyarakat,1,D3,3T,Komunikasi dan Umum,1,2.468
1644,2021,HOLDING,UID Kalselteng,,JUNIOR TECHNICIAN PENGATURAN OPERASI,JUNIOR TECHNICIAN,PENGATURAN OPERASI,G1,D3 Teknik Kimia/Teknik Lingkungan,1,D3,3T,Perencanaan Sistem,1,2.457
1645,2021,HOLDING,UID Riau & Kepri,,JUNIOR OFFICER PELAYANAN PELANGGAN,JUNIOR OFFICER,PELAYANAN PELANGGAN,G1,D3 Manajemen Pemasaran/Digital Marketing Dan Analytics,1,D3,Rekrut 2021,Niaga dan Pemasaran,1,2.441
1646,2021,HOLDING,UID Sumbar,,JUNIOR TECHNICIAN TEKNIK LAYANAN PELANGGAN,JUNIOR TECHNICIAN,TEKNIK LAYANAN PELANGGAN,G1,D3 Teknik Elektro/Teknik Listrik,1,D3,Rekrut 2021,Distribusi,1,2.387
1647,2021,HOLDING,UIT JBTB,,JUNIOR TECHNICIAN PDKB SUTT/SUTET,JUNIOR TECHNICIAN,PDKB SUTT/SUTET,G1,D3 Teknik Elektro/Teknik Listrik,1,D3,Rekrut 2021,Transmisi dan Gardu Induk,1,2.341
1648,2021,HOLDING,UID Sulselrabar,,JUNIOR TECHNICIAN PDKB,JUNIOR TECHNICIAN,PDKB,G1,D3 Teknik Elektro/Teknik Listrik,1,D3,3T,Distribusi,1,2.304
1649,2021,HOLDING,UIT JBB,,JUNIOR TECHNICIAN PEMELIHARAAN JARINGAN TRANSMISI,JUNIOR TECHNICIAN,PEMELIHARAAN JARINGAN TRANSMISI,G1,D3 Teknik Elektro/Teknik Listrik,1,D3,Rekrut 2021,Transmisi dan Gardu Induk,1,2.304
1650,2021,HOLDING,UID Riau & Kepri,,JUNIOR TECHNICIAN TEKNIK LAYANAN PELANGGAN,JUNIOR TECHNICIAN,TEKNIK LAYANAN PELANGGAN,G1,D3 Teknik Elektro/Teknik Listrik,1,D3,Rekrut 2021,Distribusi,1,2.283
1651,2021,HOLDING,UID Banten,,JUNIOR OFFICER PELAYANAN PELANGGAN,JUNIOR OFFICER,PELAYANAN PELANGGAN,G1,D3 Manajemen Pemasaran/Digital Marketing Dan Analytics,1,D3,Rekrut 2021,Niaga dan Pemasaran,1,2.263
1652,2021,HOLDING,UID Banten,,JUNIOR TECHNICIAN OPERASI DISTRIBUSI,JUNIOR TECHNICIAN,OPERASI DISTRIBUSI,G1,D3 Teknik Elektro/Teknik Listrik,1,D3,Rekrut 2021,Distribusi,1,2.263
1653,2021,HOLDING,UID Banten,,JUNIOR TECHNICIAN PENGATURAN OPERASI,JUNIOR TECHNICIAN,PENGATURAN OPERASI,G1,D3 Teknik Kimia/Teknik Lingkungan,1,D3,Rekrut 2021,Perencanaan Sistem,1,2.263
1654,2021,HOLDING,UIP Sumatera Bag Utara,,JUNIOR TECHNICIAN KONSTRUKSI,JUNIOR TECHNICIAN,KONSTRUKSI,G1,D3 Logistik/Supply Chain Management,1,D3,Rekrut 2021,Manajemen Konstruksi dan Pengadaan,1,2.223
1655,2021,HOLDING,UIW NusaTenggaraTimur,,JUNIOR TECHNICIAN TEKNIK LAYANAN PELANGGAN,JUNIOR TECHNICIAN,TEKNIK LAYANAN PELANGGAN,G1,D3 Teknik Elektro/Teknik Listrik,1,D3,3T,Distribusi,1,2.214
1656,2021,HOLDING,UIP Maluku dan Papua,,JUNIOR OFFICER ADMINISTRASI DAN UMUM,JUNIOR OFFICER,ADMINISTRASI DAN UMUM,G1,D3 Komunikasi/Hubungan Masyarakat,1,D3,3T,Komunikasi dan Umum,1,2.191
1657,2021,HOLDING,UID Kaltimra,,JUNIOR OFFICER PELAYANAN PELANGGAN,JUNIOR OFFICER,PELAYANAN PELANGGAN,G1,D3 Manajemen Pemasaran/Digital Marketing Dan Analytics,1,D3,3T,Niaga dan Pemasaran,1,2.143
1658,2021,HOLDING,UID Bali,,JUNIOR OFFICER PELAYANAN PELANGGAN,JUNIOR OFFICER,PELAYANAN PELANGGAN,G1,D3 Manajemen Pemasaran/Digital Marketing Dan Analytics,1,D3,Rekrut 2021,Niaga dan Pemasaran,1,2.132
1659,2021,HOLDING,UIP JBB,,JUNIOR OFFICER KEUANGAN,JUNIOR OFFICER,KEUANGAN,G1,D3 Akuntansi/Administrasi Fiskal,1,D3,Rekrut 2021,Keuangan dan Akuntansi,1,2.123
1660,2021,HOLDING,UIP JBB,,JUNIOR OFFICER PENGADAAN TANAH DAN PENGENDALIAN ROW,JUNIOR OFFICER,PENGADAAN TANAH DAN PENGENDALIAN ROW,G1,D3 Logistik/Supply Chain Management,1,D3,Rekrut 2021,Manajemen Konstruksi dan Pengadaan,1,2.123
1661,2021,HOLDING,UID S2JB,,JUNIOR TECHNICIAN TRANSAKSI ENERGI LAYANAN PELANGGAN,JUNIOR TECHNICIAN,TRANSAKSI ENERGI LAYANAN PELANGGAN,G1,D3 Teknik Elektro/Teknik Listrik,1,D3,3T,Distribusi,1,2.11
1662,2021,HOLDING,UIP Nusa Tenggara,,JUNIOR TECHNICIAN TEKNIK ELEKTRIKAL,JUNIOR TECHNICIAN,TEKNIK ELEKTRIKAL,G1,D3 Teknik Elektro/Teknik Listrik,1,D3,3T,Distribusi,1,2.099
1663,2021,HOLDING,UID Sumbar,,JUNIOR OFFICER PELAYANAN PELANGGAN,JUNIOR OFFICER,PELAYANAN PELANGGAN,G1,D3 Manajemen Pemasaran/Digital Marketing Dan Analytics,1,D3,Rekrut 2021,Niaga dan Pemasaran,1,2.073
1664,2021,HOLDING,UIW Maluku&Malut,,JUNIOR OFFICER PELAYANAN PELANGGAN,JUNIOR OFFICER,PELAYANAN PELANGGAN,G1,D3 Manajemen Pemasaran/Digital Marketing Dan Analytics,1,D3,3T,Niaga dan Pemasaran,1,2.061
1665,2021,HOLDING,UID Aceh,,JUNIOR TECHNICIAN TRANSAKSI ENERGI LAYANAN PELANGGAN,JUNIOR TECHNICIAN,TRANSAKSI ENERGI LAYANAN PELANGGAN,G1,D3 Teknik Elektro/Teknik Listrik,1,D3,3T,Distribusi,1,2.051
1666,2021,HOLDING,UID Riau & Kepri,,JUNIOR TECHNICIAN TRANSAKSI ENERGI LAYANAN PELANGGAN,JUNIOR TECHNICIAN,TRANSAKSI ENERGI LAYANAN PELANGGAN,G1,D3 Teknik Elektro/Teknik Listrik,1,D3,Rekrut 2021,Distribusi,1,2.047
1667,2021,HOLDING,UID Aceh,,JUNIOR OFFICER PELAYANAN PELANGGAN,JUNIOR OFFICER,PELAYANAN PELANGGAN,G1,D3 Manajemen Pemasaran/Digital Marketing Dan Analytics,1,D3,3T,Niaga dan Pemasaran,1,1.991
1668,2021,HOLDING,UIP Kalimantan Bag Timur,,JUNIOR TECHNICIAN TEKNIK ELEKTRIKAL,JUNIOR TECHNICIAN,TEKNIK ELEKTRIKAL,G1,D3 Teknik Elektro/Teknik Listrik,1,D3,3T,Distribusi,1,1.974
1669,2021,HOLDING,UIP3B Kalimantan,,JUNIOR TECHNICIAN PEMELIHARAAN JARINGAN,JUNIOR TECHNICIAN,PEMELIHARAAN JARINGAN,G1,D3 Teknik Elektro/Teknik Listrik,1,D3,3T,Distribusi,1,1.962
1670,2021,HOLDING,Pusat Pengatur Beban,,JUNIOR TECHNICIAN TELEKOMUNIKASI,JUNIOR TECHNICIAN,TELEKOMUNIKASI,G1,D3 Teknik Elektro/Teknik Listrik,1,D3,Rekrut 2021,Proteksi dan Kontrol,1,1.932
1671,2021,HOLDING,UID Sulselrabar,,JUNIOR OFFICER PELAYANAN PELANGGAN,JUNIOR OFFICER,PELAYANAN PELANGGAN,G1,D3 Manajemen Pemasaran/Digital Marketing Dan Analytics,1,D3,3T,Niaga dan Pemasaran,1,1.92
1672,2021,HOLDING,UID Jakarta Raya,,JUNIOR TECHNICIAN PENGENDALIAN SUSUT,JUNIOR TECHNICIAN,PENGENDALIAN SUSUT,G1,D3 Teknik Elektro/Teknik Listrik,1,D3,Rekrut 2021,Distribusi,1,1.917
1673,2021,HOLDING,P3B Sumatera,,"JUNIOR TECHNICIAN PEMELIHARAAN PROTEKSI, METER, DAN OTOMASI TRANSMISI DAN GARDU INDUK",JUNIOR TECHNICIAN,"PEMELIHARAAN PROTEKSI, METER, DAN OTOMASI TRANSMISI DAN GARDU INDUK",G1,D3 Teknik Elektro/Teknik Listrik,1,D3,Rekrut 2021,Transmisi dan Gardu Induk,1,1.873
1674,2021,HOLDING,UIP JBT,,"JUNIOR OFFICER KESELAMATAN, KESEHATAN KERJA, LINGKUNGAN, DAN KEAMANAN",JUNIOR OFFICER,"KESELAMATAN, KESEHATAN KERJA, LINGKUNGAN, DAN KEAMANAN",G1,D3 Keselamatan Dan Kesehatan Kerja/Kesehatan Masyarakat K3,1,D3,Rekrut 2021,K3 dan Lingkungan,1,1.871
1675,2021,HOLDING,UIP3B Kalimantan,,JUNIOR TECHNICIAN PEMELIHARAAN GARDU INDUK,JUNIOR TECHNICIAN,PEMELIHARAAN GARDU INDUK,G1,D3 Teknik Elektro/Teknik Listrik,1,D3,3T,Transmisi dan Gardu Induk,1,1.868
1676,2021,HOLDING,P3B Sumatera,,JUNIOR TECHNICIAN PDKB GI/GITET,JUNIOR TECHNICIAN,PDKB GI/GITET,G1,D3 Teknik Elektro/Teknik Listrik,1,D3,Rekrut 2021,Transmisi dan Gardu Induk,1,1.826
1677,2021,HOLDING,UIP Maluku dan Papua,,JUNIOR TECHNICIAN TEKNIK ELEKTRIKAL,JUNIOR TECHNICIAN,TEKNIK ELEKTRIKAL,G1,D3 Teknik Elektro/Teknik Listrik,1,D3,3T,Distribusi,1,1.792
1678,2021,HOLDING,UID Sumbar,,JUNIOR TECHNICIAN TRANSAKSI ENERGI LAYANAN PELANGGAN,JUNIOR TECHNICIAN,TRANSAKSI ENERGI LAYANAN PELANGGAN,G1,D3 Teknik Elektro/Teknik Listrik,1,D3,Rekrut 2021,Distribusi,1,1.758
1679,2021,HOLDING,UIT JBT,,JUNIOR TECHNICIAN PEMELIHARAAN GARDU INDUK,JUNIOR TECHNICIAN,PEMELIHARAAN GARDU INDUK,G1,D3 Teknik Elektro/Teknik Listrik,1,D3,Rekrut 2021,Transmisi dan Gardu Induk,1,1.753
1680,2021,HOLDING,UID Kalbar,,JUNIOR TECHNICIAN PDKB,JUNIOR TECHNICIAN,PDKB,G1,D3 Teknik Elektro/Teknik Listrik,1,D3,3T,Distribusi,1,1.746
1681,2021,HOLDING,UID S2JB,,JUNIOR TECHNICIAN TEKNIK LAYANAN PELANGGAN,JUNIOR TECHNICIAN,TEKNIK LAYANAN PELANGGAN,G1,D3 Teknik Elektro/Teknik Listrik,1,D3,3T,Distribusi,1,1.727
1682,2021,HOLDING,Pusat Pengatur Beban,,JUNIOR OFFICER ADMINISTRASI UMUM,JUNIOR OFFICER,ADMINISTRASI UMUM,G1,D3 Komunikasi/Hubungan Masyarakat,1,D3,Rekrut 2021,Komunikasi dan Umum,1,1.69
1683,2021,HOLDING,UID Jakarta Raya,,JUNIOR TECHNICIAN PENGATURAN OPERASI,JUNIOR TECHNICIAN,PENGATURAN OPERASI,G1,D3 Teknik Kimia/Teknik Lingkungan,1,D3,Rekrut 2021,Perencanaan Sistem,1,1.662
1684,2021,HOLDING,UIP Sumatera Bag Tengah,,JUNIOR OFFICER PERIZINAN,JUNIOR OFFICER,PERIZINAN,G1,D3 Komunikasi/Hubungan Masyarakat,1,D3,Rekrut 2021,Komunikasi dan Umum,1,1.601
1685,2021,HOLDING,UIT JBTB,,JUNIOR TECHNICIAN PEMELIHARAAN JARINGAN TRANSMISI,JUNIOR TECHNICIAN,PEMELIHARAAN JARINGAN TRANSMISI,G1,D3 Teknik Elektro/Teknik Listrik,1,D3,Rekrut 2021,Transmisi dan Gardu Induk,1,1.596
1686,2021,HOLDING,UIW NusaTenggaraTimur,,JUNIOR TECHNICIAN TRANSAKSI ENERGI LAYANAN PELANGGAN,JUNIOR TECHNICIAN,TRANSAKSI ENERGI LAYANAN PELANGGAN,G1,D3 Teknik Elektro/Teknik Listrik,1,D3,3T,Distribusi,1,1.582
1687,2021,HOLDING,UID Jawa Barat,,JUNIOR TECHNICIAN PENGATURAN OPERASI,JUNIOR TECHNICIAN,PENGATURAN OPERASI,G1,D3 Teknik Kimia/Teknik Lingkungan,1,D3,Rekrut 2021,Perencanaan Sistem,1,1.577
1688,2021,HOLDING,UIW NusaTenggaraTimur,,JUNIOR OFFICER PELAYANAN PELANGGAN,JUNIOR OFFICER,PELAYANAN PELANGGAN,G1,D3 Manajemen Pemasaran/Digital Marketing Dan Analytics,1,D3,3T,Niaga dan Pemasaran,1,1.518
1689,2021,HOLDING,UID Suluttenggo,,JUNIOR OFFICER PELAYANAN PELANGGAN,JUNIOR OFFICER,PELAYANAN PELANGGAN,G1,D3 Manajemen Pemasaran/Digital Marketing Dan Analytics,1,D3,3T,Niaga dan Pemasaran,1,1.497
1690,2021,HOLDING,UIP Kalimantan Bag Timur,,JUNIOR OFFICER PENGADAAN TANAH DAN PENGENDALIAN ROW,JUNIOR OFFICER,PENGADAAN TANAH DAN PENGENDALIAN ROW,G1,D3 Logistik/Supply Chain Management,1,D3,3T,Manajemen Konstruksi dan Pengadaan,1,1.481
1691,2021,HOLDING,UIT JBT,,JUNIOR TECHNICIAN PEMELIHARAAN JARINGAN TRANSMISI,JUNIOR TECHNICIAN,PEMELIHARAAN JARINGAN TRANSMISI,G1,D3 Teknik Elektro/Teknik Listrik,1,D3,Rekrut 2021,Transmisi dan Gardu Induk,1,1.466
1692,2021,HOLDING,UIW Papua&Papua Barat,,JUNIOR TECHNICIAN PDKB,JUNIOR TECHNICIAN,PDKB,G1,D3 Teknik Elektro/Teknik Listrik,1,D3,3T,Distribusi,1,1.456
1693,2021,HOLDING,UIP Kalimantan Bag Barat,,JUNIOR OFFICER PENGADAAN TANAH DAN PENGENDALIAN ROW,JUNIOR OFFICER,PENGADAAN TANAH DAN PENGENDALIAN ROW,G1,D3 Logistik/Supply Chain Management,1,D3,3T,Manajemen Konstruksi dan Pengadaan,1,1.452
1694,2021,HOLDING,UIP Kalimantan Bag Barat,,JUNIOR TECHNICIAN TEKNIK ELEKTRIKAL,JUNIOR TECHNICIAN,TEKNIK ELEKTRIKAL,G1,D3 Teknik Elektro/Teknik Listrik,1,D3,3T,Distribusi,1,1.452
1695,2021,HOLDING,UIT JBTB,,"JUNIOR TECHNICIAN PEMELIHARAAN PROTEKSI, METER, DAN OTOMASI TRANSMISI DAN GARDU INDUK",JUNIOR TECHNICIAN,"PEMELIHARAAN PROTEKSI, METER, DAN OTOMASI TRANSMISI DAN GARDU INDUK",G1,D3 Teknik Elektro/Teknik Listrik,1,D3,Rekrut 2021,Transmisi dan Gardu Induk,1,1.437
1696,2021,HOLDING,UID Jakarta Raya,,JUNIOR TECHNICIAN PENGENDALIAN KONSTRUKSI DISTRIBUSI,JUNIOR TECHNICIAN,PENGENDALIAN KONSTRUKSI DISTRIBUSI,G1,D3 Teknik Elektro/Teknik Listrik,1,D3,Rekrut 2021,Distribusi,1,1.406
1697,2021,HOLDING,UID Jakarta Raya,,JUNIOR TECHNICIAN PENYAMBUNGAN DAN PEMUTUSAN,JUNIOR TECHNICIAN,PENYAMBUNGAN DAN PEMUTUSAN,G1,D3 Teknik Elektro/Teknik Listrik,1,D3,Rekrut 2021,Distribusi,1,1.406
1698,2021,HOLDING,UIP Nusa Tenggara,,JUNIOR OFFICER PENGADAAN TANAH DAN PENGENDALIAN ROW,JUNIOR OFFICER,PENGADAAN TANAH DAN PENGENDALIAN ROW,G1,D3 Logistik/Supply Chain Management,1,D3,3T,Manajemen Konstruksi dan Pengadaan,1,1.399
1699,2021,HOLDING,UID Jawa Tengah & DIY,,JUNIOR TECHNICIAN PENGATURAN OPERASI,JUNIOR TECHNICIAN,PENGATURAN OPERASI,G1,D3 Teknik Kimia/Teknik Lingkungan,1,D3,Rekrut 2021,Perencanaan Sistem,1,1.391
1700,2021,HOLDING,UIW NusaTenggara Barat,,JUNIOR TECHNICIAN TEKNIK LAYANAN PELANGGAN,JUNIOR TECHNICIAN,TEKNIK LAYANAN PELANGGAN,G1,D3 Teknik Elektro/Teknik Listrik,1,D3,3T,Distribusi,1,1.383
1701,2021,HOLDING,UIP Sulawesi,,JUNIOR OFFICER ADMINISTRASI DAN UMUM,JUNIOR OFFICER,ADMINISTRASI DAN UMUM,G1,D3 Komunikasi/Hubungan Masyarakat,1,D3,3T,Komunikasi dan Umum,1,1.377
1702,2021,HOLDING,UIW Maluku&Malut,,JUNIOR TECHNICIAN PEMELIHARAAN PUSAT LISTRIK,JUNIOR TECHNICIAN,PEMELIHARAAN PUSAT LISTRIK,G1,D3 Teknik Mesin/Konversi Energi,1,D3,3T,Pembangkitan,1,1.374
1703,2021,HOLDING,UIT JBB,,JUNIOR TECHNICIAN PDKB SUTT/SUTET,JUNIOR TECHNICIAN,PDKB SUTT/SUTET,G1,D3 Teknik Elektro/Teknik Listrik,1,D3,Rekrut 2021,Transmisi dan Gardu Induk,1,1.355
1704,2021,HOLDING,UID Lampung,,JUNIOR OFFICER PELAYANAN PELANGGAN,JUNIOR OFFICER,PELAYANAN PELANGGAN,G1,D3 Manajemen Pemasaran/Digital Marketing Dan Analytics,1,D3,Rekrut 2021,Niaga dan Pemasaran,1,1.347
1705,2021,HOLDING,UID S2JB,,JUNIOR TECHNICIAN PENGATURAN OPERASI,JUNIOR TECHNICIAN,PENGATURAN OPERASI,G1,D3 Teknik Kimia/Teknik Lingkungan,1,D3,3T,Perencanaan Sistem,1,1.343
1706,2021,HOLDING,UIP Sumatera Bag Tengah,,JUNIOR OFFICER PENGADAAN TANAH DAN PENGENDALIAN ROW,JUNIOR OFFICER,PENGADAAN TANAH DAN PENGENDALIAN ROW,G1,D3 Logistik/Supply Chain Management,1,D3,Rekrut 2021,Manajemen Konstruksi dan Pengadaan,1,1.335
1707,2021,HOLDING,PUSDIKLAT,,JUNIOR OFFICER ADMINISTRASI UMUM,JUNIOR OFFICER,ADMINISTRASI UMUM,G1,D3 Komunikasi/Hubungan Masyarakat,1,D3,Rekrut 2021,Komunikasi dan Umum,1,1.322
1708,2021,HOLDING,PUSDIKLAT,,JUNIOR OFFICER KEUANGAN DAN AKUNTANSI,JUNIOR OFFICER,KEUANGAN DAN AKUNTANSI,G1,D3 Akuntansi/Administrasi Fiskal,1,D3,Rekrut 2021,Keuangan dan Akuntansi,1,1.322
1709,2021,HOLDING,PUSDIKLAT,,JUNIOR OFFICER PELAYANAN DAN FASILITAS TEKNOLOGI INFORMASI PEMBELAJARAN,JUNIOR OFFICER,PELAYANAN DAN FASILITAS TEKNOLOGI INFORMASI PEMBELAJARAN,G1,D3 Psikologi/Kepegawaian,1,D3,Rekrut 2021,Sumber Daya Manusia,1,1.322
1710,2021,HOLDING,UIW NusaTenggara Barat,,JUNIOR TECHNICIAN OPERASI PUSAT LISTRIK,JUNIOR TECHNICIAN,OPERASI PUSAT LISTRIK,G1,D3 Teknik Mesin/Konversi Energi,1,D3,3T,Pembangkitan,1,1.271
1711,2021,HOLDING,UID Kaltimra,,JUNIOR TECHNICIAN PENGATURAN OPERASI,JUNIOR TECHNICIAN,PENGATURAN OPERASI,G1,D3 Teknik Kimia/Teknik Lingkungan,1,D3,3T,Perencanaan Sistem,1,1.267
1712,2021,HOLDING,UIW NusaTenggaraTimur,,JUNIOR TECHNICIAN OPERASI DISTRIBUSI,JUNIOR TECHNICIAN,OPERASI DISTRIBUSI,G1,D3 Teknik Elektro/Teknik Listrik,1,D3,3T,Distribusi,1,1.265
1713,2021,HOLDING,UIW NusaTenggaraTimur,,JUNIOR TECHNICIAN PDKB,JUNIOR TECHNICIAN,PDKB,G1,D3 Teknik Elektro/Teknik Listrik,1,D3,3T,Distribusi,1,1.265
1714,2021,HOLDING,UID Suluttenggo,,JUNIOR TECHNICIAN PDKB,JUNIOR TECHNICIAN,PDKB,G1,D3 Teknik Elektro/Teknik Listrik,1,D3,3T,Distribusi,1,1.26
1715,2021,HOLDING,UIT JBT,,JUNIOR TECHNICIAN PDKB SUTT/SUTET,JUNIOR TECHNICIAN,PDKB SUTT/SUTET,G1,D3 Teknik Elektro/Teknik Listrik,1,D3,Rekrut 2021,Transmisi dan Gardu Induk,1,1.252
1716,2021,HOLDING,UID Kalbar,,JUNIOR TECHNICIAN PENGATURAN OPERASI,JUNIOR TECHNICIAN,PENGATURAN OPERASI,G1,D3 Teknik Kimia/Teknik Lingkungan,1,D3,3T,Perencanaan Sistem,1,1.209
1717,2021,HOLDING,UIP JBTB,,JUNIOR OFFICER ADMINISTRASI DAN UMUM,JUNIOR OFFICER,ADMINISTRASI DAN UMUM,G1,D3 Komunikasi/Hubungan Masyarakat,1,D3,Rekrut 2021,Komunikasi dan Umum,1,4.471
1718,2021,HOLDING,PUSMANPRO,,"JUNIOR OFFICER KESELAMATAN, KESEHATAN KERJA, LINGKUNGAN, DAN KEAMANAN",JUNIOR OFFICER,"KESELAMATAN, KESEHATAN KERJA, LINGKUNGAN, DAN KEAMANAN",G1,D3 Keselamatan Dan Kesehatan Kerja/Kesehatan Masyarakat K3,1,D3,Rekrut 2021,K3 dan Lingkungan,1,4.306
1719,2021,HOLDING,PUSMANPRO,,JUNIOR TECHNICIAN MANAJEMEN KONSTRUKSI LISTRIK,JUNIOR TECHNICIAN,MANAJEMEN KONSTRUKSI LISTRIK,G1,D3 Logistik/Supply Chain Management,1,D3,Rekrut 2021,Manajemen Konstruksi dan Pengadaan,1,4.306
1720,2021,HOLDING,UID Bali,,JUNIOR TECHNICIAN PDKB,JUNIOR TECHNICIAN,PDKB,G1,D3 Teknik Elektro/Teknik Listrik,1,D3,Rekrut 2021,Distribusi,1,4.265
1721,2021,HOLDING,UIW Papua&Papua Barat,,JUNIOR OFFICER PELAYANAN PELANGGAN,JUNIOR OFFICER,PELAYANAN PELANGGAN,G1,D3 Manajemen Pemasaran/Digital Marketing Dan Analytics,1,D3,3T,Niaga dan Pemasaran,1,4.062
1722,2021,HOLDING,UIT JBB,,JUNIOR TECHNICIAN PEMELIHARAAN GARDU INDUK,JUNIOR TECHNICIAN,PEMELIHARAAN GARDU INDUK,G1,D3 Teknik Elektro/Teknik Listrik,1,D3,Rekrut 2021,Transmisi dan Gardu Induk,1,3.862
1723,2021,HOLDING,UID Suluttenggo,,JUNIOR TECHNICIAN TRANSAKSI ENERGI LAYANAN PELANGGAN,JUNIOR TECHNICIAN,TRANSAKSI ENERGI LAYANAN PELANGGAN,G1,D3 Teknik Elektro/Teknik Listrik,1,D3,3T,Distribusi,1,3.86
1724,2021,HOLDING,UIP JBT,,JUNIOR OFFICER ADMINISTRASI DAN UMUM,JUNIOR OFFICER,ADMINISTRASI DAN UMUM,G1,D3 Komunikasi/Hubungan Masyarakat,1,D3,Rekrut 2021,Komunikasi dan Umum,1,3.743
1725,2021,HOLDING,UID Jawa Timur,,JUNIOR OFFICER PELAYANAN PELANGGAN,JUNIOR OFFICER,PELAYANAN PELANGGAN,G1,D3 Manajemen Pemasaran/Digital Marketing Dan Analytics,1,D3,Rekrut 2021,Niaga dan Pemasaran,1,3.733
1726,2021,HOLDING,UID Jawa Timur,,JUNIOR TECHNICIAN PENGATURAN OPERASI,JUNIOR TECHNICIAN,PENGATURAN OPERASI,G1,D3 Teknik Kimia/Teknik Lingkungan,1,D3,Rekrut 2021,Perencanaan Sistem,1,3.733
1727,2021,HOLDING,UIW Papua&Papua Barat,,JUNIOR TECHNICIAN TRANSAKSI ENERGI LAYANAN PELANGGAN,JUNIOR TECHNICIAN,TRANSAKSI ENERGI LAYANAN PELANGGAN,G1,D3 Teknik Elektro/Teknik Listrik,1,D3,3T,Distribusi,1,3.525
1728,2021,HOLDING,UID Kalbar,,JUNIOR TECHNICIAN TEKNIK LAYANAN PELANGGAN,JUNIOR TECHNICIAN,TEKNIK LAYANAN PELANGGAN,G1,D3 Teknik Elektro/Teknik Listrik,1,D3,3T,Distribusi,1,3.492
1729,2021,HOLDING,UIT JBT,,JUNIOR TECHNICIAN JARINGAN TRANSMISI DAN GARDU INDUK TEGANGAN EKSTRA TINGGI,JUNIOR TECHNICIAN,JARINGAN TRANSMISI DAN GARDU INDUK TEGANGAN EKSTRA TINGGI,G1,D3 Teknik Elektro/Teknik Listrik,1,D3,Rekrut 2021,Transmisi dan Gardu Induk,1,3.469
1730,2021,HOLDING,UID Jawa Tengah & DIY,,JUNIOR TECHNICIAN TRANSAKSI ENERGI LAYANAN PELANGGAN,JUNIOR TECHNICIAN,TRANSAKSI ENERGI LAYANAN PELANGGAN,G1,D3 Teknik Elektro/Teknik Listrik,1,D3,Rekrut 2021,Distribusi,1,3.442
1731,2021,HOLDING,UID Sulselrabar,,JUNIOR TECHNICIAN TEKNIK LAYANAN PELANGGAN,JUNIOR TECHNICIAN,TEKNIK LAYANAN PELANGGAN,G1,D3 Teknik Elektro/Teknik Listrik,1,D3,3T,Distribusi,1,3.379
1732,2021,HOLDING,P3B Sumatera,,JUNIOR TECHNICIAN PEMELIHARAAN JARINGAN TRANSMISI,JUNIOR TECHNICIAN,PEMELIHARAAN JARINGAN TRANSMISI,G1,D3 Teknik Elektro/Teknik Listrik,1,D3,Rekrut 2021,Transmisi dan Gardu Induk,1,3.371
1733,2021,HOLDING,UIW Maluku&Malut,,SENIOR OFFICER PERFORMANCE ASSISTANT TO MANAGER,SENIOR OFFICER,PERFORMANCE ASSISTANT TO MANAGER,G3,S2 Komunikasi/Hubungan Masyarakat,1,S2,3T,Komunikasi dan Umum,3,1.505
1734,2021,HOLDING,UID Jawa Timur,,SENIOR OFFICER PERFORMANCE ASSISTANT TO MANAGER,SENIOR OFFICER,PERFORMANCE ASSISTANT TO MANAGER,G3,S2 Komunikasi/Hubungan Masyarakat,1,S2,Rekrut 2021,Komunikasi dan Umum,3,1.355
1735,2021,HOLDING,P3B Sumatera,,SENIOR OFFICER PERFORMANCE ASSISTANT TO MANAGER,SENIOR OFFICER,PERFORMANCE ASSISTANT TO MANAGER,G3,S2 Komunikasi/Hubungan Masyarakat,1,S2,Rekrut 2021,Komunikasi dan Umum,3,1.229
1736,2021,HOLDING,UID Jawa Barat,,SENIOR OFFICER PERFORMANCE ASSISTANT to MANAGER,SENIOR OFFICER,PERFORMANCE ASSISTANT to MANAGER,G3,S2 Komunikasi/Hubungan Masyarakat,1,S2,Rekrut 2021,Komunikasi dan Umum,3,1.197
1737,2021,HOLDING,UID Jakarta Raya,,SENIOR OFFICER PERFORMANCE ASSISTANT TO MANAGER,SENIOR OFFICER,PERFORMANCE ASSISTANT TO MANAGER,G3,S2 Komunikasi/Hubungan Masyarakat,1,S2,Rekrut 2021,Komunikasi dan Umum,3,1.131
1738,2021,HOLDING,UIT JBB,,SENIOR OFFICER PERFORMANCE ASSISTANT TO MANAGER,SENIOR OFFICER,PERFORMANCE ASSISTANT TO MANAGER,G3,S2 Komunikasi/Hubungan Masyarakat,1,S2,Rekrut 2021,Komunikasi dan Umum,3,0.951
1739,2021,HOLDING,UIP Maluku dan Papua,,SENIOR OFFICER PERFORMANCE ASSISTANT TO MANAGER,SENIOR OFFICER,PERFORMANCE ASSISTANT TO MANAGER,G3,S2 Komunikasi/Hubungan Masyarakat,1,S2,3T,Komunikasi dan Umum,3,0.944
1740,2021,HOLDING,UID Jawa Tengah & DIY,,SENIOR OFFICER PERFORMANCE ASSISTANT TO MANAGER,SENIOR OFFICER,PERFORMANCE ASSISTANT TO MANAGER,G3,S2 Komunikasi/Hubungan Masyarakat,1,S2,Rekrut 2021,Komunikasi dan Umum,3,0.943
1741,2021,HOLDING,UID Kalselteng,,SENIOR OFFICER PERFORMANCE ASSISTANT TO MANAGER,SENIOR OFFICER,PERFORMANCE ASSISTANT TO MANAGER,G3,S2 Komunikasi/Hubungan Masyarakat,1,S2,3T,Komunikasi dan Umum,3,0.833
1742,2021,HOLDING,UIT JBTB,,SENIOR OFFICER PERFORMANCE ASSISTANT TO MANAGER,SENIOR OFFICER,PERFORMANCE ASSISTANT TO MANAGER,G3,S2 Komunikasi/Hubungan Masyarakat,1,S2,Rekrut 2021,Komunikasi dan Umum,3,0.789
1743,2021,HOLDING,UID Jawa Barat,,SENIOR OFFICER PERFORMANCE ASSISTANT TO MANAGER,SENIOR OFFICER,PERFORMANCE ASSISTANT TO MANAGER,G3,S2 Komunikasi/Hubungan Masyarakat,1,S2,Rekrut 2021,Komunikasi dan Umum,3,0.735
1744,2021,HOLDING,UIT JBT,,SENIOR OFFICER PERFORMANCE ASSISTANT TO MANAGER,SENIOR OFFICER,PERFORMANCE ASSISTANT TO MANAGER,G3,S2 Komunikasi/Hubungan Masyarakat,1,S2,Rekrut 2021,Komunikasi dan Umum,3,0.725
1745,2021,HOLDING,UID Kalbar,,SENIOR OFFICER PERFORMANCE ASSISTANT TO MANAGER,SENIOR OFFICER,PERFORMANCE ASSISTANT TO MANAGER,G3,S2 Komunikasi/Hubungan Masyarakat,1,S2,3T,Komunikasi dan Umum,3,0.704
1746,2021,HOLDING,UID Banten,,SENIOR OFFICER PERFORMANCE ASSISTANT TO MANAGER,SENIOR OFFICER,PERFORMANCE ASSISTANT TO MANAGER,G3,S2 Komunikasi/Hubungan Masyarakat,1,S2,Rekrut 2021,Komunikasi dan Umum,3,0.682
1747,2021,HOLDING,UID Jawa Timur,,SENIOR OFFICER PERFORMANCE ASSISTANT to MANAGER,SENIOR OFFICER,PERFORMANCE ASSISTANT to MANAGER,G3,S2 Komunikasi/Hubungan Masyarakat,1,S2,Rekrut 2021,Komunikasi dan Umum,3,0.632
1748,2021,HOLDING,Kantor Pusat,,SENIOR OFFICER VERIFIKASI,SENIOR OFFICER,VERIFIKASI,G3,S2 Akuntansi/Administrasi Fiskal,1,S2,Rekrut 2021,Keuangan dan Akuntansi,3,0.63
1749,2021,HOLDING,UID Jawa Timur,,SENIOR OFFICER KINERJA DAN ADMINISTRASI LAYANAN PELANGGAN,SENIOR OFFICER,KINERJA DAN ADMINISTRASI LAYANAN PELANGGAN,G3,S2 Manajemen Pemasaran/Digital Marketing Dan Analytics,1,S2,Rekrut 2021,Niaga dan Pemasaran,3,0.622
1750,2021,HOLDING,UIP3B Kalimantan,,SENIOR OFFICER PERFORMANCE ASSISTANT TO MANAGER,SENIOR OFFICER,PERFORMANCE ASSISTANT TO MANAGER,G3,S2 Komunikasi/Hubungan Masyarakat,1,S2,3T,Komunikasi dan Umum,3,0.617
1751,2021,HOLDING,UIW Papua&Papua Barat,,SENIOR OFFICER PERFORMANCE ASSISTANT TO MANAGER,SENIOR OFFICER,PERFORMANCE ASSISTANT TO MANAGER,G3,S2 Komunikasi/Hubungan Masyarakat,1,S2,3T,Komunikasi dan Umum,3,0.601
1752,2021,HOLDING,UIT JBT,,SENIOR OFFICER KINERJA DAN ADMINISTRASI TRANSMISI DAN GARDU INDUK,SENIOR OFFICER,KINERJA DAN ADMINISTRASI TRANSMISI DAN GARDU INDUK,G3,S2 Teknik Elektro/Teknik Listrik,1,S2,Rekrut 2021,Transmisi dan Gardu Induk,3,0.553
1753,2021,HOLDING,UID S2JB,,SENIOR OFFICER PERFORMANCE ASSISTANT TO MANAGER,SENIOR OFFICER,PERFORMANCE ASSISTANT TO MANAGER,G3,S2 Komunikasi/Hubungan Masyarakat,1,S2,3T,Komunikasi dan Umum,3,0.536
1754,2021,HOLDING,PUSMANPRO,,SENIOR OFFICER PERFORMANCE ASSISTANT TO MANAGER,SENIOR OFFICER,PERFORMANCE ASSISTANT TO MANAGER,G3,S2 Komunikasi/Hubungan Masyarakat,1,S2,Rekrut 2021,Komunikasi dan Umum,3,0.508
1755,2021,HOLDING,UID Sumut,,SENIOR OFFICER PERFORMANCE ASSISTANT TO MANAGER,SENIOR OFFICER,PERFORMANCE ASSISTANT TO MANAGER,G3,S2 Komunikasi/Hubungan Masyarakat,1,S2,Rekrut 2021,Komunikasi dan Umum,3,0.478
1756,2022,HOLDING,UID Jawa Timur,,OFFICER KINERJA DAN ADMINISTRASI LAYANAN PELANGGAN,OFFICER,KINERJA DAN ADMINISTRASI LAYANAN PELANGGAN,G2,S1 Manajemen Pemasaran/Digital Marketing Dan Analytics,6,S1,Rekrut 2022,Niaga dan Pemasaran,2,16.417
1757,2022,HOLDING,UIW Maluku&Malut,,OFFICER KINERJA DAN ADMINISTRASI LAYANAN PELANGGAN,OFFICER,KINERJA DAN ADMINISTRASI LAYANAN PELANGGAN,G2,S1 Manajemen Pemasaran/Digital Marketing Dan Analytics,6,S1,3T,Niaga dan Pemasaran,2,16.146
1758,2022,HOLDING,UIT JBT,,TECHNICIAN PENGENDALIAN OPERASI DAN PEMELIHARAAN TRANSMISI DAN GARDU INDUK,TECHNICIAN,PENGENDALIAN OPERASI DAN PEMELIHARAAN TRANSMISI DAN GARDU INDUK,G2,S1 Teknik Elektro/Teknik Listrik,5,S1,Rekrut 2022,Transmisi dan Gardu Induk,2,13.08
1759,2022,HOLDING,Kantor Pusat,,JUNIOR OFFICER SEKRETARIS DIREKSI,JUNIOR OFFICER,SEKRETARIS DIREKSI,G1,D3 Komunikasi/Hubungan Masyarakat,5,D3,Rekrut 2022,Komunikasi dan Umum,1,14.261
1760,2022,HOLDING,UIT JBTB,,TECHNICIAN PENGENDALIAN OPERASI DAN PEMELIHARAAN TRANSMISI DAN GARDU INDUK,TECHNICIAN,PENGENDALIAN OPERASI DAN PEMELIHARAAN TRANSMISI DAN GARDU INDUK,G2,S1 Teknik Elektro/Teknik Listrik,4,S1,Rekrut 2022,Transmisi dan Gardu Induk,2,9.947
1761,2022,HOLDING,PUSMANPRO,,TECHNICIAN MANAJEMEN KONSTRUKSI JARINGAN,TECHNICIAN,MANAJEMEN KONSTRUKSI JARINGAN,G2,S1 Teknik Elektro/Teknik Listrik,4,S1,Rekrut 2022,Distribusi,2,9.822
1762,2022,HOLDING,UID Jawa Barat,,OFFICER KINERJA DAN ADMINISTRASI LAYANAN PELANGGAN,OFFICER,KINERJA DAN ADMINISTRASI LAYANAN PELANGGAN,G2,S1 Manajemen Pemasaran/Digital Marketing Dan Analytics,4,S1,Rekrut 2022,Niaga dan Pemasaran,2,12.363
1763,2022,HOLDING,P3B Sumatera,,JUNIOR TECHNICIAN JARINGAN TRANSMISI DAN GARDU INDUK,JUNIOR TECHNICIAN,JARINGAN TRANSMISI DAN GARDU INDUK,G1,D3 Teknik Elektro/Teknik Listrik,4,D3,Rekrut 2022,Transmisi dan Gardu Induk,1,10.033
1764,2022,HOLDING,UID Jawa Barat,,JUNIOR TECHNICIAN TEKNIK LAYANAN PELANGGAN,JUNIOR TECHNICIAN,TEKNIK LAYANAN PELANGGAN,G1,D3 Teknik Elektro/Teknik Listrik,4,D3,Rekrut 2022,Distribusi,1,9.995
1765,2022,HOLDING,Kantor Pusat,,JUNIOR OFFICER PROTOKOLER DIREKSI,JUNIOR OFFICER,PROTOKOLER DIREKSI,G1,D3 Komunikasi/Hubungan Masyarakat,4,D3,Rekrut 2022,Komunikasi dan Umum,1,11.884
1766,2022,HOLDING,P3B Sumatera,,TECHNICIAN PENGENDALIAN OPERASI DAN PEMELIHARAAN TRANSMISI DAN GARDU INDUK,TECHNICIAN,PENGENDALIAN OPERASI DAN PEMELIHARAAN TRANSMISI DAN GARDU INDUK,G2,S1 Teknik Elektro/Teknik Listrik,3,S1,Rekrut 2022,Transmisi dan Gardu Induk,2,8.2
1767,2022,HOLDING,UID Jawa Barat,,OFFICER LOGISTIK LAYANAN PELANGGAN,OFFICER,LOGISTIK LAYANAN PELANGGAN,G2,S1 Logistik/Supply Chain Management,3,S1,Rekrut 2022,Manajemen Konstruksi dan Pengadaan,2,7.506
1768,2022,HOLDING,UID Jawa Tengah & DIY,,OFFICER KINERJA DAN ADMINISTRASI LAYANAN PELANGGAN,OFFICER,KINERJA DAN ADMINISTRASI LAYANAN PELANGGAN,G2,S1 Manajemen Pemasaran/Digital Marketing Dan Analytics,3,S1,Rekrut 2022,Niaga dan Pemasaran,2,6.962
1769,2022,HOLDING,UID Bali,,TECHNICIAN PDKB,TECHNICIAN,PDKB,G2,S1 Teknik Elektro/Teknik Listrik,3,S1,Rekrut 2022,Distribusi,2,6.888
1770,2022,HOLDING,UID Jawa Timur,,OFFICER KINERJA KEUANGAN DAN UMUM,OFFICER,KINERJA KEUANGAN DAN UMUM,G2,S1 Akuntansi/Administrasi Fiskal,3,S1,Rekrut 2022,Keuangan dan Akuntansi,2,6.645
1771,2022,HOLDING,UID Jawa Timur,,TECHNICIAN PDKB,TECHNICIAN,PDKB,G2,S1 Teknik Elektro/Teknik Listrik,3,S1,Rekrut 2022,Distribusi,2,8.99
1772,2022,HOLDING,UID Jawa Timur,,JUNIOR TECHNICIAN TEKNIK LAYANAN PELANGGAN,JUNIOR TECHNICIAN,TEKNIK LAYANAN PELANGGAN,G1,D3 Teknik Elektro/Teknik Listrik,3,D3,Rekrut 2022,Distribusi,1,8.384
1773,2022,HOLDING,UIW Maluku&Malut,,JUNIOR TECHNICIAN TEKNIK LAYANAN PELANGGAN,JUNIOR TECHNICIAN,TEKNIK LAYANAN PELANGGAN,G1,D3 Teknik Elektro/Teknik Listrik,3,D3,3T,Distribusi,1,8.084
1774,2022,HOLDING,UID Jawa Barat,,JUNIOR TECHNICIAN TRANSAKSI ENERGI LAYANAN PELANGGAN,JUNIOR TECHNICIAN,TRANSAKSI ENERGI LAYANAN PELANGGAN,G1,D3 Teknik Elektro/Teknik Listrik,3,D3,Rekrut 2022,Distribusi,1,7.996
1775,2022,HOLDING,UID Jawa Timur,,JUNIOR TECHNICIAN PDKB,JUNIOR TECHNICIAN,PDKB,G1,D3 Teknik Elektro/Teknik Listrik,3,D3,Rekrut 2022,Distribusi,1,7.655
1776,2022,HOLDING,UID Jawa Barat,,JUNIOR TECHNICIAN PDKB,JUNIOR TECHNICIAN,PDKB,G1,D3 Teknik Elektro/Teknik Listrik,3,D3,Rekrut 2022,Distribusi,1,7.371
1777,2022,HOLDING,Kantor Pusat,,JUNIOR OFFICER PELAYANAN HUMAN CAPITAL SURABAYA,JUNIOR OFFICER,PELAYANAN HUMAN CAPITAL SURABAYA,G1,D3 Psikologi/Kepegawaian,3,D3,Rekrut 2022,Sumber Daya Manusia,1,7.13
1778,2022,HOLDING,UID Jawa Barat,,TECHNICIAN PDKB,TECHNICIAN,PDKB,G2,S1 Teknik Elektro/Teknik Listrik,2,S1,Rekrut 2022,Distribusi,2,5.74
1779,2022,HOLDING,UID Jakarta Raya,,OFFICER KINERJA JARINGAN DISTRIBUSI,OFFICER,KINERJA JARINGAN DISTRIBUSI,G2,S1 Teknik Elektro/Teknik Listrik,2,S1,Rekrut 2022,Distribusi,2,5.609
1780,2022,HOLDING,UID S2JB,,OFFICER KINERJA DAN ADMINISTRASI LAYANAN PELANGGAN,OFFICER,KINERJA DAN ADMINISTRASI LAYANAN PELANGGAN,G2,S1 Manajemen Pemasaran/Digital Marketing Dan Analytics,2,S1,3T,Niaga dan Pemasaran,2,5.533
1781,2022,HOLDING,UIT JBB,,OFFICER KINERJA,OFFICER,KINERJA,G2,S1 Teknik Industri/Teknik Material,2,S1,Rekrut 2022,Perencanaan dan Kinerja,2,5.477
1782,2022,HOLDING,Kantor Pusat,,OFFICER VERIFIKASI,OFFICER,VERIFIKASI,G2,S1 Akuntansi/Administrasi Fiskal,2,S1,Rekrut 2022,Keuangan dan Akuntansi,2,5.463
1783,2022,HOLDING,Kantor Pusat,,OFFICER HUKUM,OFFICER,HUKUM,G2,S1 Hukum/Public Policy,2,S1,Rekrut 2022,Hukum dan Kepatuhan,2,5.354
1784,2022,HOLDING,UID Kaltimra,,OFFICER KINERJA DAN ADMINISTRASI LAYANAN PELANGGAN,OFFICER,KINERJA DAN ADMINISTRASI LAYANAN PELANGGAN,G2,S1 Manajemen Pemasaran/Digital Marketing Dan Analytics,2,S1,3T,Niaga dan Pemasaran,2,5.324
1785,2022,HOLDING,UID Sulselrabar,,OFFICER KINERJA DAN ADMINISTRASI LAYANAN PELANGGAN,OFFICER,KINERJA DAN ADMINISTRASI LAYANAN PELANGGAN,G2,S1 Manajemen Pemasaran/Digital Marketing Dan Analytics,2,S1,3T,Niaga dan Pemasaran,2,5.303
1786,2022,HOLDING,UID Jawa Barat,,OFFICER KINERJA KEUANGAN DAN UMUM,OFFICER,KINERJA KEUANGAN DAN UMUM,G2,S1 Akuntansi/Administrasi Fiskal,2,S1,Rekrut 2022,Keuangan dan Akuntansi,2,5.299
1787,2022,HOLDING,UID Suluttenggo,,OFFICER KINERJA DAN ADMINISTRASI LAYANAN PELANGGAN,OFFICER,KINERJA DAN ADMINISTRASI LAYANAN PELANGGAN,G2,S1 Manajemen Pemasaran/Digital Marketing Dan Analytics,2,S1,3T,Niaga dan Pemasaran,2,5.111
1788,2022,HOLDING,P3B Sumatera,,OFFICER KINERJA DAN PERENCANAAN,OFFICER,KINERJA DAN PERENCANAAN,G2,S1 Teknik Industri/Teknik Material,2,S1,Rekrut 2022,Perencanaan dan Kinerja,2,5.069
1789,2022,HOLDING,UID Jakarta Raya,,OFFICER KINERJA KONSTRUKSI DISTRIBUSI,OFFICER,KINERJA KONSTRUKSI DISTRIBUSI,G2,S1 Teknik Elektro/Teknik Listrik,2,S1,Rekrut 2022,Distribusi,2,4.808
1790,2022,HOLDING,UIW Papua&Papua Barat,,OFFICER KINERJA DAN ADMINISTRASI LAYANAN PELANGGAN,OFFICER,KINERJA DAN ADMINISTRASI LAYANAN PELANGGAN,G2,S1 Manajemen Pemasaran/Digital Marketing Dan Analytics,2,S1,3T,Niaga dan Pemasaran,2,4.64
1791,2022,HOLDING,UID Sumut,,OFFICER KINERJA DAN ADMINISTRASI LAYANAN PELANGGAN,OFFICER,KINERJA DAN ADMINISTRASI LAYANAN PELANGGAN,G2,S1 Manajemen Pemasaran/Digital Marketing Dan Analytics,2,S1,Rekrut 2022,Niaga dan Pemasaran,2,4.527
1792,2022,HOLDING,UID Jawa Barat,,OFFICER KINERJA JARINGAN DISTRIBUSI,OFFICER,KINERJA JARINGAN DISTRIBUSI,G2,S1 Teknik Elektro/Teknik Listrik,2,S1,Rekrut 2022,Distribusi,2,4.416
1793,2022,HOLDING,UIT JBT,,OFFICER KINERJA,OFFICER,KINERJA,G2,S1 Teknik Industri/Teknik Material,2,S1,Rekrut 2022,Perencanaan dan Kinerja,2,4.39
1794,2022,HOLDING,UID Sumbar,,OFFICER KINERJA DAN ADMINISTRASI LAYANAN PELANGGAN,OFFICER,KINERJA DAN ADMINISTRASI LAYANAN PELANGGAN,G2,S1 Manajemen Pemasaran/Digital Marketing Dan Analytics,2,S1,Rekrut 2022,Niaga dan Pemasaran,2,4.175
1795,2022,HOLDING,P3B Sumatera,,OFFICER KINERJA KEUANGAN DAN UMUM,OFFICER,KINERJA KEUANGAN DAN UMUM,G2,S1 Akuntansi/Administrasi Fiskal,2,S1,Rekrut 2022,Keuangan dan Akuntansi,2,4.175
1796,2022,HOLDING,UID Jakarta Raya,,OFFICER KINERJA KEUANGAN DAN UMUM,OFFICER,KINERJA KEUANGAN DAN UMUM,G2,S1 Akuntansi/Administrasi Fiskal,2,S1,Rekrut 2022,Keuangan dan Akuntansi,2,4.14
1797,2022,HOLDING,UID Jakarta Raya,,OFFICER PRIORITY ACCOUNT EXECUTIVE,OFFICER,PRIORITY ACCOUNT EXECUTIVE,G2,S1 Komunikasi/Hubungan Masyarakat,2,S1,Rekrut 2022,Komunikasi dan Umum,2,4.007
1798,2022,HOLDING,UID Jawa Timur,,OFFICER KINERJA,OFFICER,KINERJA,G2,S1 Teknik Industri/Teknik Material,2,S1,Rekrut 2022,Perencanaan dan Kinerja,2,3.909
1799,2022,HOLDING,UID Jawa Tengah & DIY,,TECHNICIAN PDKB,TECHNICIAN,PDKB,G2,S1 Teknik Elektro/Teknik Listrik,2,S1,Rekrut 2022,Distribusi,2,3.838
1800,2022,HOLDING,UID Kalselteng,,TECHNICIAN TEKNISI PDKB,TECHNICIAN,TEKNISI PDKB,G2,S1 Teknik Elektro/Teknik Listrik,2,S1,3T,Distribusi,2,3.762
1801,2022,HOLDING,P3B Sumatera,,OFFICER KINERJA KONSTRUKSI DAN PENYALURAN,OFFICER,KINERJA KONSTRUKSI DAN PENYALURAN,G2,S1 Teknik Elektro/Teknik Listrik,2,S1,Rekrut 2022,Transmisi dan Gardu Induk,2,3.727
1802,2022,HOLDING,Pusat Pengatur Beban,,OFFICER KINERJA FASILITAS OPERASI,OFFICER,KINERJA FASILITAS OPERASI,G2,S1 Komunikasi/Hubungan Masyarakat,2,S1,Rekrut 2022,Komunikasi dan Umum,2,3.723
1803,2022,HOLDING,UID Jawa Timur,,OFFICER KINERJA TRANSAKSI ENERGI LISTRIK,OFFICER,KINERJA TRANSAKSI ENERGI LISTRIK,G2,S1 Teknik Elektro/Teknik Listrik,2,S1,Rekrut 2022,Distribusi,2,3.713
1804,2022,HOLDING,UID Jawa Timur,,TECHNICIAN PENGELOLAAN KONSTRUKSI DISTRIBUSI,TECHNICIAN,PENGELOLAAN KONSTRUKSI DISTRIBUSI,G2,S1 Teknik Elektro/Teknik Listrik,2,S1,Rekrut 2022,Distribusi,2,3.713
1805,2022,HOLDING,UID Jawa Barat,,TECHNICIAN TEKNIK LAYANAN PELANGGAN,TECHNICIAN,TEKNIK LAYANAN PELANGGAN,G2,S1 Teknik Elektro/Teknik Listrik,2,S1,Rekrut 2022,Distribusi,2,3.68
1806,2022,HOLDING,UIT JBB,,TECHNICIAN PENGENDALIAN OPERASI DAN PEMELIHARAAN TRANSMISI DAN GARDU INDUK,TECHNICIAN,PENGENDALIAN OPERASI DAN PEMELIHARAAN TRANSMISI DAN GARDU INDUK,G2,S1 Teknik Elektro/Teknik Listrik,2,S1,Rekrut 2022,Transmisi dan Gardu Induk,2,6.319
1807,2022,HOLDING,UID Jawa Barat,,TECHNICIAN PENGELOLAAN KONSTRUKSI DISTRIBUSI,TECHNICIAN,PENGELOLAAN KONSTRUKSI DISTRIBUSI,G2,S1 Teknik Elektro/Teknik Listrik,2,S1,Rekrut 2022,Distribusi,2,6.035
1808,2022,HOLDING,UID Jawa Barat,,JUNIOR OFFICER PELAYANAN PELANGGAN,JUNIOR OFFICER,PELAYANAN PELANGGAN,G1,D3 Manajemen Pemasaran/Digital Marketing Dan Analytics,2,D3,Rekrut 2022,Niaga dan Pemasaran,1,5.872
1809,2022,HOLDING,UIT JBB,,JUNIOR TECHNICIAN JARINGAN TRANSMISI DAN GARDU INDUK,JUNIOR TECHNICIAN,JARINGAN TRANSMISI DAN GARDU INDUK,G1,D3 Teknik Elektro/Teknik Listrik,2,D3,Rekrut 2022,Transmisi dan Gardu Induk,1,5.78
1810,2022,HOLDING,UID Jakarta Raya,,JUNIOR TECHNICIAN OPERASI DISTRIBUSI,JUNIOR TECHNICIAN,OPERASI DISTRIBUSI,G1,D3 Teknik Elektro/Teknik Listrik,2,D3,Rekrut 2022,Distribusi,1,5.735
1811,2022,HOLDING,UIW Maluku&Malut,,JUNIOR TECHNICIAN TRANSAKSI ENERGI LAYANAN PELANGGAN,JUNIOR TECHNICIAN,TRANSAKSI ENERGI LAYANAN PELANGGAN,G1,D3 Teknik Elektro/Teknik Listrik,2,D3,3T,Distribusi,1,4.812
1812,2022,HOLDING,Kantor Pusat,,JUNIOR OFFICER PELAYANAN HUMAN CAPITAL AMBON,JUNIOR OFFICER,PELAYANAN HUMAN CAPITAL AMBON,G1,D3 Psikologi/Kepegawaian,2,D3,Rekrut 2022,Sumber Daya Manusia,1,4.754
1813,2022,HOLDING,UID S2JB,,JUNIOR TECHNICIAN PDKB,JUNIOR TECHNICIAN,PDKB,G1,D3 Teknik Elektro/Teknik Listrik,2,D3,3T,Distribusi,1,4.414
1814,2022,HOLDING,UID Jawa Tengah & DIY,,JUNIOR TECHNICIAN TEKNIK LAYANAN PELANGGAN,JUNIOR TECHNICIAN,TEKNIK LAYANAN PELANGGAN,G1,D3 Teknik Elektro/Teknik Listrik,2,D3,Rekrut 2022,Distribusi,1,4.345
1815,2022,HOLDING,UID Suluttenggo,,JUNIOR TECHNICIAN TEKNIK LAYANAN PELANGGAN,JUNIOR TECHNICIAN,TEKNIK LAYANAN PELANGGAN,G1,D3 Teknik Elektro/Teknik Listrik,2,D3,3T,Distribusi,1,4.291
1816,2022,HOLDING,UIW Papua&Papua Barat,,JUNIOR TECHNICIAN TEKNIK LAYANAN PELANGGAN,JUNIOR TECHNICIAN,TEKNIK LAYANAN PELANGGAN,G1,D3 Teknik Elektro/Teknik Listrik,2,D3,3T,Distribusi,1,4.29
1817,2022,HOLDING,UIT JBTB,,JUNIOR TECHNICIAN JARINGAN TRANSMISI DAN GARDU INDUK,JUNIOR TECHNICIAN,JARINGAN TRANSMISI DAN GARDU INDUK,G1,D3 Teknik Elektro/Teknik Listrik,2,D3,Rekrut 2022,Transmisi dan Gardu Induk,1,4.144
1818,2022,HOLDING,UID Kalselteng,,JUNIOR TECHNICIAN TEKNIK LAYANAN PELANGGAN,JUNIOR TECHNICIAN,TEKNIK LAYANAN PELANGGAN,G1,D3 Teknik Elektro/Teknik Listrik,2,D3,3T,Distribusi,1,4.131
1819,2022,HOLDING,UID Kalselteng,,JUNIOR TECHNICIAN TRANSAKSI ENERGI LAYANAN PELANGGAN,JUNIOR TECHNICIAN,TRANSAKSI ENERGI LAYANAN PELANGGAN,G1,D3 Teknik Elektro/Teknik Listrik,2,D3,3T,Distribusi,1,4.131
1820,2022,HOLDING,UID Jawa Timur,,JUNIOR TECHNICIAN TRANSAKSI ENERGI LAYANAN PELANGGAN,JUNIOR TECHNICIAN,TRANSAKSI ENERGI LAYANAN PELANGGAN,G1,D3 Teknik Elektro/Teknik Listrik,2,D3,Rekrut 2022,Distribusi,1,6.318
1821,2022,HOLDING,UIT JBT,,JUNIOR TECHNICIAN JARINGAN TRANSMISI DAN GARDU INDUK,JUNIOR TECHNICIAN,JARINGAN TRANSMISI DAN GARDU INDUK,G1,D3 Teknik Elektro/Teknik Listrik,2,D3,Rekrut 2022,Transmisi dan Gardu Induk,1,6.087
1822,2022,HOLDING,UID Jawa Timur,,OFFICER KINERJA JARINGAN DISTRIBUSI,OFFICER,KINERJA JARINGAN DISTRIBUSI,G2,S1 Teknik Elektro/Teknik Listrik,1,S1,Rekrut 2022,Distribusi,2,2.932
1823,2022,HOLDING,UID Jawa Timur,,OFFICER PRIORITY ACCOUNT EXECUTIVE,OFFICER,PRIORITY ACCOUNT EXECUTIVE,G2,S1 Komunikasi/Hubungan Masyarakat,1,S1,Rekrut 2022,Komunikasi dan Umum,2,2.932
1824,2022,HOLDING,UID Jawa Tengah & DIY,,OFFICER KINERJA KEUANGAN DAN UMUM,OFFICER,KINERJA KEUANGAN DAN UMUM,G2,S1 Akuntansi/Administrasi Fiskal,1,S1,Rekrut 2022,Keuangan dan Akuntansi,2,2.856
1825,2022,HOLDING,Kantor Pusat,,OFFICER PEMBAYARAN UNIT,OFFICER,PEMBAYARAN UNIT,G2,S1 Komunikasi/Hubungan Masyarakat,1,S1,Rekrut 2022,Komunikasi dan Umum,2,2.732
1826,2022,HOLDING,UIW Maluku&Malut,,OFFICER KINERJA JARINGAN DAN KONSTRUKSI DISTRIBUSI,OFFICER,KINERJA JARINGAN DAN KONSTRUKSI DISTRIBUSI,G2,S1 Teknik Elektro/Teknik Listrik,1,S1,3T,Distribusi,2,2.691
1827,2022,HOLDING,UIW Maluku&Malut,,TECHNICIAN OPERASI DISTRIBUSI,TECHNICIAN,OPERASI DISTRIBUSI,G2,S1 Teknik Elektro/Teknik Listrik,1,S1,3T,Distribusi,2,2.691
1828,2022,HOLDING,UID S2JB,,OFFICER KINERJA JARINGAN DAN KONSTRUKSI DISTRIBUSI,OFFICER,KINERJA JARINGAN DAN KONSTRUKSI DISTRIBUSI,G2,S1 Teknik Elektro/Teknik Listrik,1,S1,3T,Distribusi,2,2.674
1829,2022,HOLDING,UID Kalselteng,,TECHNICIAN PDKB,TECHNICIAN,PDKB,G2,S1 Teknik Elektro/Teknik Listrik,1,S1,3T,Distribusi,2,2.655
1830,2022,HOLDING,UIP Maluku dan Papua,,OFFICER PENGENDALIAN KONSTRUKSI,OFFICER,PENGENDALIAN KONSTRUKSI,G2,S1 Logistik/Supply Chain Management,1,S1,3T,Manajemen Konstruksi dan Pengadaan,2,2.627
1831,2022,HOLDING,UIW Papua&Papua Barat,,TECHNICIAN PDKB,TECHNICIAN,PDKB,G2,S1 Teknik Elektro/Teknik Listrik,1,S1,3T,Distribusi,2,2.598
1832,2022,HOLDING,UID S2JB,,OFFICER KINERJA KEUANGAN DAN UMUM,OFFICER,KINERJA KEUANGAN DAN UMUM,G2,S1 Akuntansi/Administrasi Fiskal,1,S1,3T,Keuangan dan Akuntansi,2,2.582
1833,2022,HOLDING,UID Banten,,TECHNICIAN PDKB,TECHNICIAN,PDKB,G2,S1 Teknik Elektro/Teknik Listrik,1,S1,Rekrut 2022,Distribusi,2,2.507
1834,2022,HOLDING,UID Lampung,,OFFICER KINERJA DAN ADMINISTRASI LAYANAN PELANGGAN,OFFICER,KINERJA DAN ADMINISTRASI LAYANAN PELANGGAN,G2,S1 Manajemen Pemasaran/Digital Marketing Dan Analytics,1,S1,Rekrut 2022,Niaga dan Pemasaran,2,2.485
1835,2022,HOLDING,UID Kalbar,,OFFICER KINERJA DAN ADMINISTRASI LAYANAN PELANGGAN,OFFICER,KINERJA DAN ADMINISTRASI LAYANAN PELANGGAN,G2,S1 Manajemen Pemasaran/Digital Marketing Dan Analytics,1,S1,3T,Niaga dan Pemasaran,2,2.484
1836,2022,HOLDING,UID Sumut,,OFFICER LOGISTIK LAYANAN PELANGGAN,OFFICER,LOGISTIK LAYANAN PELANGGAN,G2,S1 Logistik/Supply Chain Management,1,S1,Rekrut 2022,Manajemen Konstruksi dan Pengadaan,2,2.483
1837,2022,HOLDING,UIP JBTB,,OFFICER PENGENDALIAN PROYEK,OFFICER,PENGENDALIAN PROYEK,G2,S1 Logistik/Supply Chain Management,1,S1,Rekrut 2022,Manajemen Konstruksi dan Pengadaan,2,2.465
1838,2022,HOLDING,UID Kalselteng,,OFFICER KINERJA DAN ADMINISTRASI LAYANAN PELANGGAN,OFFICER,KINERJA DAN ADMINISTRASI LAYANAN PELANGGAN,G2,S1 Manajemen Pemasaran/Digital Marketing Dan Analytics,1,S1,3T,Niaga dan Pemasaran,2,2.434
1839,2022,HOLDING,PUSHARLIS,,TECHNICIAN PRODUKSI,TECHNICIAN,PRODUKSI,G2,S1 Teknik Elektro/Teknik Listrik,1,S1,Rekrut 2022,Distribusi,2,2.416
1840,2022,HOLDING,UIW Papua&Papua Barat,,TECHNICIAN KONSTRUKSI LISTRIK PERDESAAN,TECHNICIAN,KONSTRUKSI LISTRIK PERDESAAN,G2,S1 Teknik Elektro/Teknik Listrik,1,S1,3T,Distribusi,2,2.413
1841,2022,HOLDING,UID Jawa Tengah & DIY,,OFFICER LOGISTIK LAYANAN PELANGGAN,OFFICER,LOGISTIK LAYANAN PELANGGAN,G2,S1 Logistik/Supply Chain Management,1,S1,Rekrut 2022,Manajemen Konstruksi dan Pengadaan,2,2.41
1842,2022,HOLDING,UID Jawa Tengah & DIY,,TECHNICIAN PENGELOLAAN KONSTRUKSI DISTRIBUSI,TECHNICIAN,PENGELOLAAN KONSTRUKSI DISTRIBUSI,G2,S1 Teknik Elektro/Teknik Listrik,1,S1,Rekrut 2022,Distribusi,2,2.41
1843,2022,HOLDING,UID Bali,,OFFICER KINERJA DAN ADMINISTRASI LAYANAN PELANGGAN,OFFICER,KINERJA DAN ADMINISTRASI LAYANAN PELANGGAN,G2,S1 Manajemen Pemasaran/Digital Marketing Dan Analytics,1,S1,Rekrut 2022,Niaga dan Pemasaran,2,2.384
1844,2022,HOLDING,UID Jawa Barat,,TECHNICIAN TRANSAKSI ENERGI LAYANAN PELANGGAN,TECHNICIAN,TRANSAKSI ENERGI LAYANAN PELANGGAN,G2,S1 Teknik Elektro/Teknik Listrik,1,S1,Rekrut 2022,Distribusi,2,2.355
1845,2022,HOLDING,UID Banten,,OFFICER KINERJA JARINGAN DISTRIBUSI,OFFICER,KINERJA JARINGAN DISTRIBUSI,G2,S1 Teknik Elektro/Teknik Listrik,1,S1,Rekrut 2022,Distribusi,2,2.306
1846,2022,HOLDING,UIW Papua&Papua Barat,,TECHNICIAN OPERASI DISTRIBUSI,TECHNICIAN,OPERASI DISTRIBUSI,G2,S1 Teknik Elektro/Teknik Listrik,1,S1,3T,Distribusi,2,2.227
1847,2022,HOLDING,UID Sumut,,OFFICER KINERJA KEUANGAN DAN UMUM,OFFICER,KINERJA KEUANGAN DAN UMUM,G2,S1 Akuntansi/Administrasi Fiskal,1,S1,Rekrut 2022,Keuangan dan Akuntansi,2,2.191
1848,2022,HOLDING,UID Riau & Kepri,,OFFICER KINERJA DAN ADMINISTRASI LAYANAN PELANGGAN,OFFICER,KINERJA DAN ADMINISTRASI LAYANAN PELANGGAN,G2,S1 Manajemen Pemasaran/Digital Marketing Dan Analytics,1,S1,Rekrut 2022,Niaga dan Pemasaran,2,2.189
1849,2022,HOLDING,UIP Kalimantan Bag Timur,,OFFICER PERIZINAN DAN PERTANAHAN,OFFICER,PERIZINAN DAN PERTANAHAN,G2,S1 Logistik/Supply Chain Management,1,S1,3T,Manajemen Konstruksi dan Pengadaan,2,2.176
1850,2022,HOLDING,UIW Maluku&Malut,,OFFICER ADMINISTRASI DAN UMUM,OFFICER,ADMINISTRASI DAN UMUM,G2,S1 Komunikasi/Hubungan Masyarakat,1,S1,3T,Komunikasi dan Umum,2,2.153
1851,2022,HOLDING,UIW Maluku&Malut,,OFFICER KINERJA,OFFICER,KINERJA,G2,S1 Teknik Industri/Teknik Material,1,S1,3T,Perencanaan dan Kinerja,2,2.153
1852,2022,HOLDING,UIW Maluku&Malut,,OFFICER PERENCANAAN SISTEM KELISTRIKAN,OFFICER,PERENCANAAN SISTEM KELISTRIKAN,G2,S1 Teknik Kimia/Teknik Lingkungan,1,S1,3T,Perencanaan Sistem,2,2.153
1853,2022,HOLDING,UIW Maluku&Malut,,TECHNICIAN PENGENDALIAN OPERASI SISTEM,TECHNICIAN,PENGENDALIAN OPERASI SISTEM,G2,S1 Teknik Kimia/Teknik Lingkungan,1,S1,3T,Perencanaan Sistem,2,2.153
1854,2022,HOLDING,UID Jawa Timur,,TECHNICIAN PENGELOLAAN KONSTRUKSI,TECHNICIAN,PENGELOLAAN KONSTRUKSI,G2,S1 Logistik/Supply Chain Management,1,S1,Rekrut 2022,Manajemen Konstruksi dan Pengadaan,2,2.15
1855,2022,HOLDING,UID Sulselrabar,,OFFICER KINERJA KEUANGAN DAN UMUM,OFFICER,KINERJA KEUANGAN DAN UMUM,G2,S1 Akuntansi/Administrasi Fiskal,1,S1,3T,Keuangan dan Akuntansi,2,2.136
1856,2022,HOLDING,UIP Maluku dan Papua,,TECHNICIAN PENGENDALIAN KONSTRUKSI,TECHNICIAN,PENGENDALIAN KONSTRUKSI,G2,S1 Logistik/Supply Chain Management,1,S1,3T,Manajemen Konstruksi dan Pengadaan,2,2.102
1857,2022,HOLDING,UIT JBTB,,OFFICER KINERJA KEUANGAN DAN UMUM,OFFICER,KINERJA KEUANGAN DAN UMUM,G2,S1 Akuntansi/Administrasi Fiskal,1,S1,Rekrut 2022,Keuangan dan Akuntansi,2,2.102
1858,2022,HOLDING,P3B Sumatera,,OFFICER KEUANGAN DAN AKUNTANSI,OFFICER,KEUANGAN DAN AKUNTANSI,G2,S1 Akuntansi/Administrasi Fiskal,1,S1,Rekrut 2022,Keuangan dan Akuntansi,2,2.087
1859,2022,HOLDING,PUSERTIF,,TECHNICIAN PENGELOLAAN PENGUJIAN SISTEM PEMBANGKIT,TECHNICIAN,PENGELOLAAN PENGUJIAN SISTEM PEMBANGKIT,G2,S1 Teknik Mesin/Konversi Energi,1,S1,Rekrut 2022,Pembangkitan,2,2.065
1860,2022,HOLDING,UIW NusaTenggaraTimur,,TECHNICIAN PENGENDALIAN OPERASI DAN PEMELIHARAAN PUSAT LISTRIK,TECHNICIAN,PENGENDALIAN OPERASI DAN PEMELIHARAAN PUSAT LISTRIK,G2,S1 Teknik Mesin/Konversi Energi,1,S1,3T,Pembangkitan,2,2.06
1861,2022,HOLDING,UID Jawa Tengah & DIY,,OFFICER KINERJA TRANSAKSI ENERGI LISTRIK,OFFICER,KINERJA TRANSAKSI ENERGI LISTRIK,G2,S1 Teknik Elektro/Teknik Listrik,1,S1,Rekrut 2022,Distribusi,2,2.053
1862,2022,HOLDING,UID Sumbar,,OFFICER LOGISTIK LAYANAN PELANGGAN,OFFICER,LOGISTIK LAYANAN PELANGGAN,G2,S1 Logistik/Supply Chain Management,1,S1,Rekrut 2022,Manajemen Konstruksi dan Pengadaan,2,2.051
1863,2022,HOLDING,UID Kaltimra,,OFFICER KINERJA KEUANGAN DAN UMUM,OFFICER,KINERJA KEUANGAN DAN UMUM,G2,S1 Akuntansi/Administrasi Fiskal,1,S1,3T,Keuangan dan Akuntansi,2,2.019
1864,2022,HOLDING,UID Banten,,OFFICER KINERJA DAN ADMINISTRASI LAYANAN PELANGGAN,OFFICER,KINERJA DAN ADMINISTRASI LAYANAN PELANGGAN,G2,S1 Manajemen Pemasaran/Digital Marketing Dan Analytics,1,S1,Rekrut 2022,Niaga dan Pemasaran,2,2.006
1865,2022,HOLDING,UID Jakarta Raya,,TECHNICIAN OPERASI DISTRIBUSI,TECHNICIAN,OPERASI DISTRIBUSI,G2,S1 Teknik Elektro/Teknik Listrik,1,S1,Rekrut 2022,Distribusi,2,2.003
1866,2022,HOLDING,UID Kalselteng,,OFFICER KINERJA JARINGAN DAN KONSTRUKSI DISTRIBUSI,OFFICER,KINERJA JARINGAN DAN KONSTRUKSI DISTRIBUSI,G2,S1 Teknik Elektro/Teknik Listrik,1,S1,3T,Distribusi,2,1.991
1867,2022,HOLDING,UID Bali,,OFFICER LOGISTIK LAYANAN PELANGGAN,OFFICER,LOGISTIK LAYANAN PELANGGAN,G2,S1 Logistik/Supply Chain Management,1,S1,Rekrut 2022,Manajemen Konstruksi dan Pengadaan,2,1.987
1868,2022,HOLDING,UIP JBTB,,"OFFICER KEUANGAN, PERIZINAN, PERTANAHAN DAN UMUM",OFFICER,"KEUANGAN, PERIZINAN, PERTANAHAN DAN UMUM",G2,S1 Logistik/Supply Chain Management,1,S1,Rekrut 2022,Manajemen Konstruksi dan Pengadaan,2,1.972
1869,2022,HOLDING,UIT JBT,,OFFICER KINERJA KEUANGAN DAN UMUM,OFFICER,KINERJA KEUANGAN DAN UMUM,G2,S1 Akuntansi/Administrasi Fiskal,1,S1,Rekrut 2022,Keuangan dan Akuntansi,2,1.971
1870,2022,HOLDING,UIT JBTB,,OFFICER KINERJA KONSTRUKSI,OFFICER,KINERJA KONSTRUKSI,G2,S1 Logistik/Supply Chain Management,1,S1,Rekrut 2022,Manajemen Konstruksi dan Pengadaan,2,1.961
1871,2022,HOLDING,UIP Kalimantan Bag Timur,,TECHNICIAN PENGENDALIAN KONSTRUKSI,TECHNICIAN,PENGENDALIAN KONSTRUKSI,G2,S1 Logistik/Supply Chain Management,1,S1,3T,Manajemen Konstruksi dan Pengadaan,2,1.958
1872,2022,HOLDING,UID Suluttenggo,,OFFICER KINERJA KEUANGAN DAN UMUM,OFFICER,KINERJA KEUANGAN DAN UMUM,G2,S1 Akuntansi/Administrasi Fiskal,1,S1,3T,Keuangan dan Akuntansi,2,1.934
1873,2022,HOLDING,UIP3B Kalimantan,,OFFICER KINERJA KEUANGAN DAN UMUM,OFFICER,KINERJA KEUANGAN DAN UMUM,G2,S1 Akuntansi/Administrasi Fiskal,1,S1,3T,Keuangan dan Akuntansi,2,1.928
1874,2022,HOLDING,UID Jawa Barat,,TECHNICIAN TEKNISI PDKB,TECHNICIAN,TEKNISI PDKB,G2,S1 Teknik Elektro/Teknik Listrik,1,S1,Rekrut 2022,Distribusi,2,1.913
1875,2022,HOLDING,UID Banten,,OFFICER PRIORITY ACCOUNT EXECUTIVE,OFFICER,PRIORITY ACCOUNT EXECUTIVE,G2,S1 Komunikasi/Hubungan Masyarakat,1,S1,Rekrut 2022,Komunikasi dan Umum,2,1.905
1876,2022,HOLDING,UID Kalbar,,OFFICER KINERJA JARINGAN DAN KONSTRUKSI DISTRIBUSI,OFFICER,KINERJA JARINGAN DAN KONSTRUKSI DISTRIBUSI,G2,S1 Teknik Elektro/Teknik Listrik,1,S1,3T,Distribusi,2,1.863
1877,2022,HOLDING,UIP JBB,,TECHNICIAN PENGENDALIAN KONSTRUKSI,TECHNICIAN,PENGENDALIAN KONSTRUKSI,G2,S1 Logistik/Supply Chain Management,1,S1,Rekrut 2022,Manajemen Konstruksi dan Pengadaan,2,1.845
1878,2022,HOLDING,UID S2JB,,OFFICER KINERJA,OFFICER,KINERJA,G2,S1 Teknik Industri/Teknik Material,1,S1,3T,Perencanaan dan Kinerja,2,1.844
1879,2022,HOLDING,UIP3B Sulawesi,,TECHNICIAN PENGENDALIAN OPERASI DAN PEMELIHARAAN,TECHNICIAN,PENGENDALIAN OPERASI DAN PEMELIHARAAN,G2,S1 Teknik Elektro/Teknik Listrik,1,S1,3T,Distribusi,2,1.834
1880,2022,HOLDING,PUSERTIF,,TECHNICIAN KOMISIONING SISTEM PEMBANGKIT,TECHNICIAN,KOMISIONING SISTEM PEMBANGKIT,G2,S1 Teknik Mesin/Konversi Energi,1,S1,Rekrut 2022,Pembangkitan,2,1.807
1881,2022,HOLDING,UID Suluttenggo,,TECHNICIAN PDKB,TECHNICIAN,PDKB,G2,S1 Teknik Elektro/Teknik Listrik,1,S1,3T,Distribusi,2,1.796
1882,2022,HOLDING,P3B Sumatera,,OFFICER ENJINIRING,OFFICER,ENJINIRING,G2,S1 Teknik Kimia/Teknik Lingkungan,1,S1,Rekrut 2022,Perencanaan Sistem,2,1.789
1883,2022,HOLDING,UID Kalselteng,,OFFICER KINERJA KEUANGAN DAN UMUM,OFFICER,KINERJA KEUANGAN DAN UMUM,G2,S1 Akuntansi/Administrasi Fiskal,1,S1,3T,Keuangan dan Akuntansi,2,1.77
1884,2022,HOLDING,UID Jawa Barat,,OFFICER ADMINISTRASI DAN UMUM,OFFICER,ADMINISTRASI DAN UMUM,G2,S1 Komunikasi/Hubungan Masyarakat,1,S1,Rekrut 2022,Komunikasi dan Umum,2,1.766
1885,2022,HOLDING,UID Jawa Timur,,TECHNICIAN PENGATURAN OPERASI,TECHNICIAN,PENGATURAN OPERASI,G2,S1 Teknik Kimia/Teknik Lingkungan,1,S1,Rekrut 2022,Perencanaan Sistem,2,1.759
1886,2022,HOLDING,UIP3B Kalimantan,,TECHNICIAN PDKB GI/GITET,TECHNICIAN,PDKB GI/GITET,G2,S1 Teknik Elektro/Teknik Listrik,1,S1,3T,Transmisi dan Gardu Induk,2,1.714
1887,2022,HOLDING,UIT JBT,,OFFICER KINERJA KONSTRUKSI,OFFICER,KINERJA KONSTRUKSI,G2,S1 Logistik/Supply Chain Management,1,S1,Rekrut 2022,Manajemen Konstruksi dan Pengadaan,2,1.702
1888,2022,HOLDING,UIT JBB,,OFFICER ENJINIRING,OFFICER,ENJINIRING,G2,S1 Teknik Kimia/Teknik Lingkungan,1,S1,Rekrut 2022,Perencanaan Sistem,2,1.685
1889,2022,HOLDING,UIW Papua&Papua Barat,,OFFICER KINERJA JARINGAN DAN KONSTRUKSI,OFFICER,KINERJA JARINGAN DAN KONSTRUKSI,G2,S1 Teknik Elektro/Teknik Listrik,1,S1,3T,Distribusi,2,1.67
1890,2022,HOLDING,UIW Papua&Papua Barat,,OFFICER KINERJA TRANSAKSI ENERGI LISTRIK,OFFICER,KINERJA TRANSAKSI ENERGI LISTRIK,G2,S1 Teknik Elektro/Teknik Listrik,1,S1,3T,Distribusi,2,1.67
1891,2022,HOLDING,UID Suluttenggo,,TECHNICIAN PENGELOLAAN KONSTRUKSI DISTRIBUSI,TECHNICIAN,PENGELOLAAN KONSTRUKSI DISTRIBUSI,G2,S1 Teknik Elektro/Teknik Listrik,1,S1,3T,Distribusi,2,1.658
1892,2022,HOLDING,UID Kaltimra,,OFFICER KINERJA,OFFICER,KINERJA,G2,S1 Teknik Industri/Teknik Material,1,S1,3T,Perencanaan dan Kinerja,2,1.652
1893,2022,HOLDING,UID Riau & Kepri,,OFFICER KINERJA JARINGAN DAN KONSTRUKSI DISTRIBUSI,OFFICER,KINERJA JARINGAN DAN KONSTRUKSI DISTRIBUSI,G2,S1 Teknik Elektro/Teknik Listrik,1,S1,Rekrut 2022,Distribusi,2,1.641
1894,2022,HOLDING,P3B Sumatera,,OFFICER KINERJA OPERASI SISTEM,OFFICER,KINERJA OPERASI SISTEM,G2,S1 Teknik Kimia/Teknik Lingkungan,1,S1,Rekrut 2022,Perencanaan Sistem,2,1.64
1895,2022,HOLDING,Kantor Pusat,,OFFICER ANGGARAN,OFFICER,ANGGARAN,G2,S1 Akuntansi/Administrasi Fiskal,1,S1,Rekrut 2022,Keuangan dan Akuntansi,2,1.639
1896,2022,HOLDING,UID Sulselrabar,,TECHNICIAN PENGELOLAAN KONSTRUKSI DISTRIBUSI,TECHNICIAN,PENGELOLAAN KONSTRUKSI DISTRIBUSI,G2,S1 Teknik Elektro/Teknik Listrik,1,S1,3T,Distribusi,2,1.62
1897,2022,HOLDING,UIW Maluku&Malut,,OFFICER PERENCANAAN DAN EVALUASI SISTEM DISTRIBUSI,OFFICER,PERENCANAAN DAN EVALUASI SISTEM DISTRIBUSI,G2,S1 Teknik Kimia/Teknik Lingkungan,1,S1,3T,Perencanaan Sistem,2,1.615
1898,2022,HOLDING,UIW Maluku&Malut,,OFFICER PERENCANAAN PENGUSAHAAN DAN KINERJA,OFFICER,PERENCANAAN PENGUSAHAAN DAN KINERJA,G2,S1 Teknik Industri/Teknik Material,1,S1,3T,Perencanaan dan Kinerja,2,1.615
1899,2022,HOLDING,UIW Maluku&Malut,,OFFICER STRATEGI PEMASARAN,OFFICER,STRATEGI PEMASARAN,G2,S1 Manajemen Pemasaran/Digital Marketing Dan Analytics,1,S1,3T,Niaga dan Pemasaran,2,1.615
1900,2022,HOLDING,UIW Maluku&Malut,,TECHNICIAN PENGENDALIAN OPERASI DAN PEMELIHARAAN PUSAT LISTRIK,TECHNICIAN,PENGENDALIAN OPERASI DAN PEMELIHARAAN PUSAT LISTRIK,G2,S1 Teknik Mesin/Konversi Energi,1,S1,3T,Pembangkitan,2,1.615
1901,2022,HOLDING,UIW Maluku&Malut,,TECHNICIAN PENGENDALIAN OPERASI DAN PEMELIHARAAN TRANSMISI DAN GARDU INDUK,TECHNICIAN,PENGENDALIAN OPERASI DAN PEMELIHARAAN TRANSMISI DAN GARDU INDUK,G2,S1 Teknik Elektro/Teknik Listrik,1,S1,3T,Transmisi dan Gardu Induk,2,1.615
1902,2022,HOLDING,UIW Maluku&Malut,,TECHNICIAN PENGENDALIAN SUSUT,TECHNICIAN,PENGENDALIAN SUSUT,G2,S1 Teknik Elektro/Teknik Listrik,1,S1,3T,Distribusi,2,1.615
1903,2022,HOLDING,UID Jawa Tengah & DIY,,OFFICER KINERJA JARINGAN DISTRIBUSI,OFFICER,KINERJA JARINGAN DISTRIBUSI,G2,S1 Teknik Elektro/Teknik Listrik,1,S1,Rekrut 2022,Distribusi,2,1.607
1904,2022,HOLDING,UID Sumut,,OFFICER KINERJA JARINGAN DAN KONSTRUKSI DISTRIBUSI,OFFICER,KINERJA JARINGAN DAN KONSTRUKSI DISTRIBUSI,G2,S1 Teknik Elektro/Teknik Listrik,1,S1,Rekrut 2022,Distribusi,2,1.606
1905,2022,HOLDING,UID Banten,,OFFICER KINERJA,OFFICER,KINERJA,G2,S1 Teknik Industri/Teknik Material,1,S1,Rekrut 2022,Perencanaan dan Kinerja,2,1.604
1906,2022,HOLDING,UID Banten,,OFFICER KINERJA TRANSAKSI ENERGI LISTRIK,OFFICER,KINERJA TRANSAKSI ENERGI LISTRIK,G2,S1 Teknik Elektro/Teknik Listrik,1,S1,Rekrut 2022,Distribusi,2,1.604
1907,2022,HOLDING,UIP Sumatera Bag Tengah,,TECHNICIAN PENGENDALIAN KONSTRUKSI,TECHNICIAN,PENGENDALIAN KONSTRUKSI,G2,S1 Logistik/Supply Chain Management,1,S1,Rekrut 2022,Manajemen Konstruksi dan Pengadaan,2,1.596
1908,2022,HOLDING,UID Kalbar,,TECHNICIAN PDKB,TECHNICIAN,PDKB,G2,S1 Teknik Elektro/Teknik Listrik,1,S1,3T,Distribusi,2,1.553
1909,2022,HOLDING,UID Kalselteng,,TECHNICIAN OPERASI DISTRIBUSI,TECHNICIAN,OPERASI DISTRIBUSI,G2,S1 Teknik Elektro/Teknik Listrik,1,S1,3T,Distribusi,2,1.549
1910,2022,HOLDING,PUSDIKLAT,,OFFICER KINERJA PELAKSANAAN PEMBELAJARAN,OFFICER,KINERJA PELAKSANAAN PEMBELAJARAN,G2,S1 Psikologi/Kepegawaian,1,S1,Rekrut 2022,Sumber Daya Manusia,2,1.541
1911,2022,HOLDING,UIP Kalimantan Bag Timur,,OFFICER PENGENDALIAN PROYEK,OFFICER,PENGENDALIAN PROYEK,G2,S1 Logistik/Supply Chain Management,1,S1,3T,Manajemen Konstruksi dan Pengadaan,2,1.523
1912,2022,HOLDING,UID Suluttenggo,,TECHNICIAN OPERASI DISTRIBUSI,TECHNICIAN,OPERASI DISTRIBUSI,G2,S1 Teknik Elektro/Teknik Listrik,1,S1,3T,Distribusi,2,1.519
1913,2022,HOLDING,UID Jawa Tengah & DIY,,OFFICER KINERJA,OFFICER,KINERJA,G2,S1 Teknik Industri/Teknik Material,1,S1,Rekrut 2022,Perencanaan dan Kinerja,2,1.517
1914,2022,HOLDING,UIP JBT,,"OFFICER KEUANGAN, PERIZINAN, PERTANAHAN DAN UMUM",OFFICER,"KEUANGAN, PERIZINAN, PERTANAHAN DAN UMUM",G2,S1 Logistik/Supply Chain Management,1,S1,Rekrut 2022,Manajemen Konstruksi dan Pengadaan,2,1.514
1915,2022,HOLDING,P3B Sumatera,,OFFICER KINERJA FASILITAS OPERASI,OFFICER,KINERJA FASILITAS OPERASI,G2,S1 Komunikasi/Hubungan Masyarakat,1,S1,Rekrut 2022,Komunikasi dan Umum,2,1.491
1916,2022,HOLDING,UIW Papua&Papua Barat,,OFFICER KINERJA KEUANGAN DAN UMUM,OFFICER,KINERJA KEUANGAN DAN UMUM,G2,S1 Akuntansi/Administrasi Fiskal,1,S1,3T,Keuangan dan Akuntansi,2,1.485
1917,2022,HOLDING,UID Jawa Barat,,OFFICER PELAYANAN PELANGGAN,OFFICER,PELAYANAN PELANGGAN,G2,S1 Manajemen Pemasaran/Digital Marketing Dan Analytics,1,S1,Rekrut 2022,Niaga dan Pemasaran,2,1.472
1918,2022,HOLDING,UID Jawa Barat,,TECHNICIAN OPERASI DISTRIBUSI,TECHNICIAN,OPERASI DISTRIBUSI,G2,S1 Teknik Elektro/Teknik Listrik,1,S1,Rekrut 2022,Distribusi,2,1.472
1919,2022,HOLDING,UID Aceh,,OFFICER LOGISTIK LAYANAN PELANGGAN,OFFICER,LOGISTIK LAYANAN PELANGGAN,G2,S1 Logistik/Supply Chain Management,1,S1,3T,Manajemen Konstruksi dan Pengadaan,2,1.448
1920,2022,HOLDING,UIP JBT,,TECHNICIAN PROJECT SITE,TECHNICIAN,PROJECT SITE,G2,S1 Teknik Elektro/Teknik Listrik,1,S1,Rekrut 2022,Distribusi,2,1.406
1921,2022,HOLDING,UIT JBTB,,OFFICER ENJINIRING,OFFICER,ENJINIRING,G2,S1 Teknik Kimia/Teknik Lingkungan,1,S1,Rekrut 2022,Perencanaan Sistem,2,1.401
1922,2022,HOLDING,UIT JBTB,,OFFICER PELAKSANA PENGADAAN,OFFICER,PELAKSANA PENGADAAN,G2,S1 Logistik/Supply Chain Management,1,S1,Rekrut 2022,Manajemen Konstruksi dan Pengadaan,2,1.401
1923,2022,HOLDING,UID Sulselrabar,,OFFICER KINERJA,OFFICER,KINERJA,G2,S1 Teknik Industri/Teknik Material,1,S1,3T,Perencanaan dan Kinerja,2,1.399
1924,2022,HOLDING,UID Kalbar,,OFFICER KINERJA TRANSAKSI ENERGI LISTRIK,OFFICER,KINERJA TRANSAKSI ENERGI LISTRIK,G2,S1 Teknik Elektro/Teknik Listrik,1,S1,3T,Distribusi,2,1.397
1925,2022,HOLDING,UID S2JB,,OFFICER KINERJA TRANSAKSI ENERGI LISTRIK,OFFICER,KINERJA TRANSAKSI ENERGI LISTRIK,G2,S1 Teknik Elektro/Teknik Listrik,1,S1,3T,Distribusi,2,1.383
1926,2022,HOLDING,UID Suluttenggo,,TECHNICIAN PEMELIHARAAN DISTRIBUSI,TECHNICIAN,PEMELIHARAAN DISTRIBUSI,G2,S1 Teknik Elektro/Teknik Listrik,1,S1,3T,Distribusi,2,1.381
1927,2022,HOLDING,UID Jawa Timur,,OFFICER LOGISTIK LAYANAN PELANGGAN,OFFICER,LOGISTIK LAYANAN PELANGGAN,G2,S1 Logistik/Supply Chain Management,1,S1,Rekrut 2022,Manajemen Konstruksi dan Pengadaan,2,1.368
1928,2022,HOLDING,UID Jawa Timur,,OFFICER PELAKSANA PENGADAAN,OFFICER,PELAKSANA PENGADAAN,G2,S1 Logistik/Supply Chain Management,1,S1,Rekrut 2022,Manajemen Konstruksi dan Pengadaan,2,1.368
1929,2022,HOLDING,UID Aceh,,OFFICER KINERJA DAN ADMINISTRASI LAYANAN PELANGGAN,OFFICER,KINERJA DAN ADMINISTRASI LAYANAN PELANGGAN,G2,S1 Manajemen Pemasaran/Digital Marketing Dan Analytics,1,S1,3T,Niaga dan Pemasaran,2,1.367
1930,2022,HOLDING,UID Aceh,,TECHNICIAN PDKB,TECHNICIAN,PDKB,G2,S1 Teknik Elektro/Teknik Listrik,1,S1,3T,Distribusi,2,1.367
1931,2022,HOLDING,PUSHARLIS,,TECHNICIAN PRODUKSI MEKANIKAL,TECHNICIAN,PRODUKSI MEKANIKAL,G2,S1 Teknik Elektro/Teknik Listrik,1,S1,Rekrut 2022,Distribusi,2,1.359
1932,2022,HOLDING,UIP Kalimantan Bag Barat,,TECHNICIAN PENGENDALIAN KONSTRUKSI,TECHNICIAN,PENGENDALIAN KONSTRUKSI,G2,S1 Logistik/Supply Chain Management,1,S1,3T,Manajemen Konstruksi dan Pengadaan,2,1.358
1933,2022,HOLDING,UIP Sumatera Bag Utara,,OFFICER PENGENDALIAN PROYEK,OFFICER,PENGENDALIAN PROYEK,G2,S1 Logistik/Supply Chain Management,1,S1,Rekrut 2022,Manajemen Konstruksi dan Pengadaan,2,1.342
1934,2022,HOLDING,P3B Sumatera,,TECHNICIAN PEMELIHARAAN GARDU INDUK,TECHNICIAN,PEMELIHARAAN GARDU INDUK,G2,S1 Teknik Elektro/Teknik Listrik,1,S1,Rekrut 2022,Transmisi dan Gardu Induk,2,1.342
1935,2022,HOLDING,UID Jakarta Raya,,TECHNICIAN PEMELIHARAAN DISTRIBUSI,TECHNICIAN,PEMELIHARAAN DISTRIBUSI,G2,S1 Teknik Elektro/Teknik Listrik,1,S1,Rekrut 2022,Distribusi,2,1.336
1936,2022,HOLDING,UID Kalselteng,,OFFICER PRIORITY ACCOUNT EXECUTIVE,OFFICER,PRIORITY ACCOUNT EXECUTIVE,G2,S1 Komunikasi/Hubungan Masyarakat,1,S1,3T,Komunikasi dan Umum,2,1.328
1937,2022,HOLDING,UID Jawa Barat,,OFFICER KINERJA NIAGA DAN PEMASARAN,OFFICER,KINERJA NIAGA DAN PEMASARAN,G2,S1 Manajemen Pemasaran/Digital Marketing Dan Analytics,1,S1,Rekrut 2022,Niaga dan Pemasaran,2,1.325
1938,2022,HOLDING,UID Jawa Barat,,TECHNICIAN PENGATURAN OPERASI,TECHNICIAN,PENGATURAN OPERASI,G2,S1 Teknik Kimia/Teknik Lingkungan,1,S1,Rekrut 2022,Perencanaan Sistem,2,1.325
1939,2022,HOLDING,UID Sumut,,OFFICER KINERJA TRANSAKSI ENERGI LISTRIK,OFFICER,KINERJA TRANSAKSI ENERGI LISTRIK,G2,S1 Teknik Elektro/Teknik Listrik,1,S1,Rekrut 2022,Distribusi,2,1.314
1940,2022,HOLDING,UIW Papua&Papua Barat,,OFFICER NIAGA DAN PELAYANAN PELANGGAN,OFFICER,NIAGA DAN PELAYANAN PELANGGAN,G2,S1 Manajemen Pemasaran/Digital Marketing Dan Analytics,1,S1,3T,Niaga dan Pemasaran,2,1.299
1941,2022,HOLDING,UIW Papua&Papua Barat,,OFFICER PERENCANAAN DAN EVALUASI SISTEM DISTRIBUSI,OFFICER,PERENCANAAN DAN EVALUASI SISTEM DISTRIBUSI,G2,S1 Teknik Kimia/Teknik Lingkungan,1,S1,3T,Perencanaan Sistem,2,1.299
1942,2022,HOLDING,UIW Papua&Papua Barat,,TECHNICIAN PEMELIHARAAN DISTRIBUSI,TECHNICIAN,PEMELIHARAAN DISTRIBUSI,G2,S1 Teknik Elektro/Teknik Listrik,1,S1,3T,Distribusi,2,1.299
1943,2022,HOLDING,UID Aceh,,OFFICER KINERJA JARINGAN DAN KONSTRUKSI DISTRIBUSI,OFFICER,KINERJA JARINGAN DAN KONSTRUKSI DISTRIBUSI,G2,S1 Teknik Elektro/Teknik Listrik,1,S1,3T,Distribusi,2,1.287
1944,2022,HOLDING,UID Aceh,,OFFICER KINERJA KEUANGAN DAN UMUM,OFFICER,KINERJA KEUANGAN DAN UMUM,G2,S1 Akuntansi/Administrasi Fiskal,1,S1,3T,Keuangan dan Akuntansi,2,1.287
1945,2022,HOLDING,UIT JBB,,OFFICER PELAKSANA PENGADAAN,OFFICER,PELAKSANA PENGADAAN,G2,S1 Logistik/Supply Chain Management,1,S1,Rekrut 2022,Manajemen Konstruksi dan Pengadaan,2,1.264
1946,2022,HOLDING,UIT JBB,,TECHNICIAN JARINGAN TRANSMISI DAN GARDU INDUK,TECHNICIAN,JARINGAN TRANSMISI DAN GARDU INDUK,G2,S1 Teknik Elektro/Teknik Listrik,1,S1,Rekrut 2022,Transmisi dan Gardu Induk,2,1.264
1947,2022,HOLDING,UIT JBTB,,"OFFICER ASESMEN, DIAGNOSA DAN PENGELOLAAN DATA",OFFICER,"ASESMEN, DIAGNOSA DAN PENGELOLAAN DATA",G2,S1 Psikologi/Kepegawaian,1,S1,Rekrut 2022,Sumber Daya Manusia,2,1.261
1948,2022,HOLDING,UIT JBTB,,TECHNICIAN JARINGAN TRANSMISI DAN GARDU INDUK,TECHNICIAN,JARINGAN TRANSMISI DAN GARDU INDUK,G2,S1 Teknik Elektro/Teknik Listrik,1,S1,Rekrut 2022,Transmisi dan Gardu Induk,2,1.261
1949,2022,HOLDING,UIT JBTB,,"TECHNICIAN PEMELIHARAAN PROTEKSI, METER, DAN OTOMASI TRANSMISI DAN GARDUINDUK",TECHNICIAN,"PEMELIHARAAN PROTEKSI, METER, DAN OTOMASI TRANSMISI DAN GARDUINDUK",G2,S1 Teknik Elektro/Teknik Listrik,1,S1,Rekrut 2022,Transmisi dan Gardu Induk,2,1.261
1950,2022,HOLDING,UIW NusaTenggara Barat,,TECHNICIAN OPERASI PUSAT LISTRIK,TECHNICIAN,OPERASI PUSAT LISTRIK,G2,S1 Teknik Mesin/Konversi Energi,1,S1,3T,Pembangkitan,2,1.255
1951,2022,HOLDING,UID Jawa Tengah & DIY,,OFFICER PRIORITY ACCOUNT EXECUTIVE,OFFICER,PRIORITY ACCOUNT EXECUTIVE,G2,S1 Komunikasi/Hubungan Masyarakat,1,S1,Rekrut 2022,Komunikasi dan Umum,2,1.25
1952,2022,HOLDING,UID Suluttenggo,,OFFICER KINERJA TRANSAKSI ENERGI LISTRIK,OFFICER,KINERJA TRANSAKSI ENERGI LISTRIK,G2,S1 Teknik Elektro/Teknik Listrik,1,S1,3T,Distribusi,2,1.243
1953,2022,HOLDING,UID Suluttenggo,,OFFICER NIAGA DAN PELAYANAN PELANGGAN,OFFICER,NIAGA DAN PELAYANAN PELANGGAN,G2,S1 Manajemen Pemasaran/Digital Marketing Dan Analytics,1,S1,3T,Niaga dan Pemasaran,2,1.243
1954,2022,HOLDING,UID Kalbar,,OFFICER ADMINISTRASI DAN UMUM,OFFICER,ADMINISTRASI DAN UMUM,G2,S1 Komunikasi/Hubungan Masyarakat,1,S1,3T,Komunikasi dan Umum,2,1.242
1955,2022,HOLDING,UID Jakarta Raya,,TECHNICIAN PENGENDALIAN KONSTRUKSI DISTRIBUSI,TECHNICIAN,PENGENDALIAN KONSTRUKSI DISTRIBUSI,G2,S1 Teknik Elektro/Teknik Listrik,1,S1,Rekrut 2022,Distribusi,2,1.202
1956,2022,HOLDING,UID Lampung,,OFFICER KINERJA KEUANGAN DAN UMUM,OFFICER,KINERJA KEUANGAN DAN UMUM,G2,S1 Akuntansi/Administrasi Fiskal,1,S1,Rekrut 2022,Keuangan dan Akuntansi,2,1.2
1957,2022,HOLDING,UID Lampung,,OFFICER LOGISTIK LAYANAN PELANGGAN,OFFICER,LOGISTIK LAYANAN PELANGGAN,G2,S1 Logistik/Supply Chain Management,1,S1,Rekrut 2022,Manajemen Konstruksi dan Pengadaan,2,1.2
1958,2022,HOLDING,UID Lampung,,TECHNICIAN PDKB,TECHNICIAN,PDKB,G2,S1 Teknik Elektro/Teknik Listrik,1,S1,Rekrut 2022,Distribusi,2,1.2
1959,2022,HOLDING,UID S2JB,,OFFICER PRIORITY ACCOUNT EXECUTIVE,OFFICER,PRIORITY ACCOUNT EXECUTIVE,G2,S1 Komunikasi/Hubungan Masyarakat,1,S1,3T,Komunikasi dan Umum,2,1.199
1960,2022,HOLDING,PUSDIKLAT,,OFFICER PENYELENGGARAAN PEMBELAJARAN,OFFICER,PENYELENGGARAAN PEMBELAJARAN,G2,S1 Psikologi/Kepegawaian,1,S1,Rekrut 2022,Sumber Daya Manusia,2,1.198
1961,2022,HOLDING,P3B Sumatera,,OFFICER ADMINISTRASI DAN UMUM,OFFICER,ADMINISTRASI DAN UMUM,G2,S1 Komunikasi/Hubungan Masyarakat,1,S1,Rekrut 2022,Komunikasi dan Umum,2,1.193
1962,2022,HOLDING,P3B Sumatera,,"OFFICER ASESMEN, DIAGNOSA DAN PENGOLAHAN DATA",OFFICER,"ASESMEN, DIAGNOSA DAN PENGOLAHAN DATA",G2,S1 Psikologi/Kepegawaian,1,S1,Rekrut 2022,Sumber Daya Manusia,2,1.193
1963,2022,HOLDING,P3B Sumatera,,OFFICER LINGKUNGAN,OFFICER,LINGKUNGAN,G2,S1 Keselamatan Dan Kesehatan Kerja/Kesehatan Masyarakat K3,1,S1,Rekrut 2022,K3 dan Lingkungan,2,1.193
1964,2022,HOLDING,P3B Sumatera,,OFFICER PELAKSANA PENGADAAN,OFFICER,PELAKSANA PENGADAAN,G2,S1 Logistik/Supply Chain Management,1,S1,Rekrut 2022,Manajemen Konstruksi dan Pengadaan,2,1.193
1965,2022,HOLDING,UIP Sulawesi,,TECHNICIAN PENGENDALIAN KONSTRUKSI,TECHNICIAN,PENGENDALIAN KONSTRUKSI,G2,S1 Logistik/Supply Chain Management,1,S1,3T,Manajemen Konstruksi dan Pengadaan,2,1.18
1966,2022,HOLDING,UID Jawa Barat,,OFFICER PRIORITY ACCOUNT EXECUTIVE,OFFICER,PRIORITY ACCOUNT EXECUTIVE,G2,S1 Komunikasi/Hubungan Masyarakat,1,S1,Rekrut 2022,Komunikasi dan Umum,2,1.177
1967,2022,HOLDING,UID Jawa Timur,,OFFICER ADMINISTRASI DAN UMUM,OFFICER,ADMINISTRASI DAN UMUM,G2,S1 Komunikasi/Hubungan Masyarakat,1,S1,Rekrut 2022,Komunikasi dan Umum,2,1.173
1968,2022,HOLDING,UID Jawa Timur,,TECHNICIAN PEMELIHARAAN DISTRIBUSI,TECHNICIAN,PEMELIHARAAN DISTRIBUSI,G2,S1 Teknik Elektro/Teknik Listrik,1,S1,Rekrut 2022,Distribusi,2,1.173
1969,2022,HOLDING,UID Sumbar,,OFFICER KINERJA JARINGAN DAN KONSTRUKSI,OFFICER,KINERJA JARINGAN DAN KONSTRUKSI,G2,S1 Teknik Elektro/Teknik Listrik,1,S1,Rekrut 2022,Distribusi,2,1.172
1970,2022,HOLDING,UID Sumbar,,OFFICER KINERJA KEUANGAN DAN UMUM,OFFICER,KINERJA KEUANGAN DAN UMUM,G2,S1 Akuntansi/Administrasi Fiskal,1,S1,Rekrut 2022,Keuangan dan Akuntansi,2,1.172
1971,2022,HOLDING,UID Sumut,,OFFICER KINERJA,OFFICER,KINERJA,G2,S1 Teknik Industri/Teknik Material,1,S1,Rekrut 2022,Perencanaan dan Kinerja,2,1.168
1972,2022,HOLDING,UIP JBTB,,TECHNICIAN PENGENDALIAN KONSTRUKSI,TECHNICIAN,PENGENDALIAN KONSTRUKSI,G2,S1 Logistik/Supply Chain Management,1,S1,Rekrut 2022,Manajemen Konstruksi dan Pengadaan,2,1.15
1973,2022,HOLDING,UIP JBB,,OFFICER ADMINISTRASI DAN UMUM,OFFICER,ADMINISTRASI DAN UMUM,G2,S1 Komunikasi/Hubungan Masyarakat,1,S1,Rekrut 2022,Komunikasi dan Umum,2,1.135
1974,2022,HOLDING,UIW NusaTenggaraTimur,,OFFICER KINERJA DAN ADMINISTRASI LAYANAN PELANGGAN,OFFICER,KINERJA DAN ADMINISTRASI LAYANAN PELANGGAN,G2,S1 Manajemen Pemasaran/Digital Marketing Dan Analytics,1,S1,3T,Niaga dan Pemasaran,2,1.124
1975,2022,HOLDING,UIW NusaTenggaraTimur,,TECHNICIAN PENGENDALIAN OPERASI DAN PEMELIHARAAN TRANSMISI DAN GARDU INDUK,TECHNICIAN,PENGENDALIAN OPERASI DAN PEMELIHARAAN TRANSMISI DAN GARDU INDUK,G2,S1 Teknik Elektro/Teknik Listrik,1,S1,3T,Transmisi dan Gardu Induk,2,1.124
1976,2022,HOLDING,Pusat Pengatur Beban,,OFFICER KINERJA,OFFICER,KINERJA,G2,S1 Teknik Industri/Teknik Material,1,S1,Rekrut 2022,Perencanaan dan Kinerja,2,1.117
1977,2022,HOLDING,UID Lampung,,OFFICER KINERJA JARINGAN DAN KONSTRUKSI DISTRIBUSI,OFFICER,KINERJA JARINGAN DAN KONSTRUKSI DISTRIBUSI,G2,S1 Teknik Elektro/Teknik Listrik,1,S1,Rekrut 2022,Distribusi,2,1.114
1978,2022,HOLDING,UID Kalselteng,,OFFICER ADMINISTRASI DAN UMUM,OFFICER,ADMINISTRASI DAN UMUM,G2,S1 Komunikasi/Hubungan Masyarakat,1,S1,3T,Komunikasi dan Umum,2,1.106
1979,2022,HOLDING,UID Sulselrabar,,OFFICER KINERJA TRANSAKSI ENERGI LISTRIK,OFFICER,KINERJA TRANSAKSI ENERGI LISTRIK,G2,S1 Teknik Elektro/Teknik Listrik,1,S1,3T,Distribusi,2,1.105
1980,2022,HOLDING,UID Sulselrabar,,TECHNICIAN PDKB,TECHNICIAN,PDKB,G2,S1 Teknik Elektro/Teknik Listrik,1,S1,3T,Distribusi,2,1.105
1981,2022,HOLDING,UID Banten,,TECHNICIAN OPERASI DISTRIBUSI,TECHNICIAN,OPERASI DISTRIBUSI,G2,S1 Teknik Elektro/Teknik Listrik,1,S1,Rekrut 2022,Distribusi,2,1.103
1982,2022,HOLDING,UID Riau & Kepri,,TECHNICIAN PDKB,TECHNICIAN,PDKB,G2,S1 Teknik Elektro/Teknik Listrik,1,S1,Rekrut 2022,Distribusi,2,1.094
1983,2022,HOLDING,Kantor Pusat,,OFFICER ADMINISTRASI EKSEKUTIF DIREKSI,OFFICER,ADMINISTRASI EKSEKUTIF DIREKSI,G2,S1 Komunikasi/Hubungan Masyarakat,1,S1,Rekrut 2022,Komunikasi dan Umum,2,1.093
1984,2022,HOLDING,Kantor Pusat,,"OFFICER RISIKO KONSTRUKSI SUMATERA, KALIMANTAN, DAN SULAWESI",OFFICER,"RISIKO KONSTRUKSI SUMATERA, KALIMANTAN, DAN SULAWESI",G2,S1 Logistik/Supply Chain Management,1,S1,Rekrut 2022,Manajemen Konstruksi dan Pengadaan,2,1.093
1985,2022,HOLDING,Kantor Pusat,,OFFICER VERIFIKASI INVESTASI,OFFICER,VERIFIKASI INVESTASI,G2,S1 Akuntansi/Administrasi Fiskal,1,S1,Rekrut 2022,Keuangan dan Akuntansi,2,1.093
1986,2022,HOLDING,UIW NusaTenggara Barat,,OFFICER KINERJA KEUANGAN DAN UMUM,OFFICER,KINERJA KEUANGAN DAN UMUM,G2,S1 Akuntansi/Administrasi Fiskal,1,S1,3T,Keuangan dan Akuntansi,2,1.087
1987,2022,HOLDING,UIP JBT,,OFFICER PERIZINAN DAN PERTANAHAN,OFFICER,PERIZINAN DAN PERTANAHAN,G2,S1 Logistik/Supply Chain Management,1,S1,Rekrut 2022,Manajemen Konstruksi dan Pengadaan,2,1.081
1988,2022,HOLDING,UIW Maluku&Malut,,OFFICER ENJINIRING PEMBANGKITAN,OFFICER,ENJINIRING PEMBANGKITAN,G2,S1 Teknik Mesin/Konversi Energi,1,S1,3T,Pembangkitan,2,1.076
1989,2022,HOLDING,UIW Maluku&Malut,,"OFFICER KESELAMATAN, KESEHATAN KERJA, LINGKUNGAN DAN KEAMANAN",OFFICER,"KESELAMATAN, KESEHATAN KERJA, LINGKUNGAN DAN KEAMANAN",G2,S1 Keselamatan Dan Kesehatan Kerja/Kesehatan Masyarakat K3,1,S1,3T,K3 dan Lingkungan,2,1.076
1990,2022,HOLDING,UIW Maluku&Malut,,OFFICER KEUANGAN DAN ANGGARAN,OFFICER,KEUANGAN DAN ANGGARAN,G2,S1 Akuntansi/Administrasi Fiskal,1,S1,3T,Keuangan dan Akuntansi,2,1.076
1991,2022,HOLDING,UIW Maluku&Malut,,OFFICER KINERJA TRANSAKSI ENERGI LISTRIK,OFFICER,KINERJA TRANSAKSI ENERGI LISTRIK,G2,S1 Teknik Elektro/Teknik Listrik,1,S1,3T,Distribusi,2,1.076
1992,2022,HOLDING,UIW Maluku&Malut,,OFFICER NIAGA DAN PELAYANAN PELANGGAN,OFFICER,NIAGA DAN PELAYANAN PELANGGAN,G2,S1 Manajemen Pemasaran/Digital Marketing Dan Analytics,1,S1,3T,Niaga dan Pemasaran,2,1.076
1993,2022,HOLDING,UIW Maluku&Malut,,OFFICER PELAKSANA PENGADAAN,OFFICER,PELAKSANA PENGADAAN,G2,S1 Logistik/Supply Chain Management,1,S1,3T,Manajemen Konstruksi dan Pengadaan,2,1.076
1994,2022,HOLDING,UIW Maluku&Malut,,OFFICER PERENCANAAN DAN PENGELOLAAN ASET DISTRIBUSI,OFFICER,PERENCANAAN DAN PENGELOLAAN ASET DISTRIBUSI,G2,S1 Teknik Elektro/Teknik Listrik,1,S1,3T,Distribusi,2,1.076
1995,2022,HOLDING,UIW Maluku&Malut,,OFFICER TJSL,OFFICER,TJSL,G2,S1 Komunikasi/Hubungan Masyarakat,1,S1,3T,Komunikasi dan Umum,2,1.076
1996,2022,HOLDING,UIW Maluku&Malut,,TECHNICIAN PEMELIHARAAN METER TRANSAKSI,TECHNICIAN,PEMELIHARAAN METER TRANSAKSI,G2,S1 Teknik Elektro/Teknik Listrik,1,S1,3T,Distribusi,2,1.076
1997,2022,HOLDING,UIW Maluku&Malut,,TECHNICIAN PERENCANAAN OPERASI DAN PEMELIHARAAN PEMBANGKIT,TECHNICIAN,PERENCANAAN OPERASI DAN PEMELIHARAAN PEMBANGKIT,G2,S1 Teknik Mesin/Konversi Energi,1,S1,3T,Pembangkitan,2,1.076
1998,2022,HOLDING,UIW Maluku&Malut,,TECHNICIAN SCADA DAN TELEKOMUNIKASI,TECHNICIAN,SCADA DAN TELEKOMUNIKASI,G2,S1 Teknik Elektro/Teknik Listrik,1,S1,3T,Proteksi dan Kontrol,2,1.076
1999,2022,HOLDING,UIP3B Kalimantan,,TECHNICIAN PDKB SUTT/SUTET,TECHNICIAN,PDKB SUTT/SUTET,G2,S1 Teknik Elektro/Teknik Listrik,1,S1,3T,Transmisi dan Gardu Induk,2,1.071
2000,2022,HOLDING,UID Jakarta Raya,,OFFICER KINERJA NIAGA,OFFICER,KINERJA NIAGA,G2,S1 Manajemen Pemasaran/Digital Marketing Dan Analytics,1,S1,Rekrut 2022,Niaga dan Pemasaran,2,1.068
2001,2022,HOLDING,UID Bali,,OFFICER KINERJA JARINGAN DISTRIBUSI,OFFICER,KINERJA JARINGAN DISTRIBUSI,G2,S1 Teknik Elektro/Teknik Listrik,1,S1,Rekrut 2022,Distribusi,2,1.06
2002,2022,HOLDING,UID Bali,,OFFICER KINERJA KEUANGAN DAN UMUM,OFFICER,KINERJA KEUANGAN DAN UMUM,G2,S1 Akuntansi/Administrasi Fiskal,1,S1,Rekrut 2022,Keuangan dan Akuntansi,2,1.06
2003,2022,HOLDING,UID Bali,,OFFICER KINERJA TRANSAKSI ENERGI LISTRIK,OFFICER,KINERJA TRANSAKSI ENERGI LISTRIK,G2,S1 Teknik Elektro/Teknik Listrik,1,S1,Rekrut 2022,Distribusi,2,1.06
2004,2022,HOLDING,UID Bali,,TECHNICIAN PENGELOLAAN KONSTRUKSI DISTRIBUSI,TECHNICIAN,PENGELOLAAN KONSTRUKSI DISTRIBUSI,G2,S1 Teknik Elektro/Teknik Listrik,1,S1,Rekrut 2022,Distribusi,2,1.06
2005,2022,HOLDING,UIT JBB,,OFFICER KINERJA KONSTRUKSI,OFFICER,KINERJA KONSTRUKSI,G2,S1 Logistik/Supply Chain Management,1,S1,Rekrut 2022,Manajemen Konstruksi dan Pengadaan,2,1.053
2006,2022,HOLDING,UIT JBB,,OFFICER PERENCANAAN PENGUSAHAAN,OFFICER,PERENCANAAN PENGUSAHAAN,G2,S1 Teknik Industri/Teknik Material,1,S1,Rekrut 2022,Perencanaan dan Kinerja,2,1.053
2007,2022,HOLDING,UIT JBB,,TECHNICIAN PDKB GI/GITET,TECHNICIAN,PDKB GI/GITET,G2,S1 Teknik Elektro/Teknik Listrik,1,S1,Rekrut 2022,Transmisi dan Gardu Induk,2,1.053
2008,2022,HOLDING,UIT JBB,,TECHNICIAN PDKB SUTT/SUTET,TECHNICIAN,PDKB SUTT/SUTET,G2,S1 Teknik Elektro/Teknik Listrik,1,S1,Rekrut 2022,Transmisi dan Gardu Induk,2,1.053
2009,2022,HOLDING,UIT JBB,,TECHNICIAN PEMELIHARAAN JARINGAN TRANSMISI,TECHNICIAN,PEMELIHARAAN JARINGAN TRANSMISI,G2,S1 Teknik Elektro/Teknik Listrik,1,S1,Rekrut 2022,Transmisi dan Gardu Induk,2,1.053
2010,2022,HOLDING,UIP Maluku dan Papua,,OFFICER AKUNTANSI,OFFICER,AKUNTANSI,G2,S1 Akuntansi/Administrasi Fiskal,1,S1,3T,Keuangan dan Akuntansi,2,1.051
2011,2022,HOLDING,UIP Maluku dan Papua,,OFFICER PENGENDALIAN KONTRAK DAN RISIKO PROYEK,OFFICER,PENGENDALIAN KONTRAK DAN RISIKO PROYEK,G2,S1 Logistik/Supply Chain Management,1,S1,3T,Manajemen Konstruksi dan Pengadaan,2,1.051
2012,2022,HOLDING,UIP Maluku dan Papua,,OFFICER PERENCANAAN SIPIL,OFFICER,PERENCANAAN SIPIL,G2,S1 Logistik/Supply Chain Management,1,S1,3T,Manajemen Konstruksi dan Pengadaan,2,1.051
2013,2022,HOLDING,UIP Maluku dan Papua,,OFFICER PERENCANAAN UMUM DAN KINERJA,OFFICER,PERENCANAAN UMUM DAN KINERJA,G2,S1 Komunikasi/Hubungan Masyarakat,1,S1,3T,Komunikasi dan Umum,2,1.051
2014,2022,HOLDING,P3B Sumatera,,OFFICER PENGENDALIAN DAN PEMELIHARAAN ASET,OFFICER,PENGENDALIAN DAN PEMELIHARAAN ASET,G2,S1 Teknik Industri/Teknik Material,1,S1,Rekrut 2022,Perencanaan dan Kinerja,2,1.044
2015,2022,HOLDING,P3B Sumatera,,OFFICER PENGENDALIAN KONSTRUKSI DAN ADMINISTRASI KONTRAK,OFFICER,PENGENDALIAN KONSTRUKSI DAN ADMINISTRASI KONTRAK,G2,S1 Logistik/Supply Chain Management,1,S1,Rekrut 2022,Manajemen Konstruksi dan Pengadaan,2,1.044
2016,2022,HOLDING,UID Sulselrabar,,OFFICER KINERJA JARINGAN DAN KONSTRUKSI DISTRIBUSI,OFFICER,KINERJA JARINGAN DAN KONSTRUKSI DISTRIBUSI,G2,S1 Teknik Elektro/Teknik Listrik,1,S1,3T,Distribusi,2,1.031
2017,2022,HOLDING,UID Jawa Barat,,"OFFICER KESELAMATAN, KESEHATAN KERJA, LINGKUNGAN DAN KEAMANAN",OFFICER,"KESELAMATAN, KESEHATAN KERJA, LINGKUNGAN DAN KEAMANAN",G2,S1 Keselamatan Dan Kesehatan Kerja/Kesehatan Masyarakat K3,1,S1,Rekrut 2022,K3 dan Lingkungan,2,1.03
2018,2022,HOLDING,UID Jawa Barat,,OFFICER KINERJA FASILITAS OPERASI,OFFICER,KINERJA FASILITAS OPERASI,G2,S1 Komunikasi/Hubungan Masyarakat,1,S1,Rekrut 2022,Komunikasi dan Umum,2,1.03
2019,2022,HOLDING,UID Lampung,,OFFICER KINERJA,OFFICER,KINERJA,G2,S1 Teknik Industri/Teknik Material,1,S1,Rekrut 2022,Perencanaan dan Kinerja,2,1.028
2020,2022,HOLDING,PUSDIKLAT,,OFFICER EVALUASI DAN PENGENDALIAN MUTU DAN KINERJA,OFFICER,EVALUASI DAN PENGENDALIAN MUTU DAN KINERJA,G2,S1 Teknik Industri/Teknik Material,1,S1,Rekrut 2022,Perencanaan dan Kinerja,2,1.027
2021,2022,HOLDING,UIW NusaTenggara Barat,,TECHNICIAN PEMELIHARAAN PUSAT LISTRIK,TECHNICIAN,PEMELIHARAAN PUSAT LISTRIK,G2,S1 Teknik Mesin/Konversi Energi,1,S1,3T,Pembangkitan,2,1.004
2022,2022,HOLDING,UID Banten,,TECHNICIAN PENGELOLAAN KONSTRUKSI DISTRIBUSI,TECHNICIAN,PENGELOLAAN KONSTRUKSI DISTRIBUSI,G2,S1 Teknik Elektro/Teknik Listrik,1,S1,Rekrut 2022,Distribusi,2,1.003
2023,2022,HOLDING,UIP JBB,,OFFICER PENGENDALIAN KONTRAK DAN RISIKO PROYEK,OFFICER,PENGENDALIAN KONTRAK DAN RISIKO PROYEK,G2,S1 Logistik/Supply Chain Management,1,S1,Rekrut 2022,Manajemen Konstruksi dan Pengadaan,2,0.993
2024,2022,HOLDING,UIT JBT,,OFFICER ENJINIRING,OFFICER,ENJINIRING,G2,S1 Teknik Kimia/Teknik Lingkungan,1,S1,Rekrut 2022,Perencanaan Sistem,2,0.986
2025,2022,HOLDING,Kantor Pusat,,OFFICER AUDIT TRANSMISI DAN DISTRIBUSI 2A,OFFICER,AUDIT TRANSMISI DAN DISTRIBUSI 2A,G2,S1 Teknik Elektro/Teknik Listrik,1,S1,Rekrut 2022,Transmisi dan Gardu Induk,2,0.983
2026,2022,HOLDING,Kantor Pusat,,OFFICER PELAKSANA PENGADAAN TRANSMISI DAN GARDU INDUK,OFFICER,PELAKSANA PENGADAAN TRANSMISI DAN GARDU INDUK,G2,S1 Teknik Elektro/Teknik Listrik,1,S1,Rekrut 2022,Transmisi dan Gardu Induk,2,0.983
2027,2022,HOLDING,Kantor Pusat,,OFFICER PROGRAM PERUBAHAN,OFFICER,PROGRAM PERUBAHAN,G2,S1 Komunikasi/Hubungan Masyarakat,1,S1,Rekrut 2022,Komunikasi dan Umum,2,0.983
2028,2022,HOLDING,PUSHARLIS,,OFFICER KEUANGAN DAN AKUNTANSI,OFFICER,KEUANGAN DAN AKUNTANSI,G2,S1 Akuntansi/Administrasi Fiskal,1,S1,Rekrut 2022,Keuangan dan Akuntansi,2,0.981
2029,2022,HOLDING,UID Jawa Timur,,OFFICER KEUANGAN DAN ANGGARAN,OFFICER,KEUANGAN DAN ANGGARAN,G2,S1 Akuntansi/Administrasi Fiskal,1,S1,Rekrut 2022,Keuangan dan Akuntansi,2,0.977
2030,2022,HOLDING,UID Jawa Timur,,TECHNICIAN OPERASI DISTRIBUSI,TECHNICIAN,OPERASI DISTRIBUSI,G2,S1 Teknik Elektro/Teknik Listrik,1,S1,Rekrut 2022,Distribusi,2,0.977
2031,2022,HOLDING,UID Suluttenggo,,OFFICER KINERJA,OFFICER,KINERJA,G2,S1 Teknik Industri/Teknik Material,1,S1,3T,Perencanaan dan Kinerja,2,0.967
2032,2022,HOLDING,UID Suluttenggo,,OFFICER PELAKSANA PENGADAAN,OFFICER,PELAKSANA PENGADAAN,G2,S1 Logistik/Supply Chain Management,1,S1,3T,Manajemen Konstruksi dan Pengadaan,2,0.967
2033,2022,HOLDING,UIW NusaTenggaraTimur,,OFFICER ADMINISTRASI DAN UMUM,OFFICER,ADMINISTRASI DAN UMUM,G2,S1 Komunikasi/Hubungan Masyarakat,1,S1,3T,Komunikasi dan Umum,2,0.937
2034,2022,HOLDING,UIW NusaTenggaraTimur,,OFFICER KINERJA KEUANGAN DAN UMUM,OFFICER,KINERJA KEUANGAN DAN UMUM,G2,S1 Akuntansi/Administrasi Fiskal,1,S1,3T,Keuangan dan Akuntansi,2,0.937
2035,2022,HOLDING,UIW NusaTenggaraTimur,,OFFICER PELAKSANA PENGADAAN,OFFICER,PELAKSANA PENGADAAN,G2,S1 Logistik/Supply Chain Management,1,S1,3T,Manajemen Konstruksi dan Pengadaan,2,0.937
2036,2022,HOLDING,UIW NusaTenggaraTimur,,TECHNICIAN KONSTRUKSI LISTRIK PERDESAAN,TECHNICIAN,KONSTRUKSI LISTRIK PERDESAAN,G2,S1 Teknik Elektro/Teknik Listrik,1,S1,3T,Distribusi,2,0.937
2037,2022,HOLDING,UIW NusaTenggaraTimur,,TECHNICIAN PENGELOLAAN KONSTRUKSI DISTRIBUSI,TECHNICIAN,PENGELOLAAN KONSTRUKSI DISTRIBUSI,G2,S1 Teknik Elektro/Teknik Listrik,1,S1,3T,Distribusi,2,0.937
2038,2022,HOLDING,UID Jakarta Raya,,OFFICER KINERJA FASILITAS OPERASI,OFFICER,KINERJA FASILITAS OPERASI,G2,S1 Komunikasi/Hubungan Masyarakat,1,S1,Rekrut 2022,Komunikasi dan Umum,2,0.935
2039,2022,HOLDING,UID Jakarta Raya,,OFFICER KINERJA OPERASI SISTEM DISTRIBUSI,OFFICER,KINERJA OPERASI SISTEM DISTRIBUSI,G2,S1 Teknik Kimia/Teknik Lingkungan,1,S1,Rekrut 2022,Perencanaan Sistem,2,0.935
2040,2022,HOLDING,UID Jakarta Raya,,OFFICER PELAKSANA PENGADAAN,OFFICER,PELAKSANA PENGADAAN,G2,S1 Logistik/Supply Chain Management,1,S1,Rekrut 2022,Manajemen Konstruksi dan Pengadaan,2,0.935
2041,2022,HOLDING,UID Kalbar,,OFFICER LOGISTIK LAYANAN PELANGGAN,OFFICER,LOGISTIK LAYANAN PELANGGAN,G2,S1 Logistik/Supply Chain Management,1,S1,3T,Manajemen Konstruksi dan Pengadaan,2,0.932
2042,2022,HOLDING,UID Kalbar,,OFFICER PELAKSANA PENGADAAN,OFFICER,PELAKSANA PENGADAAN,G2,S1 Logistik/Supply Chain Management,1,S1,3T,Manajemen Konstruksi dan Pengadaan,2,0.932
2043,2022,HOLDING,Pusat Pengatur Beban,,OFFICER KINERJA OPERASI SISTEM,OFFICER,KINERJA OPERASI SISTEM,G2,S1 Teknik Kimia/Teknik Lingkungan,1,S1,Rekrut 2022,Perencanaan Sistem,2,0.931
2044,2022,HOLDING,Pusat Pengatur Beban,,TECHNICIAN TELEKOMUNIKASI,TECHNICIAN,TELEKOMUNIKASI,G2,S1 Teknik Elektro/Teknik Listrik,1,S1,Rekrut 2022,Proteksi dan Kontrol,2,0.931
2045,2022,HOLDING,UIW Papua&Papua Barat,,OFFICER ADMINISTRASI DAN UMUM,OFFICER,ADMINISTRASI DAN UMUM,G2,S1 Komunikasi/Hubungan Masyarakat,1,S1,3T,Komunikasi dan Umum,2,0.928
2046,2022,HOLDING,UIW Papua&Papua Barat,,OFFICER PELAKSANA PENGADAAN,OFFICER,PELAKSANA PENGADAAN,G2,S1 Logistik/Supply Chain Management,1,S1,3T,Manajemen Konstruksi dan Pengadaan,2,0.928
2047,2022,HOLDING,UID S2JB,,TECHNICIAN PDKB,TECHNICIAN,PDKB,G2,S1 Teknik Elektro/Teknik Listrik,1,S1,3T,Distribusi,2,0.922
2048,2022,HOLDING,UID Kaltimra,,TECHNICIAN KONSTRUKSI LISTRIK PERDESAAN,TECHNICIAN,KONSTRUKSI LISTRIK PERDESAAN,G2,S1 Teknik Elektro/Teknik Listrik,1,S1,3T,Distribusi,2,0.918
2049,2022,HOLDING,UID Kaltimra,,TECHNICIAN OPERASI DISTRIBUSI,TECHNICIAN,OPERASI DISTRIBUSI,G2,S1 Teknik Elektro/Teknik Listrik,1,S1,3T,Distribusi,2,0.918
2050,2022,HOLDING,UID Kaltimra,,TECHNICIAN PENGATURAN OPERASI,TECHNICIAN,PENGATURAN OPERASI,G2,S1 Teknik Kimia/Teknik Lingkungan,1,S1,3T,Perencanaan Sistem,2,0.918
2051,2022,HOLDING,UID Banten,,OFFICER KINERJA KEUANGAN DAN UMUM,OFFICER,KINERJA KEUANGAN DAN UMUM,G2,S1 Akuntansi/Administrasi Fiskal,1,S1,Rekrut 2022,Keuangan dan Akuntansi,2,0.902
2052,2022,HOLDING,UID Banten,,OFFICER LOGISTIK LAYANAN PELANGGAN,OFFICER,LOGISTIK LAYANAN PELANGGAN,G2,S1 Logistik/Supply Chain Management,1,S1,Rekrut 2022,Manajemen Konstruksi dan Pengadaan,2,0.902
2053,2022,HOLDING,UIP Nusa Tenggara,,OFFICER PERIZINAN DAN PERTANAHAN,OFFICER,PERIZINAN DAN PERTANAHAN,G2,S1 Logistik/Supply Chain Management,1,S1,3T,Manajemen Konstruksi dan Pengadaan,2,0.902
2054,2022,HOLDING,UID Aceh,,OFFICER KINERJA TRANSAKSI ENERGI LISTRIK,OFFICER,KINERJA TRANSAKSI ENERGI LISTRIK,G2,S1 Teknik Elektro/Teknik Listrik,1,S1,3T,Distribusi,2,0.885
2055,2022,HOLDING,UID Kalselteng,,OFFICER KEUANGAN DAN ANGGARAN,OFFICER,KEUANGAN DAN ANGGARAN,G2,S1 Akuntansi/Administrasi Fiskal,1,S1,3T,Keuangan dan Akuntansi,2,0.885
2056,2022,HOLDING,UID Kalselteng,,OFFICER KINERJA,OFFICER,KINERJA,G2,S1 Teknik Industri/Teknik Material,1,S1,3T,Perencanaan dan Kinerja,2,0.885
2057,2022,HOLDING,UID Kalselteng,,OFFICER PERENCANAAN DAN EVALUASI SISTEM DISTRIBUSI,OFFICER,PERENCANAAN DAN EVALUASI SISTEM DISTRIBUSI,G2,S1 Teknik Kimia/Teknik Lingkungan,1,S1,3T,Perencanaan Sistem,2,0.885
2058,2022,HOLDING,UID Kalselteng,,TECHNICIAN PEMELIHARAAN DISTRIBUSI,TECHNICIAN,PEMELIHARAAN DISTRIBUSI,G2,S1 Teknik Elektro/Teknik Listrik,1,S1,3T,Distribusi,2,0.885
2059,2022,HOLDING,UID Jawa Barat,,OFFICER PELAKSANA PENGADAAN,OFFICER,PELAKSANA PENGADAAN,G2,S1 Logistik/Supply Chain Management,1,S1,Rekrut 2022,Manajemen Konstruksi dan Pengadaan,2,0.883
2060,2022,HOLDING,UID Sumut,,OFFICER PRIORITY ACCOUNT EXECUTIVE,OFFICER,PRIORITY ACCOUNT EXECUTIVE,G2,S1 Komunikasi/Hubungan Masyarakat,1,S1,Rekrut 2022,Komunikasi dan Umum,2,0.876
2061,2022,HOLDING,UIP Sumatera Bag Selatan,,OFFICER PENGENDALIAN PROYEK,OFFICER,PENGENDALIAN PROYEK,G2,S1 Logistik/Supply Chain Management,1,S1,Rekrut 2022,Manajemen Konstruksi dan Pengadaan,2,0.876
2062,2022,HOLDING,UID Riau & Kepri,,OFFICER ADMINISTRASI DAN UMUM,OFFICER,ADMINISTRASI DAN UMUM,G2,S1 Komunikasi/Hubungan Masyarakat,1,S1,Rekrut 2022,Komunikasi dan Umum,2,0.875
2063,2022,HOLDING,UID Riau & Kepri,,OFFICER KINERJA,OFFICER,KINERJA,G2,S1 Teknik Industri/Teknik Material,1,S1,Rekrut 2022,Perencanaan dan Kinerja,2,0.875
2064,2022,HOLDING,UID Riau & Kepri,,OFFICER PELAKSANA PENGADAAN,OFFICER,PELAKSANA PENGADAAN,G2,S1 Logistik/Supply Chain Management,1,S1,Rekrut 2022,Manajemen Konstruksi dan Pengadaan,2,0.875
2065,2022,HOLDING,Kantor Pusat,,OFFICER AUDIT TRANSMISI DAN DISTRIBUSI 1A,OFFICER,AUDIT TRANSMISI DAN DISTRIBUSI 1A,G2,S1 Teknik Elektro/Teknik Listrik,1,S1,Rekrut 2022,Transmisi dan Gardu Induk,2,0.874
2066,2022,HOLDING,Kantor Pusat,,OFFICER AUDIT TRANSMISI DAN DISTRIBUSI 1B,OFFICER,AUDIT TRANSMISI DAN DISTRIBUSI 1B,G2,S1 Teknik Elektro/Teknik Listrik,1,S1,Rekrut 2022,Transmisi dan Gardu Induk,2,0.874
2067,2022,HOLDING,Kantor Pusat,,OFFICER PELAKSANA PENGADAAN MATERIAL TERPUSAT,OFFICER,PELAKSANA PENGADAAN MATERIAL TERPUSAT,G2,S1 Logistik/Supply Chain Management,1,S1,Rekrut 2022,Manajemen Konstruksi dan Pengadaan,2,0.874
2068,2022,HOLDING,Kantor Pusat,,OFFICER PENEMUAN DAN KUALIFIKASI VENDOR,OFFICER,PENEMUAN DAN KUALIFIKASI VENDOR,G2,S1 Komunikasi/Hubungan Masyarakat,1,S1,Rekrut 2022,Komunikasi dan Umum,2,0.874
2069,2022,HOLDING,Kantor Pusat,,"OFFICER RISIKO TRANSMISI SUMATERA, JAWA, MADURA, DAN BALI",OFFICER,"RISIKO TRANSMISI SUMATERA, JAWA, MADURA, DAN BALI",G2,S1 Teknik Elektro/Teknik Listrik,1,S1,Rekrut 2022,Transmisi dan Gardu Induk,2,0.874
2070,2022,HOLDING,UIP Kalimantan Bag Timur,,OFFICER ADMINISTRASI DAN UMUM,OFFICER,ADMINISTRASI DAN UMUM,G2,S1 Komunikasi/Hubungan Masyarakat,1,S1,3T,Komunikasi dan Umum,2,0.87
2071,2022,HOLDING,UIP Kalimantan Bag Timur,,OFFICER AKUNTANSI,OFFICER,AKUNTANSI,G2,S1 Akuntansi/Administrasi Fiskal,1,S1,3T,Keuangan dan Akuntansi,2,0.87
2072,2022,HOLDING,UIP Kalimantan Bag Timur,,"OFFICER KEUANGAN, PERIZINAN, PERTANAHAN DAN UMUM",OFFICER,"KEUANGAN, PERIZINAN, PERTANAHAN DAN UMUM",G2,S1 Logistik/Supply Chain Management,1,S1,3T,Manajemen Konstruksi dan Pengadaan,2,0.87
2073,2022,HOLDING,UIP Kalimantan Bag Timur,,OFFICER PENGENDALIAN KONSTRUKSI,OFFICER,PENGENDALIAN KONSTRUKSI,G2,S1 Logistik/Supply Chain Management,1,S1,3T,Manajemen Konstruksi dan Pengadaan,2,0.87
2074,2022,HOLDING,UIP Kalimantan Bag Timur,,OFFICER PENGENDALIAN KONTRAK DAN RISIKO PROYEK,OFFICER,PENGENDALIAN KONTRAK DAN RISIKO PROYEK,G2,S1 Logistik/Supply Chain Management,1,S1,3T,Manajemen Konstruksi dan Pengadaan,2,0.87
2075,2022,HOLDING,UIP Kalimantan Bag Timur,,TECHNICIAN PENGENDALIAN KONTRAK DAN PELAPORAN,TECHNICIAN,PENGENDALIAN KONTRAK DAN PELAPORAN,G2,S1 Logistik/Supply Chain Management,1,S1,3T,Manajemen Konstruksi dan Pengadaan,2,0.87
2076,2022,HOLDING,UIP Sulawesi,,OFFICER PERIZINAN DAN PERTANAHAN,OFFICER,PERIZINAN DAN PERTANAHAN,G2,S1 Logistik/Supply Chain Management,1,S1,3T,Manajemen Konstruksi dan Pengadaan,2,0.865
2077,2022,HOLDING,PUSERTIF,,TECHNICIAN PENGELOLAAN INSPEKSI TRANSMISI DAN GARDU INDUK,TECHNICIAN,PENGELOLAAN INSPEKSI TRANSMISI DAN GARDU INDUK,G2,S1 Teknik Elektro/Teknik Listrik,1,S1,Rekrut 2022,Transmisi dan Gardu Induk,2,0.861
2078,2022,HOLDING,UID Lampung,,OFFICER KINERJA TRANSAKSI ENERGI LISTRIK,OFFICER,KINERJA TRANSAKSI ENERGI LISTRIK,G2,S1 Teknik Elektro/Teknik Listrik,1,S1,Rekrut 2022,Distribusi,2,0.857
2079,2022,HOLDING,UIP3B Kalimantan,,"OFFICER KESELAMATAN, KESEHATAN KERJA, LINGKUNGAN, DAN KEAMANAN",OFFICER,"KESELAMATAN, KESEHATAN KERJA, LINGKUNGAN, DAN KEAMANAN",G2,S1 Keselamatan Dan Kesehatan Kerja/Kesehatan Masyarakat K3,1,S1,3T,K3 dan Lingkungan,2,0.857
2080,2022,HOLDING,UIP3B Kalimantan,,OFFICER PENGENDALIAN ADMINISTRASI KONTRAK,OFFICER,PENGENDALIAN ADMINISTRASI KONTRAK,G2,S1 Logistik/Supply Chain Management,1,S1,3T,Manajemen Konstruksi dan Pengadaan,2,0.857
2081,2022,HOLDING,UIP3B Kalimantan,,OFFICER PERENCANAAN DAN EVALUASI OPERASI SISTEM,OFFICER,PERENCANAAN DAN EVALUASI OPERASI SISTEM,G2,S1 Teknik Kimia/Teknik Lingkungan,1,S1,3T,Perencanaan Sistem,2,0.857
2082,2022,HOLDING,UIP3B Kalimantan,,OFFICER STRATEGI OPERASI SISTEM,OFFICER,STRATEGI OPERASI SISTEM,G2,S1 Teknik Kimia/Teknik Lingkungan,1,S1,3T,Perencanaan Sistem,2,0.857
2083,2022,HOLDING,UIP3B Kalimantan,,TECHNICIAN PENGENDALIAN OPERASI DAN PEMELIHARAAN,TECHNICIAN,PENGENDALIAN OPERASI DAN PEMELIHARAAN,G2,S1 Teknik Elektro/Teknik Listrik,1,S1,3T,Distribusi,2,0.857
2084,2022,HOLDING,UIP3B Kalimantan,,TECHNICIAN PROTEKSI SISTEM,TECHNICIAN,PROTEKSI SISTEM,G2,S1 Teknik Elektro/Teknik Listrik,1,S1,3T,Proteksi dan Kontrol,2,0.857
2085,2022,HOLDING,PUSDIKLAT,,"OFFICER PENGEMBANGAN, MUTU DAN KINERJA",OFFICER,"PENGEMBANGAN, MUTU DAN KINERJA",G2,S1 Teknik Industri/Teknik Material,1,S1,Rekrut 2022,Perencanaan dan Kinerja,2,0.856
2086,2022,HOLDING,UIP Sumatera Bag Utara,,OFFICER ADMINISTRASI DAN UMUM,OFFICER,ADMINISTRASI DAN UMUM,G2,S1 Komunikasi/Hubungan Masyarakat,1,S1,Rekrut 2022,Komunikasi dan Umum,2,0.854
2087,2022,HOLDING,UIP JBB,,OFFICER ADMINISTRASI TEKNIK,OFFICER,ADMINISTRASI TEKNIK,G2,S1 Komunikasi/Hubungan Masyarakat,1,S1,Rekrut 2022,Komunikasi dan Umum,2,0.851
2088,2022,HOLDING,UIP JBB,,OFFICER PENGENDALIAN KONSTRUKSI,OFFICER,PENGENDALIAN KONSTRUKSI,G2,S1 Logistik/Supply Chain Management,1,S1,Rekrut 2022,Manajemen Konstruksi dan Pengadaan,2,0.851
2089,2022,HOLDING,UIP JBB,,TECHNICIAN PROJECT SITE,TECHNICIAN,PROJECT SITE,G2,S1 Teknik Elektro/Teknik Listrik,1,S1,Rekrut 2022,Distribusi,2,0.851
2090,2022,HOLDING,UIT JBB,,"OFFICER KESELAMATAN, KESEHATAN KERJA DAN KEAMANAN",OFFICER,"KESELAMATAN, KESEHATAN KERJA DAN KEAMANAN",G2,S1 Keselamatan Dan Kesehatan Kerja/Kesehatan Masyarakat K3,1,S1,Rekrut 2022,K3 dan Lingkungan,2,0.843
2091,2022,HOLDING,UIT JBB,,OFFICER KEUANGAN DAN AKUNTANSI,OFFICER,KEUANGAN DAN AKUNTANSI,G2,S1 Akuntansi/Administrasi Fiskal,1,S1,Rekrut 2022,Keuangan dan Akuntansi,2,0.843
2092,2022,HOLDING,UIT JBB,,OFFICER PENGENDALIAN KONSTRUKSI PERALATAN GARDU INDUK,OFFICER,PENGENDALIAN KONSTRUKSI PERALATAN GARDU INDUK,G2,S1 Teknik Elektro/Teknik Listrik,1,S1,Rekrut 2022,Transmisi dan Gardu Induk,2,0.843
2093,2022,HOLDING,UIT JBTB,,TECHNICIAN PDKB GI/GITET,TECHNICIAN,PDKB GI/GITET,G2,S1 Teknik Elektro/Teknik Listrik,1,S1,Rekrut 2022,Transmisi dan Gardu Induk,2,0.841
2094,2022,HOLDING,Pusat Pengatur Beban,,OFFICER KEUANGAN DAN AKUNTANSI,OFFICER,KEUANGAN DAN AKUNTANSI,G2,S1 Akuntansi/Administrasi Fiskal,1,S1,Rekrut 2022,Keuangan dan Akuntansi,2,0.838
2095,2022,HOLDING,Pusat Pengatur Beban,,OFFICER KOMUNIKASI,OFFICER,KOMUNIKASI,G2,S1 Komunikasi/Hubungan Masyarakat,1,S1,Rekrut 2022,Komunikasi dan Umum,2,0.838
2096,2022,HOLDING,PUSHARLIS,,TECHNICIAN PERENCANAAN DAN PENGENDALIAN PRODUKSI,TECHNICIAN,PERENCANAAN DAN PENGENDALIAN PRODUKSI,G2,S1 Teknik Industri/Teknik Material,1,S1,Rekrut 2022,Perencanaan dan Kinerja,2,0.83
2097,2022,HOLDING,UID Suluttenggo,,OFFICER ACCOUNT EXECUTIVE,OFFICER,ACCOUNT EXECUTIVE,G2,S1 Komunikasi/Hubungan Masyarakat,1,S1,3T,Komunikasi dan Umum,2,0.829
2098,2022,HOLDING,PUSLITBANG,,"OFFICER ASET PROPERTI, KOMUNIKASI DAN UMUM",OFFICER,"ASET PROPERTI, KOMUNIKASI DAN UMUM",G2,S1 Komunikasi/Hubungan Masyarakat,1,S1,Rekrut 2022,Komunikasi dan Umum,2,0.819
2099,2022,HOLDING,UID Sumbar,,OFFICER KINERJA,OFFICER,KINERJA,G2,S1 Teknik Industri/Teknik Material,1,S1,Rekrut 2022,Perencanaan dan Kinerja,2,0.806
2100,2022,HOLDING,UIT JBT,,OFFICER ADMINISTRASI DAN UMUM,OFFICER,ADMINISTRASI DAN UMUM,G2,S1 Komunikasi/Hubungan Masyarakat,1,S1,Rekrut 2022,Komunikasi dan Umum,2,0.806
2101,2022,HOLDING,UID Aceh,,OFFICER KINERJA,OFFICER,KINERJA,G2,S1 Teknik Industri/Teknik Material,1,S1,3T,Perencanaan dan Kinerja,2,0.804
2102,2022,HOLDING,UID Jawa Tengah & DIY,,OFFICER ADMINISTRASI DAN UMUM,OFFICER,ADMINISTRASI DAN UMUM,G2,S1 Komunikasi/Hubungan Masyarakat,1,S1,Rekrut 2022,Komunikasi dan Umum,2,0.803
2103,2022,HOLDING,UID Jakarta Raya,,OFFICER ADMINISTRASI DAN PELAYANAN PELANGGAN,OFFICER,ADMINISTRASI DAN PELAYANAN PELANGGAN,G2,S1 Manajemen Pemasaran/Digital Marketing Dan Analytics,1,S1,Rekrut 2022,Niaga dan Pemasaran,2,0.801
2104,2022,HOLDING,UID Jakarta Raya,,OFFICER ADMINISTRASI DAN UMUM,OFFICER,ADMINISTRASI DAN UMUM,G2,S1 Komunikasi/Hubungan Masyarakat,1,S1,Rekrut 2022,Komunikasi dan Umum,2,0.801
2105,2022,HOLDING,UID Jakarta Raya,,OFFICER PENGELOLAAN PIUTANG,OFFICER,PENGELOLAAN PIUTANG,G2,S1 Teknik Industri/Teknik Material,1,S1,Rekrut 2022,Perencanaan dan Kinerja,2,0.801
2106,2022,HOLDING,UID Jakarta Raya,,TECHNICIAN PEMELIHARAAN APP,TECHNICIAN,PEMELIHARAAN APP,G2,S1 Teknik Elektro/Teknik Listrik,1,S1,Rekrut 2022,Distribusi,2,0.801
2107,2022,HOLDING,UIP Sumatera Bag Tengah,,OFFICER PENGENDALIAN KONSTRUKSI,OFFICER,PENGENDALIAN KONSTRUKSI,G2,S1 Logistik/Supply Chain Management,1,S1,Rekrut 2022,Manajemen Konstruksi dan Pengadaan,2,0.798
2108,2022,HOLDING,UIP Sulawesi,,OFFICER PENGENDALIAN PROYEK,OFFICER,PENGENDALIAN PROYEK,G2,S1 Logistik/Supply Chain Management,1,S1,3T,Manajemen Konstruksi dan Pengadaan,2,0.787
2109,2022,HOLDING,UID Kalbar,,OFFICER ACCOUNT EXECUTIVE,OFFICER,ACCOUNT EXECUTIVE,G2,S1 Komunikasi/Hubungan Masyarakat,1,S1,3T,Komunikasi dan Umum,2,0.776
2110,2022,HOLDING,UID Kalbar,,OFFICER KINERJA KEUANGAN DAN UMUM,OFFICER,KINERJA KEUANGAN DAN UMUM,G2,S1 Akuntansi/Administrasi Fiskal,1,S1,3T,Keuangan dan Akuntansi,2,0.776
2111,2022,HOLDING,UID Kalbar,,OFFICER PERENCANAAN DAN EVALUASI SISTEM DISTRIBUSI,OFFICER,PERENCANAAN DAN EVALUASI SISTEM DISTRIBUSI,G2,S1 Teknik Kimia/Teknik Lingkungan,1,S1,3T,Perencanaan Sistem,2,0.776
2112,2022,HOLDING,UID Kalbar,,TECHNICIAN KONSTRUKSI LISTRIK PERDESAAN,TECHNICIAN,KONSTRUKSI LISTRIK PERDESAAN,G2,S1 Teknik Elektro/Teknik Listrik,1,S1,3T,Distribusi,2,0.776
2113,2022,HOLDING,UID Kalbar,,TECHNICIAN PEMELIHARAAN DISTRIBUSI,TECHNICIAN,PEMELIHARAAN DISTRIBUSI,G2,S1 Teknik Elektro/Teknik Listrik,1,S1,3T,Distribusi,2,0.776
2114,2022,HOLDING,UID Kalbar,,TECHNICIAN PEMELIHARAAN ELEKTROMEKANIK,TECHNICIAN,PEMELIHARAAN ELEKTROMEKANIK,G2,S1 Teknik Mesin/Konversi Energi,1,S1,3T,Pembangkitan,2,0.776
2115,2022,HOLDING,PUSERTIF,,TECHNICIAN PENGELOLAAN INSPEKSI DISTRIBUSI,TECHNICIAN,PENGELOLAAN INSPEKSI DISTRIBUSI,G2,S1 Teknik Elektro/Teknik Listrik,1,S1,Rekrut 2022,Distribusi,2,0.775
2116,2022,HOLDING,PUSERTIF,,TECHNICIAN PENGELOLAAN PENGUJIAN PRODUK TEGANGAN RENDAH,TECHNICIAN,PENGELOLAAN PENGUJIAN PRODUK TEGANGAN RENDAH,G2,S1 Teknik Industri/Teknik Material,1,S1,Rekrut 2022,Perencanaan dan Kinerja,2,0.775
2117,2022,HOLDING,Kantor Pusat,,OFFICER AUDIT TRANSMISI DAN DISTRIBUSI 3D,OFFICER,AUDIT TRANSMISI DAN DISTRIBUSI 3D,G2,S1 Teknik Elektro/Teknik Listrik,1,S1,Rekrut 2022,Transmisi dan Gardu Induk,2,0.765
2118,2022,HOLDING,Kantor Pusat,,OFFICER MANAJEMEN DAN ENJINIRING DATA PERUSAHAAN,OFFICER,MANAJEMEN DAN ENJINIRING DATA PERUSAHAAN,G2,S1 Teknik Kimia/Teknik Lingkungan,1,S1,Rekrut 2022,Perencanaan Sistem,2,0.765
2119,2022,HOLDING,Kantor Pusat,,OFFICER PELAPORAN AUDIT,OFFICER,PELAPORAN AUDIT,G2,S1 Akuntansi/Administrasi Fiskal,1,S1,Rekrut 2022,Audit dan Risiko,2,0.765
2120,2022,HOLDING,Kantor Pusat,,OFFICER PERENCANA PENGADAAN PLTP IPP,OFFICER,PERENCANA PENGADAAN PLTP IPP,G2,S1 Teknik Mesin/Konversi Energi,1,S1,Rekrut 2022,Pembangkitan,2,0.765
2121,2022,HOLDING,Kantor Pusat,,TECHNICIAN KONSTRUKSI PEMBANGKIT,TECHNICIAN,KONSTRUKSI PEMBANGKIT,G2,S1 Teknik Mesin/Konversi Energi,1,S1,Rekrut 2022,Pembangkitan,2,0.765
2122,2022,HOLDING,UIP JBT,,OFFICER PELAKSANA PENGADAAN,OFFICER,PELAKSANA PENGADAAN,G2,S1 Logistik/Supply Chain Management,1,S1,Rekrut 2022,Manajemen Konstruksi dan Pengadaan,2,0.757
2123,2022,HOLDING,UIP JBT,,OFFICER PERENCANAAN UMUM DAN KINERJA,OFFICER,PERENCANAAN UMUM DAN KINERJA,G2,S1 Komunikasi/Hubungan Masyarakat,1,S1,Rekrut 2022,Komunikasi dan Umum,2,0.757
2124,2022,HOLDING,UIP Nusa Tenggara,,OFFICER PENGENDALIAN PROYEK,OFFICER,PENGENDALIAN PROYEK,G2,S1 Logistik/Supply Chain Management,1,S1,3T,Manajemen Konstruksi dan Pengadaan,2,0.751
2125,2022,HOLDING,PUSMANPRO,,"OFFICER ASET PROPERTI, KOMUNIKASI DAN UMUM",OFFICER,"ASET PROPERTI, KOMUNIKASI DAN UMUM",G2,S1 Komunikasi/Hubungan Masyarakat,1,S1,Rekrut 2022,Komunikasi dan Umum,2,0.749
2126,2022,HOLDING,PUSMANPRO,,OFFICER KEUANGAN DAN AKUNTANSI,OFFICER,KEUANGAN DAN AKUNTANSI,G2,S1 Akuntansi/Administrasi Fiskal,1,S1,Rekrut 2022,Keuangan dan Akuntansi,2,0.749
2127,2022,HOLDING,UIW NusaTenggaraTimur,,OFFICER NIAGA DAN PELAYANAN PELANGGAN,OFFICER,NIAGA DAN PELAYANAN PELANGGAN,G2,S1 Manajemen Pemasaran/Digital Marketing Dan Analytics,1,S1,3T,Niaga dan Pemasaran,2,0.749
2128,2022,HOLDING,UIW NusaTenggaraTimur,,OFFICER PERENCANAAN DAN EVALUASI SISTEM DISTRIBUSI,OFFICER,PERENCANAAN DAN EVALUASI SISTEM DISTRIBUSI,G2,S1 Teknik Kimia/Teknik Lingkungan,1,S1,3T,Perencanaan Sistem,2,0.749
2129,2022,HOLDING,UIW NusaTenggaraTimur,,TECHNICIAN ENJINIRING DAN KINERJA,TECHNICIAN,ENJINIRING DAN KINERJA,G2,S1 Teknik Kimia/Teknik Lingkungan,1,S1,3T,Perencanaan Sistem,2,0.749
2130,2022,HOLDING,UIW NusaTenggaraTimur,,TECHNICIAN OPERASI DISTRIBUSI,TECHNICIAN,OPERASI DISTRIBUSI,G2,S1 Teknik Elektro/Teknik Listrik,1,S1,3T,Distribusi,2,0.749
2131,2022,HOLDING,Pusat Pengatur Beban,,TECHNICIAN OPERASI SISTEM D,TECHNICIAN,OPERASI SISTEM D,G2,S1 Teknik Kimia/Teknik Lingkungan,1,S1,Rekrut 2022,Perencanaan Sistem,2,0.745
2132,2022,HOLDING,P3B Sumatera,,OFFICER KEUANGAN DAN ANGGARAN,OFFICER,KEUANGAN DAN ANGGARAN,G2,S1 Akuntansi/Administrasi Fiskal,1,S1,Rekrut 2022,Keuangan dan Akuntansi,2,0.745
2133,2022,HOLDING,P3B Sumatera,,OFFICER PERENCANAAN DAN EVALUASI PEMELIHARAAN GARDU INDUK,OFFICER,PERENCANAAN DAN EVALUASI PEMELIHARAAN GARDU INDUK,G2,S1 Teknik Elektro/Teknik Listrik,1,S1,Rekrut 2022,Transmisi dan Gardu Induk,2,0.745
2134,2022,HOLDING,P3B Sumatera,,TECHNICIAN PROTEKSI SISTEM,TECHNICIAN,PROTEKSI SISTEM,G2,S1 Teknik Elektro/Teknik Listrik,1,S1,Rekrut 2022,Proteksi dan Kontrol,2,0.745
2135,2022,HOLDING,UIW Papua&Papua Barat,,OFFICER MAPPING DATA JARINGAN DAN PELANGGAN,OFFICER,MAPPING DATA JARINGAN DAN PELANGGAN,G2,S1 Teknik Elektro/Teknik Listrik,1,S1,3T,Distribusi,2,0.742
2136,2022,HOLDING,UIW Papua&Papua Barat,,OFFICER PERENCANAAN LISTRIK PERDESAAN,OFFICER,PERENCANAAN LISTRIK PERDESAAN,G2,S1 Teknik Elektro/Teknik Listrik,1,S1,3T,Distribusi,2,0.742
2137,2022,HOLDING,UIW Papua&Papua Barat,,OFFICER PERENCANAAN SISTEM KELISTRIKAN,OFFICER,PERENCANAAN SISTEM KELISTRIKAN,G2,S1 Teknik Kimia/Teknik Lingkungan,1,S1,3T,Perencanaan Sistem,2,0.742
2138,2022,HOLDING,UIW Papua&Papua Barat,,TECHNICIAN PENGELOLAAN KONSTRUKSI,TECHNICIAN,PENGELOLAAN KONSTRUKSI,G2,S1 Logistik/Supply Chain Management,1,S1,3T,Manajemen Konstruksi dan Pengadaan,2,0.742
2139,2022,HOLDING,UID S2JB,,OFFICER PELAKSANA PENGADAAN,OFFICER,PELAKSANA PENGADAAN,G2,S1 Logistik/Supply Chain Management,1,S1,3T,Manajemen Konstruksi dan Pengadaan,2,0.738
2140,2022,HOLDING,UID Jawa Barat,,TECHNICIAN PEMELIHARAAN DISTRIBUSI,TECHNICIAN,PEMELIHARAAN DISTRIBUSI,G2,S1 Teknik Elektro/Teknik Listrik,1,S1,Rekrut 2022,Distribusi,2,0.736
2141,2022,HOLDING,UID Jawa Barat,,TECHNICIAN PROTEKSI DAN METER,TECHNICIAN,PROTEKSI DAN METER,G2,S1 Teknik Elektro/Teknik Listrik,1,S1,Rekrut 2022,Proteksi dan Kontrol,2,0.736
2142,2022,HOLDING,UID Sulselrabar,,OFFICER KINERJA NIAGA DAN PEMASARAN,OFFICER,KINERJA NIAGA DAN PEMASARAN,G2,S1 Manajemen Pemasaran/Digital Marketing Dan Analytics,1,S1,3T,Niaga dan Pemasaran,2,0.736
2143,2022,HOLDING,UID Kaltimra,,OFFICER ACCOUNT EXECUTIVE,OFFICER,ACCOUNT EXECUTIVE,G2,S1 Komunikasi/Hubungan Masyarakat,1,S1,3T,Komunikasi dan Umum,2,0.734
2144,2022,HOLDING,UID Kaltimra,,OFFICER ADMINISTRASI DAN UMUM,OFFICER,ADMINISTRASI DAN UMUM,G2,S1 Komunikasi/Hubungan Masyarakat,1,S1,3T,Komunikasi dan Umum,2,0.734
2145,2022,HOLDING,UID Kaltimra,,OFFICER KEUANGAN DAN ANGGARAN,OFFICER,KEUANGAN DAN ANGGARAN,G2,S1 Akuntansi/Administrasi Fiskal,1,S1,3T,Keuangan dan Akuntansi,2,0.734
2146,2022,HOLDING,UID Kaltimra,,OFFICER KINERJA JARINGAN DAN KONSTRUKSI DISTRIBUSI,OFFICER,KINERJA JARINGAN DAN KONSTRUKSI DISTRIBUSI,G2,S1 Teknik Elektro/Teknik Listrik,1,S1,3T,Distribusi,2,0.734
2147,2022,HOLDING,UID Kaltimra,,OFFICER KINERJA TRANSAKSI ENERGI LISTRIK,OFFICER,KINERJA TRANSAKSI ENERGI LISTRIK,G2,S1 Teknik Elektro/Teknik Listrik,1,S1,3T,Distribusi,2,0.734
2148,2022,HOLDING,UID Kaltimra,,OFFICER PERENCANAAN DAN EVALUASI SISTEM DISTRIBUSI,OFFICER,PERENCANAAN DAN EVALUASI SISTEM DISTRIBUSI,G2,S1 Teknik Kimia/Teknik Lingkungan,1,S1,3T,Perencanaan Sistem,2,0.734
2149,2022,HOLDING,UID Kaltimra,,OFFICER PRIORITY ACCOUNT EXECUTIVE,OFFICER,PRIORITY ACCOUNT EXECUTIVE,G2,S1 Komunikasi/Hubungan Masyarakat,1,S1,3T,Komunikasi dan Umum,2,0.734
2150,2022,HOLDING,UID Kaltimra,,TECHNICIAN PEMELIHARAAN METER TRANSAKSI,TECHNICIAN,PEMELIHARAAN METER TRANSAKSI,G2,S1 Teknik Elektro/Teknik Listrik,1,S1,3T,Distribusi,2,0.734
2151,2022,HOLDING,UID Kaltimra,,TECHNICIAN PENGELOLAAN KONSTRUKSI DISTRIBUSI,TECHNICIAN,PENGELOLAAN KONSTRUKSI DISTRIBUSI,G2,S1 Teknik Elektro/Teknik Listrik,1,S1,3T,Distribusi,2,0.734
2152,2022,HOLDING,UID Kaltimra,,TECHNICIAN PENGENDALIAN SUSUT,TECHNICIAN,PENGENDALIAN SUSUT,G2,S1 Teknik Elektro/Teknik Listrik,1,S1,3T,Distribusi,2,0.734
2153,2022,HOLDING,UIP Sumatera Bag Utara,,TECHNICIAN PENGENDALIAN KONSTRUKSI,TECHNICIAN,PENGENDALIAN KONSTRUKSI,G2,S1 Logistik/Supply Chain Management,1,S1,Rekrut 2022,Manajemen Konstruksi dan Pengadaan,2,0.732
2154,2022,HOLDING,UID Sumut,,OFFICER LOGISTIK,OFFICER,LOGISTIK,G2,S1 Logistik/Supply Chain Management,1,S1,Rekrut 2022,Manajemen Konstruksi dan Pengadaan,2,0.73
2155,2022,HOLDING,UIW Bangka Belitung,,OFFICER KINERJA KEUANGAN DAN UMUM,OFFICER,KINERJA KEUANGAN DAN UMUM,G2,S1 Akuntansi/Administrasi Fiskal,1,S1,Rekrut 2022,Keuangan dan Akuntansi,2,0.718
2156,2022,HOLDING,UIT JBT,,TECHNICIAN JARINGAN TRANSMISI DAN GARDU INDUK,TECHNICIAN,JARINGAN TRANSMISI DAN GARDU INDUK,G2,S1 Teknik Elektro/Teknik Listrik,1,S1,Rekrut 2022,Transmisi dan Gardu Induk,2,0.717
2157,2022,HOLDING,UIT JBT,,TECHNICIAN JARINGAN TRANSMISI DAN GARDU INDUK TEGANGAN EKSTRA TINGGI,TECHNICIAN,JARINGAN TRANSMISI DAN GARDU INDUK TEGANGAN EKSTRA TINGGI,G2,S1 Teknik Elektro/Teknik Listrik,1,S1,Rekrut 2022,Transmisi dan Gardu Induk,2,0.717
2158,2022,HOLDING,UIT JBT,,TECHNICIAN PDKB GI/GITET,TECHNICIAN,PDKB GI/GITET,G2,S1 Teknik Elektro/Teknik Listrik,1,S1,Rekrut 2022,Transmisi dan Gardu Induk,2,0.717
2159,2022,HOLDING,UIT JBT,,TECHNICIAN PDKB SUTT/SUTET,TECHNICIAN,PDKB SUTT/SUTET,G2,S1 Teknik Elektro/Teknik Listrik,1,S1,Rekrut 2022,Transmisi dan Gardu Induk,2,0.717
2160,2022,HOLDING,UID Jawa Tengah & DIY,,TECHNICIAN TEKNIK LAYANAN PELANGGAN,TECHNICIAN,TEKNIK LAYANAN PELANGGAN,G2,S1 Teknik Elektro/Teknik Listrik,1,S1,Rekrut 2022,Distribusi,2,0.714
2161,2022,HOLDING,UIP JBB,,"OFFICER ASET, PERTANAHAN DAN ROW",OFFICER,"ASET, PERTANAHAN DAN ROW",G2,S1 Logistik/Supply Chain Management,1,S1,Rekrut 2022,Manajemen Konstruksi dan Pengadaan,2,0.71
2162,2022,HOLDING,UIP JBB,,OFFICER PELAKSANA PENGADAAN,OFFICER,PELAKSANA PENGADAAN,G2,S1 Logistik/Supply Chain Management,1,S1,Rekrut 2022,Manajemen Konstruksi dan Pengadaan,2,0.71
2163,2022,HOLDING,UIP JBB,,OFFICER PERIZINAN DAN PERTANAHAN,OFFICER,PERIZINAN DAN PERTANAHAN,G2,S1 Logistik/Supply Chain Management,1,S1,Rekrut 2022,Manajemen Konstruksi dan Pengadaan,2,0.71
2164,2022,HOLDING,UID Banten,,OFFICER KINERJA KONSTRUKSI DISTRIBUSI,OFFICER,KINERJA KONSTRUKSI DISTRIBUSI,G2,S1 Teknik Elektro/Teknik Listrik,1,S1,Rekrut 2022,Distribusi,2,0.702
2165,2022,HOLDING,UID Banten,,OFFICER PELAKSANA PENGADAAN,OFFICER,PELAKSANA PENGADAAN,G2,S1 Logistik/Supply Chain Management,1,S1,Rekrut 2022,Manajemen Konstruksi dan Pengadaan,2,0.702
2166,2022,HOLDING,UID Banten,,TECHNICIAN TEKNIK LAYANAN PELANGGAN,TECHNICIAN,TEKNIK LAYANAN PELANGGAN,G2,S1 Teknik Elektro/Teknik Listrik,1,S1,Rekrut 2022,Distribusi,2,0.702
2167,2022,HOLDING,UIT JBTB,,OFFICER ADMINISTRASI DAN UMUM,OFFICER,ADMINISTRASI DAN UMUM,G2,S1 Komunikasi/Hubungan Masyarakat,1,S1,Rekrut 2022,Komunikasi dan Umum,2,0.701
2168,2022,HOLDING,UIT JBTB,,TECHNICIAN JARINGAN TRANSMISI DAN GARDU INDUK TEGANGAN EKSTRA TINGGI,TECHNICIAN,JARINGAN TRANSMISI DAN GARDU INDUK TEGANGAN EKSTRA TINGGI,G2,S1 Teknik Elektro/Teknik Listrik,1,S1,Rekrut 2022,Transmisi dan Gardu Induk,2,0.701
2169,2022,HOLDING,UID Suluttenggo,,OFFICER OPERASI DAN PEMELIHARAAN SISTEM DISTRIBUSI,OFFICER,OPERASI DAN PEMELIHARAAN SISTEM DISTRIBUSI,G2,S1 Teknik Elektro/Teknik Listrik,1,S1,3T,Distribusi,2,0.691
2170,2022,HOLDING,PUSMANPRO,,TECHNICIAN MANAJEMEN KONSTRUKSI PEMBANGKITAN,TECHNICIAN,MANAJEMEN KONSTRUKSI PEMBANGKITAN,G2,S1 Teknik Mesin/Konversi Energi,1,S1,Rekrut 2022,Pembangkitan,2,3.496
2171,2022,HOLDING,UID Kaltimra,,TECHNICIAN PDKB,TECHNICIAN,PDKB,G2,S1 Teknik Elektro/Teknik Listrik,1,S1,3T,Distribusi,2,3.488
2172,2022,HOLDING,UID Jakarta Raya,,OFFICER KINERJA TRANSAKSI ENERGI LISTRIK,OFFICER,KINERJA TRANSAKSI ENERGI LISTRIK,G2,S1 Teknik Elektro/Teknik Listrik,1,S1,Rekrut 2022,Distribusi,2,3.473
2173,2022,HOLDING,UID Jawa Barat,,OFFICER KINERJA,OFFICER,KINERJA,G2,S1 Teknik Industri/Teknik Material,1,S1,Rekrut 2022,Perencanaan dan Kinerja,2,3.385
2174,2022,HOLDING,UID Jawa Barat,,OFFICER KINERJA TRANSAKSI ENERGI LISTRIK,OFFICER,KINERJA TRANSAKSI ENERGI LISTRIK,G2,S1 Teknik Elektro/Teknik Listrik,1,S1,Rekrut 2022,Distribusi,2,3.385
2175,2022,HOLDING,UIT JBTB,,OFFICER KINERJA,OFFICER,KINERJA,G2,S1 Teknik Industri/Teknik Material,1,S1,Rekrut 2022,Perencanaan dan Kinerja,2,3.363
2176,2022,HOLDING,UIW Papua&Papua Barat,,TECHNICIAN PENGENDALIAN OPERASI DAN PEMELIHARAAN PUSAT LISTRIK,TECHNICIAN,PENGENDALIAN OPERASI DAN PEMELIHARAAN PUSAT LISTRIK,G2,S1 Teknik Mesin/Konversi Energi,1,S1,3T,Pembangkitan,2,3.341
2177,2022,HOLDING,UIW Maluku&Malut,,OFFICER KINERJA KEUANGAN DAN UMUM,OFFICER,KINERJA KEUANGAN DAN UMUM,G2,S1 Akuntansi/Administrasi Fiskal,1,S1,3T,Keuangan dan Akuntansi,2,3.229
2178,2022,HOLDING,UIW Maluku&Malut,,TECHNICIAN PDKB,TECHNICIAN,PDKB,G2,S1 Teknik Elektro/Teknik Listrik,1,S1,3T,Distribusi,2,3.229
2179,2022,HOLDING,UIP JBT,,OFFICER PENGENDALIAN PROYEK,OFFICER,PENGENDALIAN PROYEK,G2,S1 Logistik/Supply Chain Management,1,S1,Rekrut 2022,Manajemen Konstruksi dan Pengadaan,2,3.136
2180,2022,HOLDING,UID Jakarta Raya,,OFFICER KINERJA,OFFICER,KINERJA,G2,S1 Teknik Industri/Teknik Material,1,S1,Rekrut 2022,Perencanaan dan Kinerja,2,3.072
2181,2022,HOLDING,UIP JBB,,OFFICER PENGENDALIAN PROYEK,OFFICER,PENGENDALIAN PROYEK,G2,S1 Logistik/Supply Chain Management,1,S1,Rekrut 2022,Manajemen Konstruksi dan Pengadaan,2,2.98
2182,2022,HOLDING,UIT JBB,,TECHNICIAN PEMELIHARAAN GARDU INDUK,TECHNICIAN,PEMELIHARAAN GARDU INDUK,G2,S1 Teknik Elektro/Teknik Listrik,1,S1,Rekrut 2022,Transmisi dan Gardu Induk,2,2.949
2183,2022,HOLDING,P3B Sumatera,,JUNIOR TECHNICIAN PEMELIHARAAN JARINGAN TRANSMISI,JUNIOR TECHNICIAN,PEMELIHARAAN JARINGAN TRANSMISI,G1,D3 Teknik Elektro/Teknik Listrik,1,D3,Rekrut 2022,Transmisi dan Gardu Induk,1,2.925
2184,2022,HOLDING,P3B Sumatera,,JUNIOR TECHNICIAN JARINGAN TRANSMISI DAN GARDU INDUK TEGANGAN EKSTRA TINGGI,JUNIOR TECHNICIAN,JARINGAN TRANSMISI DAN GARDU INDUK TEGANGAN EKSTRA TINGGI,G1,D3 Teknik Elektro/Teknik Listrik,1,D3,Rekrut 2022,Transmisi dan Gardu Induk,1,2.884
2185,2022,HOLDING,UID Kalbar,,JUNIOR OFFICER PELAYANAN PELANGGAN,JUNIOR OFFICER,PELAYANAN PELANGGAN,G1,D3 Manajemen Pemasaran/Digital Marketing Dan Analytics,1,D3,3T,Niaga dan Pemasaran,1,2.798
2186,2022,HOLDING,UIP JBB,,JUNIOR OFFICER ADMINISTRASI DAN UMUM,JUNIOR OFFICER,ADMINISTRASI DAN UMUM,G1,D3 Komunikasi/Hubungan Masyarakat,1,D3,Rekrut 2022,Komunikasi dan Umum,1,2.746
2187,2022,HOLDING,UID Sumut,,JUNIOR TECHNICIAN PDKB,JUNIOR TECHNICIAN,PDKB,G1,D3 Teknik Elektro/Teknik Listrik,1,D3,Rekrut 2022,Distribusi,1,2.73
2188,2022,HOLDING,P3B Sumatera,,JUNIOR TECHNICIAN PDKB SUTT/SUTET,JUNIOR TECHNICIAN,PDKB SUTT/SUTET,G1,D3 Teknik Elektro/Teknik Listrik,1,D3,Rekrut 2022,Transmisi dan Gardu Induk,1,2.721
2189,2022,HOLDING,UID Sumut,,JUNIOR TECHNICIAN TEKNIK LAYANAN PELANGGAN,JUNIOR TECHNICIAN,TEKNIK LAYANAN PELANGGAN,G1,D3 Teknik Elektro/Teknik Listrik,1,D3,Rekrut 2022,Distribusi,1,2.57
2190,2022,HOLDING,UID Jawa Tengah & DIY,,JUNIOR TECHNICIAN PDKB,JUNIOR TECHNICIAN,PDKB,G1,D3 Teknik Elektro/Teknik Listrik,1,D3,Rekrut 2022,Distribusi,1,2.568
2191,2022,HOLDING,UID Kalbar,,JUNIOR TECHNICIAN TRANSAKSI ENERGI LAYANAN PELANGGAN,JUNIOR TECHNICIAN,TRANSAKSI ENERGI LAYANAN PELANGGAN,G1,D3 Teknik Elektro/Teknik Listrik,1,D3,3T,Distribusi,1,2.564
2192,2022,HOLDING,UID Kaltimra,,JUNIOR TECHNICIAN TEKNIK LAYANAN PELANGGAN,JUNIOR TECHNICIAN,TEKNIK LAYANAN PELANGGAN,G1,D3 Teknik Elektro/Teknik Listrik,1,D3,3T,Distribusi,1,2.555
2193,2022,HOLDING,UIW Papua&Papua Barat,,JUNIOR TECHNICIAN OPERASI PUSAT LISTRIK,JUNIOR TECHNICIAN,OPERASI PUSAT LISTRIK,G1,D3 Teknik Mesin/Konversi Energi,1,D3,3T,Pembangkitan,1,2.508
2194,2022,HOLDING,UIW Maluku&Malut,,JUNIOR TECHNICIAN PDKB,JUNIOR TECHNICIAN,PDKB,G1,D3 Teknik Elektro/Teknik Listrik,1,D3,3T,Distribusi,1,2.502
2195,2022,HOLDING,UID Sumut,,JUNIOR OFFICER PELAYANAN PELANGGAN,JUNIOR OFFICER,PELAYANAN PELANGGAN,G1,D3 Manajemen Pemasaran/Digital Marketing Dan Analytics,1,D3,Rekrut 2022,Niaga dan Pemasaran,1,2.489
2196,2022,HOLDING,UID Kalselteng,,JUNIOR OFFICER PELAYANAN PELANGGAN,JUNIOR OFFICER,PELAYANAN PELANGGAN,G1,D3 Manajemen Pemasaran/Digital Marketing Dan Analytics,1,D3,3T,Niaga dan Pemasaran,1,2.479
2197,2022,HOLDING,UIT JBB,,"JUNIOR TECHNICIAN PEMELIHARAAN PROTEKSI, METER, DAN OTOMASI TRANSMISI DAN GARDU INDUK",JUNIOR TECHNICIAN,"PEMELIHARAAN PROTEKSI, METER, DAN OTOMASI TRANSMISI DAN GARDU INDUK",G1,D3 Teknik Elektro/Teknik Listrik,1,D3,Rekrut 2022,Transmisi dan Gardu Induk,1,2.477
2198,2022,HOLDING,UID Kaltimra,,JUNIOR TECHNICIAN TRANSAKSI ENERGI LAYANAN PELANGGAN,JUNIOR TECHNICIAN,TRANSAKSI ENERGI LAYANAN PELANGGAN,G1,D3 Teknik Elektro/Teknik Listrik,1,D3,3T,Distribusi,1,2.473
2199,2022,HOLDING,UID Sumut,,JUNIOR TECHNICIAN TRANSAKSI ENERGI LAYANAN PELANGGAN,JUNIOR TECHNICIAN,TRANSAKSI ENERGI LAYANAN PELANGGAN,G1,D3 Teknik Elektro/Teknik Listrik,1,D3,Rekrut 2022,Distribusi,1,2.409
2200,2022,HOLDING,UID Lampung,,JUNIOR TECHNICIAN TRANSAKSI ENERGI LAYANAN PELANGGAN,JUNIOR TECHNICIAN,TRANSAKSI ENERGI LAYANAN PELANGGAN,G1,D3 Teknik Elektro/Teknik Listrik,1,D3,Rekrut 2022,Distribusi,1,2.384
2201,2022,HOLDING,Kantor Pusat,,JUNIOR OFFICER ADMINISTRASI MANAJEMEN DIGITAL,JUNIOR OFFICER,ADMINISTRASI MANAJEMEN DIGITAL,G1,D3 Data Science/Teknik Informatika,1,D3,Rekrut 2022,Teknologi Informasi,1,2.377
2202,2022,HOLDING,Kantor Pusat,,JUNIOR OFFICER ADMINISTRASI STRATEGI HUMAN CAPITAL,JUNIOR OFFICER,ADMINISTRASI STRATEGI HUMAN CAPITAL,G1,D3 Psikologi/Kepegawaian,1,D3,Rekrut 2022,Sumber Daya Manusia,1,2.377
2203,2022,HOLDING,Kantor Pusat,,JUNIOR OFFICER DANA PENSIUN DAN JAMINAN SOSIAL,JUNIOR OFFICER,DANA PENSIUN DAN JAMINAN SOSIAL,G1,D3 Komunikasi/Hubungan Masyarakat,1,D3,Rekrut 2022,Komunikasi dan Umum,1,2.377
2204,2022,HOLDING,Kantor Pusat,,JUNIOR OFFICER HUBUNGAN PEMERINTAHAN,JUNIOR OFFICER,HUBUNGAN PEMERINTAHAN,G1,D3 Komunikasi/Hubungan Masyarakat,1,D3,Rekrut 2022,Komunikasi dan Umum,1,2.377
2205,2022,HOLDING,Kantor Pusat,,JUNIOR OFFICER PELAYANAN HUMAN CAPITAL BALIKPAPAN,JUNIOR OFFICER,PELAYANAN HUMAN CAPITAL BALIKPAPAN,G1,D3 Psikologi/Kepegawaian,1,D3,Rekrut 2022,Sumber Daya Manusia,1,2.377
2206,2022,HOLDING,Kantor Pusat,,JUNIOR OFFICER PELAYANAN HUMAN CAPITAL BANJARBARU,JUNIOR OFFICER,PELAYANAN HUMAN CAPITAL BANJARBARU,G1,D3 Psikologi/Kepegawaian,1,D3,Rekrut 2022,Sumber Daya Manusia,1,2.377
2207,2022,HOLDING,Kantor Pusat,,JUNIOR OFFICER PELAYANAN HUMAN CAPITAL DEPOK,JUNIOR OFFICER,PELAYANAN HUMAN CAPITAL DEPOK,G1,D3 Psikologi/Kepegawaian,1,D3,Rekrut 2022,Sumber Daya Manusia,1,2.377
2208,2022,HOLDING,Kantor Pusat,,JUNIOR OFFICER PELAYANAN HUMAN CAPITAL KANTOR PUSAT,JUNIOR OFFICER,PELAYANAN HUMAN CAPITAL KANTOR PUSAT,G1,D3 Psikologi/Kepegawaian,1,D3,Rekrut 2022,Sumber Daya Manusia,1,2.377
2209,2022,HOLDING,Kantor Pusat,,JUNIOR OFFICER PELAYANAN HUMAN CAPITAL KUPANG,JUNIOR OFFICER,PELAYANAN HUMAN CAPITAL KUPANG,G1,D3 Psikologi/Kepegawaian,1,D3,Rekrut 2022,Sumber Daya Manusia,1,2.377
2210,2022,HOLDING,Kantor Pusat,,JUNIOR OFFICER PELAYANAN HUMAN CAPITAL MAKASSAR,JUNIOR OFFICER,PELAYANAN HUMAN CAPITAL MAKASSAR,G1,D3 Psikologi/Kepegawaian,1,D3,Rekrut 2022,Sumber Daya Manusia,1,2.377
2211,2022,HOLDING,Kantor Pusat,,JUNIOR OFFICER PELAYANAN HUMAN CAPITAL PADANG,JUNIOR OFFICER,PELAYANAN HUMAN CAPITAL PADANG,G1,D3 Psikologi/Kepegawaian,1,D3,Rekrut 2022,Sumber Daya Manusia,1,2.377
2212,2022,HOLDING,Kantor Pusat,,JUNIOR OFFICER PELAYANAN HUMAN CAPITAL PALEMBANG,JUNIOR OFFICER,PELAYANAN HUMAN CAPITAL PALEMBANG,G1,D3 Psikologi/Kepegawaian,1,D3,Rekrut 2022,Sumber Daya Manusia,1,2.377
2213,2022,HOLDING,Kantor Pusat,,JUNIOR OFFICER PELAYANAN HUMAN CAPITAL PEKANBARU,JUNIOR OFFICER,PELAYANAN HUMAN CAPITAL PEKANBARU,G1,D3 Psikologi/Kepegawaian,1,D3,Rekrut 2022,Sumber Daya Manusia,1,2.377
2214,2022,HOLDING,Kantor Pusat,,JUNIOR OFFICER PELAYANAN HUMAN CAPITAL PONTIANAK,JUNIOR OFFICER,PELAYANAN HUMAN CAPITAL PONTIANAK,G1,D3 Psikologi/Kepegawaian,1,D3,Rekrut 2022,Sumber Daya Manusia,1,2.377
2215,2022,HOLDING,Kantor Pusat,,JUNIOR OFFICER PEMBAYARAN UNIT,JUNIOR OFFICER,PEMBAYARAN UNIT,G1,D3 Komunikasi/Hubungan Masyarakat,1,D3,Rekrut 2022,Komunikasi dan Umum,1,2.377
2216,2022,HOLDING,Kantor Pusat,,JUNIOR OFFICER PENGELOLAAN KENDARAAN,JUNIOR OFFICER,PENGELOLAAN KENDARAAN,G1,D3 Teknik Industri/Teknik Material,1,D3,Rekrut 2022,Perencanaan dan Kinerja,1,2.377
2217,2022,HOLDING,Kantor Pusat,,JUNIOR OFFICER PENYETORAN PAJAK,JUNIOR OFFICER,PENYETORAN PAJAK,G1,D3 Akuntansi/Administrasi Fiskal,1,D3,Rekrut 2022,Keuangan dan Akuntansi,1,2.377
2218,2022,HOLDING,Kantor Pusat,,JUNIOR OFFICER PRIVATE OFFICE,JUNIOR OFFICER,PRIVATE OFFICE,G1,D3 Komunikasi/Hubungan Masyarakat,1,D3,Rekrut 2022,Komunikasi dan Umum,1,2.377
2219,2022,HOLDING,Kantor Pusat,,JUNIOR OFFICER VERIFIKASI ENERGI PRIMER,JUNIOR OFFICER,VERIFIKASI ENERGI PRIMER,G1,D3 Teknik Mesin/Konversi Energi,1,D3,Rekrut 2022,Pembangkitan,1,2.377
2220,2022,HOLDING,PUSDIKLAT,,JUNIOR OFFICER ADMINITRASI DAN UMUM,JUNIOR OFFICER,ADMINITRASI DAN UMUM,G1,D3 Komunikasi/Hubungan Masyarakat,1,D3,Rekrut 2022,Komunikasi dan Umum,1,2.373
2221,2022,HOLDING,UID Banten,,JUNIOR TECHNICIAN PDKB,JUNIOR TECHNICIAN,PDKB,G1,D3 Teknik Elektro/Teknik Listrik,1,D3,Rekrut 2022,Distribusi,1,2.362
2222,2022,HOLDING,UID Kalselteng,,JUNIOR TECHNICIAN PDKB,JUNIOR TECHNICIAN,PDKB,G1,D3 Teknik Elektro/Teknik Listrik,1,D3,3T,Distribusi,1,2.361
2223,2022,HOLDING,UID Bali,,JUNIOR TECHNICIAN TEKNIK LAYANAN PELANGGAN,JUNIOR TECHNICIAN,TEKNIK LAYANAN PELANGGAN,G1,D3 Teknik Elektro/Teknik Listrik,1,D3,Rekrut 2022,Distribusi,1,2.328
2224,2022,HOLDING,UID Sulselrabar,,JUNIOR TECHNICIAN TRANSAKSI ENERGI LAYANAN PELANGGAN,JUNIOR TECHNICIAN,TRANSAKSI ENERGI LAYANAN PELANGGAN,G1,D3 Teknik Elektro/Teknik Listrik,1,D3,3T,Distribusi,1,2.283
2225,2022,HOLDING,UIT JBTB,,JUNIOR TECHNICIAN PEMELIHARAAN GARDU INDUK,JUNIOR TECHNICIAN,PEMELIHARAAN GARDU INDUK,G1,D3 Teknik Elektro/Teknik Listrik,1,D3,Rekrut 2022,Transmisi dan Gardu Induk,1,2.277
2226,2022,HOLDING,UID Aceh,,JUNIOR TECHNICIAN TEKNIK LAYANAN PELANGGAN,JUNIOR TECHNICIAN,TEKNIK LAYANAN PELANGGAN,G1,D3 Teknik Elektro/Teknik Listrik,1,D3,3T,Distribusi,1,2.261
2227,2022,HOLDING,P3B Sumatera,,JUNIOR TECHNICIAN PEMELIHARAAN GARDU INDUK,JUNIOR TECHNICIAN,PEMELIHARAAN GARDU INDUK,G1,D3 Teknik Elektro/Teknik Listrik,1,D3,Rekrut 2022,Transmisi dan Gardu Induk,1,2.234
2228,2022,HOLDING,UID S2JB,,JUNIOR OFFICER PELAYANAN PELANGGAN,JUNIOR OFFICER,PELAYANAN PELANGGAN,G1,D3 Manajemen Pemasaran/Digital Marketing Dan Analytics,1,D3,3T,Niaga dan Pemasaran,1,2.207
2229,2022,HOLDING,UID Riau & Kepri,,JUNIOR OFFICER PELAYANAN PELANGGAN,JUNIOR OFFICER,PELAYANAN PELANGGAN,G1,D3 Manajemen Pemasaran/Digital Marketing Dan Analytics,1,D3,Rekrut 2022,Niaga dan Pemasaran,1,2.161
2230,2022,HOLDING,UID Kalselteng,,JUNIOR TECHNICIAN PENGATURAN OPERASI,JUNIOR TECHNICIAN,PENGATURAN OPERASI,G1,D3 Teknik Kimia/Teknik Lingkungan,1,D3,3T,Perencanaan Sistem,1,2.125
2231,2022,HOLDING,UID Sumbar,,JUNIOR TECHNICIAN TEKNIK LAYANAN PELANGGAN,JUNIOR TECHNICIAN,TEKNIK LAYANAN PELANGGAN,G1,D3 Teknik Elektro/Teknik Listrik,1,D3,Rekrut 2022,Distribusi,1,2.119
2232,2022,HOLDING,UIP Kalimantan Bag Timur,,JUNIOR OFFICER ADMINISTRASI DAN UMUM,JUNIOR OFFICER,ADMINISTRASI DAN UMUM,G1,D3 Komunikasi/Hubungan Masyarakat,1,D3,3T,Komunikasi dan Umum,1,2.099
2233,2022,HOLDING,UID Sulselrabar,,JUNIOR TECHNICIAN PDKB,JUNIOR TECHNICIAN,PDKB,G1,D3 Teknik Elektro/Teknik Listrik,1,D3,3T,Distribusi,1,2.044
2234,2022,HOLDING,UID Riau & Kepri,,JUNIOR TECHNICIAN TEKNIK LAYANAN PELANGGAN,JUNIOR TECHNICIAN,TEKNIK LAYANAN PELANGGAN,G1,D3 Teknik Elektro/Teknik Listrik,1,D3,Rekrut 2022,Distribusi,1,2.021
2235,2022,HOLDING,UIT JBB,,JUNIOR TECHNICIAN PEMELIHARAAN JARINGAN TRANSMISI,JUNIOR TECHNICIAN,PEMELIHARAAN JARINGAN TRANSMISI,G1,D3 Teknik Elektro/Teknik Listrik,1,D3,Rekrut 2022,Transmisi dan Gardu Induk,1,2.005
2236,2022,HOLDING,UIT JBTB,,JUNIOR TECHNICIAN PDKB SUTT/SUTET,JUNIOR TECHNICIAN,PDKB SUTT/SUTET,G1,D3 Teknik Elektro/Teknik Listrik,1,D3,Rekrut 2022,Transmisi dan Gardu Induk,1,2.004
2237,2022,HOLDING,UID Banten,,JUNIOR OFFICER PELAYANAN PELANGGAN,JUNIOR OFFICER,PELAYANAN PELANGGAN,G1,D3 Manajemen Pemasaran/Digital Marketing Dan Analytics,1,D3,Rekrut 2022,Niaga dan Pemasaran,1,1.968
2238,2022,HOLDING,UID Banten,,JUNIOR TECHNICIAN OPERASI DISTRIBUSI,JUNIOR TECHNICIAN,OPERASI DISTRIBUSI,G1,D3 Teknik Elektro/Teknik Listrik,1,D3,Rekrut 2022,Distribusi,1,1.968
2239,2022,HOLDING,UID Banten,,JUNIOR TECHNICIAN PENGATURAN OPERASI,JUNIOR TECHNICIAN,PENGATURAN OPERASI,G1,D3 Teknik Kimia/Teknik Lingkungan,1,D3,Rekrut 2022,Perencanaan Sistem,1,1.968
2240,2022,HOLDING,UIP Sumatera Bag Utara,,JUNIOR TECHNICIAN KONSTRUKSI,JUNIOR TECHNICIAN,KONSTRUKSI,G1,D3 Logistik/Supply Chain Management,1,D3,Rekrut 2022,Manajemen Konstruksi dan Pengadaan,1,1.93
2241,2022,HOLDING,UIW NusaTenggaraTimur,,JUNIOR TECHNICIAN TEKNIK LAYANAN PELANGGAN,JUNIOR TECHNICIAN,TEKNIK LAYANAN PELANGGAN,G1,D3 Teknik Elektro/Teknik Listrik,1,D3,3T,Distribusi,1,1.892
2242,2022,HOLDING,UID S2JB,,JUNIOR TECHNICIAN TRANSAKSI ENERGI LAYANAN PELANGGAN,JUNIOR TECHNICIAN,TRANSAKSI ENERGI LAYANAN PELANGGAN,G1,D3 Teknik Elektro/Teknik Listrik,1,D3,3T,Distribusi,1,1.867
2243,2022,HOLDING,UID Bali,,JUNIOR OFFICER PELAYANAN PELANGGAN,JUNIOR OFFICER,PELAYANAN PELANGGAN,G1,D3 Manajemen Pemasaran/Digital Marketing Dan Analytics,1,D3,Rekrut 2022,Niaga dan Pemasaran,1,1.862
2244,2022,HOLDING,UIP Maluku dan Papua,,JUNIOR OFFICER ADMINISTRASI DAN UMUM,JUNIOR OFFICER,ADMINISTRASI DAN UMUM,G1,D3 Komunikasi/Hubungan Masyarakat,1,D3,3T,Komunikasi dan Umum,1,1.854
2245,2022,HOLDING,UID Sumbar,,JUNIOR OFFICER PELAYANAN PELANGGAN,JUNIOR OFFICER,PELAYANAN PELANGGAN,G1,D3 Manajemen Pemasaran/Digital Marketing Dan Analytics,1,D3,Rekrut 2022,Niaga dan Pemasaran,1,1.84
2246,2022,HOLDING,UIP JBB,,JUNIOR OFFICER KEUANGAN,JUNIOR OFFICER,KEUANGAN,G1,D3 Akuntansi/Administrasi Fiskal,1,D3,Rekrut 2022,Keuangan dan Akuntansi,1,1.831
2247,2022,HOLDING,UIP JBB,,JUNIOR OFFICER PENGADAAN TANAH DAN PENGENDALIAN ROW,JUNIOR OFFICER,PENGADAAN TANAH DAN PENGENDALIAN ROW,G1,D3 Logistik/Supply Chain Management,1,D3,Rekrut 2022,Manajemen Konstruksi dan Pengadaan,1,1.831
2248,2022,HOLDING,UID Aceh,,JUNIOR TECHNICIAN TRANSAKSI ENERGI LAYANAN PELANGGAN,JUNIOR TECHNICIAN,TRANSAKSI ENERGI LAYANAN PELANGGAN,G1,D3 Teknik Elektro/Teknik Listrik,1,D3,3T,Distribusi,1,1.83
2249,2022,HOLDING,UID Kaltimra,,JUNIOR OFFICER PELAYANAN PELANGGAN,JUNIOR OFFICER,PELAYANAN PELANGGAN,G1,D3 Manajemen Pemasaran/Digital Marketing Dan Analytics,1,D3,3T,Niaga dan Pemasaran,1,1.813
2250,2022,HOLDING,UID Riau & Kepri,,JUNIOR TECHNICIAN TRANSAKSI ENERGI LAYANAN PELANGGAN,JUNIOR TECHNICIAN,TRANSAKSI ENERGI LAYANAN PELANGGAN,G1,D3 Teknik Elektro/Teknik Listrik,1,D3,Rekrut 2022,Distribusi,1,1.812
2251,2022,HOLDING,UIP Nusa Tenggara,,JUNIOR TECHNICIAN TEKNIK ELEKTRIKAL,JUNIOR TECHNICIAN,TEKNIK ELEKTRIKAL,G1,D3 Teknik Elektro/Teknik Listrik,1,D3,3T,Distribusi,1,1.806
2252,2022,HOLDING,UID Aceh,,JUNIOR OFFICER PELAYANAN PELANGGAN,JUNIOR OFFICER,PELAYANAN PELANGGAN,G1,D3 Manajemen Pemasaran/Digital Marketing Dan Analytics,1,D3,3T,Niaga dan Pemasaran,1,1.777
2253,2022,HOLDING,UIW Maluku&Malut,,JUNIOR OFFICER PELAYANAN PELANGGAN,JUNIOR OFFICER,PELAYANAN PELANGGAN,G1,D3 Manajemen Pemasaran/Digital Marketing Dan Analytics,1,D3,3T,Niaga dan Pemasaran,1,1.732
2254,2022,HOLDING,UID Sulselrabar,,JUNIOR OFFICER PELAYANAN PELANGGAN,JUNIOR OFFICER,PELAYANAN PELANGGAN,G1,D3 Manajemen Pemasaran/Digital Marketing Dan Analytics,1,D3,3T,Niaga dan Pemasaran,1,1.704
2255,2022,HOLDING,UID Jakarta Raya,,JUNIOR TECHNICIAN PENGENDALIAN SUSUT,JUNIOR TECHNICIAN,PENGENDALIAN SUSUT,G1,D3 Teknik Elektro/Teknik Listrik,1,D3,Rekrut 2022,Distribusi,1,1.687
2256,2022,HOLDING,UIP Kalimantan Bag Timur,,JUNIOR TECHNICIAN TEKNIK ELEKTRIKAL,JUNIOR TECHNICIAN,TEKNIK ELEKTRIKAL,G1,D3 Teknik Elektro/Teknik Listrik,1,D3,3T,Distribusi,1,1.679
2257,2022,HOLDING,UIP3B Kalimantan,,JUNIOR TECHNICIAN PEMELIHARAAN JARINGAN,JUNIOR TECHNICIAN,PEMELIHARAAN JARINGAN,G1,D3 Teknik Elektro/Teknik Listrik,1,D3,3T,Distribusi,1,1.676
2258,2022,HOLDING,Pusat Pengatur Beban,,JUNIOR TECHNICIAN TELEKOMUNIKASI,JUNIOR TECHNICIAN,TELEKOMUNIKASI,G1,D3 Teknik Elektro/Teknik Listrik,1,D3,Rekrut 2022,Proteksi dan Kontrol,1,1.675
2259,2022,HOLDING,P3B Sumatera,,"JUNIOR TECHNICIAN PEMELIHARAAN PROTEKSI, METER, DAN OTOMASI TRANSMISI DAN GARDU INDUK",JUNIOR TECHNICIAN,"PEMELIHARAAN PROTEKSI, METER, DAN OTOMASI TRANSMISI DAN GARDU INDUK",G1,D3 Teknik Elektro/Teknik Listrik,1,D3,Rekrut 2022,Transmisi dan Gardu Induk,1,1.625
2260,2022,HOLDING,UIP JBT,,"JUNIOR OFFICER KESELAMATAN, KESEHATAN KERJA, LINGKUNGAN, DAN KEAMANAN",JUNIOR OFFICER,"KESELAMATAN, KESEHATAN KERJA, LINGKUNGAN, DAN KEAMANAN",G1,D3 Keselamatan Dan Kesehatan Kerja/Kesehatan Masyarakat K3,1,D3,Rekrut 2022,K3 dan Lingkungan,1,1.616
2261,2022,HOLDING,UIP3B Kalimantan,,JUNIOR TECHNICIAN PEMELIHARAAN GARDU INDUK,JUNIOR TECHNICIAN,PEMELIHARAAN GARDU INDUK,G1,D3 Teknik Elektro/Teknik Listrik,1,D3,3T,Transmisi dan Gardu Induk,1,1.596
2262,2022,HOLDING,P3B Sumatera,,JUNIOR TECHNICIAN PDKB GI/GITET,JUNIOR TECHNICIAN,PDKB GI/GITET,G1,D3 Teknik Elektro/Teknik Listrik,1,D3,Rekrut 2022,Transmisi dan Gardu Induk,1,1.584
2263,2022,HOLDING,UID Sumbar,,JUNIOR TECHNICIAN TRANSAKSI ENERGI LAYANAN PELANGGAN,JUNIOR TECHNICIAN,TRANSAKSI ENERGI LAYANAN PELANGGAN,G1,D3 Teknik Elektro/Teknik Listrik,1,D3,Rekrut 2022,Distribusi,1,1.562
2264,2022,HOLDING,UIT JBT,,JUNIOR TECHNICIAN PEMELIHARAAN GARDU INDUK,JUNIOR TECHNICIAN,PEMELIHARAAN GARDU INDUK,G1,D3 Teknik Elektro/Teknik Listrik,1,D3,Rekrut 2022,Transmisi dan Gardu Induk,1,1.538
2265,2022,HOLDING,UID S2JB,,JUNIOR TECHNICIAN TEKNIK LAYANAN PELANGGAN,JUNIOR TECHNICIAN,TEKNIK LAYANAN PELANGGAN,G1,D3 Teknik Elektro/Teknik Listrik,1,D3,3T,Distribusi,1,1.528
2266,2022,HOLDING,UIP Maluku dan Papua,,JUNIOR TECHNICIAN TEKNIK ELEKTRIKAL,JUNIOR TECHNICIAN,TEKNIK ELEKTRIKAL,G1,D3 Teknik Elektro/Teknik Listrik,1,D3,3T,Distribusi,1,1.517
2267,2022,HOLDING,UID Kalbar,,JUNIOR TECHNICIAN PDKB,JUNIOR TECHNICIAN,PDKB,G1,D3 Teknik Elektro/Teknik Listrik,1,D3,3T,Distribusi,1,1.515
2268,2022,HOLDING,Pusat Pengatur Beban,,JUNIOR OFFICER ADMINISTRASI UMUM,JUNIOR OFFICER,ADMINISTRASI UMUM,G1,D3 Komunikasi/Hubungan Masyarakat,1,D3,Rekrut 2022,Komunikasi dan Umum,1,1.466
2269,2022,HOLDING,UID Jakarta Raya,,JUNIOR TECHNICIAN PENGATURAN OPERASI,JUNIOR TECHNICIAN,PENGATURAN OPERASI,G1,D3 Teknik Kimia/Teknik Lingkungan,1,D3,Rekrut 2022,Perencanaan Sistem,1,1.462
2270,2022,HOLDING,UIP Sumatera Bag Tengah,,JUNIOR OFFICER PERIZINAN,JUNIOR OFFICER,PERIZINAN,G1,D3 Komunikasi/Hubungan Masyarakat,1,D3,Rekrut 2022,Komunikasi dan Umum,1,1.387
2271,2022,HOLDING,UID Jawa Barat,,JUNIOR TECHNICIAN PENGATURAN OPERASI,JUNIOR TECHNICIAN,PENGATURAN OPERASI,G1,D3 Teknik Kimia/Teknik Lingkungan,1,D3,Rekrut 2022,Perencanaan Sistem,1,1.374
2272,2022,HOLDING,UIT JBTB,,JUNIOR TECHNICIAN PEMELIHARAAN JARINGAN TRANSMISI,JUNIOR TECHNICIAN,PEMELIHARAAN JARINGAN TRANSMISI,G1,D3 Teknik Elektro/Teknik Listrik,1,D3,Rekrut 2022,Transmisi dan Gardu Induk,1,1.366
2273,2022,HOLDING,UIW NusaTenggaraTimur,,JUNIOR TECHNICIAN TRANSAKSI ENERGI LAYANAN PELANGGAN,JUNIOR TECHNICIAN,TRANSAKSI ENERGI LAYANAN PELANGGAN,G1,D3 Teknik Elektro/Teknik Listrik,1,D3,3T,Distribusi,1,1.351
2274,2022,HOLDING,UIW NusaTenggaraTimur,,JUNIOR OFFICER PELAYANAN PELANGGAN,JUNIOR OFFICER,PELAYANAN PELANGGAN,G1,D3 Manajemen Pemasaran/Digital Marketing Dan Analytics,1,D3,3T,Niaga dan Pemasaran,1,1.297
2275,2022,HOLDING,UID Suluttenggo,,JUNIOR OFFICER PELAYANAN PELANGGAN,JUNIOR OFFICER,PELAYANAN PELANGGAN,G1,D3 Manajemen Pemasaran/Digital Marketing Dan Analytics,1,D3,3T,Niaga dan Pemasaran,1,1.294
2276,2022,HOLDING,UIT JBT,,JUNIOR TECHNICIAN PEMELIHARAAN JARINGAN TRANSMISI,JUNIOR TECHNICIAN,PEMELIHARAAN JARINGAN TRANSMISI,G1,D3 Teknik Elektro/Teknik Listrik,1,D3,Rekrut 2022,Transmisi dan Gardu Induk,1,1.286
2277,2022,HOLDING,UIP Kalimantan Bag Barat,,JUNIOR OFFICER PENGADAAN TANAH DAN PENGENDALIAN ROW,JUNIOR OFFICER,PENGADAAN TANAH DAN PENGENDALIAN ROW,G1,D3 Logistik/Supply Chain Management,1,D3,3T,Manajemen Konstruksi dan Pengadaan,1,1.26
2278,2022,HOLDING,UIP Kalimantan Bag Barat,,JUNIOR TECHNICIAN TEKNIK ELEKTRIKAL,JUNIOR TECHNICIAN,TEKNIK ELEKTRIKAL,G1,D3 Teknik Elektro/Teknik Listrik,1,D3,3T,Distribusi,1,1.26
2279,2022,HOLDING,UIP Kalimantan Bag Timur,,JUNIOR OFFICER PENGADAAN TANAH DAN PENGENDALIAN ROW,JUNIOR OFFICER,PENGADAAN TANAH DAN PENGENDALIAN ROW,G1,D3 Logistik/Supply Chain Management,1,D3,3T,Manajemen Konstruksi dan Pengadaan,1,1.26
2280,2022,HOLDING,UIW Papua&Papua Barat,,JUNIOR TECHNICIAN PDKB,JUNIOR TECHNICIAN,PDKB,G1,D3 Teknik Elektro/Teknik Listrik,1,D3,3T,Distribusi,1,1.254
2281,2022,HOLDING,UID Jawa Tengah & DIY,,JUNIOR TECHNICIAN PENGATURAN OPERASI,JUNIOR TECHNICIAN,PENGATURAN OPERASI,G1,D3 Teknik Kimia/Teknik Lingkungan,1,D3,Rekrut 2022,Perencanaan Sistem,1,1.251
2282,2022,HOLDING,UID Jakarta Raya,,JUNIOR TECHNICIAN PENGENDALIAN KONSTRUKSI DISTRIBUSI,JUNIOR TECHNICIAN,PENGENDALIAN KONSTRUKSI DISTRIBUSI,G1,D3 Teknik Elektro/Teknik Listrik,1,D3,Rekrut 2022,Distribusi,1,1.237
2283,2022,HOLDING,UID Jakarta Raya,,JUNIOR TECHNICIAN PENYAMBUNGAN DAN PEMUTUSAN,JUNIOR TECHNICIAN,PENYAMBUNGAN DAN PEMUTUSAN,G1,D3 Teknik Elektro/Teknik Listrik,1,D3,Rekrut 2022,Distribusi,1,1.237
2284,2022,HOLDING,UIW NusaTenggara Barat,,JUNIOR TECHNICIAN TEKNIK LAYANAN PELANGGAN,JUNIOR TECHNICIAN,TEKNIK LAYANAN PELANGGAN,G1,D3 Teknik Elektro/Teknik Listrik,1,D3,3T,Distribusi,1,1.233
2285,2022,HOLDING,UIT JBTB,,"JUNIOR TECHNICIAN PEMELIHARAAN PROTEKSI, METER, DAN OTOMASI TRANSMISI DAN GARDU INDUK",JUNIOR TECHNICIAN,"PEMELIHARAAN PROTEKSI, METER, DAN OTOMASI TRANSMISI DAN GARDU INDUK",G1,D3 Teknik Elektro/Teknik Listrik,1,D3,Rekrut 2022,Transmisi dan Gardu Induk,1,1.229
2286,2022,HOLDING,UIP Nusa Tenggara,,JUNIOR OFFICER PENGADAAN TANAH DAN PENGENDALIAN ROW,JUNIOR OFFICER,PENGADAAN TANAH DAN PENGENDALIAN ROW,G1,D3 Logistik/Supply Chain Management,1,D3,3T,Manajemen Konstruksi dan Pengadaan,1,1.204
2287,2022,HOLDING,UIP Sulawesi,,JUNIOR OFFICER ADMINISTRASI DAN UMUM,JUNIOR OFFICER,ADMINISTRASI DAN UMUM,G1,D3 Komunikasi/Hubungan Masyarakat,1,D3,3T,Komunikasi dan Umum,1,1.201
2288,2022,HOLDING,UID Lampung,,JUNIOR OFFICER PELAYANAN PELANGGAN,JUNIOR OFFICER,PELAYANAN PELANGGAN,G1,D3 Manajemen Pemasaran/Digital Marketing Dan Analytics,1,D3,Rekrut 2022,Niaga dan Pemasaran,1,1.192
2289,2022,HOLDING,UID S2JB,,JUNIOR TECHNICIAN PENGATURAN OPERASI,JUNIOR TECHNICIAN,PENGATURAN OPERASI,G1,D3 Teknik Kimia/Teknik Lingkungan,1,D3,3T,Perencanaan Sistem,1,1.188
2290,2022,HOLDING,PUSDIKLAT,,JUNIOR OFFICER ADMINISTRASI UMUM,JUNIOR OFFICER,ADMINISTRASI UMUM,G1,D3 Komunikasi/Hubungan Masyarakat,1,D3,Rekrut 2022,Komunikasi dan Umum,1,1.187
2291,2022,HOLDING,PUSDIKLAT,,JUNIOR OFFICER KEUANGAN DAN AKUNTANSI,JUNIOR OFFICER,KEUANGAN DAN AKUNTANSI,G1,D3 Akuntansi/Administrasi Fiskal,1,D3,Rekrut 2022,Keuangan dan Akuntansi,1,1.187
2292,2022,HOLDING,PUSDIKLAT,,JUNIOR OFFICER PELAYANAN DAN FASILITAS TEKNOLOGI INFORMASI PEMBELAJARAN,JUNIOR OFFICER,PELAYANAN DAN FASILITAS TEKNOLOGI INFORMASI PEMBELAJARAN,G1,D3 Psikologi/Kepegawaian,1,D3,Rekrut 2022,Sumber Daya Manusia,1,1.187
2293,2022,HOLDING,UIT JBB,,JUNIOR TECHNICIAN PDKB SUTT/SUTET,JUNIOR TECHNICIAN,PDKB SUTT/SUTET,G1,D3 Teknik Elektro/Teknik Listrik,1,D3,Rekrut 2022,Transmisi dan Gardu Induk,1,1.18
2294,2022,HOLDING,UIP Sumatera Bag Tengah,,JUNIOR OFFICER PENGADAAN TANAH DAN PENGENDALIAN ROW,JUNIOR OFFICER,PENGADAAN TANAH DAN PENGENDALIAN ROW,G1,D3 Logistik/Supply Chain Management,1,D3,Rekrut 2022,Manajemen Konstruksi dan Pengadaan,1,1.156
2295,2022,HOLDING,UIW Maluku&Malut,,JUNIOR TECHNICIAN PEMELIHARAAN PUSAT LISTRIK,JUNIOR TECHNICIAN,PEMELIHARAAN PUSAT LISTRIK,G1,D3 Teknik Mesin/Konversi Energi,1,D3,3T,Pembangkitan,1,1.155
2296,2022,HOLDING,UIW NusaTenggara Barat,,JUNIOR TECHNICIAN OPERASI PUSAT LISTRIK,JUNIOR TECHNICIAN,OPERASI PUSAT LISTRIK,G1,D3 Teknik Mesin/Konversi Energi,1,D3,3T,Pembangkitan,1,1.133
2297,2022,HOLDING,UIT JBT,,JUNIOR TECHNICIAN PDKB SUTT/SUTET,JUNIOR TECHNICIAN,PDKB SUTT/SUTET,G1,D3 Teknik Elektro/Teknik Listrik,1,D3,Rekrut 2022,Transmisi dan Gardu Induk,1,1.098
2298,2022,HOLDING,UID Suluttenggo,,JUNIOR TECHNICIAN PDKB,JUNIOR TECHNICIAN,PDKB,G1,D3 Teknik Elektro/Teknik Listrik,1,D3,3T,Distribusi,1,1.09
2299,2022,HOLDING,UIW NusaTenggaraTimur,,JUNIOR TECHNICIAN OPERASI DISTRIBUSI,JUNIOR TECHNICIAN,OPERASI DISTRIBUSI,G1,D3 Teknik Elektro/Teknik Listrik,1,D3,3T,Distribusi,1,1.081
2300,2022,HOLDING,UIW NusaTenggaraTimur,,JUNIOR TECHNICIAN PDKB,JUNIOR TECHNICIAN,PDKB,G1,D3 Teknik Elektro/Teknik Listrik,1,D3,3T,Distribusi,1,1.081
2301,2022,HOLDING,UID Kaltimra,,JUNIOR TECHNICIAN PENGATURAN OPERASI,JUNIOR TECHNICIAN,PENGATURAN OPERASI,G1,D3 Teknik Kimia/Teknik Lingkungan,1,D3,3T,Perencanaan Sistem,1,1.072
2302,2022,HOLDING,UIP JBTB,,JUNIOR OFFICER ADMINISTRASI DAN UMUM,JUNIOR OFFICER,ADMINISTRASI DAN UMUM,G1,D3 Komunikasi/Hubungan Masyarakat,1,D3,Rekrut 2022,Komunikasi dan Umum,1,3.879
2303,2022,HOLDING,PUSMANPRO,,"JUNIOR OFFICER KESELAMATAN, KESEHATAN KERJA, LINGKUNGAN, DAN KEAMANAN",JUNIOR OFFICER,"KESELAMATAN, KESEHATAN KERJA, LINGKUNGAN, DAN KEAMANAN",G1,D3 Keselamatan Dan Kesehatan Kerja/Kesehatan Masyarakat K3,1,D3,Rekrut 2022,K3 dan Lingkungan,1,3.739
2304,2022,HOLDING,PUSMANPRO,,JUNIOR TECHNICIAN MANAJEMEN KONSTRUKSI LISTRIK,JUNIOR TECHNICIAN,MANAJEMEN KONSTRUKSI LISTRIK,G1,D3 Logistik/Supply Chain Management,1,D3,Rekrut 2022,Manajemen Konstruksi dan Pengadaan,1,3.739
2305,2022,HOLDING,UID Bali,,JUNIOR TECHNICIAN PDKB,JUNIOR TECHNICIAN,PDKB,G1,D3 Teknik Elektro/Teknik Listrik,1,D3,Rekrut 2022,Distribusi,1,3.724
2306,2022,HOLDING,UIW Papua&Papua Barat,,JUNIOR OFFICER PELAYANAN PELANGGAN,JUNIOR OFFICER,PELAYANAN PELANGGAN,G1,D3 Manajemen Pemasaran/Digital Marketing Dan Analytics,1,D3,3T,Niaga dan Pemasaran,1,3.498
2307,2022,HOLDING,UIT JBB,,JUNIOR TECHNICIAN PEMELIHARAAN GARDU INDUK,JUNIOR TECHNICIAN,PEMELIHARAAN GARDU INDUK,G1,D3 Teknik Elektro/Teknik Listrik,1,D3,Rekrut 2022,Transmisi dan Gardu Induk,1,3.362
2308,2022,HOLDING,UID Suluttenggo,,JUNIOR TECHNICIAN TRANSAKSI ENERGI LAYANAN PELANGGAN,JUNIOR TECHNICIAN,TRANSAKSI ENERGI LAYANAN PELANGGAN,G1,D3 Teknik Elektro/Teknik Listrik,1,D3,3T,Distribusi,1,3.337
2309,2022,HOLDING,UID Jawa Timur,,JUNIOR OFFICER PELAYANAN PELANGGAN,JUNIOR OFFICER,PELAYANAN PELANGGAN,G1,D3 Manajemen Pemasaran/Digital Marketing Dan Analytics,1,D3,Rekrut 2022,Niaga dan Pemasaran,1,3.281
2310,2022,HOLDING,UID Jawa Timur,,JUNIOR TECHNICIAN PENGATURAN OPERASI,JUNIOR TECHNICIAN,PENGATURAN OPERASI,G1,D3 Teknik Kimia/Teknik Lingkungan,1,D3,Rekrut 2022,Perencanaan Sistem,1,3.281
2311,2022,HOLDING,UIP JBT,,JUNIOR OFFICER ADMINISTRASI DAN UMUM,JUNIOR OFFICER,ADMINISTRASI DAN UMUM,G1,D3 Komunikasi/Hubungan Masyarakat,1,D3,Rekrut 2022,Komunikasi dan Umum,1,3.232
2312,2022,HOLDING,UID Jawa Tengah & DIY,,JUNIOR TECHNICIAN TRANSAKSI ENERGI LAYANAN PELANGGAN,JUNIOR TECHNICIAN,TRANSAKSI ENERGI LAYANAN PELANGGAN,G1,D3 Teknik Elektro/Teknik Listrik,1,D3,Rekrut 2022,Distribusi,1,3.094
2313,2022,HOLDING,UIT JBT,,JUNIOR TECHNICIAN JARINGAN TRANSMISI DAN GARDU INDUK TEGANGAN EKSTRA TINGGI,JUNIOR TECHNICIAN,JARINGAN TRANSMISI DAN GARDU INDUK TEGANGAN EKSTRA TINGGI,G1,D3 Teknik Elektro/Teknik Listrik,1,D3,Rekrut 2022,Transmisi dan Gardu Induk,1,3.044
2314,2022,HOLDING,UIW Papua&Papua Barat,,JUNIOR TECHNICIAN TRANSAKSI ENERGI LAYANAN PELANGGAN,JUNIOR TECHNICIAN,TRANSAKSI ENERGI LAYANAN PELANGGAN,G1,D3 Teknik Elektro/Teknik Listrik,1,D3,3T,Distribusi,1,3.036
2315,2022,HOLDING,UID Kalbar,,JUNIOR TECHNICIAN TEKNIK LAYANAN PELANGGAN,JUNIOR TECHNICIAN,TEKNIK LAYANAN PELANGGAN,G1,D3 Teknik Elektro/Teknik Listrik,1,D3,3T,Distribusi,1,3.031
2316,2022,HOLDING,UID Sulselrabar,,JUNIOR TECHNICIAN TEKNIK LAYANAN PELANGGAN,JUNIOR TECHNICIAN,TEKNIK LAYANAN PELANGGAN,G1,D3 Teknik Elektro/Teknik Listrik,1,D3,3T,Distribusi,1,2.998
2317,2022,HOLDING,UID Jawa Tengah & DIY,,JUNIOR OFFICER PELAYANAN PELANGGAN,JUNIOR OFFICER,PELAYANAN PELANGGAN,G1,D3 Manajemen Pemasaran/Digital Marketing Dan Analytics,1,D3,Rekrut 2022,Niaga dan Pemasaran,1,2.963
2318,2022,HOLDING,UIW Maluku&Malut,,SENIOR OFFICER PERFORMANCE ASSISTANT TO MANAGER,SENIOR OFFICER,PERFORMANCE ASSISTANT TO MANAGER,G3,S2 Komunikasi/Hubungan Masyarakat,1,S2,3T,Komunikasi dan Umum,3,1.296
2319,2022,HOLDING,UID Jawa Timur,,SENIOR OFFICER PERFORMANCE ASSISTANT TO MANAGER,SENIOR OFFICER,PERFORMANCE ASSISTANT TO MANAGER,G3,S2 Komunikasi/Hubungan Masyarakat,1,S2,Rekrut 2022,Komunikasi dan Umum,3,1.192
2320,2022,HOLDING,P3B Sumatera,,SENIOR OFFICER PERFORMANCE ASSISTANT TO MANAGER,SENIOR OFFICER,PERFORMANCE ASSISTANT TO MANAGER,G3,S2 Komunikasi/Hubungan Masyarakat,1,S2,Rekrut 2022,Komunikasi dan Umum,3,1.071
2321,2022,HOLDING,UID Jawa Barat,,SENIOR OFFICER PERFORMANCE ASSISTANT to MANAGER,SENIOR OFFICER,PERFORMANCE ASSISTANT to MANAGER,G3,S2 Komunikasi/Hubungan Masyarakat,1,S2,Rekrut 2022,Komunikasi dan Umum,3,1.044
2322,2022,HOLDING,UID Jakarta Raya,,SENIOR OFFICER PERFORMANCE ASSISTANT TO MANAGER,SENIOR OFFICER,PERFORMANCE ASSISTANT TO MANAGER,G3,S2 Komunikasi/Hubungan Masyarakat,1,S2,Rekrut 2022,Komunikasi dan Umum,3,0.996
2323,2022,HOLDING,UID Jawa Tengah & DIY,,SENIOR OFFICER PERFORMANCE ASSISTANT TO MANAGER,SENIOR OFFICER,PERFORMANCE ASSISTANT TO MANAGER,G3,S2 Komunikasi/Hubungan Masyarakat,1,S2,Rekrut 2022,Komunikasi dan Umum,3,0.848
2324,2022,HOLDING,UIT JBB,,SENIOR OFFICER PERFORMANCE ASSISTANT TO MANAGER,SENIOR OFFICER,PERFORMANCE ASSISTANT TO MANAGER,G3,S2 Komunikasi/Hubungan Masyarakat,1,S2,Rekrut 2022,Komunikasi dan Umum,3,0.83
2325,2022,HOLDING,UIP Maluku dan Papua,,SENIOR OFFICER PERFORMANCE ASSISTANT TO MANAGER,SENIOR OFFICER,PERFORMANCE ASSISTANT TO MANAGER,G3,S2 Komunikasi/Hubungan Masyarakat,1,S2,3T,Komunikasi dan Umum,3,0.812
2326,2022,HOLDING,UID Kalselteng,,SENIOR OFFICER PERFORMANCE ASSISTANT TO MANAGER,SENIOR OFFICER,PERFORMANCE ASSISTANT TO MANAGER,G3,S2 Komunikasi/Hubungan Masyarakat,1,S2,3T,Komunikasi dan Umum,3,0.723
2327,2022,HOLDING,UIT JBTB,,SENIOR OFFICER PERFORMANCE ASSISTANT TO MANAGER,SENIOR OFFICER,PERFORMANCE ASSISTANT TO MANAGER,G3,S2 Komunikasi/Hubungan Masyarakat,1,S2,Rekrut 2022,Komunikasi dan Umum,3,0.69
2328,2022,HOLDING,UID Jawa Barat,,SENIOR OFFICER PERFORMANCE ASSISTANT TO MANAGER,SENIOR OFFICER,PERFORMANCE ASSISTANT TO MANAGER,G3,S2 Komunikasi/Hubungan Masyarakat,1,S2,Rekrut 2022,Komunikasi dan Umum,3,0.641
2329,2022,HOLDING,UIT JBT,,SENIOR OFFICER PERFORMANCE ASSISTANT TO MANAGER,SENIOR OFFICER,PERFORMANCE ASSISTANT TO MANAGER,G3,S2 Komunikasi/Hubungan Masyarakat,1,S2,Rekrut 2022,Komunikasi dan Umum,3,0.639
2330,2022,HOLDING,UID Kalbar,,SENIOR OFFICER PERFORMANCE ASSISTANT TO MANAGER,SENIOR OFFICER,PERFORMANCE ASSISTANT TO MANAGER,G3,S2 Komunikasi/Hubungan Masyarakat,1,S2,3T,Komunikasi dan Umum,3,0.612
2331,2022,HOLDING,UID Banten,,SENIOR OFFICER PERFORMANCE ASSISTANT TO MANAGER,SENIOR OFFICER,PERFORMANCE ASSISTANT TO MANAGER,G3,S2 Komunikasi/Hubungan Masyarakat,1,S2,Rekrut 2022,Komunikasi dan Umum,3,0.595
2332,2022,HOLDING,UID Jawa Timur,,SENIOR OFFICER PERFORMANCE ASSISTANT to MANAGER,SENIOR OFFICER,PERFORMANCE ASSISTANT to MANAGER,G3,S2 Komunikasi/Hubungan Masyarakat,1,S2,Rekrut 2022,Komunikasi dan Umum,3,0.556
2333,2022,HOLDING,Kantor Pusat,,SENIOR OFFICER VERIFIKASI,SENIOR OFFICER,VERIFIKASI,G3,S2 Akuntansi/Administrasi Fiskal,1,S2,Rekrut 2022,Keuangan dan Akuntansi,3,0.554
2334,2022,HOLDING,UID Jawa Timur,,SENIOR OFFICER KINERJA DAN ADMINISTRASI LAYANAN PELANGGAN,SENIOR OFFICER,KINERJA DAN ADMINISTRASI LAYANAN PELANGGAN,G3,S2 Manajemen Pemasaran/Digital Marketing Dan Analytics,1,S2,Rekrut 2022,Niaga dan Pemasaran,3,0.547
2335,2022,HOLDING,UIP3B Kalimantan,,SENIOR OFFICER PERFORMANCE ASSISTANT TO MANAGER,SENIOR OFFICER,PERFORMANCE ASSISTANT TO MANAGER,G3,S2 Komunikasi/Hubungan Masyarakat,1,S2,3T,Komunikasi dan Umum,3,0.538
2336,2022,HOLDING,UIW Papua&Papua Barat,,SENIOR OFFICER PERFORMANCE ASSISTANT TO MANAGER,SENIOR OFFICER,PERFORMANCE ASSISTANT TO MANAGER,G3,S2 Komunikasi/Hubungan Masyarakat,1,S2,3T,Komunikasi dan Umum,3,0.522
2337,2022,HOLDING,UIT JBT,,SENIOR OFFICER KINERJA DAN ADMINISTRASI TRANSMISI DAN GARDU INDUK,SENIOR OFFICER,KINERJA DAN ADMINISTRASI TRANSMISI DAN GARDU INDUK,G3,S2 Teknik Elektro/Teknik Listrik,1,S2,Rekrut 2022,Transmisi dan Gardu Induk,3,0.488
2338,2022,HOLDING,UID S2JB,,SENIOR OFFICER PERFORMANCE ASSISTANT TO MANAGER,SENIOR OFFICER,PERFORMANCE ASSISTANT TO MANAGER,G3,S2 Komunikasi/Hubungan Masyarakat,1,S2,3T,Komunikasi dan Umum,3,0.474
2339,2022,HOLDING,PUSMANPRO,,SENIOR OFFICER PERFORMANCE ASSISTANT TO MANAGER,SENIOR OFFICER,PERFORMANCE ASSISTANT TO MANAGER,G3,S2 Komunikasi/Hubungan Masyarakat,1,S2,Rekrut 2022,Komunikasi dan Umum,3,0.442
2340,2022,HOLDING,UID Sumut,,SENIOR OFFICER PERFORMANCE ASSISTANT TO MANAGER,SENIOR OFFICER,PERFORMANCE ASSISTANT TO MANAGER,G3,S2 Komunikasi/Hubungan Masyarakat,1,S2,Rekrut 2022,Komunikasi dan Umum,3,0.43
2341,2023,HOLDING,UID Jawa Timur,,OFFICER KINERJA DAN ADMINISTRASI LAYANAN PELANGGAN,OFFICER,KINERJA DAN ADMINISTRASI LAYANAN PELANGGAN,G2,S1 Manajemen Pemasaran/Digital Marketing Dan Analytics,11,S1,Rekrut 2023,Niaga dan Pemasaran,2,14.718
2342,2023,HOLDING,UIW Maluku&Malut,,OFFICER KINERJA DAN ADMINISTRASI LAYANAN PELANGGAN,OFFICER,KINERJA DAN ADMINISTRASI LAYANAN PELANGGAN,G2,S1 Manajemen Pemasaran/Digital Marketing Dan Analytics,10,S1,3T,Niaga dan Pemasaran,2,14.621
2343,2023,HOLDING,Kantor Pusat,,JUNIOR OFFICER SEKRETARIS DIREKSI,JUNIOR OFFICER,SEKRETARIS DIREKSI,G1,D3 Komunikasi/Hubungan Masyarakat,9,D3,Rekrut 2023,Komunikasi dan Umum,1,12.796
2344,2023,HOLDING,UID Jawa Barat,,OFFICER KINERJA DAN ADMINISTRASI LAYANAN PELANGGAN,OFFICER,KINERJA DAN ADMINISTRASI LAYANAN PELANGGAN,G2,S1 Manajemen Pemasaran/Digital Marketing Dan Analytics,8,S1,Rekrut 2023,Niaga dan Pemasaran,2,11.116
2345,2023,HOLDING,UIT JBT,,TECHNICIAN PENGENDALIAN OPERASI DAN PEMELIHARAAN TRANSMISI DAN GARDU INDUK,TECHNICIAN,PENGENDALIAN OPERASI DAN PEMELIHARAAN TRANSMISI DAN GARDU INDUK,G2,S1 Teknik Elektro/Teknik Listrik,8,S1,Rekrut 2023,Transmisi dan Gardu Induk,2,11.719
2346,2023,HOLDING,Kantor Pusat,,JUNIOR OFFICER PROTOKOLER DIREKSI,JUNIOR OFFICER,PROTOKOLER DIREKSI,G1,D3 Komunikasi/Hubungan Masyarakat,8,D3,Rekrut 2023,Komunikasi dan Umum,1,10.663
2347,2023,HOLDING,UID Jawa Timur,,TECHNICIAN PDKB,TECHNICIAN,PDKB,G2,S1 Teknik Elektro/Teknik Listrik,6,S1,Rekrut 2023,Distribusi,2,8.06
2348,2023,HOLDING,UIT JBTB,,TECHNICIAN PENGENDALIAN OPERASI DAN PEMELIHARAAN TRANSMISI DAN GARDU INDUK,TECHNICIAN,PENGENDALIAN OPERASI DAN PEMELIHARAAN TRANSMISI DAN GARDU INDUK,G2,S1 Teknik Elektro/Teknik Listrik,6,S1,Rekrut 2023,Transmisi dan Gardu Induk,2,8.951
2349,2023,HOLDING,PUSMANPRO,,TECHNICIAN MANAJEMEN KONSTRUKSI JARINGAN,TECHNICIAN,MANAJEMEN KONSTRUKSI JARINGAN,G2,S1 Teknik Elektro/Teknik Listrik,6,S1,Rekrut 2023,Distribusi,2,8.837
2350,2023,HOLDING,P3B Sumatera,,JUNIOR TECHNICIAN JARINGAN TRANSMISI DAN GARDU INDUK,JUNIOR TECHNICIAN,JARINGAN TRANSMISI DAN GARDU INDUK,G1,D3 Teknik Elektro/Teknik Listrik,6,D3,Rekrut 2023,Transmisi dan Gardu Induk,1,8.975
2351,2023,HOLDING,UID Jawa Barat,,JUNIOR TECHNICIAN TEKNIK LAYANAN PELANGGAN,JUNIOR TECHNICIAN,TEKNIK LAYANAN PELANGGAN,G1,D3 Teknik Elektro/Teknik Listrik,6,D3,Rekrut 2023,Distribusi,1,8.969
2352,2023,HOLDING,UID Jawa Barat,,OFFICER LOGISTIK LAYANAN PELANGGAN,OFFICER,LOGISTIK LAYANAN PELANGGAN,G2,S1 Logistik/Supply Chain Management,5,S1,Rekrut 2023,Manajemen Konstruksi dan Pengadaan,2,6.749
2353,2023,HOLDING,UID Bali,,TECHNICIAN PDKB,TECHNICIAN,PDKB,G2,S1 Teknik Elektro/Teknik Listrik,5,S1,Rekrut 2023,Distribusi,2,6.19
2354,2023,HOLDING,UID Jawa Tengah & DIY,,OFFICER KINERJA DAN ADMINISTRASI LAYANAN PELANGGAN,OFFICER,KINERJA DAN ADMINISTRASI LAYANAN PELANGGAN,G2,S1 Manajemen Pemasaran/Digital Marketing Dan Analytics,5,S1,Rekrut 2023,Niaga dan Pemasaran,2,6.189
2355,2023,HOLDING,P3B Sumatera,,TECHNICIAN PENGENDALIAN OPERASI DAN PEMELIHARAAN TRANSMISI DAN GARDU INDUK,TECHNICIAN,PENGENDALIAN OPERASI DAN PEMELIHARAAN TRANSMISI DAN GARDU INDUK,G2,S1 Teknik Elektro/Teknik Listrik,5,S1,Rekrut 2023,Transmisi dan Gardu Induk,2,7.381
2356,2023,HOLDING,UID Jawa Timur,,JUNIOR TECHNICIAN PDKB,JUNIOR TECHNICIAN,PDKB,G1,D3 Teknik Elektro/Teknik Listrik,5,D3,Rekrut 2023,Distribusi,1,6.852
2357,2023,HOLDING,UID Jawa Barat,,JUNIOR TECHNICIAN PDKB,JUNIOR TECHNICIAN,PDKB,G1,D3 Teknik Elektro/Teknik Listrik,5,D3,Rekrut 2023,Distribusi,1,6.615
2358,2023,HOLDING,Kantor Pusat,,JUNIOR OFFICER PELAYANAN HUMAN CAPITAL SURABAYA,JUNIOR OFFICER,PELAYANAN HUMAN CAPITAL SURABAYA,G1,D3 Psikologi/Kepegawaian,5,D3,Rekrut 2023,Sumber Daya Manusia,1,6.398
2359,2023,HOLDING,UID Jawa Timur,,JUNIOR TECHNICIAN TEKNIK LAYANAN PELANGGAN,JUNIOR TECHNICIAN,TEKNIK LAYANAN PELANGGAN,G1,D3 Teknik Elektro/Teknik Listrik,5,D3,Rekrut 2023,Distribusi,1,7.504
2360,2023,HOLDING,UIW Maluku&Malut,,JUNIOR TECHNICIAN TEKNIK LAYANAN PELANGGAN,JUNIOR TECHNICIAN,TEKNIK LAYANAN PELANGGAN,G1,D3 Teknik Elektro/Teknik Listrik,5,D3,3T,Distribusi,1,7.302
2361,2023,HOLDING,UID Jawa Barat,,JUNIOR TECHNICIAN TRANSAKSI ENERGI LAYANAN PELANGGAN,JUNIOR TECHNICIAN,TRANSAKSI ENERGI LAYANAN PELANGGAN,G1,D3 Teknik Elektro/Teknik Listrik,5,D3,Rekrut 2023,Distribusi,1,7.175
2362,2023,HOLDING,UIT JBB,,TECHNICIAN PENGENDALIAN OPERASI DAN PEMELIHARAAN TRANSMISI DAN GARDU INDUK,TECHNICIAN,PENGENDALIAN OPERASI DAN PEMELIHARAAN TRANSMISI DAN GARDU INDUK,G2,S1 Teknik Elektro/Teknik Listrik,4,S1,Rekrut 2023,Transmisi dan Gardu Induk,2,5.686
2363,2023,HOLDING,UID Jawa Barat,,TECHNICIAN PENGELOLAAN KONSTRUKSI DISTRIBUSI,TECHNICIAN,PENGELOLAAN KONSTRUKSI DISTRIBUSI,G2,S1 Teknik Elektro/Teknik Listrik,4,S1,Rekrut 2023,Distribusi,2,5.426
2364,2023,HOLDING,UID Jawa Barat,,TECHNICIAN PDKB,TECHNICIAN,PDKB,G2,S1 Teknik Elektro/Teknik Listrik,4,S1,Rekrut 2023,Distribusi,2,5.161
2365,2023,HOLDING,UID Jakarta Raya,,OFFICER KINERJA JARINGAN DISTRIBUSI,OFFICER,KINERJA JARINGAN DISTRIBUSI,G2,S1 Teknik Elektro/Teknik Listrik,4,S1,Rekrut 2023,Distribusi,2,5.028
2366,2023,HOLDING,UID S2JB,,OFFICER KINERJA DAN ADMINISTRASI LAYANAN PELANGGAN,OFFICER,KINERJA DAN ADMINISTRASI LAYANAN PELANGGAN,G2,S1 Manajemen Pemasaran/Digital Marketing Dan Analytics,4,S1,3T,Niaga dan Pemasaran,2,4.946
2367,2023,HOLDING,UIT JBB,,OFFICER KINERJA,OFFICER,KINERJA,G2,S1 Teknik Industri/Teknik Material,4,S1,Rekrut 2023,Perencanaan dan Kinerja,2,4.928
2368,2023,HOLDING,Kantor Pusat,,OFFICER VERIFIKASI,OFFICER,VERIFIKASI,G2,S1 Akuntansi/Administrasi Fiskal,4,S1,Rekrut 2023,Keuangan dan Akuntansi,2,4.902
2369,2023,HOLDING,Kantor Pusat,,OFFICER HUKUM,OFFICER,HUKUM,G2,S1 Hukum/Public Policy,4,S1,Rekrut 2023,Hukum dan Kepatuhan,2,4.804
2370,2023,HOLDING,UID Kaltimra,,OFFICER KINERJA DAN ADMINISTRASI LAYANAN PELANGGAN,OFFICER,KINERJA DAN ADMINISTRASI LAYANAN PELANGGAN,G2,S1 Manajemen Pemasaran/Digital Marketing Dan Analytics,4,S1,3T,Niaga dan Pemasaran,2,4.803
2371,2023,HOLDING,UID Jawa Barat,,OFFICER KINERJA KEUANGAN DAN UMUM,OFFICER,KINERJA KEUANGAN DAN UMUM,G2,S1 Akuntansi/Administrasi Fiskal,4,S1,Rekrut 2023,Keuangan dan Akuntansi,2,4.764
2372,2023,HOLDING,UID Sulselrabar,,OFFICER KINERJA DAN ADMINISTRASI LAYANAN PELANGGAN,OFFICER,KINERJA DAN ADMINISTRASI LAYANAN PELANGGAN,G2,S1 Manajemen Pemasaran/Digital Marketing Dan Analytics,4,S1,3T,Niaga dan Pemasaran,2,4.725
2373,2023,HOLDING,UID Jawa Timur,,OFFICER KINERJA KEUANGAN DAN UMUM,OFFICER,KINERJA KEUANGAN DAN UMUM,G2,S1 Akuntansi/Administrasi Fiskal,4,S1,Rekrut 2023,Keuangan dan Akuntansi,2,5.957
2374,2023,HOLDING,UID Jawa Timur,,JUNIOR TECHNICIAN TRANSAKSI ENERGI LAYANAN PELANGGAN,JUNIOR TECHNICIAN,TRANSAKSI ENERGI LAYANAN PELANGGAN,G1,D3 Teknik Elektro/Teknik Listrik,4,D3,Rekrut 2023,Distribusi,1,5.655
2375,2023,HOLDING,UIT JBT,,JUNIOR TECHNICIAN JARINGAN TRANSMISI DAN GARDU INDUK,JUNIOR TECHNICIAN,JARINGAN TRANSMISI DAN GARDU INDUK,G1,D3 Teknik Elektro/Teknik Listrik,4,D3,Rekrut 2023,Transmisi dan Gardu Induk,1,5.423
2376,2023,HOLDING,UID Jawa Barat,,JUNIOR OFFICER PELAYANAN PELANGGAN,JUNIOR OFFICER,PELAYANAN PELANGGAN,G1,D3 Manajemen Pemasaran/Digital Marketing Dan Analytics,4,D3,Rekrut 2023,Niaga dan Pemasaran,1,5.269
2377,2023,HOLDING,UIT JBB,,JUNIOR TECHNICIAN JARINGAN TRANSMISI DAN GARDU INDUK,JUNIOR TECHNICIAN,JARINGAN TRANSMISI DAN GARDU INDUK,G1,D3 Teknik Elektro/Teknik Listrik,4,D3,Rekrut 2023,Transmisi dan Gardu Induk,1,5.179
2378,2023,HOLDING,UID Jakarta Raya,,JUNIOR TECHNICIAN OPERASI DISTRIBUSI,JUNIOR TECHNICIAN,OPERASI DISTRIBUSI,G1,D3 Teknik Elektro/Teknik Listrik,4,D3,Rekrut 2023,Distribusi,1,5.132
2379,2023,HOLDING,UIW Papua&Papua Barat,,OFFICER KINERJA DAN ADMINISTRASI LAYANAN PELANGGAN,OFFICER,KINERJA DAN ADMINISTRASI LAYANAN PELANGGAN,G2,S1 Manajemen Pemasaran/Digital Marketing Dan Analytics,3,S1,3T,Niaga dan Pemasaran,2,4.183
2380,2023,HOLDING,UID Sumut,,OFFICER KINERJA DAN ADMINISTRASI LAYANAN PELANGGAN,OFFICER,KINERJA DAN ADMINISTRASI LAYANAN PELANGGAN,G2,S1 Manajemen Pemasaran/Digital Marketing Dan Analytics,3,S1,Rekrut 2023,Niaga dan Pemasaran,2,4.023
2381,2023,HOLDING,UID Jawa Barat,,OFFICER KINERJA JARINGAN DISTRIBUSI,OFFICER,KINERJA JARINGAN DISTRIBUSI,G2,S1 Teknik Elektro/Teknik Listrik,3,S1,Rekrut 2023,Distribusi,2,3.97
2382,2023,HOLDING,UIT JBT,,OFFICER KINERJA,OFFICER,KINERJA,G2,S1 Teknik Industri/Teknik Material,3,S1,Rekrut 2023,Perencanaan dan Kinerja,2,3.933
2383,2023,HOLDING,P3B Sumatera,,OFFICER KINERJA KEUANGAN DAN UMUM,OFFICER,KINERJA KEUANGAN DAN UMUM,G2,S1 Akuntansi/Administrasi Fiskal,3,S1,Rekrut 2023,Keuangan dan Akuntansi,2,3.757
2384,2023,HOLDING,UID Sumbar,,OFFICER KINERJA DAN ADMINISTRASI LAYANAN PELANGGAN,OFFICER,KINERJA DAN ADMINISTRASI LAYANAN PELANGGAN,G2,S1 Manajemen Pemasaran/Digital Marketing Dan Analytics,3,S1,Rekrut 2023,Niaga dan Pemasaran,2,3.723
2385,2023,HOLDING,UID Jakarta Raya,,OFFICER KINERJA KEUANGAN DAN UMUM,OFFICER,KINERJA KEUANGAN DAN UMUM,G2,S1 Akuntansi/Administrasi Fiskal,3,S1,Rekrut 2023,Keuangan dan Akuntansi,2,3.711
2386,2023,HOLDING,UID Jakarta Raya,,OFFICER PRIORITY ACCOUNT EXECUTIVE,OFFICER,PRIORITY ACCOUNT EXECUTIVE,G2,S1 Komunikasi/Hubungan Masyarakat,3,S1,Rekrut 2023,Komunikasi dan Umum,2,3.592
2387,2023,HOLDING,UID Jawa Timur,,OFFICER KINERJA,OFFICER,KINERJA,G2,S1 Teknik Industri/Teknik Material,3,S1,Rekrut 2023,Perencanaan dan Kinerja,2,3.504
2388,2023,HOLDING,UID Jawa Tengah & DIY,,TECHNICIAN PDKB,TECHNICIAN,PDKB,G2,S1 Teknik Elektro/Teknik Listrik,3,S1,Rekrut 2023,Distribusi,2,3.412
2389,2023,HOLDING,UID Kalselteng,,TECHNICIAN TEKNISI PDKB,TECHNICIAN,TEKNISI PDKB,G2,S1 Teknik Elektro/Teknik Listrik,3,S1,3T,Distribusi,2,3.39
2390,2023,HOLDING,P3B Sumatera,,OFFICER KINERJA KONSTRUKSI DAN PENYALURAN,OFFICER,KINERJA KONSTRUKSI DAN PENYALURAN,G2,S1 Teknik Elektro/Teknik Listrik,3,S1,Rekrut 2023,Transmisi dan Gardu Induk,2,3.355
2391,2023,HOLDING,Pusat Pengatur Beban,,OFFICER KINERJA FASILITAS OPERASI,OFFICER,KINERJA FASILITAS OPERASI,G2,S1 Komunikasi/Hubungan Masyarakat,3,S1,Rekrut 2023,Komunikasi dan Umum,2,3.344
2392,2023,HOLDING,UID Jawa Timur,,OFFICER KINERJA TRANSAKSI ENERGI LISTRIK,OFFICER,KINERJA TRANSAKSI ENERGI LISTRIK,G2,S1 Teknik Elektro/Teknik Listrik,3,S1,Rekrut 2023,Distribusi,2,3.329
2393,2023,HOLDING,UID Jawa Timur,,TECHNICIAN PENGELOLAAN KONSTRUKSI DISTRIBUSI,TECHNICIAN,PENGELOLAAN KONSTRUKSI DISTRIBUSI,G2,S1 Teknik Elektro/Teknik Listrik,3,S1,Rekrut 2023,Distribusi,2,3.329
2394,2023,HOLDING,UID Jawa Barat,,TECHNICIAN TEKNIK LAYANAN PELANGGAN,TECHNICIAN,TEKNIK LAYANAN PELANGGAN,G2,S1 Teknik Elektro/Teknik Listrik,3,S1,Rekrut 2023,Distribusi,2,3.308
2395,2023,HOLDING,UID Suluttenggo,,OFFICER KINERJA DAN ADMINISTRASI LAYANAN PELANGGAN,OFFICER,KINERJA DAN ADMINISTRASI LAYANAN PELANGGAN,G2,S1 Manajemen Pemasaran/Digital Marketing Dan Analytics,3,S1,3T,Niaga dan Pemasaran,2,4.599
2396,2023,HOLDING,P3B Sumatera,,OFFICER KINERJA DAN PERENCANAAN,OFFICER,KINERJA DAN PERENCANAAN,G2,S1 Teknik Industri/Teknik Material,3,S1,Rekrut 2023,Perencanaan dan Kinerja,2,4.563
2397,2023,HOLDING,UID Jakarta Raya,,OFFICER KINERJA KONSTRUKSI DISTRIBUSI,OFFICER,KINERJA KONSTRUKSI DISTRIBUSI,G2,S1 Teknik Elektro/Teknik Listrik,3,S1,Rekrut 2023,Distribusi,2,4.31
2398,2023,HOLDING,Kantor Pusat,,JUNIOR OFFICER PELAYANAN HUMAN CAPITAL AMBON,JUNIOR OFFICER,PELAYANAN HUMAN CAPITAL AMBON,G1,D3 Psikologi/Kepegawaian,3,D3,Rekrut 2023,Sumber Daya Manusia,1,4.265
2399,2023,HOLDING,UID S2JB,,JUNIOR TECHNICIAN PDKB,JUNIOR TECHNICIAN,PDKB,G1,D3 Teknik Elektro/Teknik Listrik,3,D3,3T,Distribusi,1,3.942
2400,2023,HOLDING,UID Jawa Tengah & DIY,,JUNIOR TECHNICIAN TEKNIK LAYANAN PELANGGAN,JUNIOR TECHNICIAN,TEKNIK LAYANAN PELANGGAN,G1,D3 Teknik Elektro/Teknik Listrik,3,D3,Rekrut 2023,Distribusi,1,3.855
2401,2023,HOLDING,UIW Papua&Papua Barat,,JUNIOR TECHNICIAN TEKNIK LAYANAN PELANGGAN,JUNIOR TECHNICIAN,TEKNIK LAYANAN PELANGGAN,G1,D3 Teknik Elektro/Teknik Listrik,3,D3,3T,Distribusi,1,3.85
2402,2023,HOLDING,UID Suluttenggo,,JUNIOR TECHNICIAN TEKNIK LAYANAN PELANGGAN,JUNIOR TECHNICIAN,TEKNIK LAYANAN PELANGGAN,G1,D3 Teknik Elektro/Teknik Listrik,3,D3,3T,Distribusi,1,3.847
2403,2023,HOLDING,UID Kalselteng,,JUNIOR TECHNICIAN TEKNIK LAYANAN PELANGGAN,JUNIOR TECHNICIAN,TEKNIK LAYANAN PELANGGAN,G1,D3 Teknik Elektro/Teknik Listrik,3,D3,3T,Distribusi,1,3.714
2404,2023,HOLDING,UID Kalselteng,,JUNIOR TECHNICIAN TRANSAKSI ENERGI LAYANAN PELANGGAN,JUNIOR TECHNICIAN,TRANSAKSI ENERGI LAYANAN PELANGGAN,G1,D3 Teknik Elektro/Teknik Listrik,3,D3,3T,Distribusi,1,3.714
2405,2023,HOLDING,UIT JBTB,,JUNIOR TECHNICIAN JARINGAN TRANSMISI DAN GARDU INDUK,JUNIOR TECHNICIAN,JARINGAN TRANSMISI DAN GARDU INDUK,G1,D3 Teknik Elektro/Teknik Listrik,3,D3,Rekrut 2023,Transmisi dan Gardu Induk,1,3.71
2406,2023,HOLDING,UIP JBTB,,JUNIOR OFFICER ADMINISTRASI DAN UMUM,JUNIOR OFFICER,ADMINISTRASI DAN UMUM,G1,D3 Komunikasi/Hubungan Masyarakat,3,D3,Rekrut 2023,Komunikasi dan Umum,1,3.49
2407,2023,HOLDING,UIW Maluku&Malut,,JUNIOR TECHNICIAN TRANSAKSI ENERGI LAYANAN PELANGGAN,JUNIOR TECHNICIAN,TRANSAKSI ENERGI LAYANAN PELANGGAN,G1,D3 Teknik Elektro/Teknik Listrik,3,D3,3T,Distribusi,1,4.346
2408,2023,HOLDING,UIP JBT,,OFFICER PENGENDALIAN PROYEK,OFFICER,PENGENDALIAN PROYEK,G2,S1 Logistik/Supply Chain Management,2,S1,Rekrut 2023,Manajemen Konstruksi dan Pengadaan,2,2.826
2409,2023,HOLDING,UID Jakarta Raya,,OFFICER KINERJA,OFFICER,KINERJA,G2,S1 Teknik Industri/Teknik Material,2,S1,Rekrut 2023,Perencanaan dan Kinerja,2,2.754
2410,2023,HOLDING,UIP JBB,,OFFICER PENGENDALIAN PROYEK,OFFICER,PENGENDALIAN PROYEK,G2,S1 Logistik/Supply Chain Management,2,S1,Rekrut 2023,Manajemen Konstruksi dan Pengadaan,2,2.689
2411,2023,HOLDING,UIT JBB,,TECHNICIAN PEMELIHARAAN GARDU INDUK,TECHNICIAN,PEMELIHARAAN GARDU INDUK,G2,S1 Teknik Elektro/Teknik Listrik,2,S1,Rekrut 2023,Transmisi dan Gardu Induk,2,2.653
2412,2023,HOLDING,UID Jawa Timur,,OFFICER KINERJA JARINGAN DISTRIBUSI,OFFICER,KINERJA JARINGAN DISTRIBUSI,G2,S1 Teknik Elektro/Teknik Listrik,2,S1,Rekrut 2023,Distribusi,2,2.628
2413,2023,HOLDING,UID Jawa Timur,,OFFICER PRIORITY ACCOUNT EXECUTIVE,OFFICER,PRIORITY ACCOUNT EXECUTIVE,G2,S1 Komunikasi/Hubungan Masyarakat,2,S1,Rekrut 2023,Komunikasi dan Umum,2,2.628
2414,2023,HOLDING,UID Jawa Tengah & DIY,,OFFICER KINERJA KEUANGAN DAN UMUM,OFFICER,KINERJA KEUANGAN DAN UMUM,G2,S1 Akuntansi/Administrasi Fiskal,2,S1,Rekrut 2023,Keuangan dan Akuntansi,2,2.539
2415,2023,HOLDING,Kantor Pusat,,OFFICER PEMBAYARAN UNIT,OFFICER,PEMBAYARAN UNIT,G2,S1 Komunikasi/Hubungan Masyarakat,2,S1,Rekrut 2023,Komunikasi dan Umum,2,2.451
2416,2023,HOLDING,UIW Maluku&Malut,,OFFICER KINERJA JARINGAN DAN KONSTRUKSI DISTRIBUSI,OFFICER,KINERJA JARINGAN DAN KONSTRUKSI DISTRIBUSI,G2,S1 Teknik Elektro/Teknik Listrik,2,S1,3T,Distribusi,2,2.437
2417,2023,HOLDING,UIW Maluku&Malut,,TECHNICIAN OPERASI DISTRIBUSI,TECHNICIAN,OPERASI DISTRIBUSI,G2,S1 Teknik Elektro/Teknik Listrik,2,S1,3T,Distribusi,2,2.437
2418,2023,HOLDING,UID Kalselteng,,TECHNICIAN PDKB,TECHNICIAN,PDKB,G2,S1 Teknik Elektro/Teknik Listrik,2,S1,3T,Distribusi,2,2.393
2419,2023,HOLDING,UID S2JB,,OFFICER KINERJA JARINGAN DAN KONSTRUKSI DISTRIBUSI,OFFICER,KINERJA JARINGAN DAN KONSTRUKSI DISTRIBUSI,G2,S1 Teknik Elektro/Teknik Listrik,2,S1,3T,Distribusi,2,2.391
2420,2023,HOLDING,UIP Maluku dan Papua,,OFFICER PENGENDALIAN KONSTRUKSI,OFFICER,PENGENDALIAN KONSTRUKSI,G2,S1 Logistik/Supply Chain Management,2,S1,3T,Manajemen Konstruksi dan Pengadaan,2,2.379
2421,2023,HOLDING,UIW Papua&Papua Barat,,TECHNICIAN PDKB,TECHNICIAN,PDKB,G2,S1 Teknik Elektro/Teknik Listrik,2,S1,3T,Distribusi,2,2.342
2422,2023,HOLDING,UID S2JB,,OFFICER KINERJA KEUANGAN DAN UMUM,OFFICER,KINERJA KEUANGAN DAN UMUM,G2,S1 Akuntansi/Administrasi Fiskal,2,S1,3T,Keuangan dan Akuntansi,2,2.308
2423,2023,HOLDING,UID Banten,,TECHNICIAN PDKB,TECHNICIAN,PDKB,G2,S1 Teknik Elektro/Teknik Listrik,2,S1,Rekrut 2023,Distribusi,2,2.253
2424,2023,HOLDING,UID Kalbar,,OFFICER KINERJA DAN ADMINISTRASI LAYANAN PELANGGAN,OFFICER,KINERJA DAN ADMINISTRASI LAYANAN PELANGGAN,G2,S1 Manajemen Pemasaran/Digital Marketing Dan Analytics,2,S1,3T,Niaga dan Pemasaran,2,2.236
2425,2023,HOLDING,UID Lampung,,OFFICER KINERJA DAN ADMINISTRASI LAYANAN PELANGGAN,OFFICER,KINERJA DAN ADMINISTRASI LAYANAN PELANGGAN,G2,S1 Manajemen Pemasaran/Digital Marketing Dan Analytics,2,S1,Rekrut 2023,Niaga dan Pemasaran,2,2.221
2426,2023,HOLDING,UIP JBTB,,OFFICER PENGENDALIAN PROYEK,OFFICER,PENGENDALIAN PROYEK,G2,S1 Logistik/Supply Chain Management,2,S1,Rekrut 2023,Manajemen Konstruksi dan Pengadaan,2,2.219
2427,2023,HOLDING,UID Sumut,,OFFICER LOGISTIK LAYANAN PELANGGAN,OFFICER,LOGISTIK LAYANAN PELANGGAN,G2,S1 Logistik/Supply Chain Management,2,S1,Rekrut 2023,Manajemen Konstruksi dan Pengadaan,2,2.206
2428,2023,HOLDING,UID Kalselteng,,OFFICER KINERJA DAN ADMINISTRASI LAYANAN PELANGGAN,OFFICER,KINERJA DAN ADMINISTRASI LAYANAN PELANGGAN,G2,S1 Manajemen Pemasaran/Digital Marketing Dan Analytics,2,S1,3T,Niaga dan Pemasaran,2,2.193
2429,2023,HOLDING,UIW Papua&Papua Barat,,TECHNICIAN KONSTRUKSI LISTRIK PERDESAAN,TECHNICIAN,KONSTRUKSI LISTRIK PERDESAAN,G2,S1 Teknik Elektro/Teknik Listrik,2,S1,3T,Distribusi,2,2.175
2430,2023,HOLDING,PUSHARLIS,,TECHNICIAN PRODUKSI,TECHNICIAN,PRODUKSI,G2,S1 Teknik Elektro/Teknik Listrik,2,S1,Rekrut 2023,Distribusi,2,2.166
2431,2023,HOLDING,UID Bali,,OFFICER KINERJA DAN ADMINISTRASI LAYANAN PELANGGAN,OFFICER,KINERJA DAN ADMINISTRASI LAYANAN PELANGGAN,G2,S1 Manajemen Pemasaran/Digital Marketing Dan Analytics,2,S1,Rekrut 2023,Niaga dan Pemasaran,2,2.143
2432,2023,HOLDING,UID Jawa Tengah & DIY,,OFFICER LOGISTIK LAYANAN PELANGGAN,OFFICER,LOGISTIK LAYANAN PELANGGAN,G2,S1 Logistik/Supply Chain Management,2,S1,Rekrut 2023,Manajemen Konstruksi dan Pengadaan,2,2.142
2433,2023,HOLDING,UID Jawa Tengah & DIY,,TECHNICIAN PENGELOLAAN KONSTRUKSI DISTRIBUSI,TECHNICIAN,PENGELOLAAN KONSTRUKSI DISTRIBUSI,G2,S1 Teknik Elektro/Teknik Listrik,2,S1,Rekrut 2023,Distribusi,2,2.142
2434,2023,HOLDING,UID Jawa Barat,,TECHNICIAN TRANSAKSI ENERGI LAYANAN PELANGGAN,TECHNICIAN,TRANSAKSI ENERGI LAYANAN PELANGGAN,G2,S1 Teknik Elektro/Teknik Listrik,2,S1,Rekrut 2023,Distribusi,2,2.117
2435,2023,HOLDING,UID Banten,,OFFICER KINERJA JARINGAN DISTRIBUSI,OFFICER,KINERJA JARINGAN DISTRIBUSI,G2,S1 Teknik Elektro/Teknik Listrik,2,S1,Rekrut 2023,Distribusi,2,2.073
2436,2023,HOLDING,UIW Papua&Papua Barat,,TECHNICIAN OPERASI DISTRIBUSI,TECHNICIAN,OPERASI DISTRIBUSI,G2,S1 Teknik Elektro/Teknik Listrik,2,S1,3T,Distribusi,2,2.008
2437,2023,HOLDING,UIP Kalimantan Bag Timur,,OFFICER PERIZINAN DAN PERTANAHAN,OFFICER,PERIZINAN DAN PERTANAHAN,G2,S1 Logistik/Supply Chain Management,2,S1,3T,Manajemen Konstruksi dan Pengadaan,2,1.968
2438,2023,HOLDING,UID Riau & Kepri,,OFFICER KINERJA DAN ADMINISTRASI LAYANAN PELANGGAN,OFFICER,KINERJA DAN ADMINISTRASI LAYANAN PELANGGAN,G2,S1 Manajemen Pemasaran/Digital Marketing Dan Analytics,2,S1,Rekrut 2023,Niaga dan Pemasaran,2,1.953
2439,2023,HOLDING,UIW Maluku&Malut,,OFFICER ADMINISTRASI DAN UMUM,OFFICER,ADMINISTRASI DAN UMUM,G2,S1 Komunikasi/Hubungan Masyarakat,2,S1,3T,Komunikasi dan Umum,2,1.949
2440,2023,HOLDING,UIW Maluku&Malut,,OFFICER KINERJA,OFFICER,KINERJA,G2,S1 Teknik Industri/Teknik Material,2,S1,3T,Perencanaan dan Kinerja,2,1.949
2441,2023,HOLDING,UIW Maluku&Malut,,OFFICER PERENCANAAN SISTEM KELISTRIKAN,OFFICER,PERENCANAAN SISTEM KELISTRIKAN,G2,S1 Teknik Kimia/Teknik Lingkungan,2,S1,3T,Perencanaan Sistem,2,1.949
2442,2023,HOLDING,UIW Maluku&Malut,,TECHNICIAN PENGENDALIAN OPERASI SISTEM,TECHNICIAN,PENGENDALIAN OPERASI SISTEM,G2,S1 Teknik Kimia/Teknik Lingkungan,2,S1,3T,Perencanaan Sistem,2,1.949
2443,2023,HOLDING,UID Sumut,,OFFICER KINERJA KEUANGAN DAN UMUM,OFFICER,KINERJA KEUANGAN DAN UMUM,G2,S1 Akuntansi/Administrasi Fiskal,2,S1,Rekrut 2023,Keuangan dan Akuntansi,2,1.947
2444,2023,HOLDING,UID Jawa Timur,,TECHNICIAN PENGELOLAAN KONSTRUKSI,TECHNICIAN,PENGELOLAAN KONSTRUKSI,G2,S1 Logistik/Supply Chain Management,2,S1,Rekrut 2023,Manajemen Konstruksi dan Pengadaan,2,1.927
2445,2023,HOLDING,UID Sulselrabar,,OFFICER KINERJA KEUANGAN DAN UMUM,OFFICER,KINERJA KEUANGAN DAN UMUM,G2,S1 Akuntansi/Administrasi Fiskal,2,S1,3T,Keuangan dan Akuntansi,2,1.903
2446,2023,HOLDING,UIP Maluku dan Papua,,TECHNICIAN PENGENDALIAN KONSTRUKSI,TECHNICIAN,PENGENDALIAN KONSTRUKSI,G2,S1 Logistik/Supply Chain Management,2,S1,3T,Manajemen Konstruksi dan Pengadaan,2,1.903
2447,2023,HOLDING,UIT JBTB,,OFFICER KINERJA KEUANGAN DAN UMUM,OFFICER,KINERJA KEUANGAN DAN UMUM,G2,S1 Akuntansi/Administrasi Fiskal,2,S1,Rekrut 2023,Keuangan dan Akuntansi,2,1.891
2448,2023,HOLDING,P3B Sumatera,,OFFICER KEUANGAN DAN AKUNTANSI,OFFICER,KEUANGAN DAN AKUNTANSI,G2,S1 Akuntansi/Administrasi Fiskal,2,S1,Rekrut 2023,Keuangan dan Akuntansi,2,1.879
2449,2023,HOLDING,UIW NusaTenggaraTimur,,TECHNICIAN PENGENDALIAN OPERASI DAN PEMELIHARAAN PUSAT LISTRIK,TECHNICIAN,PENGENDALIAN OPERASI DAN PEMELIHARAAN PUSAT LISTRIK,G2,S1 Teknik Mesin/Konversi Energi,2,S1,3T,Pembangkitan,2,1.854
2450,2023,HOLDING,UID Kaltimra,,TECHNICIAN PDKB,TECHNICIAN,PDKB,G2,S1 Teknik Elektro/Teknik Listrik,2,S1,3T,Distribusi,2,3.147
2451,2023,HOLDING,PUSMANPRO,,TECHNICIAN MANAJEMEN KONSTRUKSI PEMBANGKITAN,TECHNICIAN,MANAJEMEN KONSTRUKSI PEMBANGKITAN,G2,S1 Teknik Mesin/Konversi Energi,2,S1,Rekrut 2023,Pembangkitan,2,3.146
2452,2023,HOLDING,UID Jakarta Raya,,OFFICER KINERJA TRANSAKSI ENERGI LISTRIK,OFFICER,KINERJA TRANSAKSI ENERGI LISTRIK,G2,S1 Teknik Elektro/Teknik Listrik,2,S1,Rekrut 2023,Distribusi,2,3.113
2453,2023,HOLDING,UID Jawa Barat,,OFFICER KINERJA,OFFICER,KINERJA,G2,S1 Teknik Industri/Teknik Material,2,S1,Rekrut 2023,Perencanaan dan Kinerja,2,3.044
2454,2023,HOLDING,UID Jawa Barat,,OFFICER KINERJA TRANSAKSI ENERGI LISTRIK,OFFICER,KINERJA TRANSAKSI ENERGI LISTRIK,G2,S1 Teknik Elektro/Teknik Listrik,2,S1,Rekrut 2023,Distribusi,2,3.044
2455,2023,HOLDING,UIT JBTB,,OFFICER KINERJA,OFFICER,KINERJA,G2,S1 Teknik Industri/Teknik Material,2,S1,Rekrut 2023,Perencanaan dan Kinerja,2,3.026
2456,2023,HOLDING,UIW Papua&Papua Barat,,TECHNICIAN PENGENDALIAN OPERASI DAN PEMELIHARAAN PUSAT LISTRIK,TECHNICIAN,PENGENDALIAN OPERASI DAN PEMELIHARAAN PUSAT LISTRIK,G2,S1 Teknik Mesin/Konversi Energi,2,S1,3T,Pembangkitan,2,3.011
2457,2023,HOLDING,UIW Maluku&Malut,,OFFICER KINERJA KEUANGAN DAN UMUM,OFFICER,KINERJA KEUANGAN DAN UMUM,G2,S1 Akuntansi/Administrasi Fiskal,2,S1,3T,Keuangan dan Akuntansi,2,2.924
2458,2023,HOLDING,UIW Maluku&Malut,,TECHNICIAN PDKB,TECHNICIAN,PDKB,G2,S1 Teknik Elektro/Teknik Listrik,2,S1,3T,Distribusi,2,2.924
2459,2023,HOLDING,UID Jawa Tengah & DIY,,JUNIOR TECHNICIAN TRANSAKSI ENERGI LAYANAN PELANGGAN,JUNIOR TECHNICIAN,TRANSAKSI ENERGI LAYANAN PELANGGAN,G1,D3 Teknik Elektro/Teknik Listrik,2,D3,Rekrut 2023,Distribusi,1,2.745
2460,2023,HOLDING,UIW Papua&Papua Barat,,JUNIOR TECHNICIAN TRANSAKSI ENERGI LAYANAN PELANGGAN,JUNIOR TECHNICIAN,TRANSAKSI ENERGI LAYANAN PELANGGAN,G1,D3 Teknik Elektro/Teknik Listrik,2,D3,3T,Distribusi,1,2.725
2461,2023,HOLDING,UID Kalbar,,JUNIOR TECHNICIAN TEKNIK LAYANAN PELANGGAN,JUNIOR TECHNICIAN,TEKNIK LAYANAN PELANGGAN,G1,D3 Teknik Elektro/Teknik Listrik,2,D3,3T,Distribusi,1,2.722
2462,2023,HOLDING,UIT JBT,,JUNIOR TECHNICIAN JARINGAN TRANSMISI DAN GARDU INDUK TEGANGAN EKSTRA TINGGI,JUNIOR TECHNICIAN,JARINGAN TRANSMISI DAN GARDU INDUK TEGANGAN EKSTRA TINGGI,G1,D3 Teknik Elektro/Teknik Listrik,2,D3,Rekrut 2023,Transmisi dan Gardu Induk,1,2.711
2463,2023,HOLDING,UID Sulselrabar,,JUNIOR TECHNICIAN TEKNIK LAYANAN PELANGGAN,JUNIOR TECHNICIAN,TEKNIK LAYANAN PELANGGAN,G1,D3 Teknik Elektro/Teknik Listrik,2,D3,3T,Distribusi,1,2.661
2464,2023,HOLDING,UID Jawa Tengah & DIY,,JUNIOR OFFICER PELAYANAN PELANGGAN,JUNIOR OFFICER,PELAYANAN PELANGGAN,G1,D3 Manajemen Pemasaran/Digital Marketing Dan Analytics,2,D3,Rekrut 2023,Niaga dan Pemasaran,1,2.629
2465,2023,HOLDING,P3B Sumatera,,JUNIOR TECHNICIAN PEMELIHARAAN JARINGAN TRANSMISI,JUNIOR TECHNICIAN,PEMELIHARAAN JARINGAN TRANSMISI,G1,D3 Teknik Elektro/Teknik Listrik,2,D3,Rekrut 2023,Transmisi dan Gardu Induk,1,2.616
2466,2023,HOLDING,P3B Sumatera,,JUNIOR TECHNICIAN JARINGAN TRANSMISI DAN GARDU INDUK TEGANGAN EKSTRA TINGGI,JUNIOR TECHNICIAN,JARINGAN TRANSMISI DAN GARDU INDUK TEGANGAN EKSTRA TINGGI,G1,D3 Teknik Elektro/Teknik Listrik,2,D3,Rekrut 2023,Transmisi dan Gardu Induk,1,2.58
2467,2023,HOLDING,UID Kalbar,,JUNIOR OFFICER PELAYANAN PELANGGAN,JUNIOR OFFICER,PELAYANAN PELANGGAN,G1,D3 Manajemen Pemasaran/Digital Marketing Dan Analytics,2,D3,3T,Niaga dan Pemasaran,1,2.512
2468,2023,HOLDING,UIP JBB,,JUNIOR OFFICER ADMINISTRASI DAN UMUM,JUNIOR OFFICER,ADMINISTRASI DAN UMUM,G1,D3 Komunikasi/Hubungan Masyarakat,2,D3,Rekrut 2023,Komunikasi dan Umum,1,2.477
2469,2023,HOLDING,P3B Sumatera,,JUNIOR TECHNICIAN PDKB SUTT/SUTET,JUNIOR TECHNICIAN,PDKB SUTT/SUTET,G1,D3 Teknik Elektro/Teknik Listrik,2,D3,Rekrut 2023,Transmisi dan Gardu Induk,1,2.434
2470,2023,HOLDING,UID Sumut,,JUNIOR TECHNICIAN PDKB,JUNIOR TECHNICIAN,PDKB,G1,D3 Teknik Elektro/Teknik Listrik,2,D3,Rekrut 2023,Distribusi,1,2.423
2471,2023,HOLDING,UID Kalbar,,JUNIOR TECHNICIAN TRANSAKSI ENERGI LAYANAN PELANGGAN,JUNIOR TECHNICIAN,TRANSAKSI ENERGI LAYANAN PELANGGAN,G1,D3 Teknik Elektro/Teknik Listrik,2,D3,3T,Distribusi,1,2.303
2472,2023,HOLDING,UID Kaltimra,,JUNIOR TECHNICIAN TEKNIK LAYANAN PELANGGAN,JUNIOR TECHNICIAN,TEKNIK LAYANAN PELANGGAN,G1,D3 Teknik Elektro/Teknik Listrik,2,D3,3T,Distribusi,1,2.298
2473,2023,HOLDING,UID Sumut,,JUNIOR TECHNICIAN TEKNIK LAYANAN PELANGGAN,JUNIOR TECHNICIAN,TEKNIK LAYANAN PELANGGAN,G1,D3 Teknik Elektro/Teknik Listrik,2,D3,Rekrut 2023,Distribusi,1,2.28
2474,2023,HOLDING,UID Jawa Tengah & DIY,,JUNIOR TECHNICIAN PDKB,JUNIOR TECHNICIAN,PDKB,G1,D3 Teknik Elektro/Teknik Listrik,2,D3,Rekrut 2023,Distribusi,1,2.278
2475,2023,HOLDING,UIW Maluku&Malut,,JUNIOR TECHNICIAN PDKB,JUNIOR TECHNICIAN,PDKB,G1,D3 Teknik Elektro/Teknik Listrik,2,D3,3T,Distribusi,1,2.26
2476,2023,HOLDING,UIW Papua&Papua Barat,,JUNIOR TECHNICIAN OPERASI PUSAT LISTRIK,JUNIOR TECHNICIAN,OPERASI PUSAT LISTRIK,G1,D3 Teknik Mesin/Konversi Energi,2,D3,3T,Pembangkitan,1,2.251
2477,2023,HOLDING,UID Kalselteng,,JUNIOR OFFICER PELAYANAN PELANGGAN,JUNIOR OFFICER,PELAYANAN PELANGGAN,G1,D3 Manajemen Pemasaran/Digital Marketing Dan Analytics,2,D3,3T,Niaga dan Pemasaran,1,2.228
2478,2023,HOLDING,UID Kaltimra,,JUNIOR TECHNICIAN TRANSAKSI ENERGI LAYANAN PELANGGAN,JUNIOR TECHNICIAN,TRANSAKSI ENERGI LAYANAN PELANGGAN,G1,D3 Teknik Elektro/Teknik Listrik,2,D3,3T,Distribusi,1,2.223
2479,2023,HOLDING,UIT JBB,,"JUNIOR TECHNICIAN PEMELIHARAAN PROTEKSI, METER, DAN OTOMASI TRANSMISI DAN GARDU INDUK",JUNIOR TECHNICIAN,"PEMELIHARAAN PROTEKSI, METER, DAN OTOMASI TRANSMISI DAN GARDU INDUK",G1,D3 Teknik Elektro/Teknik Listrik,2,D3,Rekrut 2023,Transmisi dan Gardu Induk,1,2.22
2480,2023,HOLDING,UID Sumut,,JUNIOR OFFICER PELAYANAN PELANGGAN,JUNIOR OFFICER,PELAYANAN PELANGGAN,G1,D3 Manajemen Pemasaran/Digital Marketing Dan Analytics,2,D3,Rekrut 2023,Niaga dan Pemasaran,1,2.209
2481,2023,HOLDING,UID Sumut,,JUNIOR TECHNICIAN TRANSAKSI ENERGI LAYANAN PELANGGAN,JUNIOR TECHNICIAN,TRANSAKSI ENERGI LAYANAN PELANGGAN,G1,D3 Teknik Elektro/Teknik Listrik,2,D3,Rekrut 2023,Distribusi,1,2.138
2482,2023,HOLDING,Kantor Pusat,,JUNIOR OFFICER ADMINISTRASI MANAJEMEN DIGITAL,JUNIOR OFFICER,ADMINISTRASI MANAJEMEN DIGITAL,G1,D3 Data Science/Teknik Informatika,2,D3,Rekrut 2023,Teknologi Informasi,1,2.133
2483,2023,HOLDING,Kantor Pusat,,JUNIOR OFFICER ADMINISTRASI STRATEGI HUMAN CAPITAL,JUNIOR OFFICER,ADMINISTRASI STRATEGI HUMAN CAPITAL,G1,D3 Psikologi/Kepegawaian,2,D3,Rekrut 2023,Sumber Daya Manusia,1,2.133
2484,2023,HOLDING,Kantor Pusat,,JUNIOR OFFICER DANA PENSIUN DAN JAMINAN SOSIAL,JUNIOR OFFICER,DANA PENSIUN DAN JAMINAN SOSIAL,G1,D3 Komunikasi/Hubungan Masyarakat,2,D3,Rekrut 2023,Komunikasi dan Umum,1,2.133
2485,2023,HOLDING,Kantor Pusat,,JUNIOR OFFICER HUBUNGAN PEMERINTAHAN,JUNIOR OFFICER,HUBUNGAN PEMERINTAHAN,G1,D3 Komunikasi/Hubungan Masyarakat,2,D3,Rekrut 2023,Komunikasi dan Umum,1,2.133
2486,2023,HOLDING,Kantor Pusat,,JUNIOR OFFICER PELAYANAN HUMAN CAPITAL BALIKPAPAN,JUNIOR OFFICER,PELAYANAN HUMAN CAPITAL BALIKPAPAN,G1,D3 Psikologi/Kepegawaian,2,D3,Rekrut 2023,Sumber Daya Manusia,1,2.133
2487,2023,HOLDING,Kantor Pusat,,JUNIOR OFFICER PELAYANAN HUMAN CAPITAL BANJARBARU,JUNIOR OFFICER,PELAYANAN HUMAN CAPITAL BANJARBARU,G1,D3 Psikologi/Kepegawaian,2,D3,Rekrut 2023,Sumber Daya Manusia,1,2.133
2488,2023,HOLDING,Kantor Pusat,,JUNIOR OFFICER PELAYANAN HUMAN CAPITAL DEPOK,JUNIOR OFFICER,PELAYANAN HUMAN CAPITAL DEPOK,G1,D3 Psikologi/Kepegawaian,2,D3,Rekrut 2023,Sumber Daya Manusia,1,2.133
2489,2023,HOLDING,Kantor Pusat,,JUNIOR OFFICER PELAYANAN HUMAN CAPITAL KANTOR PUSAT,JUNIOR OFFICER,PELAYANAN HUMAN CAPITAL KANTOR PUSAT,G1,D3 Psikologi/Kepegawaian,2,D3,Rekrut 2023,Sumber Daya Manusia,1,2.133
2490,2023,HOLDING,Kantor Pusat,,JUNIOR OFFICER PELAYANAN HUMAN CAPITAL KUPANG,JUNIOR OFFICER,PELAYANAN HUMAN CAPITAL KUPANG,G1,D3 Psikologi/Kepegawaian,2,D3,Rekrut 2023,Sumber Daya Manusia,1,2.133
2491,2023,HOLDING,Kantor Pusat,,JUNIOR OFFICER PELAYANAN HUMAN CAPITAL MAKASSAR,JUNIOR OFFICER,PELAYANAN HUMAN CAPITAL MAKASSAR,G1,D3 Psikologi/Kepegawaian,2,D3,Rekrut 2023,Sumber Daya Manusia,1,2.133
2492,2023,HOLDING,Kantor Pusat,,JUNIOR OFFICER PELAYANAN HUMAN CAPITAL PADANG,JUNIOR OFFICER,PELAYANAN HUMAN CAPITAL PADANG,G1,D3 Psikologi/Kepegawaian,2,D3,Rekrut 2023,Sumber Daya Manusia,1,2.133
2493,2023,HOLDING,Kantor Pusat,,JUNIOR OFFICER PELAYANAN HUMAN CAPITAL PALEMBANG,JUNIOR OFFICER,PELAYANAN HUMAN CAPITAL PALEMBANG,G1,D3 Psikologi/Kepegawaian,2,D3,Rekrut 2023,Sumber Daya Manusia,1,2.133
2494,2023,HOLDING,Kantor Pusat,,JUNIOR OFFICER PELAYANAN HUMAN CAPITAL PEKANBARU,JUNIOR OFFICER,PELAYANAN HUMAN CAPITAL PEKANBARU,G1,D3 Psikologi/Kepegawaian,2,D3,Rekrut 2023,Sumber Daya Manusia,1,2.133
2495,2023,HOLDING,Kantor Pusat,,JUNIOR OFFICER PELAYANAN HUMAN CAPITAL PONTIANAK,JUNIOR OFFICER,PELAYANAN HUMAN CAPITAL PONTIANAK,G1,D3 Psikologi/Kepegawaian,2,D3,Rekrut 2023,Sumber Daya Manusia,1,2.133
2496,2023,HOLDING,Kantor Pusat,,JUNIOR OFFICER PEMBAYARAN UNIT,JUNIOR OFFICER,PEMBAYARAN UNIT,G1,D3 Komunikasi/Hubungan Masyarakat,2,D3,Rekrut 2023,Komunikasi dan Umum,1,2.133
2497,2023,HOLDING,Kantor Pusat,,JUNIOR OFFICER PENGELOLAAN KENDARAAN,JUNIOR OFFICER,PENGELOLAAN KENDARAAN,G1,D3 Teknik Industri/Teknik Material,2,D3,Rekrut 2023,Perencanaan dan Kinerja,1,2.133
2498,2023,HOLDING,Kantor Pusat,,JUNIOR OFFICER PENYETORAN PAJAK,JUNIOR OFFICER,PENYETORAN PAJAK,G1,D3 Akuntansi/Administrasi Fiskal,2,D3,Rekrut 2023,Keuangan dan Akuntansi,1,2.133
2499,2023,HOLDING,Kantor Pusat,,JUNIOR OFFICER PRIVATE OFFICE,JUNIOR OFFICER,PRIVATE OFFICE,G1,D3 Komunikasi/Hubungan Masyarakat,2,D3,Rekrut 2023,Komunikasi dan Umum,1,2.133
2500,2023,HOLDING,Kantor Pusat,,JUNIOR OFFICER VERIFIKASI ENERGI PRIMER,JUNIOR OFFICER,VERIFIKASI ENERGI PRIMER,G1,D3 Teknik Mesin/Konversi Energi,2,D3,Rekrut 2023,Pembangkitan,1,2.133
2501,2023,HOLDING,UID Lampung,,JUNIOR TECHNICIAN TRANSAKSI ENERGI LAYANAN PELANGGAN,JUNIOR TECHNICIAN,TRANSAKSI ENERGI LAYANAN PELANGGAN,G1,D3 Teknik Elektro/Teknik Listrik,2,D3,Rekrut 2023,Distribusi,1,2.128
2502,2023,HOLDING,UID Kalselteng,,JUNIOR TECHNICIAN PDKB,JUNIOR TECHNICIAN,PDKB,G1,D3 Teknik Elektro/Teknik Listrik,2,D3,3T,Distribusi,1,2.122
2503,2023,HOLDING,UID Banten,,JUNIOR TECHNICIAN PDKB,JUNIOR TECHNICIAN,PDKB,G1,D3 Teknik Elektro/Teknik Listrik,2,D3,Rekrut 2023,Distribusi,1,2.121
2504,2023,HOLDING,PUSDIKLAT,,JUNIOR OFFICER ADMINITRASI DAN UMUM,JUNIOR OFFICER,ADMINITRASI DAN UMUM,G1,D3 Komunikasi/Hubungan Masyarakat,2,D3,Rekrut 2023,Komunikasi dan Umum,1,2.113
2505,2023,HOLDING,UID Bali,,JUNIOR TECHNICIAN TEKNIK LAYANAN PELANGGAN,JUNIOR TECHNICIAN,TEKNIK LAYANAN PELANGGAN,G1,D3 Teknik Elektro/Teknik Listrik,2,D3,Rekrut 2023,Distribusi,1,2.09
2506,2023,HOLDING,UIT JBTB,,JUNIOR TECHNICIAN PEMELIHARAAN GARDU INDUK,JUNIOR TECHNICIAN,PEMELIHARAAN GARDU INDUK,G1,D3 Teknik Elektro/Teknik Listrik,2,D3,Rekrut 2023,Transmisi dan Gardu Induk,1,2.039
2507,2023,HOLDING,UID Sulselrabar,,JUNIOR TECHNICIAN TRANSAKSI ENERGI LAYANAN PELANGGAN,JUNIOR TECHNICIAN,TRANSAKSI ENERGI LAYANAN PELANGGAN,G1,D3 Teknik Elektro/Teknik Listrik,2,D3,3T,Distribusi,1,2.026
2508,2023,HOLDING,UID Aceh,,JUNIOR TECHNICIAN TEKNIK LAYANAN PELANGGAN,JUNIOR TECHNICIAN,TEKNIK LAYANAN PELANGGAN,G1,D3 Teknik Elektro/Teknik Listrik,2,D3,3T,Distribusi,1,2.009
2509,2023,HOLDING,P3B Sumatera,,JUNIOR TECHNICIAN PEMELIHARAAN GARDU INDUK,JUNIOR TECHNICIAN,PEMELIHARAAN GARDU INDUK,G1,D3 Teknik Elektro/Teknik Listrik,2,D3,Rekrut 2023,Transmisi dan Gardu Induk,1,1.998
2510,2023,HOLDING,PUSMANPRO,,"JUNIOR OFFICER KESELAMATAN, KESEHATAN KERJA, LINGKUNGAN, DAN KEAMANAN",JUNIOR OFFICER,"KESELAMATAN, KESEHATAN KERJA, LINGKUNGAN, DAN KEAMANAN",G1,D3 Keselamatan Dan Kesehatan Kerja/Kesehatan Masyarakat K3,2,D3,Rekrut 2023,K3 dan Lingkungan,1,3.364
2511,2023,HOLDING,PUSMANPRO,,JUNIOR TECHNICIAN MANAJEMEN KONSTRUKSI LISTRIK,JUNIOR TECHNICIAN,MANAJEMEN KONSTRUKSI LISTRIK,G1,D3 Logistik/Supply Chain Management,2,D3,Rekrut 2023,Manajemen Konstruksi dan Pengadaan,1,3.364
2512,2023,HOLDING,UID Bali,,JUNIOR TECHNICIAN PDKB,JUNIOR TECHNICIAN,PDKB,G1,D3 Teknik Elektro/Teknik Listrik,2,D3,Rekrut 2023,Distribusi,1,3.343
2513,2023,HOLDING,UIW Papua&Papua Barat,,JUNIOR OFFICER PELAYANAN PELANGGAN,JUNIOR OFFICER,PELAYANAN PELANGGAN,G1,D3 Manajemen Pemasaran/Digital Marketing Dan Analytics,2,D3,3T,Niaga dan Pemasaran,1,3.139
2514,2023,HOLDING,UIT JBB,,JUNIOR TECHNICIAN PEMELIHARAAN GARDU INDUK,JUNIOR TECHNICIAN,PEMELIHARAAN GARDU INDUK,G1,D3 Teknik Elektro/Teknik Listrik,2,D3,Rekrut 2023,Transmisi dan Gardu Induk,1,3.012
2515,2023,HOLDING,UID Suluttenggo,,JUNIOR TECHNICIAN TRANSAKSI ENERGI LAYANAN PELANGGAN,JUNIOR TECHNICIAN,TRANSAKSI ENERGI LAYANAN PELANGGAN,G1,D3 Teknik Elektro/Teknik Listrik,2,D3,3T,Distribusi,1,2.992
2516,2023,HOLDING,UID Jawa Timur,,JUNIOR OFFICER PELAYANAN PELANGGAN,JUNIOR OFFICER,PELAYANAN PELANGGAN,G1,D3 Manajemen Pemasaran/Digital Marketing Dan Analytics,2,D3,Rekrut 2023,Niaga dan Pemasaran,1,2.936
2517,2023,HOLDING,UID Jawa Timur,,JUNIOR TECHNICIAN PENGATURAN OPERASI,JUNIOR TECHNICIAN,PENGATURAN OPERASI,G1,D3 Teknik Kimia/Teknik Lingkungan,2,D3,Rekrut 2023,Perencanaan Sistem,1,2.936
2518,2023,HOLDING,UIP JBT,,JUNIOR OFFICER ADMINISTRASI DAN UMUM,JUNIOR OFFICER,ADMINISTRASI DAN UMUM,G1,D3 Komunikasi/Hubungan Masyarakat,2,D3,Rekrut 2023,Komunikasi dan Umum,1,2.912
2519,2023,HOLDING,UID Kalbar,,TECHNICIAN PDKB,TECHNICIAN,PDKB,G2,S1 Teknik Elektro/Teknik Listrik,1,S1,3T,Distribusi,2,1.398
2520,2023,HOLDING,UID Kalselteng,,TECHNICIAN OPERASI DISTRIBUSI,TECHNICIAN,OPERASI DISTRIBUSI,G2,S1 Teknik Elektro/Teknik Listrik,1,S1,3T,Distribusi,2,1.396
2521,2023,HOLDING,UIP Kalimantan Bag Timur,,OFFICER PENGENDALIAN PROYEK,OFFICER,PENGENDALIAN PROYEK,G2,S1 Logistik/Supply Chain Management,1,S1,3T,Manajemen Konstruksi dan Pengadaan,2,1.378
2522,2023,HOLDING,PUSDIKLAT,,OFFICER KINERJA PELAKSANAAN PEMBELAJARAN,OFFICER,KINERJA PELAKSANAAN PEMBELAJARAN,G2,S1 Psikologi/Kepegawaian,1,S1,Rekrut 2023,Sumber Daya Manusia,2,1.371
2523,2023,HOLDING,UID Suluttenggo,,TECHNICIAN OPERASI DISTRIBUSI,TECHNICIAN,OPERASI DISTRIBUSI,G2,S1 Teknik Elektro/Teknik Listrik,1,S1,3T,Distribusi,2,1.367
2524,2023,HOLDING,UIP JBT,,"OFFICER KEUANGAN, PERIZINAN, PERTANAHAN DAN UMUM",OFFICER,"KEUANGAN, PERIZINAN, PERTANAHAN DAN UMUM",G2,S1 Logistik/Supply Chain Management,1,S1,Rekrut 2023,Manajemen Konstruksi dan Pengadaan,2,1.364
2525,2023,HOLDING,UID Jawa Tengah & DIY,,OFFICER KINERJA,OFFICER,KINERJA,G2,S1 Teknik Industri/Teknik Material,1,S1,Rekrut 2023,Perencanaan dan Kinerja,2,1.349
2526,2023,HOLDING,P3B Sumatera,,OFFICER KINERJA FASILITAS OPERASI,OFFICER,KINERJA FASILITAS OPERASI,G2,S1 Komunikasi/Hubungan Masyarakat,1,S1,Rekrut 2023,Komunikasi dan Umum,2,1.342
2527,2023,HOLDING,UIW Papua&Papua Barat,,OFFICER KINERJA KEUANGAN DAN UMUM,OFFICER,KINERJA KEUANGAN DAN UMUM,G2,S1 Akuntansi/Administrasi Fiskal,1,S1,3T,Keuangan dan Akuntansi,2,1.338
2528,2023,HOLDING,UID Jawa Barat,,OFFICER PELAYANAN PELANGGAN,OFFICER,PELAYANAN PELANGGAN,G2,S1 Manajemen Pemasaran/Digital Marketing Dan Analytics,1,S1,Rekrut 2023,Niaga dan Pemasaran,2,1.323
2529,2023,HOLDING,UID Jawa Barat,,TECHNICIAN OPERASI DISTRIBUSI,TECHNICIAN,OPERASI DISTRIBUSI,G2,S1 Teknik Elektro/Teknik Listrik,1,S1,Rekrut 2023,Distribusi,2,1.323
2530,2023,HOLDING,UID Aceh,,OFFICER LOGISTIK LAYANAN PELANGGAN,OFFICER,LOGISTIK LAYANAN PELANGGAN,G2,S1 Logistik/Supply Chain Management,1,S1,3T,Manajemen Konstruksi dan Pengadaan,2,1.289
2531,2023,HOLDING,UIP JBT,,TECHNICIAN PROJECT SITE,TECHNICIAN,PROJECT SITE,G2,S1 Teknik Elektro/Teknik Listrik,1,S1,Rekrut 2023,Distribusi,2,1.267
2532,2023,HOLDING,UIT JBTB,,OFFICER ENJINIRING,OFFICER,ENJINIRING,G2,S1 Teknik Kimia/Teknik Lingkungan,1,S1,Rekrut 2023,Perencanaan Sistem,2,1.261
2533,2023,HOLDING,UIT JBTB,,OFFICER PELAKSANA PENGADAAN,OFFICER,PELAKSANA PENGADAAN,G2,S1 Logistik/Supply Chain Management,1,S1,Rekrut 2023,Manajemen Konstruksi dan Pengadaan,2,1.261
2534,2023,HOLDING,UID Kalbar,,OFFICER KINERJA TRANSAKSI ENERGI LISTRIK,OFFICER,KINERJA TRANSAKSI ENERGI LISTRIK,G2,S1 Teknik Elektro/Teknik Listrik,1,S1,3T,Distribusi,2,1.258
2535,2023,HOLDING,UID Sulselrabar,,OFFICER KINERJA,OFFICER,KINERJA,G2,S1 Teknik Industri/Teknik Material,1,S1,3T,Perencanaan dan Kinerja,2,1.247
2536,2023,HOLDING,UID Suluttenggo,,TECHNICIAN PEMELIHARAAN DISTRIBUSI,TECHNICIAN,PEMELIHARAAN DISTRIBUSI,G2,S1 Teknik Elektro/Teknik Listrik,1,S1,3T,Distribusi,2,1.243
2537,2023,HOLDING,UID S2JB,,OFFICER KINERJA TRANSAKSI ENERGI LISTRIK,OFFICER,KINERJA TRANSAKSI ENERGI LISTRIK,G2,S1 Teknik Elektro/Teknik Listrik,1,S1,3T,Distribusi,2,1.237
2538,2023,HOLDING,UID Jawa Timur,,OFFICER LOGISTIK LAYANAN PELANGGAN,OFFICER,LOGISTIK LAYANAN PELANGGAN,G2,S1 Logistik/Supply Chain Management,1,S1,Rekrut 2023,Manajemen Konstruksi dan Pengadaan,2,1.227
2539,2023,HOLDING,UID Jawa Timur,,OFFICER PELAKSANA PENGADAAN,OFFICER,PELAKSANA PENGADAAN,G2,S1 Logistik/Supply Chain Management,1,S1,Rekrut 2023,Manajemen Konstruksi dan Pengadaan,2,1.227
2540,2023,HOLDING,UIP Kalimantan Bag Barat,,TECHNICIAN PENGENDALIAN KONSTRUKSI,TECHNICIAN,PENGENDALIAN KONSTRUKSI,G2,S1 Logistik/Supply Chain Management,1,S1,3T,Manajemen Konstruksi dan Pengadaan,2,1.221
2541,2023,HOLDING,PUSHARLIS,,TECHNICIAN PRODUKSI MEKANIKAL,TECHNICIAN,PRODUKSI MEKANIKAL,G2,S1 Teknik Elektro/Teknik Listrik,1,S1,Rekrut 2023,Distribusi,2,1.218
2542,2023,HOLDING,UID Aceh,,OFFICER KINERJA DAN ADMINISTRASI LAYANAN PELANGGAN,OFFICER,KINERJA DAN ADMINISTRASI LAYANAN PELANGGAN,G2,S1 Manajemen Pemasaran/Digital Marketing Dan Analytics,1,S1,3T,Niaga dan Pemasaran,2,1.218
2543,2023,HOLDING,UID Aceh,,TECHNICIAN PDKB,TECHNICIAN,PDKB,G2,S1 Teknik Elektro/Teknik Listrik,1,S1,3T,Distribusi,2,1.218
2544,2023,HOLDING,P3B Sumatera,,TECHNICIAN PEMELIHARAAN GARDU INDUK,TECHNICIAN,PEMELIHARAAN GARDU INDUK,G2,S1 Teknik Elektro/Teknik Listrik,1,S1,Rekrut 2023,Transmisi dan Gardu Induk,2,1.208
2545,2023,HOLDING,UIP Sumatera Bag Utara,,OFFICER PENGENDALIAN PROYEK,OFFICER,PENGENDALIAN PROYEK,G2,S1 Logistik/Supply Chain Management,1,S1,Rekrut 2023,Manajemen Konstruksi dan Pengadaan,2,1.206
2546,2023,HOLDING,UID Jakarta Raya,,TECHNICIAN PEMELIHARAAN DISTRIBUSI,TECHNICIAN,PEMELIHARAAN DISTRIBUSI,G2,S1 Teknik Elektro/Teknik Listrik,1,S1,Rekrut 2023,Distribusi,2,1.197
2547,2023,HOLDING,UID Kalselteng,,OFFICER PRIORITY ACCOUNT EXECUTIVE,OFFICER,PRIORITY ACCOUNT EXECUTIVE,G2,S1 Komunikasi/Hubungan Masyarakat,1,S1,3T,Komunikasi dan Umum,2,1.196
2548,2023,HOLDING,UID Jawa Barat,,OFFICER KINERJA NIAGA DAN PEMASARAN,OFFICER,KINERJA NIAGA DAN PEMASARAN,G2,S1 Manajemen Pemasaran/Digital Marketing Dan Analytics,1,S1,Rekrut 2023,Niaga dan Pemasaran,2,1.191
2549,2023,HOLDING,UID Jawa Barat,,TECHNICIAN PENGATURAN OPERASI,TECHNICIAN,PENGATURAN OPERASI,G2,S1 Teknik Kimia/Teknik Lingkungan,1,S1,Rekrut 2023,Perencanaan Sistem,2,1.191
2550,2023,HOLDING,UIW Papua&Papua Barat,,OFFICER NIAGA DAN PELAYANAN PELANGGAN,OFFICER,NIAGA DAN PELAYANAN PELANGGAN,G2,S1 Manajemen Pemasaran/Digital Marketing Dan Analytics,1,S1,3T,Niaga dan Pemasaran,2,1.171
2551,2023,HOLDING,UIW Papua&Papua Barat,,OFFICER PERENCANAAN DAN EVALUASI SISTEM DISTRIBUSI,OFFICER,PERENCANAAN DAN EVALUASI SISTEM DISTRIBUSI,G2,S1 Teknik Kimia/Teknik Lingkungan,1,S1,3T,Perencanaan Sistem,2,1.171
2552,2023,HOLDING,UIW Papua&Papua Barat,,TECHNICIAN PEMELIHARAAN DISTRIBUSI,TECHNICIAN,PEMELIHARAAN DISTRIBUSI,G2,S1 Teknik Elektro/Teknik Listrik,1,S1,3T,Distribusi,2,1.171
2553,2023,HOLDING,UID Sumut,,OFFICER KINERJA TRANSAKSI ENERGI LISTRIK,OFFICER,KINERJA TRANSAKSI ENERGI LISTRIK,G2,S1 Teknik Elektro/Teknik Listrik,1,S1,Rekrut 2023,Distribusi,2,1.168
2554,2023,HOLDING,UID Aceh,,OFFICER KINERJA JARINGAN DAN KONSTRUKSI DISTRIBUSI,OFFICER,KINERJA JARINGAN DAN KONSTRUKSI DISTRIBUSI,G2,S1 Teknik Elektro/Teknik Listrik,1,S1,3T,Distribusi,2,1.146
2555,2023,HOLDING,UID Aceh,,OFFICER KINERJA KEUANGAN DAN UMUM,OFFICER,KINERJA KEUANGAN DAN UMUM,G2,S1 Akuntansi/Administrasi Fiskal,1,S1,3T,Keuangan dan Akuntansi,2,1.146
2556,2023,HOLDING,UIT JBB,,OFFICER PELAKSANA PENGADAAN,OFFICER,PELAKSANA PENGADAAN,G2,S1 Logistik/Supply Chain Management,1,S1,Rekrut 2023,Manajemen Konstruksi dan Pengadaan,2,1.137
2557,2023,HOLDING,UIT JBB,,TECHNICIAN JARINGAN TRANSMISI DAN GARDU INDUK,TECHNICIAN,JARINGAN TRANSMISI DAN GARDU INDUK,G2,S1 Teknik Elektro/Teknik Listrik,1,S1,Rekrut 2023,Transmisi dan Gardu Induk,2,1.137
2558,2023,HOLDING,UIT JBTB,,"OFFICER ASESMEN, DIAGNOSA DAN PENGELOLAAN DATA",OFFICER,"ASESMEN, DIAGNOSA DAN PENGELOLAAN DATA",G2,S1 Psikologi/Kepegawaian,1,S1,Rekrut 2023,Sumber Daya Manusia,2,1.135
2559,2023,HOLDING,UIT JBTB,,TECHNICIAN JARINGAN TRANSMISI DAN GARDU INDUK,TECHNICIAN,JARINGAN TRANSMISI DAN GARDU INDUK,G2,S1 Teknik Elektro/Teknik Listrik,1,S1,Rekrut 2023,Transmisi dan Gardu Induk,2,1.135
2560,2023,HOLDING,UIT JBTB,,"TECHNICIAN PEMELIHARAAN PROTEKSI, METER, DAN OTOMASI TRANSMISI DAN GARDUINDUK",TECHNICIAN,"PEMELIHARAAN PROTEKSI, METER, DAN OTOMASI TRANSMISI DAN GARDUINDUK",G2,S1 Teknik Elektro/Teknik Listrik,1,S1,Rekrut 2023,Transmisi dan Gardu Induk,2,1.135
2561,2023,HOLDING,UID Suluttenggo,,OFFICER KINERJA TRANSAKSI ENERGI LISTRIK,OFFICER,KINERJA TRANSAKSI ENERGI LISTRIK,G2,S1 Teknik Elektro/Teknik Listrik,1,S1,3T,Distribusi,2,1.119
2562,2023,HOLDING,UID Suluttenggo,,OFFICER NIAGA DAN PELAYANAN PELANGGAN,OFFICER,NIAGA DAN PELAYANAN PELANGGAN,G2,S1 Manajemen Pemasaran/Digital Marketing Dan Analytics,1,S1,3T,Niaga dan Pemasaran,2,1.119
2563,2023,HOLDING,UID Kalbar,,OFFICER ADMINISTRASI DAN UMUM,OFFICER,ADMINISTRASI DAN UMUM,G2,S1 Komunikasi/Hubungan Masyarakat,1,S1,3T,Komunikasi dan Umum,2,1.118
2564,2023,HOLDING,UIW NusaTenggara Barat,,TECHNICIAN OPERASI PUSAT LISTRIK,TECHNICIAN,OPERASI PUSAT LISTRIK,G2,S1 Teknik Mesin/Konversi Energi,1,S1,3T,Pembangkitan,2,1.118
2565,2023,HOLDING,UID Jawa Tengah & DIY,,OFFICER PRIORITY ACCOUNT EXECUTIVE,OFFICER,PRIORITY ACCOUNT EXECUTIVE,G2,S1 Komunikasi/Hubungan Masyarakat,1,S1,Rekrut 2023,Komunikasi dan Umum,2,1.111
2566,2023,HOLDING,UID Jakarta Raya,,TECHNICIAN PENGENDALIAN KONSTRUKSI DISTRIBUSI,TECHNICIAN,PENGENDALIAN KONSTRUKSI DISTRIBUSI,G2,S1 Teknik Elektro/Teknik Listrik,1,S1,Rekrut 2023,Distribusi,2,1.078
2567,2023,HOLDING,P3B Sumatera,,OFFICER ADMINISTRASI DAN UMUM,OFFICER,ADMINISTRASI DAN UMUM,G2,S1 Komunikasi/Hubungan Masyarakat,1,S1,Rekrut 2023,Komunikasi dan Umum,2,1.074
2568,2023,HOLDING,P3B Sumatera,,"OFFICER ASESMEN, DIAGNOSA DAN PENGOLAHAN DATA",OFFICER,"ASESMEN, DIAGNOSA DAN PENGOLAHAN DATA",G2,S1 Psikologi/Kepegawaian,1,S1,Rekrut 2023,Sumber Daya Manusia,2,1.074
2569,2023,HOLDING,P3B Sumatera,,OFFICER LINGKUNGAN,OFFICER,LINGKUNGAN,G2,S1 Keselamatan Dan Kesehatan Kerja/Kesehatan Masyarakat K3,1,S1,Rekrut 2023,K3 dan Lingkungan,2,1.074
2570,2023,HOLDING,P3B Sumatera,,OFFICER PELAKSANA PENGADAAN,OFFICER,PELAKSANA PENGADAAN,G2,S1 Logistik/Supply Chain Management,1,S1,Rekrut 2023,Manajemen Konstruksi dan Pengadaan,2,1.074
2571,2023,HOLDING,UID Lampung,,OFFICER KINERJA KEUANGAN DAN UMUM,OFFICER,KINERJA KEUANGAN DAN UMUM,G2,S1 Akuntansi/Administrasi Fiskal,1,S1,Rekrut 2023,Keuangan dan Akuntansi,2,1.072
2572,2023,HOLDING,UID Lampung,,OFFICER LOGISTIK LAYANAN PELANGGAN,OFFICER,LOGISTIK LAYANAN PELANGGAN,G2,S1 Logistik/Supply Chain Management,1,S1,Rekrut 2023,Manajemen Konstruksi dan Pengadaan,2,1.072
2573,2023,HOLDING,UID Lampung,,TECHNICIAN PDKB,TECHNICIAN,PDKB,G2,S1 Teknik Elektro/Teknik Listrik,1,S1,Rekrut 2023,Distribusi,2,1.072
2574,2023,HOLDING,UID S2JB,,OFFICER PRIORITY ACCOUNT EXECUTIVE,OFFICER,PRIORITY ACCOUNT EXECUTIVE,G2,S1 Komunikasi/Hubungan Masyarakat,1,S1,3T,Komunikasi dan Umum,2,1.072
2575,2023,HOLDING,PUSDIKLAT,,OFFICER PENYELENGGARAAN PEMBELAJARAN,OFFICER,PENYELENGGARAAN PEMBELAJARAN,G2,S1 Psikologi/Kepegawaian,1,S1,Rekrut 2023,Sumber Daya Manusia,2,1.067
2576,2023,HOLDING,UIP Sulawesi,,TECHNICIAN PENGENDALIAN KONSTRUKSI,TECHNICIAN,PENGENDALIAN KONSTRUKSI,G2,S1 Logistik/Supply Chain Management,1,S1,3T,Manajemen Konstruksi dan Pengadaan,2,1.06
2577,2023,HOLDING,UID Jawa Barat,,OFFICER PRIORITY ACCOUNT EXECUTIVE,OFFICER,PRIORITY ACCOUNT EXECUTIVE,G2,S1 Komunikasi/Hubungan Masyarakat,1,S1,Rekrut 2023,Komunikasi dan Umum,2,1.059
2578,2023,HOLDING,UID Jawa Timur,,OFFICER ADMINISTRASI DAN UMUM,OFFICER,ADMINISTRASI DAN UMUM,G2,S1 Komunikasi/Hubungan Masyarakat,1,S1,Rekrut 2023,Komunikasi dan Umum,2,1.051
2579,2023,HOLDING,UID Jawa Timur,,TECHNICIAN PEMELIHARAAN DISTRIBUSI,TECHNICIAN,PEMELIHARAAN DISTRIBUSI,G2,S1 Teknik Elektro/Teknik Listrik,1,S1,Rekrut 2023,Distribusi,2,1.051
2580,2023,HOLDING,UID Sumbar,,OFFICER KINERJA JARINGAN DAN KONSTRUKSI,OFFICER,KINERJA JARINGAN DAN KONSTRUKSI,G2,S1 Teknik Elektro/Teknik Listrik,1,S1,Rekrut 2023,Distribusi,2,1.045
2581,2023,HOLDING,UID Sumbar,,OFFICER KINERJA KEUANGAN DAN UMUM,OFFICER,KINERJA KEUANGAN DAN UMUM,G2,S1 Akuntansi/Administrasi Fiskal,1,S1,Rekrut 2023,Keuangan dan Akuntansi,2,1.045
2582,2023,HOLDING,UID Sumut,,OFFICER KINERJA,OFFICER,KINERJA,G2,S1 Teknik Industri/Teknik Material,1,S1,Rekrut 2023,Perencanaan dan Kinerja,2,1.038
2583,2023,HOLDING,UIP JBTB,,TECHNICIAN PENGENDALIAN KONSTRUKSI,TECHNICIAN,PENGENDALIAN KONSTRUKSI,G2,S1 Logistik/Supply Chain Management,1,S1,Rekrut 2023,Manajemen Konstruksi dan Pengadaan,2,1.035
2584,2023,HOLDING,UIP JBB,,OFFICER ADMINISTRASI DAN UMUM,OFFICER,ADMINISTRASI DAN UMUM,G2,S1 Komunikasi/Hubungan Masyarakat,1,S1,Rekrut 2023,Komunikasi dan Umum,2,1.024
2585,2023,HOLDING,UIW NusaTenggaraTimur,,OFFICER KINERJA DAN ADMINISTRASI LAYANAN PELANGGAN,OFFICER,KINERJA DAN ADMINISTRASI LAYANAN PELANGGAN,G2,S1 Manajemen Pemasaran/Digital Marketing Dan Analytics,1,S1,3T,Niaga dan Pemasaran,2,1.011
2586,2023,HOLDING,UIW NusaTenggaraTimur,,TECHNICIAN PENGENDALIAN OPERASI DAN PEMELIHARAAN TRANSMISI DAN GARDU INDUK,TECHNICIAN,PENGENDALIAN OPERASI DAN PEMELIHARAAN TRANSMISI DAN GARDU INDUK,G2,S1 Teknik Elektro/Teknik Listrik,1,S1,3T,Transmisi dan Gardu Induk,2,1.011
2587,2023,HOLDING,Pusat Pengatur Beban,,OFFICER KINERJA,OFFICER,KINERJA,G2,S1 Teknik Industri/Teknik Material,1,S1,Rekrut 2023,Perencanaan dan Kinerja,2,1.003
2588,2023,HOLDING,UID Kalselteng,,OFFICER ADMINISTRASI DAN UMUM,OFFICER,ADMINISTRASI DAN UMUM,G2,S1 Komunikasi/Hubungan Masyarakat,1,S1,3T,Komunikasi dan Umum,2,0.997
2589,2023,HOLDING,UID Lampung,,OFFICER KINERJA JARINGAN DAN KONSTRUKSI DISTRIBUSI,OFFICER,KINERJA JARINGAN DAN KONSTRUKSI DISTRIBUSI,G2,S1 Teknik Elektro/Teknik Listrik,1,S1,Rekrut 2023,Distribusi,2,0.996
2590,2023,HOLDING,UID Banten,,TECHNICIAN OPERASI DISTRIBUSI,TECHNICIAN,OPERASI DISTRIBUSI,G2,S1 Teknik Elektro/Teknik Listrik,1,S1,Rekrut 2023,Distribusi,2,0.991
2591,2023,HOLDING,UID Sulselrabar,,OFFICER KINERJA TRANSAKSI ENERGI LISTRIK,OFFICER,KINERJA TRANSAKSI ENERGI LISTRIK,G2,S1 Teknik Elektro/Teknik Listrik,1,S1,3T,Distribusi,2,0.984
2592,2023,HOLDING,UID Sulselrabar,,TECHNICIAN PDKB,TECHNICIAN,PDKB,G2,S1 Teknik Elektro/Teknik Listrik,1,S1,3T,Distribusi,2,0.984
2593,2023,HOLDING,Kantor Pusat,,OFFICER ADMINISTRASI EKSEKUTIF DIREKSI,OFFICER,ADMINISTRASI EKSEKUTIF DIREKSI,G2,S1 Komunikasi/Hubungan Masyarakat,1,S1,Rekrut 2023,Komunikasi dan Umum,2,0.98
2594,2023,HOLDING,Kantor Pusat,,"OFFICER RISIKO KONSTRUKSI SUMATERA, KALIMANTAN, DAN SULAWESI",OFFICER,"RISIKO KONSTRUKSI SUMATERA, KALIMANTAN, DAN SULAWESI",G2,S1 Logistik/Supply Chain Management,1,S1,Rekrut 2023,Manajemen Konstruksi dan Pengadaan,2,0.98
2595,2023,HOLDING,Kantor Pusat,,OFFICER VERIFIKASI INVESTASI,OFFICER,VERIFIKASI INVESTASI,G2,S1 Akuntansi/Administrasi Fiskal,1,S1,Rekrut 2023,Keuangan dan Akuntansi,2,0.98
2596,2023,HOLDING,UID Riau & Kepri,,TECHNICIAN PDKB,TECHNICIAN,PDKB,G2,S1 Teknik Elektro/Teknik Listrik,1,S1,Rekrut 2023,Distribusi,2,0.976
2597,2023,HOLDING,UIP JBT,,OFFICER PERIZINAN DAN PERTANAHAN,OFFICER,PERIZINAN DAN PERTANAHAN,G2,S1 Logistik/Supply Chain Management,1,S1,Rekrut 2023,Manajemen Konstruksi dan Pengadaan,2,0.975
2598,2023,HOLDING,UIW Maluku&Malut,,OFFICER ENJINIRING PEMBANGKITAN,OFFICER,ENJINIRING PEMBANGKITAN,G2,S1 Teknik Mesin/Konversi Energi,1,S1,3T,Pembangkitan,2,0.975
2599,2023,HOLDING,UIW Maluku&Malut,,"OFFICER KESELAMATAN, KESEHATAN KERJA, LINGKUNGAN DAN KEAMANAN",OFFICER,"KESELAMATAN, KESEHATAN KERJA, LINGKUNGAN DAN KEAMANAN",G2,S1 Keselamatan Dan Kesehatan Kerja/Kesehatan Masyarakat K3,1,S1,3T,K3 dan Lingkungan,2,0.975
2600,2023,HOLDING,UIW Maluku&Malut,,OFFICER KEUANGAN DAN ANGGARAN,OFFICER,KEUANGAN DAN ANGGARAN,G2,S1 Akuntansi/Administrasi Fiskal,1,S1,3T,Keuangan dan Akuntansi,2,0.975
2601,2023,HOLDING,UIW Maluku&Malut,,OFFICER KINERJA TRANSAKSI ENERGI LISTRIK,OFFICER,KINERJA TRANSAKSI ENERGI LISTRIK,G2,S1 Teknik Elektro/Teknik Listrik,1,S1,3T,Distribusi,2,0.975
2602,2023,HOLDING,UIW Maluku&Malut,,OFFICER NIAGA DAN PELAYANAN PELANGGAN,OFFICER,NIAGA DAN PELAYANAN PELANGGAN,G2,S1 Manajemen Pemasaran/Digital Marketing Dan Analytics,1,S1,3T,Niaga dan Pemasaran,2,0.975
2603,2023,HOLDING,UIW Maluku&Malut,,OFFICER PELAKSANA PENGADAAN,OFFICER,PELAKSANA PENGADAAN,G2,S1 Logistik/Supply Chain Management,1,S1,3T,Manajemen Konstruksi dan Pengadaan,2,0.975
2604,2023,HOLDING,UIW Maluku&Malut,,OFFICER PERENCANAAN DAN PENGELOLAAN ASET DISTRIBUSI,OFFICER,PERENCANAAN DAN PENGELOLAAN ASET DISTRIBUSI,G2,S1 Teknik Elektro/Teknik Listrik,1,S1,3T,Distribusi,2,0.975
2605,2023,HOLDING,UIW Maluku&Malut,,OFFICER TJSL,OFFICER,TJSL,G2,S1 Komunikasi/Hubungan Masyarakat,1,S1,3T,Komunikasi dan Umum,2,0.975
2606,2023,HOLDING,UIW Maluku&Malut,,TECHNICIAN PEMELIHARAAN METER TRANSAKSI,TECHNICIAN,PEMELIHARAAN METER TRANSAKSI,G2,S1 Teknik Elektro/Teknik Listrik,1,S1,3T,Distribusi,2,0.975
2607,2023,HOLDING,UIW Maluku&Malut,,TECHNICIAN PERENCANAAN OPERASI DAN PEMELIHARAAN PEMBANGKIT,TECHNICIAN,PERENCANAAN OPERASI DAN PEMELIHARAAN PEMBANGKIT,G2,S1 Teknik Mesin/Konversi Energi,1,S1,3T,Pembangkitan,2,0.975
2608,2023,HOLDING,UIW Maluku&Malut,,TECHNICIAN SCADA DAN TELEKOMUNIKASI,TECHNICIAN,SCADA DAN TELEKOMUNIKASI,G2,S1 Teknik Elektro/Teknik Listrik,1,S1,3T,Proteksi dan Kontrol,2,0.975
2609,2023,HOLDING,UIW NusaTenggara Barat,,OFFICER KINERJA KEUANGAN DAN UMUM,OFFICER,KINERJA KEUANGAN DAN UMUM,G2,S1 Akuntansi/Administrasi Fiskal,1,S1,3T,Keuangan dan Akuntansi,2,0.969
2610,2023,HOLDING,UIP3B Kalimantan,,TECHNICIAN PDKB SUTT/SUTET,TECHNICIAN,PDKB SUTT/SUTET,G2,S1 Teknik Elektro/Teknik Listrik,1,S1,3T,Transmisi dan Gardu Induk,2,0.965
2611,2023,HOLDING,UID Jakarta Raya,,OFFICER KINERJA NIAGA,OFFICER,KINERJA NIAGA,G2,S1 Manajemen Pemasaran/Digital Marketing Dan Analytics,1,S1,Rekrut 2023,Niaga dan Pemasaran,2,0.958
2612,2023,HOLDING,UID Bali,,OFFICER KINERJA JARINGAN DISTRIBUSI,OFFICER,KINERJA JARINGAN DISTRIBUSI,G2,S1 Teknik Elektro/Teknik Listrik,1,S1,Rekrut 2023,Distribusi,2,0.952
2613,2023,HOLDING,UID Bali,,OFFICER KINERJA KEUANGAN DAN UMUM,OFFICER,KINERJA KEUANGAN DAN UMUM,G2,S1 Akuntansi/Administrasi Fiskal,1,S1,Rekrut 2023,Keuangan dan Akuntansi,2,0.952
2614,2023,HOLDING,UID Bali,,OFFICER KINERJA TRANSAKSI ENERGI LISTRIK,OFFICER,KINERJA TRANSAKSI ENERGI LISTRIK,G2,S1 Teknik Elektro/Teknik Listrik,1,S1,Rekrut 2023,Distribusi,2,0.952
2615,2023,HOLDING,UID Bali,,TECHNICIAN PENGELOLAAN KONSTRUKSI DISTRIBUSI,TECHNICIAN,PENGELOLAAN KONSTRUKSI DISTRIBUSI,G2,S1 Teknik Elektro/Teknik Listrik,1,S1,Rekrut 2023,Distribusi,2,0.952
2616,2023,HOLDING,UIP Maluku dan Papua,,OFFICER AKUNTANSI,OFFICER,AKUNTANSI,G2,S1 Akuntansi/Administrasi Fiskal,1,S1,3T,Keuangan dan Akuntansi,2,0.951
2617,2023,HOLDING,UIP Maluku dan Papua,,OFFICER PENGENDALIAN KONTRAK DAN RISIKO PROYEK,OFFICER,PENGENDALIAN KONTRAK DAN RISIKO PROYEK,G2,S1 Logistik/Supply Chain Management,1,S1,3T,Manajemen Konstruksi dan Pengadaan,2,0.951
2618,2023,HOLDING,UIP Maluku dan Papua,,OFFICER PERENCANAAN SIPIL,OFFICER,PERENCANAAN SIPIL,G2,S1 Logistik/Supply Chain Management,1,S1,3T,Manajemen Konstruksi dan Pengadaan,2,0.951
2619,2023,HOLDING,UIP Maluku dan Papua,,OFFICER PERENCANAAN UMUM DAN KINERJA,OFFICER,PERENCANAAN UMUM DAN KINERJA,G2,S1 Komunikasi/Hubungan Masyarakat,1,S1,3T,Komunikasi dan Umum,2,0.951
2620,2023,HOLDING,UIT JBB,,OFFICER KINERJA KONSTRUKSI,OFFICER,KINERJA KONSTRUKSI,G2,S1 Logistik/Supply Chain Management,1,S1,Rekrut 2023,Manajemen Konstruksi dan Pengadaan,2,0.948
2621,2023,HOLDING,UIT JBB,,OFFICER PERENCANAAN PENGUSAHAAN,OFFICER,PERENCANAAN PENGUSAHAAN,G2,S1 Teknik Industri/Teknik Material,1,S1,Rekrut 2023,Perencanaan dan Kinerja,2,0.948
2622,2023,HOLDING,UIT JBB,,TECHNICIAN PDKB GI/GITET,TECHNICIAN,PDKB GI/GITET,G2,S1 Teknik Elektro/Teknik Listrik,1,S1,Rekrut 2023,Transmisi dan Gardu Induk,2,0.948
2623,2023,HOLDING,UIT JBB,,TECHNICIAN PDKB SUTT/SUTET,TECHNICIAN,PDKB SUTT/SUTET,G2,S1 Teknik Elektro/Teknik Listrik,1,S1,Rekrut 2023,Transmisi dan Gardu Induk,2,0.948
2624,2023,HOLDING,UIT JBB,,TECHNICIAN PEMELIHARAAN JARINGAN TRANSMISI,TECHNICIAN,PEMELIHARAAN JARINGAN TRANSMISI,G2,S1 Teknik Elektro/Teknik Listrik,1,S1,Rekrut 2023,Transmisi dan Gardu Induk,2,0.948
2625,2023,HOLDING,P3B Sumatera,,OFFICER PENGENDALIAN DAN PEMELIHARAAN ASET,OFFICER,PENGENDALIAN DAN PEMELIHARAAN ASET,G2,S1 Teknik Industri/Teknik Material,1,S1,Rekrut 2023,Perencanaan dan Kinerja,2,0.939
2626,2023,HOLDING,P3B Sumatera,,OFFICER PENGENDALIAN KONSTRUKSI DAN ADMINISTRASI KONTRAK,OFFICER,PENGENDALIAN KONSTRUKSI DAN ADMINISTRASI KONTRAK,G2,S1 Logistik/Supply Chain Management,1,S1,Rekrut 2023,Manajemen Konstruksi dan Pengadaan,2,0.939
2627,2023,HOLDING,UID Jawa Barat,,"OFFICER KESELAMATAN, KESEHATAN KERJA, LINGKUNGAN DAN KEAMANAN",OFFICER,"KESELAMATAN, KESEHATAN KERJA, LINGKUNGAN DAN KEAMANAN",G2,S1 Keselamatan Dan Kesehatan Kerja/Kesehatan Masyarakat K3,1,S1,Rekrut 2023,K3 dan Lingkungan,2,0.926
2628,2023,HOLDING,UID Jawa Barat,,OFFICER KINERJA FASILITAS OPERASI,OFFICER,KINERJA FASILITAS OPERASI,G2,S1 Komunikasi/Hubungan Masyarakat,1,S1,Rekrut 2023,Komunikasi dan Umum,2,0.926
2629,2023,HOLDING,UID Lampung,,OFFICER KINERJA,OFFICER,KINERJA,G2,S1 Teknik Industri/Teknik Material,1,S1,Rekrut 2023,Perencanaan dan Kinerja,2,0.919
2630,2023,HOLDING,UID Sulselrabar,,OFFICER KINERJA JARINGAN DAN KONSTRUKSI DISTRIBUSI,OFFICER,KINERJA JARINGAN DAN KONSTRUKSI DISTRIBUSI,G2,S1 Teknik Elektro/Teknik Listrik,1,S1,3T,Distribusi,2,0.919
2631,2023,HOLDING,PUSDIKLAT,,OFFICER EVALUASI DAN PENGENDALIAN MUTU DAN KINERJA,OFFICER,EVALUASI DAN PENGENDALIAN MUTU DAN KINERJA,G2,S1 Teknik Industri/Teknik Material,1,S1,Rekrut 2023,Perencanaan dan Kinerja,2,0.914
2632,2023,HOLDING,UID Banten,,TECHNICIAN PENGELOLAAN KONSTRUKSI DISTRIBUSI,TECHNICIAN,PENGELOLAAN KONSTRUKSI DISTRIBUSI,G2,S1 Teknik Elektro/Teknik Listrik,1,S1,Rekrut 2023,Distribusi,2,0.901
2633,2023,HOLDING,UIP JBB,,OFFICER PENGENDALIAN KONTRAK DAN RISIKO PROYEK,OFFICER,PENGENDALIAN KONTRAK DAN RISIKO PROYEK,G2,S1 Logistik/Supply Chain Management,1,S1,Rekrut 2023,Manajemen Konstruksi dan Pengadaan,2,0.896
2634,2023,HOLDING,UIW NusaTenggara Barat,,TECHNICIAN PEMELIHARAAN PUSAT LISTRIK,TECHNICIAN,PEMELIHARAAN PUSAT LISTRIK,G2,S1 Teknik Mesin/Konversi Energi,1,S1,3T,Pembangkitan,2,0.894
2635,2023,HOLDING,UIT JBT,,OFFICER ENJINIRING,OFFICER,ENJINIRING,G2,S1 Teknik Kimia/Teknik Lingkungan,1,S1,Rekrut 2023,Perencanaan Sistem,2,0.883
2636,2023,HOLDING,Kantor Pusat,,OFFICER AUDIT TRANSMISI DAN DISTRIBUSI 2A,OFFICER,AUDIT TRANSMISI DAN DISTRIBUSI 2A,G2,S1 Teknik Elektro/Teknik Listrik,1,S1,Rekrut 2023,Transmisi dan Gardu Induk,2,0.882
2637,2023,HOLDING,Kantor Pusat,,OFFICER PELAKSANA PENGADAAN TRANSMISI DAN GARDU INDUK,OFFICER,PELAKSANA PENGADAAN TRANSMISI DAN GARDU INDUK,G2,S1 Teknik Elektro/Teknik Listrik,1,S1,Rekrut 2023,Transmisi dan Gardu Induk,2,0.882
2638,2023,HOLDING,Kantor Pusat,,OFFICER PROGRAM PERUBAHAN,OFFICER,PROGRAM PERUBAHAN,G2,S1 Komunikasi/Hubungan Masyarakat,1,S1,Rekrut 2023,Komunikasi dan Umum,2,0.882
2639,2023,HOLDING,PUSHARLIS,,OFFICER KEUANGAN DAN AKUNTANSI,OFFICER,KEUANGAN DAN AKUNTANSI,G2,S1 Akuntansi/Administrasi Fiskal,1,S1,Rekrut 2023,Keuangan dan Akuntansi,2,0.88
2640,2023,HOLDING,UID Jawa Timur,,OFFICER KEUANGAN DAN ANGGARAN,OFFICER,KEUANGAN DAN ANGGARAN,G2,S1 Akuntansi/Administrasi Fiskal,1,S1,Rekrut 2023,Keuangan dan Akuntansi,2,0.876
2641,2023,HOLDING,UID Jawa Timur,,TECHNICIAN OPERASI DISTRIBUSI,TECHNICIAN,OPERASI DISTRIBUSI,G2,S1 Teknik Elektro/Teknik Listrik,1,S1,Rekrut 2023,Distribusi,2,0.876
2642,2023,HOLDING,UID Suluttenggo,,OFFICER KINERJA,OFFICER,KINERJA,G2,S1 Teknik Industri/Teknik Material,1,S1,3T,Perencanaan dan Kinerja,2,0.87
2643,2023,HOLDING,UID Suluttenggo,,OFFICER PELAKSANA PENGADAAN,OFFICER,PELAKSANA PENGADAAN,G2,S1 Logistik/Supply Chain Management,1,S1,3T,Manajemen Konstruksi dan Pengadaan,2,0.87
2644,2023,HOLDING,UIW NusaTenggaraTimur,,OFFICER ADMINISTRASI DAN UMUM,OFFICER,ADMINISTRASI DAN UMUM,G2,S1 Komunikasi/Hubungan Masyarakat,1,S1,3T,Komunikasi dan Umum,2,0.843
2645,2023,HOLDING,UIW NusaTenggaraTimur,,OFFICER KINERJA KEUANGAN DAN UMUM,OFFICER,KINERJA KEUANGAN DAN UMUM,G2,S1 Akuntansi/Administrasi Fiskal,1,S1,3T,Keuangan dan Akuntansi,2,0.843
2646,2023,HOLDING,UIW NusaTenggaraTimur,,OFFICER PELAKSANA PENGADAAN,OFFICER,PELAKSANA PENGADAAN,G2,S1 Logistik/Supply Chain Management,1,S1,3T,Manajemen Konstruksi dan Pengadaan,2,0.843
2647,2023,HOLDING,UIW NusaTenggaraTimur,,TECHNICIAN KONSTRUKSI LISTRIK PERDESAAN,TECHNICIAN,KONSTRUKSI LISTRIK PERDESAAN,G2,S1 Teknik Elektro/Teknik Listrik,1,S1,3T,Distribusi,2,0.843
2648,2023,HOLDING,UIW NusaTenggaraTimur,,TECHNICIAN PENGELOLAAN KONSTRUKSI DISTRIBUSI,TECHNICIAN,PENGELOLAAN KONSTRUKSI DISTRIBUSI,G2,S1 Teknik Elektro/Teknik Listrik,1,S1,3T,Distribusi,2,0.843
2649,2023,HOLDING,UID Kalbar,,OFFICER LOGISTIK LAYANAN PELANGGAN,OFFICER,LOGISTIK LAYANAN PELANGGAN,G2,S1 Logistik/Supply Chain Management,1,S1,3T,Manajemen Konstruksi dan Pengadaan,2,0.839
2650,2023,HOLDING,UID Kalbar,,OFFICER PELAKSANA PENGADAAN,OFFICER,PELAKSANA PENGADAAN,G2,S1 Logistik/Supply Chain Management,1,S1,3T,Manajemen Konstruksi dan Pengadaan,2,0.839
2651,2023,HOLDING,UID Jakarta Raya,,OFFICER KINERJA FASILITAS OPERASI,OFFICER,KINERJA FASILITAS OPERASI,G2,S1 Komunikasi/Hubungan Masyarakat,1,S1,Rekrut 2023,Komunikasi dan Umum,2,0.838
2652,2023,HOLDING,UID Jakarta Raya,,OFFICER KINERJA OPERASI SISTEM DISTRIBUSI,OFFICER,KINERJA OPERASI SISTEM DISTRIBUSI,G2,S1 Teknik Kimia/Teknik Lingkungan,1,S1,Rekrut 2023,Perencanaan Sistem,2,0.838
2653,2023,HOLDING,UID Jakarta Raya,,OFFICER PELAKSANA PENGADAAN,OFFICER,PELAKSANA PENGADAAN,G2,S1 Logistik/Supply Chain Management,1,S1,Rekrut 2023,Manajemen Konstruksi dan Pengadaan,2,0.838
2654,2023,HOLDING,UIW Papua&Papua Barat,,OFFICER ADMINISTRASI DAN UMUM,OFFICER,ADMINISTRASI DAN UMUM,G2,S1 Komunikasi/Hubungan Masyarakat,1,S1,3T,Komunikasi dan Umum,2,0.837
2655,2023,HOLDING,UIW Papua&Papua Barat,,OFFICER PELAKSANA PENGADAAN,OFFICER,PELAKSANA PENGADAAN,G2,S1 Logistik/Supply Chain Management,1,S1,3T,Manajemen Konstruksi dan Pengadaan,2,0.837
2656,2023,HOLDING,Pusat Pengatur Beban,,OFFICER KINERJA OPERASI SISTEM,OFFICER,KINERJA OPERASI SISTEM,G2,S1 Teknik Kimia/Teknik Lingkungan,1,S1,Rekrut 2023,Perencanaan Sistem,2,0.836
2657,2023,HOLDING,Pusat Pengatur Beban,,TECHNICIAN TELEKOMUNIKASI,TECHNICIAN,TELEKOMUNIKASI,G2,S1 Teknik Elektro/Teknik Listrik,1,S1,Rekrut 2023,Proteksi dan Kontrol,2,0.836
2658,2023,HOLDING,UID Kaltimra,,TECHNICIAN KONSTRUKSI LISTRIK PERDESAAN,TECHNICIAN,KONSTRUKSI LISTRIK PERDESAAN,G2,S1 Teknik Elektro/Teknik Listrik,1,S1,3T,Distribusi,2,0.828
2659,2023,HOLDING,UID Kaltimra,,TECHNICIAN OPERASI DISTRIBUSI,TECHNICIAN,OPERASI DISTRIBUSI,G2,S1 Teknik Elektro/Teknik Listrik,1,S1,3T,Distribusi,2,0.828
2660,2023,HOLDING,UID Kaltimra,,TECHNICIAN PENGATURAN OPERASI,TECHNICIAN,PENGATURAN OPERASI,G2,S1 Teknik Kimia/Teknik Lingkungan,1,S1,3T,Perencanaan Sistem,2,0.828
2661,2023,HOLDING,UID S2JB,,TECHNICIAN PDKB,TECHNICIAN,PDKB,G2,S1 Teknik Elektro/Teknik Listrik,1,S1,3T,Distribusi,2,0.824
2662,2023,HOLDING,UIP Nusa Tenggara,,OFFICER PERIZINAN DAN PERTANAHAN,OFFICER,PERIZINAN DAN PERTANAHAN,G2,S1 Logistik/Supply Chain Management,1,S1,3T,Manajemen Konstruksi dan Pengadaan,2,0.813
2663,2023,HOLDING,UID Banten,,OFFICER KINERJA KEUANGAN DAN UMUM,OFFICER,KINERJA KEUANGAN DAN UMUM,G2,S1 Akuntansi/Administrasi Fiskal,1,S1,Rekrut 2023,Keuangan dan Akuntansi,2,0.811
2664,2023,HOLDING,UID Banten,,OFFICER LOGISTIK LAYANAN PELANGGAN,OFFICER,LOGISTIK LAYANAN PELANGGAN,G2,S1 Logistik/Supply Chain Management,1,S1,Rekrut 2023,Manajemen Konstruksi dan Pengadaan,2,0.811
2665,2023,HOLDING,UID Kalselteng,,OFFICER KEUANGAN DAN ANGGARAN,OFFICER,KEUANGAN DAN ANGGARAN,G2,S1 Akuntansi/Administrasi Fiskal,1,S1,3T,Keuangan dan Akuntansi,2,0.798
2666,2023,HOLDING,UID Kalselteng,,OFFICER KINERJA,OFFICER,KINERJA,G2,S1 Teknik Industri/Teknik Material,1,S1,3T,Perencanaan dan Kinerja,2,0.798
2667,2023,HOLDING,UID Kalselteng,,OFFICER PERENCANAAN DAN EVALUASI SISTEM DISTRIBUSI,OFFICER,PERENCANAAN DAN EVALUASI SISTEM DISTRIBUSI,G2,S1 Teknik Kimia/Teknik Lingkungan,1,S1,3T,Perencanaan Sistem,2,0.798
2668,2023,HOLDING,UID Kalselteng,,TECHNICIAN PEMELIHARAAN DISTRIBUSI,TECHNICIAN,PEMELIHARAAN DISTRIBUSI,G2,S1 Teknik Elektro/Teknik Listrik,1,S1,3T,Distribusi,2,0.798
2669,2023,HOLDING,UID Jawa Barat,,OFFICER PELAKSANA PENGADAAN,OFFICER,PELAKSANA PENGADAAN,G2,S1 Logistik/Supply Chain Management,1,S1,Rekrut 2023,Manajemen Konstruksi dan Pengadaan,2,0.794
2670,2023,HOLDING,UID Aceh,,OFFICER KINERJA TRANSAKSI ENERGI LISTRIK,OFFICER,KINERJA TRANSAKSI ENERGI LISTRIK,G2,S1 Teknik Elektro/Teknik Listrik,1,S1,3T,Distribusi,2,0.788
2671,2023,HOLDING,UIP Kalimantan Bag Timur,,OFFICER ADMINISTRASI DAN UMUM,OFFICER,ADMINISTRASI DAN UMUM,G2,S1 Komunikasi/Hubungan Masyarakat,1,S1,3T,Komunikasi dan Umum,2,0.787
2672,2023,HOLDING,UIP Kalimantan Bag Timur,,OFFICER AKUNTANSI,OFFICER,AKUNTANSI,G2,S1 Akuntansi/Administrasi Fiskal,1,S1,3T,Keuangan dan Akuntansi,2,0.787
2673,2023,HOLDING,UIP Kalimantan Bag Timur,,"OFFICER KEUANGAN, PERIZINAN, PERTANAHAN DAN UMUM",OFFICER,"KEUANGAN, PERIZINAN, PERTANAHAN DAN UMUM",G2,S1 Logistik/Supply Chain Management,1,S1,3T,Manajemen Konstruksi dan Pengadaan,2,0.787
2674,2023,HOLDING,UIP Kalimantan Bag Timur,,OFFICER PENGENDALIAN KONSTRUKSI,OFFICER,PENGENDALIAN KONSTRUKSI,G2,S1 Logistik/Supply Chain Management,1,S1,3T,Manajemen Konstruksi dan Pengadaan,2,0.787
2675,2023,HOLDING,UIP Kalimantan Bag Timur,,OFFICER PENGENDALIAN KONTRAK DAN RISIKO PROYEK,OFFICER,PENGENDALIAN KONTRAK DAN RISIKO PROYEK,G2,S1 Logistik/Supply Chain Management,1,S1,3T,Manajemen Konstruksi dan Pengadaan,2,0.787
2676,2023,HOLDING,UIP Kalimantan Bag Timur,,TECHNICIAN PENGENDALIAN KONTRAK DAN PELAPORAN,TECHNICIAN,PENGENDALIAN KONTRAK DAN PELAPORAN,G2,S1 Logistik/Supply Chain Management,1,S1,3T,Manajemen Konstruksi dan Pengadaan,2,0.787
2677,2023,HOLDING,UIP Sumatera Bag Selatan,,OFFICER PENGENDALIAN PROYEK,OFFICER,PENGENDALIAN PROYEK,G2,S1 Logistik/Supply Chain Management,1,S1,Rekrut 2023,Manajemen Konstruksi dan Pengadaan,2,0.785
2678,2023,HOLDING,Kantor Pusat,,OFFICER AUDIT TRANSMISI DAN DISTRIBUSI 1A,OFFICER,AUDIT TRANSMISI DAN DISTRIBUSI 1A,G2,S1 Teknik Elektro/Teknik Listrik,1,S1,Rekrut 2023,Transmisi dan Gardu Induk,2,0.784
2679,2023,HOLDING,Kantor Pusat,,OFFICER AUDIT TRANSMISI DAN DISTRIBUSI 1B,OFFICER,AUDIT TRANSMISI DAN DISTRIBUSI 1B,G2,S1 Teknik Elektro/Teknik Listrik,1,S1,Rekrut 2023,Transmisi dan Gardu Induk,2,0.784
2680,2023,HOLDING,Kantor Pusat,,OFFICER PELAKSANA PENGADAAN MATERIAL TERPUSAT,OFFICER,PELAKSANA PENGADAAN MATERIAL TERPUSAT,G2,S1 Logistik/Supply Chain Management,1,S1,Rekrut 2023,Manajemen Konstruksi dan Pengadaan,2,0.784
2681,2023,HOLDING,Kantor Pusat,,OFFICER PENEMUAN DAN KUALIFIKASI VENDOR,OFFICER,PENEMUAN DAN KUALIFIKASI VENDOR,G2,S1 Komunikasi/Hubungan Masyarakat,1,S1,Rekrut 2023,Komunikasi dan Umum,2,0.784
2682,2023,HOLDING,Kantor Pusat,,"OFFICER RISIKO TRANSMISI SUMATERA, JAWA, MADURA, DAN BALI",OFFICER,"RISIKO TRANSMISI SUMATERA, JAWA, MADURA, DAN BALI",G2,S1 Teknik Elektro/Teknik Listrik,1,S1,Rekrut 2023,Transmisi dan Gardu Induk,2,0.784
2683,2023,HOLDING,UID Riau & Kepri,,OFFICER ADMINISTRASI DAN UMUM,OFFICER,ADMINISTRASI DAN UMUM,G2,S1 Komunikasi/Hubungan Masyarakat,1,S1,Rekrut 2023,Komunikasi dan Umum,2,0.781
2684,2023,HOLDING,UID Riau & Kepri,,OFFICER KINERJA,OFFICER,KINERJA,G2,S1 Teknik Industri/Teknik Material,1,S1,Rekrut 2023,Perencanaan dan Kinerja,2,0.781
2685,2023,HOLDING,UID Riau & Kepri,,OFFICER PELAKSANA PENGADAAN,OFFICER,PELAKSANA PENGADAAN,G2,S1 Logistik/Supply Chain Management,1,S1,Rekrut 2023,Manajemen Konstruksi dan Pengadaan,2,0.781
2686,2023,HOLDING,UID Sumut,,OFFICER PRIORITY ACCOUNT EXECUTIVE,OFFICER,PRIORITY ACCOUNT EXECUTIVE,G2,S1 Komunikasi/Hubungan Masyarakat,1,S1,Rekrut 2023,Komunikasi dan Umum,2,0.779
2687,2023,HOLDING,UIP Sulawesi,,OFFICER PERIZINAN DAN PERTANAHAN,OFFICER,PERIZINAN DAN PERTANAHAN,G2,S1 Logistik/Supply Chain Management,1,S1,3T,Manajemen Konstruksi dan Pengadaan,2,0.777
2688,2023,HOLDING,UIP3B Kalimantan,,"OFFICER KESELAMATAN, KESEHATAN KERJA, LINGKUNGAN, DAN KEAMANAN",OFFICER,"KESELAMATAN, KESEHATAN KERJA, LINGKUNGAN, DAN KEAMANAN",G2,S1 Keselamatan Dan Kesehatan Kerja/Kesehatan Masyarakat K3,1,S1,3T,K3 dan Lingkungan,2,0.772
2689,2023,HOLDING,UIP3B Kalimantan,,OFFICER PENGENDALIAN ADMINISTRASI KONTRAK,OFFICER,PENGENDALIAN ADMINISTRASI KONTRAK,G2,S1 Logistik/Supply Chain Management,1,S1,3T,Manajemen Konstruksi dan Pengadaan,2,0.772
2690,2023,HOLDING,UIP3B Kalimantan,,OFFICER PERENCANAAN DAN EVALUASI OPERASI SISTEM,OFFICER,PERENCANAAN DAN EVALUASI OPERASI SISTEM,G2,S1 Teknik Kimia/Teknik Lingkungan,1,S1,3T,Perencanaan Sistem,2,0.772
2691,2023,HOLDING,UIP3B Kalimantan,,OFFICER STRATEGI OPERASI SISTEM,OFFICER,STRATEGI OPERASI SISTEM,G2,S1 Teknik Kimia/Teknik Lingkungan,1,S1,3T,Perencanaan Sistem,2,0.772
2692,2023,HOLDING,UIP3B Kalimantan,,TECHNICIAN PENGENDALIAN OPERASI DAN PEMELIHARAAN,TECHNICIAN,PENGENDALIAN OPERASI DAN PEMELIHARAAN,G2,S1 Teknik Elektro/Teknik Listrik,1,S1,3T,Distribusi,2,0.772
2693,2023,HOLDING,UIP3B Kalimantan,,TECHNICIAN PROTEKSI SISTEM,TECHNICIAN,PROTEKSI SISTEM,G2,S1 Teknik Elektro/Teknik Listrik,1,S1,3T,Proteksi dan Kontrol,2,0.772
2694,2023,HOLDING,PUSERTIF,,TECHNICIAN PENGELOLAAN INSPEKSI TRANSMISI DAN GARDU INDUK,TECHNICIAN,PENGELOLAAN INSPEKSI TRANSMISI DAN GARDU INDUK,G2,S1 Teknik Elektro/Teknik Listrik,1,S1,Rekrut 2023,Transmisi dan Gardu Induk,2,0.771
2695,2023,HOLDING,UIP JBB,,OFFICER ADMINISTRASI TEKNIK,OFFICER,ADMINISTRASI TEKNIK,G2,S1 Komunikasi/Hubungan Masyarakat,1,S1,Rekrut 2023,Komunikasi dan Umum,2,0.768
2696,2023,HOLDING,UIP JBB,,OFFICER PENGENDALIAN KONSTRUKSI,OFFICER,PENGENDALIAN KONSTRUKSI,G2,S1 Logistik/Supply Chain Management,1,S1,Rekrut 2023,Manajemen Konstruksi dan Pengadaan,2,0.768
2697,2023,HOLDING,UIP JBB,,TECHNICIAN PROJECT SITE,TECHNICIAN,PROJECT SITE,G2,S1 Teknik Elektro/Teknik Listrik,1,S1,Rekrut 2023,Distribusi,2,0.768
2698,2023,HOLDING,UIP Sumatera Bag Utara,,OFFICER ADMINISTRASI DAN UMUM,OFFICER,ADMINISTRASI DAN UMUM,G2,S1 Komunikasi/Hubungan Masyarakat,1,S1,Rekrut 2023,Komunikasi dan Umum,2,0.768
2699,2023,HOLDING,UID Lampung,,OFFICER KINERJA TRANSAKSI ENERGI LISTRIK,OFFICER,KINERJA TRANSAKSI ENERGI LISTRIK,G2,S1 Teknik Elektro/Teknik Listrik,1,S1,Rekrut 2023,Distribusi,2,0.766
2700,2023,HOLDING,PUSDIKLAT,,"OFFICER PENGEMBANGAN, MUTU DAN KINERJA",OFFICER,"PENGEMBANGAN, MUTU DAN KINERJA",G2,S1 Teknik Industri/Teknik Material,1,S1,Rekrut 2023,Perencanaan dan Kinerja,2,0.762
2701,2023,HOLDING,UIT JBB,,"OFFICER KESELAMATAN, KESEHATAN KERJA DAN KEAMANAN",OFFICER,"KESELAMATAN, KESEHATAN KERJA DAN KEAMANAN",G2,S1 Keselamatan Dan Kesehatan Kerja/Kesehatan Masyarakat K3,1,S1,Rekrut 2023,K3 dan Lingkungan,2,0.758
2702,2023,HOLDING,UIT JBB,,OFFICER KEUANGAN DAN AKUNTANSI,OFFICER,KEUANGAN DAN AKUNTANSI,G2,S1 Akuntansi/Administrasi Fiskal,1,S1,Rekrut 2023,Keuangan dan Akuntansi,2,0.758
2703,2023,HOLDING,UIT JBB,,OFFICER PENGENDALIAN KONSTRUKSI PERALATAN GARDU INDUK,OFFICER,PENGENDALIAN KONSTRUKSI PERALATAN GARDU INDUK,G2,S1 Teknik Elektro/Teknik Listrik,1,S1,Rekrut 2023,Transmisi dan Gardu Induk,2,0.758
2704,2023,HOLDING,UIT JBTB,,TECHNICIAN PDKB GI/GITET,TECHNICIAN,PDKB GI/GITET,G2,S1 Teknik Elektro/Teknik Listrik,1,S1,Rekrut 2023,Transmisi dan Gardu Induk,2,0.756
2705,2023,HOLDING,Pusat Pengatur Beban,,OFFICER KEUANGAN DAN AKUNTANSI,OFFICER,KEUANGAN DAN AKUNTANSI,G2,S1 Akuntansi/Administrasi Fiskal,1,S1,Rekrut 2023,Keuangan dan Akuntansi,2,0.752
2706,2023,HOLDING,Pusat Pengatur Beban,,OFFICER KOMUNIKASI,OFFICER,KOMUNIKASI,G2,S1 Komunikasi/Hubungan Masyarakat,1,S1,Rekrut 2023,Komunikasi dan Umum,2,0.752
2707,2023,HOLDING,UID Suluttenggo,,OFFICER ACCOUNT EXECUTIVE,OFFICER,ACCOUNT EXECUTIVE,G2,S1 Komunikasi/Hubungan Masyarakat,1,S1,3T,Komunikasi dan Umum,2,0.746
2708,2023,HOLDING,PUSHARLIS,,TECHNICIAN PERENCANAAN DAN PENGENDALIAN PRODUKSI,TECHNICIAN,PERENCANAAN DAN PENGENDALIAN PRODUKSI,G2,S1 Teknik Industri/Teknik Material,1,S1,Rekrut 2023,Perencanaan dan Kinerja,2,0.745
2709,2023,HOLDING,PUSLITBANG,,"OFFICER ASET PROPERTI, KOMUNIKASI DAN UMUM",OFFICER,"ASET PROPERTI, KOMUNIKASI DAN UMUM",G2,S1 Komunikasi/Hubungan Masyarakat,1,S1,Rekrut 2023,Komunikasi dan Umum,2,0.734
2710,2023,HOLDING,UIT JBT,,OFFICER ADMINISTRASI DAN UMUM,OFFICER,ADMINISTRASI DAN UMUM,G2,S1 Komunikasi/Hubungan Masyarakat,1,S1,Rekrut 2023,Komunikasi dan Umum,2,0.722
2711,2023,HOLDING,UIP Sumatera Bag Tengah,,OFFICER PENGENDALIAN KONSTRUKSI,OFFICER,PENGENDALIAN KONSTRUKSI,G2,S1 Logistik/Supply Chain Management,1,S1,Rekrut 2023,Manajemen Konstruksi dan Pengadaan,2,0.719
2712,2023,HOLDING,UID Jakarta Raya,,OFFICER ADMINISTRASI DAN PELAYANAN PELANGGAN,OFFICER,ADMINISTRASI DAN PELAYANAN PELANGGAN,G2,S1 Manajemen Pemasaran/Digital Marketing Dan Analytics,1,S1,Rekrut 2023,Niaga dan Pemasaran,2,0.718
2713,2023,HOLDING,UID Jakarta Raya,,OFFICER ADMINISTRASI DAN UMUM,OFFICER,ADMINISTRASI DAN UMUM,G2,S1 Komunikasi/Hubungan Masyarakat,1,S1,Rekrut 2023,Komunikasi dan Umum,2,0.718
2714,2023,HOLDING,UID Jakarta Raya,,OFFICER PENGELOLAAN PIUTANG,OFFICER,PENGELOLAAN PIUTANG,G2,S1 Teknik Industri/Teknik Material,1,S1,Rekrut 2023,Perencanaan dan Kinerja,2,0.718
2715,2023,HOLDING,UID Jakarta Raya,,TECHNICIAN PEMELIHARAAN APP,TECHNICIAN,PEMELIHARAAN APP,G2,S1 Teknik Elektro/Teknik Listrik,1,S1,Rekrut 2023,Distribusi,2,0.718
2716,2023,HOLDING,UID Sumbar,,OFFICER KINERJA,OFFICER,KINERJA,G2,S1 Teknik Industri/Teknik Material,1,S1,Rekrut 2023,Perencanaan dan Kinerja,2,0.718
2717,2023,HOLDING,UID Aceh,,OFFICER KINERJA,OFFICER,KINERJA,G2,S1 Teknik Industri/Teknik Material,1,S1,3T,Perencanaan dan Kinerja,2,0.716
2718,2023,HOLDING,UID Jawa Tengah & DIY,,OFFICER ADMINISTRASI DAN UMUM,OFFICER,ADMINISTRASI DAN UMUM,G2,S1 Komunikasi/Hubungan Masyarakat,1,S1,Rekrut 2023,Komunikasi dan Umum,2,0.714
2719,2023,HOLDING,UIP Sulawesi,,OFFICER PENGENDALIAN PROYEK,OFFICER,PENGENDALIAN PROYEK,G2,S1 Logistik/Supply Chain Management,1,S1,3T,Manajemen Konstruksi dan Pengadaan,2,0.707
2720,2023,HOLDING,UID Kalbar,,OFFICER ACCOUNT EXECUTIVE,OFFICER,ACCOUNT EXECUTIVE,G2,S1 Komunikasi/Hubungan Masyarakat,1,S1,3T,Komunikasi dan Umum,2,0.699
2721,2023,HOLDING,UID Kalbar,,OFFICER KINERJA KEUANGAN DAN UMUM,OFFICER,KINERJA KEUANGAN DAN UMUM,G2,S1 Akuntansi/Administrasi Fiskal,1,S1,3T,Keuangan dan Akuntansi,2,0.699
2722,2023,HOLDING,UID Kalbar,,OFFICER PERENCANAAN DAN EVALUASI SISTEM DISTRIBUSI,OFFICER,PERENCANAAN DAN EVALUASI SISTEM DISTRIBUSI,G2,S1 Teknik Kimia/Teknik Lingkungan,1,S1,3T,Perencanaan Sistem,2,0.699
2723,2023,HOLDING,UID Kalbar,,TECHNICIAN KONSTRUKSI LISTRIK PERDESAAN,TECHNICIAN,KONSTRUKSI LISTRIK PERDESAAN,G2,S1 Teknik Elektro/Teknik Listrik,1,S1,3T,Distribusi,2,0.699
2724,2023,HOLDING,UID Kalbar,,TECHNICIAN PEMELIHARAAN DISTRIBUSI,TECHNICIAN,PEMELIHARAAN DISTRIBUSI,G2,S1 Teknik Elektro/Teknik Listrik,1,S1,3T,Distribusi,2,0.699
2725,2023,HOLDING,UID Kalbar,,TECHNICIAN PEMELIHARAAN ELEKTROMEKANIK,TECHNICIAN,PEMELIHARAAN ELEKTROMEKANIK,G2,S1 Teknik Mesin/Konversi Energi,1,S1,3T,Pembangkitan,2,0.699
2726,2023,HOLDING,PUSERTIF,,TECHNICIAN PENGELOLAAN INSPEKSI DISTRIBUSI,TECHNICIAN,PENGELOLAAN INSPEKSI DISTRIBUSI,G2,S1 Teknik Elektro/Teknik Listrik,1,S1,Rekrut 2023,Distribusi,2,0.694
2727,2023,HOLDING,PUSERTIF,,TECHNICIAN PENGELOLAAN PENGUJIAN PRODUK TEGANGAN RENDAH,TECHNICIAN,PENGELOLAAN PENGUJIAN PRODUK TEGANGAN RENDAH,G2,S1 Teknik Industri/Teknik Material,1,S1,Rekrut 2023,Perencanaan dan Kinerja,2,0.694
2728,2023,HOLDING,Kantor Pusat,,OFFICER AUDIT TRANSMISI DAN DISTRIBUSI 3D,OFFICER,AUDIT TRANSMISI DAN DISTRIBUSI 3D,G2,S1 Teknik Elektro/Teknik Listrik,1,S1,Rekrut 2023,Transmisi dan Gardu Induk,2,0.686
2729,2023,HOLDING,Kantor Pusat,,OFFICER MANAJEMEN DAN ENJINIRING DATA PERUSAHAAN,OFFICER,MANAJEMEN DAN ENJINIRING DATA PERUSAHAAN,G2,S1 Teknik Kimia/Teknik Lingkungan,1,S1,Rekrut 2023,Perencanaan Sistem,2,0.686
2730,2023,HOLDING,Kantor Pusat,,OFFICER PELAPORAN AUDIT,OFFICER,PELAPORAN AUDIT,G2,S1 Akuntansi/Administrasi Fiskal,1,S1,Rekrut 2023,Audit dan Risiko,2,0.686
2731,2023,HOLDING,Kantor Pusat,,OFFICER PERENCANA PENGADAAN PLTP IPP,OFFICER,PERENCANA PENGADAAN PLTP IPP,G2,S1 Teknik Mesin/Konversi Energi,1,S1,Rekrut 2023,Pembangkitan,2,0.686
2732,2023,HOLDING,Kantor Pusat,,TECHNICIAN KONSTRUKSI PEMBANGKIT,TECHNICIAN,KONSTRUKSI PEMBANGKIT,G2,S1 Teknik Mesin/Konversi Energi,1,S1,Rekrut 2023,Pembangkitan,2,0.686
2733,2023,HOLDING,UIP JBT,,OFFICER PELAKSANA PENGADAAN,OFFICER,PELAKSANA PENGADAAN,G2,S1 Logistik/Supply Chain Management,1,S1,Rekrut 2023,Manajemen Konstruksi dan Pengadaan,2,0.682
2734,2023,HOLDING,UIP JBT,,OFFICER PERENCANAAN UMUM DAN KINERJA,OFFICER,PERENCANAAN UMUM DAN KINERJA,G2,S1 Komunikasi/Hubungan Masyarakat,1,S1,Rekrut 2023,Komunikasi dan Umum,2,0.682
2735,2023,HOLDING,UIP Nusa Tenggara,,OFFICER PENGENDALIAN PROYEK,OFFICER,PENGENDALIAN PROYEK,G2,S1 Logistik/Supply Chain Management,1,S1,3T,Manajemen Konstruksi dan Pengadaan,2,0.678
2736,2023,HOLDING,PUSMANPRO,,"OFFICER ASET PROPERTI, KOMUNIKASI DAN UMUM",OFFICER,"ASET PROPERTI, KOMUNIKASI DAN UMUM",G2,S1 Komunikasi/Hubungan Masyarakat,1,S1,Rekrut 2023,Komunikasi dan Umum,2,0.674
2737,2023,HOLDING,PUSMANPRO,,OFFICER KEUANGAN DAN AKUNTANSI,OFFICER,KEUANGAN DAN AKUNTANSI,G2,S1 Akuntansi/Administrasi Fiskal,1,S1,Rekrut 2023,Keuangan dan Akuntansi,2,0.674
2738,2023,HOLDING,UIW NusaTenggaraTimur,,OFFICER NIAGA DAN PELAYANAN PELANGGAN,OFFICER,NIAGA DAN PELAYANAN PELANGGAN,G2,S1 Manajemen Pemasaran/Digital Marketing Dan Analytics,1,S1,3T,Niaga dan Pemasaran,2,0.674
2739,2023,HOLDING,UIW NusaTenggaraTimur,,OFFICER PERENCANAAN DAN EVALUASI SISTEM DISTRIBUSI,OFFICER,PERENCANAAN DAN EVALUASI SISTEM DISTRIBUSI,G2,S1 Teknik Kimia/Teknik Lingkungan,1,S1,3T,Perencanaan Sistem,2,0.674
2740,2023,HOLDING,UIW NusaTenggaraTimur,,TECHNICIAN ENJINIRING DAN KINERJA,TECHNICIAN,ENJINIRING DAN KINERJA,G2,S1 Teknik Kimia/Teknik Lingkungan,1,S1,3T,Perencanaan Sistem,2,0.674
2741,2023,HOLDING,UIW NusaTenggaraTimur,,TECHNICIAN OPERASI DISTRIBUSI,TECHNICIAN,OPERASI DISTRIBUSI,G2,S1 Teknik Elektro/Teknik Listrik,1,S1,3T,Distribusi,2,0.674
2742,2023,HOLDING,P3B Sumatera,,OFFICER KEUANGAN DAN ANGGARAN,OFFICER,KEUANGAN DAN ANGGARAN,G2,S1 Akuntansi/Administrasi Fiskal,1,S1,Rekrut 2023,Keuangan dan Akuntansi,2,0.671
2743,2023,HOLDING,P3B Sumatera,,OFFICER PERENCANAAN DAN EVALUASI PEMELIHARAAN GARDU INDUK,OFFICER,PERENCANAAN DAN EVALUASI PEMELIHARAAN GARDU INDUK,G2,S1 Teknik Elektro/Teknik Listrik,1,S1,Rekrut 2023,Transmisi dan Gardu Induk,2,0.671
2744,2023,HOLDING,P3B Sumatera,,TECHNICIAN PROTEKSI SISTEM,TECHNICIAN,PROTEKSI SISTEM,G2,S1 Teknik Elektro/Teknik Listrik,1,S1,Rekrut 2023,Proteksi dan Kontrol,2,0.671
2745,2023,HOLDING,Pusat Pengatur Beban,,TECHNICIAN OPERASI SISTEM D,TECHNICIAN,OPERASI SISTEM D,G2,S1 Teknik Kimia/Teknik Lingkungan,1,S1,Rekrut 2023,Perencanaan Sistem,2,0.669
2746,2023,HOLDING,UIW Papua&Papua Barat,,OFFICER MAPPING DATA JARINGAN DAN PELANGGAN,OFFICER,MAPPING DATA JARINGAN DAN PELANGGAN,G2,S1 Teknik Elektro/Teknik Listrik,1,S1,3T,Distribusi,2,0.669
2747,2023,HOLDING,UIW Papua&Papua Barat,,OFFICER PERENCANAAN LISTRIK PERDESAAN,OFFICER,PERENCANAAN LISTRIK PERDESAAN,G2,S1 Teknik Elektro/Teknik Listrik,1,S1,3T,Distribusi,2,0.669
2748,2023,HOLDING,UIW Papua&Papua Barat,,OFFICER PERENCANAAN SISTEM KELISTRIKAN,OFFICER,PERENCANAAN SISTEM KELISTRIKAN,G2,S1 Teknik Kimia/Teknik Lingkungan,1,S1,3T,Perencanaan Sistem,2,0.669
2749,2023,HOLDING,UIW Papua&Papua Barat,,TECHNICIAN PENGELOLAAN KONSTRUKSI,TECHNICIAN,PENGELOLAAN KONSTRUKSI,G2,S1 Logistik/Supply Chain Management,1,S1,3T,Manajemen Konstruksi dan Pengadaan,2,0.669
2750,2023,HOLDING,UID Jawa Barat,,TECHNICIAN PEMELIHARAAN DISTRIBUSI,TECHNICIAN,PEMELIHARAAN DISTRIBUSI,G2,S1 Teknik Elektro/Teknik Listrik,1,S1,Rekrut 2023,Distribusi,2,0.662
2751,2023,HOLDING,UID Jawa Barat,,TECHNICIAN PROTEKSI DAN METER,TECHNICIAN,PROTEKSI DAN METER,G2,S1 Teknik Elektro/Teknik Listrik,1,S1,Rekrut 2023,Proteksi dan Kontrol,2,0.662
2752,2023,HOLDING,UID Kaltimra,,OFFICER ACCOUNT EXECUTIVE,OFFICER,ACCOUNT EXECUTIVE,G2,S1 Komunikasi/Hubungan Masyarakat,1,S1,3T,Komunikasi dan Umum,2,0.662
2753,2023,HOLDING,UID Kaltimra,,OFFICER ADMINISTRASI DAN UMUM,OFFICER,ADMINISTRASI DAN UMUM,G2,S1 Komunikasi/Hubungan Masyarakat,1,S1,3T,Komunikasi dan Umum,2,0.662
2754,2023,HOLDING,UID Kaltimra,,OFFICER KEUANGAN DAN ANGGARAN,OFFICER,KEUANGAN DAN ANGGARAN,G2,S1 Akuntansi/Administrasi Fiskal,1,S1,3T,Keuangan dan Akuntansi,2,0.662
2755,2023,HOLDING,UID Kaltimra,,OFFICER KINERJA JARINGAN DAN KONSTRUKSI DISTRIBUSI,OFFICER,KINERJA JARINGAN DAN KONSTRUKSI DISTRIBUSI,G2,S1 Teknik Elektro/Teknik Listrik,1,S1,3T,Distribusi,2,0.662
2756,2023,HOLDING,UID Kaltimra,,OFFICER KINERJA TRANSAKSI ENERGI LISTRIK,OFFICER,KINERJA TRANSAKSI ENERGI LISTRIK,G2,S1 Teknik Elektro/Teknik Listrik,1,S1,3T,Distribusi,2,0.662
2757,2023,HOLDING,UID Kaltimra,,OFFICER PERENCANAAN DAN EVALUASI SISTEM DISTRIBUSI,OFFICER,PERENCANAAN DAN EVALUASI SISTEM DISTRIBUSI,G2,S1 Teknik Kimia/Teknik Lingkungan,1,S1,3T,Perencanaan Sistem,2,0.662
2758,2023,HOLDING,UID Kaltimra,,OFFICER PRIORITY ACCOUNT EXECUTIVE,OFFICER,PRIORITY ACCOUNT EXECUTIVE,G2,S1 Komunikasi/Hubungan Masyarakat,1,S1,3T,Komunikasi dan Umum,2,0.662
2759,2023,HOLDING,UID Kaltimra,,TECHNICIAN PEMELIHARAAN METER TRANSAKSI,TECHNICIAN,PEMELIHARAAN METER TRANSAKSI,G2,S1 Teknik Elektro/Teknik Listrik,1,S1,3T,Distribusi,2,0.662
2760,2023,HOLDING,UID Kaltimra,,TECHNICIAN PENGELOLAAN KONSTRUKSI DISTRIBUSI,TECHNICIAN,PENGELOLAAN KONSTRUKSI DISTRIBUSI,G2,S1 Teknik Elektro/Teknik Listrik,1,S1,3T,Distribusi,2,0.662
2761,2023,HOLDING,UID Kaltimra,,TECHNICIAN PENGENDALIAN SUSUT,TECHNICIAN,PENGENDALIAN SUSUT,G2,S1 Teknik Elektro/Teknik Listrik,1,S1,3T,Distribusi,2,0.662
2762,2023,HOLDING,UID S2JB,,OFFICER PELAKSANA PENGADAAN,OFFICER,PELAKSANA PENGADAAN,G2,S1 Logistik/Supply Chain Management,1,S1,3T,Manajemen Konstruksi dan Pengadaan,2,0.66
2763,2023,HOLDING,UIP Sumatera Bag Utara,,TECHNICIAN PENGENDALIAN KONSTRUKSI,TECHNICIAN,PENGENDALIAN KONSTRUKSI,G2,S1 Logistik/Supply Chain Management,1,S1,Rekrut 2023,Manajemen Konstruksi dan Pengadaan,2,0.658
2764,2023,HOLDING,UID Sulselrabar,,OFFICER KINERJA NIAGA DAN PEMASARAN,OFFICER,KINERJA NIAGA DAN PEMASARAN,G2,S1 Manajemen Pemasaran/Digital Marketing Dan Analytics,1,S1,3T,Niaga dan Pemasaran,2,0.656
2765,2023,HOLDING,UID Sumut,,OFFICER LOGISTIK,OFFICER,LOGISTIK,G2,S1 Logistik/Supply Chain Management,1,S1,Rekrut 2023,Manajemen Konstruksi dan Pengadaan,2,0.649
2766,2023,HOLDING,UIT JBT,,TECHNICIAN JARINGAN TRANSMISI DAN GARDU INDUK,TECHNICIAN,JARINGAN TRANSMISI DAN GARDU INDUK,G2,S1 Teknik Elektro/Teknik Listrik,1,S1,Rekrut 2023,Transmisi dan Gardu Induk,2,0.642
2767,2023,HOLDING,UIT JBT,,TECHNICIAN JARINGAN TRANSMISI DAN GARDU INDUK TEGANGAN EKSTRA TINGGI,TECHNICIAN,JARINGAN TRANSMISI DAN GARDU INDUK TEGANGAN EKSTRA TINGGI,G2,S1 Teknik Elektro/Teknik Listrik,1,S1,Rekrut 2023,Transmisi dan Gardu Induk,2,0.642
2768,2023,HOLDING,UIT JBT,,TECHNICIAN PDKB GI/GITET,TECHNICIAN,PDKB GI/GITET,G2,S1 Teknik Elektro/Teknik Listrik,1,S1,Rekrut 2023,Transmisi dan Gardu Induk,2,0.642
2769,2023,HOLDING,UIT JBT,,TECHNICIAN PDKB SUTT/SUTET,TECHNICIAN,PDKB SUTT/SUTET,G2,S1 Teknik Elektro/Teknik Listrik,1,S1,Rekrut 2023,Transmisi dan Gardu Induk,2,0.642
2770,2023,HOLDING,UIP JBB,,"OFFICER ASET, PERTANAHAN DAN ROW",OFFICER,"ASET, PERTANAHAN DAN ROW",G2,S1 Logistik/Supply Chain Management,1,S1,Rekrut 2023,Manajemen Konstruksi dan Pengadaan,2,0.64
2771,2023,HOLDING,UIP JBB,,OFFICER PELAKSANA PENGADAAN,OFFICER,PELAKSANA PENGADAAN,G2,S1 Logistik/Supply Chain Management,1,S1,Rekrut 2023,Manajemen Konstruksi dan Pengadaan,2,0.64
2772,2023,HOLDING,UIP JBB,,OFFICER PERIZINAN DAN PERTANAHAN,OFFICER,PERIZINAN DAN PERTANAHAN,G2,S1 Logistik/Supply Chain Management,1,S1,Rekrut 2023,Manajemen Konstruksi dan Pengadaan,2,0.64
2773,2023,HOLDING,UIW Bangka Belitung,,OFFICER KINERJA KEUANGAN DAN UMUM,OFFICER,KINERJA KEUANGAN DAN UMUM,G2,S1 Akuntansi/Administrasi Fiskal,1,S1,Rekrut 2023,Keuangan dan Akuntansi,2,0.64
2774,2023,HOLDING,UID Jawa Tengah & DIY,,TECHNICIAN TEKNIK LAYANAN PELANGGAN,TECHNICIAN,TEKNIK LAYANAN PELANGGAN,G2,S1 Teknik Elektro/Teknik Listrik,1,S1,Rekrut 2023,Distribusi,2,0.635
2775,2023,HOLDING,UID Banten,,OFFICER KINERJA KONSTRUKSI DISTRIBUSI,OFFICER,KINERJA KONSTRUKSI DISTRIBUSI,G2,S1 Teknik Elektro/Teknik Listrik,1,S1,Rekrut 2023,Distribusi,2,0.631
2776,2023,HOLDING,UID Banten,,OFFICER PELAKSANA PENGADAAN,OFFICER,PELAKSANA PENGADAAN,G2,S1 Logistik/Supply Chain Management,1,S1,Rekrut 2023,Manajemen Konstruksi dan Pengadaan,2,0.631
2777,2023,HOLDING,UID Banten,,TECHNICIAN TEKNIK LAYANAN PELANGGAN,TECHNICIAN,TEKNIK LAYANAN PELANGGAN,G2,S1 Teknik Elektro/Teknik Listrik,1,S1,Rekrut 2023,Distribusi,2,0.631
2778,2023,HOLDING,UIT JBTB,,OFFICER ADMINISTRASI DAN UMUM,OFFICER,ADMINISTRASI DAN UMUM,G2,S1 Komunikasi/Hubungan Masyarakat,1,S1,Rekrut 2023,Komunikasi dan Umum,2,0.63
2779,2023,HOLDING,UIT JBTB,,TECHNICIAN JARINGAN TRANSMISI DAN GARDU INDUK TEGANGAN EKSTRA TINGGI,TECHNICIAN,JARINGAN TRANSMISI DAN GARDU INDUK TEGANGAN EKSTRA TINGGI,G2,S1 Teknik Elektro/Teknik Listrik,1,S1,Rekrut 2023,Transmisi dan Gardu Induk,2,0.63
2780,2023,HOLDING,UID Suluttenggo,,OFFICER OPERASI DAN PEMELIHARAAN SISTEM DISTRIBUSI,OFFICER,OPERASI DAN PEMELIHARAAN SISTEM DISTRIBUSI,G2,S1 Teknik Elektro/Teknik Listrik,1,S1,3T,Distribusi,2,0.621
2781,2023,HOLDING,UID Suluttenggo,,OFFICER PERENCANAAN SISTEM KELISTRIKAN,OFFICER,PERENCANAAN SISTEM KELISTRIKAN,G2,S1 Teknik Kimia/Teknik Lingkungan,1,S1,3T,Perencanaan Sistem,2,0.621
2782,2023,HOLDING,UID Suluttenggo,,OFFICER STRATEGI PEMASARAN,OFFICER,STRATEGI PEMASARAN,G2,S1 Manajemen Pemasaran/Digital Marketing Dan Analytics,1,S1,3T,Niaga dan Pemasaran,2,0.621
2783,2023,HOLDING,UID Suluttenggo,,TECHNICIAN PENGATURAN OPERASI (PALU),TECHNICIAN,PENGATURAN OPERASI (PALU),G2,S1 Teknik Kimia/Teknik Lingkungan,1,S1,3T,Perencanaan Sistem,2,0.621
2784,2023,HOLDING,UID Suluttenggo,,TECHNICIAN PENGENDALIAN SUSUT,TECHNICIAN,PENGENDALIAN SUSUT,G2,S1 Teknik Elektro/Teknik Listrik,1,S1,3T,Distribusi,2,0.621
2785,2023,HOLDING,UIP Sumatera Bag Tengah,,"OFFICER KEUANGAN, PERIZINAN, PERTANAHAN DAN UMUM",OFFICER,"KEUANGAN, PERIZINAN, PERTANAHAN DAN UMUM",G2,S1 Logistik/Supply Chain Management,1,S1,Rekrut 2023,Manajemen Konstruksi dan Pengadaan,2,0.617
2786,2023,HOLDING,PUSDIKLAT,,OFFICER PENYELENGGARAAN PEMBELAJARAN NON TEKNIK,OFFICER,PENYELENGGARAAN PEMBELAJARAN NON TEKNIK,G2,S1 Psikologi/Kepegawaian,1,S1,Rekrut 2023,Sumber Daya Manusia,2,0.61
2787,2023,HOLDING,UID Jakarta Raya,,OFFICER KINERJA PEMASARAN,OFFICER,KINERJA PEMASARAN,G2,S1 Manajemen Pemasaran/Digital Marketing Dan Analytics,1,S1,Rekrut 2023,Niaga dan Pemasaran,2,0.599
2788,2023,HOLDING,UID Jakarta Raya,,OFFICER KINERJA PEMELIHARAAN,OFFICER,KINERJA PEMELIHARAAN,G2,S1 Teknik Industri/Teknik Material,1,S1,Rekrut 2023,Perencanaan dan Kinerja,2,0.599
2789,2023,HOLDING,UID Jakarta Raya,,OFFICER PERENCANAAN DAN EVALUASI SISTEM DISTRIBUSI,OFFICER,PERENCANAAN DAN EVALUASI SISTEM DISTRIBUSI,G2,S1 Teknik Kimia/Teknik Lingkungan,1,S1,Rekrut 2023,Perencanaan Sistem,2,0.599
2790,2023,HOLDING,UID Kalselteng,,OFFICER ACCOUNT EXECUTIVE,OFFICER,ACCOUNT EXECUTIVE,G2,S1 Komunikasi/Hubungan Masyarakat,1,S1,3T,Komunikasi dan Umum,2,0.598
2791,2023,HOLDING,UID Kalselteng,,OFFICER KINERJA TRANSAKSI ENERGI LISTRIK,OFFICER,KINERJA TRANSAKSI ENERGI LISTRIK,G2,S1 Teknik Elektro/Teknik Listrik,1,S1,3T,Distribusi,2,0.598
2792,2023,HOLDING,UID Kalselteng,,OFFICER MAPPING DATA JARINGAN DAN PELANGGAN,OFFICER,MAPPING DATA JARINGAN DAN PELANGGAN,G2,S1 Teknik Elektro/Teknik Listrik,1,S1,3T,Distribusi,2,0.598
2793,2023,HOLDING,UID Kalselteng,,OFFICER PELAKSANA PENGADAAN,OFFICER,PELAKSANA PENGADAAN,G2,S1 Logistik/Supply Chain Management,1,S1,3T,Manajemen Konstruksi dan Pengadaan,2,0.598
2794,2023,HOLDING,UID Kalselteng,,OFFICER PERENCANAAN DAN KINERJA,OFFICER,PERENCANAAN DAN KINERJA,G2,S1 Teknik Industri/Teknik Material,1,S1,3T,Perencanaan dan Kinerja,2,0.598
2795,2023,HOLDING,UID Kalselteng,,OFFICER PERENCANAAN SISTEM KELISTRIKAN,OFFICER,PERENCANAAN SISTEM KELISTRIKAN,G2,S1 Teknik Kimia/Teknik Lingkungan,1,S1,3T,Perencanaan Sistem,2,0.598
2796,2023,HOLDING,UID Kalselteng,,TECHNICIAN KONSTRUKSI LISTRIK PERDESAAN,TECHNICIAN,KONSTRUKSI LISTRIK PERDESAAN,G2,S1 Teknik Elektro/Teknik Listrik,1,S1,3T,Distribusi,2,0.598
2797,2023,HOLDING,UID Kalselteng,,TECHNICIAN PENGENDALIAN LISTRIK PERDESAAN,TECHNICIAN,PENGENDALIAN LISTRIK PERDESAAN,G2,S1 Teknik Elektro/Teknik Listrik,1,S1,3T,Distribusi,2,0.598
2798,2023,HOLDING,UIW NusaTenggara Barat,,TECHNICIAN PDKB,TECHNICIAN,PDKB,G2,S1 Teknik Elektro/Teknik Listrik,1,S1,3T,Distribusi,2,0.596
2799,2023,HOLDING,UIW NusaTenggara Barat,,TECHNICIAN PEMELIHARAAN GARDU INDUK,TECHNICIAN,PEMELIHARAAN GARDU INDUK,G2,S1 Teknik Elektro/Teknik Listrik,1,S1,3T,Transmisi dan Gardu Induk,2,0.596
2800,2023,HOLDING,UID Bali,,OFFICER KEUANGAN DAN ANGGARAN,OFFICER,KEUANGAN DAN ANGGARAN,G2,S1 Akuntansi/Administrasi Fiskal,1,S1,Rekrut 2023,Keuangan dan Akuntansi,2,0.595
2801,2023,HOLDING,UID Bali,,TECHNICIAN PENGATURAN OPERASI,TECHNICIAN,PENGATURAN OPERASI,G2,S1 Teknik Kimia/Teknik Lingkungan,1,S1,Rekrut 2023,Perencanaan Sistem,2,0.595
2802,2023,HOLDING,UIP JBTB,,OFFICER ADMINISTRASI DAN UMUM,OFFICER,ADMINISTRASI DAN UMUM,G2,S1 Komunikasi/Hubungan Masyarakat,1,S1,Rekrut 2023,Komunikasi dan Umum,2,0.592
2803,2023,HOLDING,UIP JBTB,,OFFICER PELAKSANA PENGADAAN,OFFICER,PELAKSANA PENGADAAN,G2,S1 Logistik/Supply Chain Management,1,S1,Rekrut 2023,Manajemen Konstruksi dan Pengadaan,2,0.592
2804,2023,HOLDING,UIP JBTB,,OFFICER PENGENDALIAN KONSTRUKSI,OFFICER,PENGENDALIAN KONSTRUKSI,G2,S1 Logistik/Supply Chain Management,1,S1,Rekrut 2023,Manajemen Konstruksi dan Pengadaan,2,0.592
2805,2023,HOLDING,UIP JBTB,,OFFICER PERENCANAAN UMUM DAN KINERJA,OFFICER,PERENCANAAN UMUM DAN KINERJA,G2,S1 Komunikasi/Hubungan Masyarakat,1,S1,Rekrut 2023,Komunikasi dan Umum,2,0.592
2806,2023,HOLDING,UID Sulselrabar,,OFFICER PELAKSANA PENGADAAN,OFFICER,PELAKSANA PENGADAAN,G2,S1 Logistik/Supply Chain Management,1,S1,3T,Manajemen Konstruksi dan Pengadaan,2,0.591
2807,2023,HOLDING,UIP Kalimantan Bag Timur,,OFFICER ADMINISTRASI TEKNIK,OFFICER,ADMINISTRASI TEKNIK,G2,S1 Komunikasi/Hubungan Masyarakat,1,S1,3T,Komunikasi dan Umum,2,0.59
2808,2023,HOLDING,UIP Kalimantan Bag Timur,,OFFICER PELAKSANA PENGADAAN,OFFICER,PELAKSANA PENGADAAN,G2,S1 Logistik/Supply Chain Management,1,S1,3T,Manajemen Konstruksi dan Pengadaan,2,0.59
2809,2023,HOLDING,UIP Kalimantan Bag Timur,,OFFICER PERENCANAAN UMUM DAN KINERJA,OFFICER,PERENCANAAN UMUM DAN KINERJA,G2,S1 Komunikasi/Hubungan Masyarakat,1,S1,3T,Komunikasi dan Umum,2,0.59
2810,2023,HOLDING,Kantor Pusat,,OFFICER AUDIT INVESTIGASI 1B,OFFICER,AUDIT INVESTIGASI 1B,G2,S1 Akuntansi/Administrasi Fiskal,1,S1,Rekrut 2023,Audit dan Risiko,2,0.588
2811,2023,HOLDING,Kantor Pusat,,OFFICER AUDIT INVESTIGASI 2A,OFFICER,AUDIT INVESTIGASI 2A,G2,S1 Akuntansi/Administrasi Fiskal,1,S1,Rekrut 2023,Audit dan Risiko,2,0.588
2812,2023,HOLDING,Kantor Pusat,,"OFFICER AUDIT KONSTRUKSI, PEMBANGKITAN, DAN EBT 2A",OFFICER,"AUDIT KONSTRUKSI, PEMBANGKITAN, DAN EBT 2A",G2,S1 Teknik Mesin/Konversi Energi,1,S1,Rekrut 2023,Pembangkitan,2,0.588
2813,2023,HOLDING,Kantor Pusat,,"OFFICER AUDIT KONSTRUKSI, PEMBANGKITAN, DAN EBT 2B",OFFICER,"AUDIT KONSTRUKSI, PEMBANGKITAN, DAN EBT 2B",G2,S1 Teknik Mesin/Konversi Energi,1,S1,Rekrut 2023,Pembangkitan,2,0.588
2814,2023,HOLDING,Kantor Pusat,,"OFFICER AUDIT KONSTRUKSI, PEMBANGKITAN, DAN EBT 3B",OFFICER,"AUDIT KONSTRUKSI, PEMBANGKITAN, DAN EBT 3B",G2,S1 Teknik Mesin/Konversi Energi,1,S1,Rekrut 2023,Pembangkitan,2,0.588
2815,2023,HOLDING,Kantor Pusat,,OFFICER AUDIT TRANSMISI DAN DISTRIBUSI 1C,OFFICER,AUDIT TRANSMISI DAN DISTRIBUSI 1C,G2,S1 Teknik Elektro/Teknik Listrik,1,S1,Rekrut 2023,Transmisi dan Gardu Induk,2,0.588
2816,2023,HOLDING,Kantor Pusat,,OFFICER AUDIT TRANSMISI DAN DISTRIBUSI 1D,OFFICER,AUDIT TRANSMISI DAN DISTRIBUSI 1D,G2,S1 Teknik Elektro/Teknik Listrik,1,S1,Rekrut 2023,Transmisi dan Gardu Induk,2,0.588
2817,2023,HOLDING,Kantor Pusat,,OFFICER AUDIT TRANSMISI DAN DISTRIBUSI 2C,OFFICER,AUDIT TRANSMISI DAN DISTRIBUSI 2C,G2,S1 Teknik Elektro/Teknik Listrik,1,S1,Rekrut 2023,Transmisi dan Gardu Induk,2,0.588
2818,2023,HOLDING,Kantor Pusat,,OFFICER AUDIT TRANSMISI DAN DISTRIBUSI 3A,OFFICER,AUDIT TRANSMISI DAN DISTRIBUSI 3A,G2,S1 Teknik Elektro/Teknik Listrik,1,S1,Rekrut 2023,Transmisi dan Gardu Induk,2,0.588
2819,2023,HOLDING,Kantor Pusat,,OFFICER AUDIT TRANSMISI DAN DISTRIBUSI 3C,OFFICER,AUDIT TRANSMISI DAN DISTRIBUSI 3C,G2,S1 Teknik Elektro/Teknik Listrik,1,S1,Rekrut 2023,Transmisi dan Gardu Induk,2,0.588
2820,2023,HOLDING,Kantor Pusat,,OFFICER ERP FINANCE AND ACCOUNTING,OFFICER,ERP FINANCE AND ACCOUNTING,G2,S1 Komunikasi/Hubungan Masyarakat,1,S1,Rekrut 2023,Komunikasi dan Umum,2,0.588
2821,2023,HOLDING,Kantor Pusat,,OFFICER ERP HUMAN CAPITAL AND QUALITY CONTROL,OFFICER,ERP HUMAN CAPITAL AND QUALITY CONTROL,G2,S1 Psikologi/Kepegawaian,1,S1,Rekrut 2023,Sumber Daya Manusia,2,0.588
2822,2023,HOLDING,Kantor Pusat,,OFFICER JAMINAN KUALITAS AUDIT,OFFICER,JAMINAN KUALITAS AUDIT,G2,S1 Akuntansi/Administrasi Fiskal,1,S1,Rekrut 2023,Audit dan Risiko,2,0.588
2823,2023,HOLDING,Kantor Pusat,,OFFICER KONSULTANSI AUDIT 3A,OFFICER,KONSULTANSI AUDIT 3A,G2,S1 Akuntansi/Administrasi Fiskal,1,S1,Rekrut 2023,Audit dan Risiko,2,0.588
2824,2023,HOLDING,Kantor Pusat,,OFFICER KONSULTANSI AUDIT 3B,OFFICER,KONSULTANSI AUDIT 3B,G2,S1 Akuntansi/Administrasi Fiskal,1,S1,Rekrut 2023,Audit dan Risiko,2,0.588
2825,2023,HOLDING,Kantor Pusat,,OFFICER MARKET INTELLIGENCE DAN EKONOMI ANALITIS,OFFICER,MARKET INTELLIGENCE DAN EKONOMI ANALITIS,G2,S1 Komunikasi/Hubungan Masyarakat,1,S1,Rekrut 2023,Komunikasi dan Umum,2,0.588
2826,2023,HOLDING,Kantor Pusat,,OFFICER PELAYANAN HUMAN CAPITAL MEDAN,OFFICER,PELAYANAN HUMAN CAPITAL MEDAN,G2,S1 Psikologi/Kepegawaian,1,S1,Rekrut 2023,Sumber Daya Manusia,2,0.588
2827,2023,HOLDING,Kantor Pusat,,OFFICER PENGEMBANGAN TALENTA UID JAWA BARAT,OFFICER,PENGEMBANGAN TALENTA UID JAWA BARAT,G2,S1 Psikologi/Kepegawaian,1,S1,Rekrut 2023,Sumber Daya Manusia,2,0.588
2828,2023,HOLDING,Kantor Pusat,,OFFICER PENGEMBANGAN TALENTA UID JAWA TENGAH DAN D.I. YOGYAKARTA,OFFICER,PENGEMBANGAN TALENTA UID JAWA TENGAH DAN D.I. YOGYAKARTA,G2,S1 Psikologi/Kepegawaian,1,S1,Rekrut 2023,Sumber Daya Manusia,2,0.588
2829,2023,HOLDING,Kantor Pusat,,"OFFICER RISIKO KONSTRUKSI JAWA, MADURA, BALI, MALUKU, PAPUA, DAN NUSA TENGGARA",OFFICER,"RISIKO KONSTRUKSI JAWA, MADURA, BALI, MALUKU, PAPUA, DAN NUSA TENGGARA",G2,S1 Logistik/Supply Chain Management,1,S1,Rekrut 2023,Manajemen Konstruksi dan Pengadaan,2,0.588
2830,2023,HOLDING,Kantor Pusat,,OFFICER STRATEGI AUDIT,OFFICER,STRATEGI AUDIT,G2,S1 Akuntansi/Administrasi Fiskal,1,S1,Rekrut 2023,Audit dan Risiko,2,0.588
2831,2023,HOLDING,Kantor Pusat,,TECHNICIAN KONSTRUKSI JARINGAN,TECHNICIAN,KONSTRUKSI JARINGAN,G2,S1 Teknik Elektro/Teknik Listrik,1,S1,Rekrut 2023,Distribusi,2,0.588
2832,2023,HOLDING,UID Riau & Kepri,,OFFICER KINERJA KEUANGAN DAN UMUM,OFFICER,KINERJA KEUANGAN DAN UMUM,G2,S1 Akuntansi/Administrasi Fiskal,1,S1,Rekrut 2023,Keuangan dan Akuntansi,2,0.586
2833,2023,HOLDING,UIP JBT,,OFFICER PENGENDALIAN KONSTRUKSI,OFFICER,PENGENDALIAN KONSTRUKSI,G2,S1 Logistik/Supply Chain Management,1,S1,Rekrut 2023,Manajemen Konstruksi dan Pengadaan,2,0.585
2834,2023,HOLDING,Pusat Pengatur Beban,,TECHNICIAN OPERASI SISTEM A,TECHNICIAN,OPERASI SISTEM A,G2,S1 Teknik Kimia/Teknik Lingkungan,1,S1,Rekrut 2023,Perencanaan Sistem,2,0.585
2835,2023,HOLDING,Pusat Pengatur Beban,,TECHNICIAN OPERASI SISTEM E,TECHNICIAN,OPERASI SISTEM E,G2,S1 Teknik Kimia/Teknik Lingkungan,1,S1,Rekrut 2023,Perencanaan Sistem,2,0.585
2836,2023,HOLDING,UID Sumut,,OFFICER ADMINISTRASI DAN UMUM,OFFICER,ADMINISTRASI DAN UMUM,G2,S1 Komunikasi/Hubungan Masyarakat,1,S1,Rekrut 2023,Komunikasi dan Umum,2,0.584
2837,2023,HOLDING,UID Sumut,,OFFICER KINERJA NIAGA DAN PEMASARAN,OFFICER,KINERJA NIAGA DAN PEMASARAN,G2,S1 Manajemen Pemasaran/Digital Marketing Dan Analytics,1,S1,Rekrut 2023,Niaga dan Pemasaran,2,0.584
2838,2023,HOLDING,UIP3B Kalimantan,,OFFICER KINERJA DAN PERENCANAAN,OFFICER,KINERJA DAN PERENCANAAN,G2,S1 Teknik Industri/Teknik Material,1,S1,3T,Perencanaan dan Kinerja,2,0.579
2839,2023,HOLDING,UIP3B Kalimantan,,OFFICER PELAKSANA PENGADAAN,OFFICER,PELAKSANA PENGADAAN,G2,S1 Logistik/Supply Chain Management,1,S1,3T,Manajemen Konstruksi dan Pengadaan,2,0.579
2840,2023,HOLDING,UIP3B Kalimantan,,"OFFICER PENGENDALIAN PEMELIHARAAN ASET JARINGAN, GI, DAN PROTEKSI",OFFICER,"PENGENDALIAN PEMELIHARAAN ASET JARINGAN, GI, DAN PROTEKSI",G2,S1 Teknik Elektro/Teknik Listrik,1,S1,3T,Proteksi dan Kontrol,2,0.579
2841,2023,HOLDING,UIP3B Kalimantan,,OFFICER PERENCANAAN PENGUSAHAAN DAN KINERJA,OFFICER,PERENCANAAN PENGUSAHAAN DAN KINERJA,G2,S1 Teknik Industri/Teknik Material,1,S1,3T,Perencanaan dan Kinerja,2,0.579
2842,2023,HOLDING,UIP3B Kalimantan,,OFFICER UMUM,OFFICER,UMUM,G2,S1 Komunikasi/Hubungan Masyarakat,1,S1,3T,Komunikasi dan Umum,2,0.579
2843,2023,HOLDING,UIP3B Kalimantan,,TECHNICIAN ENJINIRING,TECHNICIAN,ENJINIRING,G2,S1 Teknik Kimia/Teknik Lingkungan,1,S1,3T,Perencanaan Sistem,2,0.579
2844,2023,HOLDING,UIT JBB,,OFFICER ADMINISTRASI DAN UMUM,OFFICER,ADMINISTRASI DAN UMUM,G2,S1 Komunikasi/Hubungan Masyarakat,1,S1,Rekrut 2023,Komunikasi dan Umum,2,0.569
2845,2023,HOLDING,UIT JBB,,OFFICER LABORATORIUM,OFFICER,LABORATORIUM,G2,S1 Komunikasi/Hubungan Masyarakat,1,S1,Rekrut 2023,Komunikasi dan Umum,2,0.569
2846,2023,HOLDING,UIT JBB,,OFFICER LINGKUNGAN,OFFICER,LINGKUNGAN,G2,S1 Keselamatan Dan Kesehatan Kerja/Kesehatan Masyarakat K3,1,S1,Rekrut 2023,K3 dan Lingkungan,2,0.569
2847,2023,HOLDING,UIT JBB,,"OFFICER MANAJEMEN RISIKO, KEPATUHAN DAN SISTEM MANAJEMEN TERINTEGRASI",OFFICER,"MANAJEMEN RISIKO, KEPATUHAN DAN SISTEM MANAJEMEN TERINTEGRASI",G2,S1 Hukum/Public Policy,1,S1,Rekrut 2023,Hukum dan Kepatuhan,2,0.569
2848,2023,HOLDING,UIT JBB,,OFFICER PENGENDALIAN KONSTRUKSI DAN ADMINISTRASI KONTRAK,OFFICER,PENGENDALIAN KONSTRUKSI DAN ADMINISTRASI KONTRAK,G2,S1 Logistik/Supply Chain Management,1,S1,Rekrut 2023,Manajemen Konstruksi dan Pengadaan,2,0.569
2849,2023,HOLDING,UIT JBB,,"TECHNICIAN PEMELIHARAAN PROTEKSI, METER, DAN OTOMASI TRANSMISI DAN GARDUINDUK",TECHNICIAN,"PEMELIHARAAN PROTEKSI, METER, DAN OTOMASI TRANSMISI DAN GARDUINDUK",G2,S1 Teknik Elektro/Teknik Listrik,1,S1,Rekrut 2023,Transmisi dan Gardu Induk,2,0.569
2850,2023,HOLDING,UIP Kalimantan Bag Barat,,OFFICER PERIZINAN DAN PERTANAHAN,OFFICER,PERIZINAN DAN PERTANAHAN,G2,S1 Logistik/Supply Chain Management,1,S1,3T,Manajemen Konstruksi dan Pengadaan,2,0.564
2851,2023,HOLDING,UIT JBT,,OFFICER KEUANGAN DAN AKUNTANSI,OFFICER,KEUANGAN DAN AKUNTANSI,G2,S1 Akuntansi/Administrasi Fiskal,1,S1,Rekrut 2023,Keuangan dan Akuntansi,2,0.562
2852,2023,HOLDING,UIT JBT,,OFFICER PELAKSANA PENGADAAN,OFFICER,PELAKSANA PENGADAAN,G2,S1 Logistik/Supply Chain Management,1,S1,Rekrut 2023,Manajemen Konstruksi dan Pengadaan,2,0.562
2853,2023,HOLDING,UIT JBT,,OFFICER PERENCANAAN PENGUSAHAAN,OFFICER,PERENCANAAN PENGUSAHAAN,G2,S1 Teknik Industri/Teknik Material,1,S1,Rekrut 2023,Perencanaan dan Kinerja,2,0.562
2854,2023,HOLDING,UIT JBT,,TECHNICIAN PEMELIHARAAN GARDU INDUK,TECHNICIAN,PEMELIHARAAN GARDU INDUK,G2,S1 Teknik Elektro/Teknik Listrik,1,S1,Rekrut 2023,Transmisi dan Gardu Induk,2,0.562
2855,2023,HOLDING,UID Kalbar,,"OFFICER KESELAMATAN, KESEHATAN KERJA, LINGKUNGAN DAN KEAMANAN",OFFICER,"KESELAMATAN, KESEHATAN KERJA, LINGKUNGAN DAN KEAMANAN",G2,S1 Keselamatan Dan Kesehatan Kerja/Kesehatan Masyarakat K3,1,S1,3T,K3 dan Lingkungan,2,0.559
2856,2023,HOLDING,UID Kalbar,,OFFICER KEUANGAN DAN AKUNTANSI,OFFICER,KEUANGAN DAN AKUNTANSI,G2,S1 Akuntansi/Administrasi Fiskal,1,S1,3T,Keuangan dan Akuntansi,2,0.559
2857,2023,HOLDING,UID Kalbar,,OFFICER PRIORITY ACCOUNT EXECUTIVE,OFFICER,PRIORITY ACCOUNT EXECUTIVE,G2,S1 Komunikasi/Hubungan Masyarakat,1,S1,3T,Komunikasi dan Umum,2,0.559
2858,2023,HOLDING,UID Kalbar,,TECHNICIAN OPERASI DISTRIBUSI,TECHNICIAN,OPERASI DISTRIBUSI,G2,S1 Teknik Elektro/Teknik Listrik,1,S1,3T,Distribusi,2,0.559
2859,2023,HOLDING,UID Kalbar,,TECHNICIAN PEMELIHARAAN METER TRANSAKSI,TECHNICIAN,PEMELIHARAAN METER TRANSAKSI,G2,S1 Teknik Elektro/Teknik Listrik,1,S1,3T,Distribusi,2,0.559
2860,2023,HOLDING,UID Kalbar,,TECHNICIAN PENGELOLAAN KONSTRUKSI DISTRIBUSI,TECHNICIAN,PENGELOLAAN KONSTRUKSI DISTRIBUSI,G2,S1 Teknik Elektro/Teknik Listrik,1,S1,3T,Distribusi,2,0.559
2861,2023,HOLDING,UID Kalbar,,TECHNICIAN PENGENDALIAN LISTRIK PERDESAAN,TECHNICIAN,PENGENDALIAN LISTRIK PERDESAAN,G2,S1 Teknik Elektro/Teknik Listrik,1,S1,3T,Distribusi,2,0.559
2862,2023,HOLDING,UID Kalbar,,TECHNICIAN PENGENDALIAN SUSUT,TECHNICIAN,PENGENDALIAN SUSUT,G2,S1 Teknik Elektro/Teknik Listrik,1,S1,3T,Distribusi,2,0.559
2863,2023,HOLDING,UID Kalbar,,TECHNICIAN TRANSAKSI ENERGI LISTRIK,TECHNICIAN,TRANSAKSI ENERGI LISTRIK,G2,S1 Teknik Elektro/Teknik Listrik,1,S1,3T,Distribusi,2,0.559
2864,2023,HOLDING,UID Jawa Tengah & DIY,,OFFICER KINERJA PEMELIHARAAN,OFFICER,KINERJA PEMELIHARAAN,G2,S1 Teknik Industri/Teknik Material,1,S1,Rekrut 2023,Perencanaan dan Kinerja,2,0.555
2865,2023,HOLDING,UIP Sumatera Bag Utara,,OFFICER KEUANGAN DAN ANGGARAN,OFFICER,KEUANGAN DAN ANGGARAN,G2,S1 Akuntansi/Administrasi Fiskal,1,S1,Rekrut 2023,Keuangan dan Akuntansi,2,0.548
2866,2023,HOLDING,UIP Sumatera Bag Utara,,OFFICER PENGENDALIAN KONSTRUKSI,OFFICER,PENGENDALIAN KONSTRUKSI,G2,S1 Logistik/Supply Chain Management,1,S1,Rekrut 2023,Manajemen Konstruksi dan Pengadaan,2,0.548
2867,2023,HOLDING,UIP Sumatera Bag Utara,,OFFICER PERENCANAAN UMUM DAN KINERJA,OFFICER,PERENCANAAN UMUM DAN KINERJA,G2,S1 Komunikasi/Hubungan Masyarakat,1,S1,Rekrut 2023,Komunikasi dan Umum,2,0.548
2868,2023,HOLDING,UIP3B Sulawesi,,OFFICER KINERJA KEUANGAN DAN UMUM,OFFICER,KINERJA KEUANGAN DAN UMUM,G2,S1 Akuntansi/Administrasi Fiskal,1,S1,3T,Keuangan dan Akuntansi,2,0.544
2869,2023,HOLDING,UIP Nusa Tenggara,,OFFICER PENGENDALIAN KONSTRUKSI,OFFICER,PENGENDALIAN KONSTRUKSI,G2,S1 Logistik/Supply Chain Management,1,S1,3T,Manajemen Konstruksi dan Pengadaan,2,0.542
2870,2023,HOLDING,UIP Nusa Tenggara,,TECHNICIAN PENGENDALIAN KONSTRUKSI,TECHNICIAN,PENGENDALIAN KONSTRUKSI,G2,S1 Logistik/Supply Chain Management,1,S1,3T,Manajemen Konstruksi dan Pengadaan,2,0.542
2871,2023,HOLDING,UID Banten,,OFFICER ACCOUNT EXECUTIVE,OFFICER,ACCOUNT EXECUTIVE,G2,S1 Komunikasi/Hubungan Masyarakat,1,S1,Rekrut 2023,Komunikasi dan Umum,2,0.541
2872,2023,HOLDING,UID Banten,,"OFFICER KESELAMATAN, KESEHATAN KERJA, LINGKUNGAN DAN KEAMANAN",OFFICER,"KESELAMATAN, KESEHATAN KERJA, LINGKUNGAN DAN KEAMANAN",G2,S1 Keselamatan Dan Kesehatan Kerja/Kesehatan Masyarakat K3,1,S1,Rekrut 2023,K3 dan Lingkungan,2,0.541
2873,2023,HOLDING,UID Banten,,TECHNICIAN PEMELIHARAAN DISTRIBUSI,TECHNICIAN,PEMELIHARAAN DISTRIBUSI,G2,S1 Teknik Elektro/Teknik Listrik,1,S1,Rekrut 2023,Distribusi,2,0.541
2874,2023,HOLDING,UID Banten,,TECHNICIAN PENGENDALIAN KONSTRUKSI DISTRIBUSI,TECHNICIAN,PENGENDALIAN KONSTRUKSI DISTRIBUSI,G2,S1 Teknik Elektro/Teknik Listrik,1,S1,Rekrut 2023,Distribusi,2,0.541
2875,2023,HOLDING,P3B Sumatera,,OFFICER PERENCANA PENGADAAN,OFFICER,PERENCANA PENGADAAN,G2,S1 Logistik/Supply Chain Management,1,S1,Rekrut 2023,Manajemen Konstruksi dan Pengadaan,2,0.537
2876,2023,HOLDING,P3B Sumatera,,OFFICER UMUM,OFFICER,UMUM,G2,S1 Komunikasi/Hubungan Masyarakat,1,S1,Rekrut 2023,Komunikasi dan Umum,2,0.537
2877,2023,HOLDING,P3B Sumatera,,TECHNICIAN PEMELIHARAAN JARINGAN TRANSMISI,TECHNICIAN,PEMELIHARAAN JARINGAN TRANSMISI,G2,S1 Teknik Elektro/Teknik Listrik,1,S1,Rekrut 2023,Transmisi dan Gardu Induk,2,0.537
2878,2023,HOLDING,P3B Sumatera,,"TECHNICIAN PEMELIHARAAN PROTEKSI, METER, DAN OTOMASI TRANSMISI DAN GARDUINDUK",TECHNICIAN,"PEMELIHARAAN PROTEKSI, METER, DAN OTOMASI TRANSMISI DAN GARDUINDUK",G2,S1 Teknik Elektro/Teknik Listrik,1,S1,Rekrut 2023,Transmisi dan Gardu Induk,2,0.537
2879,2023,HOLDING,UID Jawa Barat,,OFFICER PENGENDALIAN OPERASI DAN PEMELIHARAAN,OFFICER,PENGENDALIAN OPERASI DAN PEMELIHARAAN,G2,S1 Teknik Elektro/Teknik Listrik,1,S1,Rekrut 2023,Distribusi,2,0.529
2880,2023,HOLDING,UID Jawa Timur,,OFFICER KOMUNIKASI,OFFICER,KOMUNIKASI,G2,S1 Komunikasi/Hubungan Masyarakat,1,S1,Rekrut 2023,Komunikasi dan Umum,2,0.526
2881,2023,HOLDING,UID Jawa Timur,,OFFICER LOGISTIK,OFFICER,LOGISTIK,G2,S1 Logistik/Supply Chain Management,1,S1,Rekrut 2023,Manajemen Konstruksi dan Pengadaan,2,0.526
2882,2023,HOLDING,PUSMANPRO,,TECHNICIAN QUALITY ASSURANCE AND QUALITY CONTROL JARINGAN,TECHNICIAN,QUALITY ASSURANCE AND QUALITY CONTROL JARINGAN,G2,S1 Teknik Elektro/Teknik Listrik,1,S1,Rekrut 2023,Distribusi,2,0.524
2883,2023,HOLDING,UIP Sumatera Bag Selatan,,"OFFICER ASET, PERTANAHAN DAN ROW",OFFICER,"ASET, PERTANAHAN DAN ROW",G2,S1 Logistik/Supply Chain Management,1,S1,Rekrut 2023,Manajemen Konstruksi dan Pengadaan,2,0.523
2884,2023,HOLDING,UIW NusaTenggara Barat,,TECHNICIAN ENJINIRING DAN KINERJA,TECHNICIAN,ENJINIRING DAN KINERJA,G2,S1 Teknik Kimia/Teknik Lingkungan,1,S1,3T,Perencanaan Sistem,2,0.522
2885,2023,HOLDING,UIP Sumatera Bag Tengah,,OFFICER PENGENDALIAN KONTRAK DAN RISIKO PROYEK,OFFICER,PENGENDALIAN KONTRAK DAN RISIKO PROYEK,G2,S1 Logistik/Supply Chain Management,1,S1,Rekrut 2023,Manajemen Konstruksi dan Pengadaan,2,0.514
2886,2023,HOLDING,UIP Sumatera Bag Tengah,,OFFICER PENGENDALIAN PROYEK,OFFICER,PENGENDALIAN PROYEK,G2,S1 Logistik/Supply Chain Management,1,S1,Rekrut 2023,Manajemen Konstruksi dan Pengadaan,2,0.514
2887,2023,HOLDING,UIP Sumatera Bag Tengah,,TECHNICIAN PENGENDALIAN KONTRAK DAN PELAPORAN,TECHNICIAN,PENGENDALIAN KONTRAK DAN PELAPORAN,G2,S1 Logistik/Supply Chain Management,1,S1,Rekrut 2023,Manajemen Konstruksi dan Pengadaan,2,0.514
2888,2023,HOLDING,UIP JBB,,"OFFICER KEUANGAN, PERIZINAN, PERTANAHAN DAN UMUM",OFFICER,"KEUANGAN, PERIZINAN, PERTANAHAN DAN UMUM",G2,S1 Logistik/Supply Chain Management,1,S1,Rekrut 2023,Manajemen Konstruksi dan Pengadaan,2,0.512
2889,2023,HOLDING,UIP JBB,,OFFICER LINGKUNGAN,OFFICER,LINGKUNGAN,G2,S1 Keselamatan Dan Kesehatan Kerja/Kesehatan Masyarakat K3,1,S1,Rekrut 2023,K3 dan Lingkungan,2,0.512
2890,2023,HOLDING,UIP JBB,,OFFICER LOGISTIK DAN KEPABEANAN,OFFICER,LOGISTIK DAN KEPABEANAN,G2,S1 Logistik/Supply Chain Management,1,S1,Rekrut 2023,Manajemen Konstruksi dan Pengadaan,2,0.512
2891,2023,HOLDING,UIP JBB,,OFFICER PERENCANAAN ELEKTROMEKANIK,OFFICER,PERENCANAAN ELEKTROMEKANIK,G2,S1 Teknik Mesin/Konversi Energi,1,S1,Rekrut 2023,Pembangkitan,2,0.512
2892,2023,HOLDING,UIP JBB,,OFFICER PERENCANAAN SIPIL,OFFICER,PERENCANAAN SIPIL,G2,S1 Logistik/Supply Chain Management,1,S1,Rekrut 2023,Manajemen Konstruksi dan Pengadaan,2,0.512
2893,2023,HOLDING,UIP JBB,,OFFICER PERENCANAAN UMUM DAN KINERJA,OFFICER,PERENCANAAN UMUM DAN KINERJA,G2,S1 Komunikasi/Hubungan Masyarakat,1,S1,Rekrut 2023,Komunikasi dan Umum,2,0.512
2894,2023,HOLDING,UIW NusaTenggaraTimur,,OFFICER ACCOUNT EXECUTIVE,OFFICER,ACCOUNT EXECUTIVE,G2,S1 Komunikasi/Hubungan Masyarakat,1,S1,3T,Komunikasi dan Umum,2,0.506
2895,2023,HOLDING,UIW NusaTenggaraTimur,,OFFICER KEUANGAN,OFFICER,KEUANGAN,G2,S1 Akuntansi/Administrasi Fiskal,1,S1,3T,Keuangan dan Akuntansi,2,0.506
2896,2023,HOLDING,UIW NusaTenggaraTimur,,OFFICER KINERJA JARINGAN DAN KONSTRUKSI DISTRIBUSI,OFFICER,KINERJA JARINGAN DAN KONSTRUKSI DISTRIBUSI,G2,S1 Teknik Elektro/Teknik Listrik,1,S1,3T,Distribusi,2,0.506
2897,2023,HOLDING,UIW NusaTenggaraTimur,,OFFICER KINERJA OPERASI DAN PEMELIHARAAN PEMBANGKIT,OFFICER,KINERJA OPERASI DAN PEMELIHARAAN PEMBANGKIT,G2,S1 Teknik Mesin/Konversi Energi,1,S1,3T,Pembangkitan,2,0.506
2898,2023,HOLDING,UIW NusaTenggaraTimur,,OFFICER PERENCANAAN LISTRIK PERDESAAN,OFFICER,PERENCANAAN LISTRIK PERDESAAN,G2,S1 Teknik Elektro/Teknik Listrik,1,S1,3T,Distribusi,2,0.506
2899,2023,HOLDING,UIW NusaTenggaraTimur,,TECHNICIAN PEMELIHARAAN DISTRIBUSI,TECHNICIAN,PEMELIHARAAN DISTRIBUSI,G2,S1 Teknik Elektro/Teknik Listrik,1,S1,3T,Distribusi,2,0.506
2900,2023,HOLDING,UIW NusaTenggaraTimur,,TECHNICIAN PENGENDALIAN SUSUT,TECHNICIAN,PENGENDALIAN SUSUT,G2,S1 Teknik Elektro/Teknik Listrik,1,S1,3T,Distribusi,2,0.506
2901,2023,HOLDING,UIT JBTB,,OFFICER LINGKUNGAN,OFFICER,LINGKUNGAN,G2,S1 Keselamatan Dan Kesehatan Kerja/Kesehatan Masyarakat K3,1,S1,Rekrut 2023,K3 dan Lingkungan,2,0.504
2902,2023,HOLDING,UIT JBTB,,OFFICER PERENCANAAN PENGUSAHAAN,OFFICER,PERENCANAAN PENGUSAHAAN,G2,S1 Teknik Industri/Teknik Material,1,S1,Rekrut 2023,Perencanaan dan Kinerja,2,0.504
2903,2023,HOLDING,UIT JBTB,,TECHNICIAN PEMELIHARAAN JARINGAN TRANSMISI,TECHNICIAN,PEMELIHARAAN JARINGAN TRANSMISI,G2,S1 Teknik Elektro/Teknik Listrik,1,S1,Rekrut 2023,Transmisi dan Gardu Induk,2,0.504
2904,2023,HOLDING,Pusat Pengatur Beban,,OFFICER OPERASI SISTEM PEMBANGKITAN,OFFICER,OPERASI SISTEM PEMBANGKITAN,G2,S1 Teknik Mesin/Konversi Energi,1,S1,Rekrut 2023,Pembangkitan,2,0.502
2905,2023,HOLDING,Pusat Pengatur Beban,,TECHNICIAN PROTEKSI SISTEM,TECHNICIAN,PROTEKSI SISTEM,G2,S1 Teknik Elektro/Teknik Listrik,1,S1,Rekrut 2023,Proteksi dan Kontrol,2,0.502
2906,2023,HOLDING,Pusat Pengatur Beban,,TECHNICIAN SCADA DAN MASTER STATION,TECHNICIAN,SCADA DAN MASTER STATION,G2,S1 Teknik Elektro/Teknik Listrik,1,S1,Rekrut 2023,Proteksi dan Kontrol,2,0.502
2907,2023,HOLDING,UIW Papua&Papua Barat,,OFFICER KOMUNIKASI DAN MANAJEMEN STAKEHOLDER,OFFICER,KOMUNIKASI DAN MANAJEMEN STAKEHOLDER,G2,S1 Komunikasi/Hubungan Masyarakat,1,S1,3T,Komunikasi dan Umum,2,0.502
2908,2023,HOLDING,UIW Papua&Papua Barat,,OFFICER LINGKUNGAN,OFFICER,LINGKUNGAN,G2,S1 Keselamatan Dan Kesehatan Kerja/Kesehatan Masyarakat K3,1,S1,3T,K3 dan Lingkungan,2,0.502
2909,2023,HOLDING,UIW Papua&Papua Barat,,OFFICER LOGISTIK,OFFICER,LOGISTIK,G2,S1 Logistik/Supply Chain Management,1,S1,3T,Manajemen Konstruksi dan Pengadaan,2,0.502
2910,2023,HOLDING,UIW Papua&Papua Barat,,OFFICER PENGENDALIAN SUSUT,OFFICER,PENGENDALIAN SUSUT,G2,S1 Teknik Elektro/Teknik Listrik,1,S1,3T,Distribusi,2,0.502
2911,2023,HOLDING,UIW Papua&Papua Barat,,OFFICER PERENCANA PENGADAAN,OFFICER,PERENCANA PENGADAAN,G2,S1 Logistik/Supply Chain Management,1,S1,3T,Manajemen Konstruksi dan Pengadaan,2,0.502
2912,2023,HOLDING,UIW Papua&Papua Barat,,TECHNICIAN ENERGI PRIMER DAN PELUMAS,TECHNICIAN,ENERGI PRIMER DAN PELUMAS,G2,S1 Teknik Mesin/Konversi Energi,1,S1,3T,Pembangkitan,2,0.502
2913,2023,HOLDING,UIW Papua&Papua Barat,,TECHNICIAN PENGENDALIAN OPERASI SISTEM,TECHNICIAN,PENGENDALIAN OPERASI SISTEM,G2,S1 Teknik Kimia/Teknik Lingkungan,1,S1,3T,Perencanaan Sistem,2,0.502
2914,2023,HOLDING,UIW Papua&Papua Barat,,TECHNICIAN PENGENDALIAN SUSUT,TECHNICIAN,PENGENDALIAN SUSUT,G2,S1 Teknik Elektro/Teknik Listrik,1,S1,3T,Distribusi,2,0.502
2915,2023,HOLDING,UID Kaltimra,,OFFICER PELAKSANA PENGADAAN,OFFICER,PELAKSANA PENGADAAN,G2,S1 Logistik/Supply Chain Management,1,S1,3T,Manajemen Konstruksi dan Pengadaan,2,0.497
2916,2023,HOLDING,UID Kaltimra,,OFFICER PERENCANAAN SISTEM KELISTRIKAN,OFFICER,PERENCANAAN SISTEM KELISTRIKAN,G2,S1 Teknik Kimia/Teknik Lingkungan,1,S1,3T,Perencanaan Sistem,2,0.497
2917,2023,HOLDING,UID Suluttenggo,,OFFICER AKUNTANSI,OFFICER,AKUNTANSI,G2,S1 Akuntansi/Administrasi Fiskal,1,S1,3T,Keuangan dan Akuntansi,2,0.497
2918,2023,HOLDING,UID Suluttenggo,,OFFICER KINERJA JARINGAN DAN KONSTRUKSI DISTRIBUSI,OFFICER,KINERJA JARINGAN DAN KONSTRUKSI DISTRIBUSI,G2,S1 Teknik Elektro/Teknik Listrik,1,S1,3T,Distribusi,2,0.497
2919,2023,HOLDING,UID Suluttenggo,,OFFICER KINERJA JARINGAN DISTRIBUSI,OFFICER,KINERJA JARINGAN DISTRIBUSI,G2,S1 Teknik Elektro/Teknik Listrik,1,S1,3T,Distribusi,2,0.497
2920,2023,HOLDING,UID Suluttenggo,,OFFICER PERENCANAAN DAN EVALUASI SISTEM DISTRIBUSI,OFFICER,PERENCANAAN DAN EVALUASI SISTEM DISTRIBUSI,G2,S1 Teknik Kimia/Teknik Lingkungan,1,S1,3T,Perencanaan Sistem,2,0.497
2921,2023,HOLDING,UID Suluttenggo,,OFFICER PERENCANAAN LISTRIK PERDESAAN,OFFICER,PERENCANAAN LISTRIK PERDESAAN,G2,S1 Teknik Elektro/Teknik Listrik,1,S1,3T,Distribusi,2,0.497
2922,2023,HOLDING,UID Suluttenggo,,TECHNICIAN PEMELIHARAAN METER TRANSAKSI,TECHNICIAN,PEMELIHARAAN METER TRANSAKSI,G2,S1 Teknik Elektro/Teknik Listrik,1,S1,3T,Distribusi,2,0.497
2923,2023,HOLDING,UID S2JB,,OFFICER ADMINISTRASI DAN UMUM,OFFICER,ADMINISTRASI DAN UMUM,G2,S1 Komunikasi/Hubungan Masyarakat,1,S1,3T,Komunikasi dan Umum,2,0.495
2924,2023,HOLDING,UID S2JB,,OFFICER PERENCANAAN DAN KINERJA,OFFICER,PERENCANAAN DAN KINERJA,G2,S1 Teknik Industri/Teknik Material,1,S1,3T,Perencanaan dan Kinerja,2,0.495
2925,2023,HOLDING,UIP Sulawesi,,"OFFICER KEUANGAN, PERIZINAN, PERTANAHAN DAN UMUM",OFFICER,"KEUANGAN, PERIZINAN, PERTANAHAN DAN UMUM",G2,S1 Logistik/Supply Chain Management,1,S1,3T,Manajemen Konstruksi dan Pengadaan,2,0.495
2926,2023,HOLDING,UIP Sulawesi,,TECHNICIAN PROJECT SITE,TECHNICIAN,PROJECT SITE,G2,S1 Teknik Elektro/Teknik Listrik,1,S1,3T,Distribusi,2,0.495
2927,2023,HOLDING,Kantor Pusat,,OFFICER AKUNTANSI TRANSAKSI KANTOR PUSAT,OFFICER,AKUNTANSI TRANSAKSI KANTOR PUSAT,G2,S1 Akuntansi/Administrasi Fiskal,1,S1,Rekrut 2023,Keuangan dan Akuntansi,2,0.49
2928,2023,HOLDING,Kantor Pusat,,OFFICER APLIKASI PELAYANAN PELANGGAN MOBILE,OFFICER,APLIKASI PELAYANAN PELANGGAN MOBILE,G2,S1 Manajemen Pemasaran/Digital Marketing Dan Analytics,1,S1,Rekrut 2023,Niaga dan Pemasaran,2,0.49
2929,2023,HOLDING,Kantor Pusat,,OFFICER AUDIT DATA ANALITIK DAN CONTINUOUS AUDIT 1,OFFICER,AUDIT DATA ANALITIK DAN CONTINUOUS AUDIT 1,G2,S1 Data Science/Teknik Informatika,1,S1,Rekrut 2023,Teknologi Informasi,2,0.49
2930,2023,HOLDING,Kantor Pusat,,OFFICER AUDIT INVESTIGASI 1A,OFFICER,AUDIT INVESTIGASI 1A,G2,S1 Akuntansi/Administrasi Fiskal,1,S1,Rekrut 2023,Audit dan Risiko,2,0.49
2931,2023,HOLDING,Kantor Pusat,,OFFICER AUDIT INVESTIGASI 2B,OFFICER,AUDIT INVESTIGASI 2B,G2,S1 Akuntansi/Administrasi Fiskal,1,S1,Rekrut 2023,Audit dan Risiko,2,0.49
2932,2023,HOLDING,Kantor Pusat,,OFFICER AUDIT KEUANGAN KORPORASI 2,OFFICER,AUDIT KEUANGAN KORPORASI 2,G2,S1 Akuntansi/Administrasi Fiskal,1,S1,Rekrut 2023,Keuangan dan Akuntansi,2,0.49
2933,2023,HOLDING,Kantor Pusat,,OFFICER AUDIT KEUANGAN KORPORASI 3,OFFICER,AUDIT KEUANGAN KORPORASI 3,G2,S1 Akuntansi/Administrasi Fiskal,1,S1,Rekrut 2023,Keuangan dan Akuntansi,2,0.49
2934,2023,HOLDING,Kantor Pusat,,"OFFICER AUDIT KONSTRUKSI, PEMBANGKITAN, DAN EBT 1A",OFFICER,"AUDIT KONSTRUKSI, PEMBANGKITAN, DAN EBT 1A",G2,S1 Teknik Mesin/Konversi Energi,1,S1,Rekrut 2023,Pembangkitan,2,0.49
2935,2023,HOLDING,Kantor Pusat,,"OFFICER AUDIT KONSTRUKSI, PEMBANGKITAN, DAN EBT 1B",OFFICER,"AUDIT KONSTRUKSI, PEMBANGKITAN, DAN EBT 1B",G2,S1 Teknik Mesin/Konversi Energi,1,S1,Rekrut 2023,Pembangkitan,2,0.49
2936,2023,HOLDING,Kantor Pusat,,"OFFICER AUDIT KONSTRUKSI, PEMBANGKITAN, DAN EBT 1C",OFFICER,"AUDIT KONSTRUKSI, PEMBANGKITAN, DAN EBT 1C",G2,S1 Teknik Mesin/Konversi Energi,1,S1,Rekrut 2023,Pembangkitan,2,0.49
2937,2023,HOLDING,Kantor Pusat,,"OFFICER AUDIT KONSTRUKSI, PEMBANGKITAN, DAN EBT 1D",OFFICER,"AUDIT KONSTRUKSI, PEMBANGKITAN, DAN EBT 1D",G2,S1 Teknik Mesin/Konversi Energi,1,S1,Rekrut 2023,Pembangkitan,2,0.49
2938,2023,HOLDING,Kantor Pusat,,"OFFICER AUDIT KONSTRUKSI, PEMBANGKITAN, DAN EBT 2C",OFFICER,"AUDIT KONSTRUKSI, PEMBANGKITAN, DAN EBT 2C",G2,S1 Teknik Mesin/Konversi Energi,1,S1,Rekrut 2023,Pembangkitan,2,0.49
2939,2023,HOLDING,Kantor Pusat,,"OFFICER AUDIT KONSTRUKSI, PEMBANGKITAN, DAN EBT 3C",OFFICER,"AUDIT KONSTRUKSI, PEMBANGKITAN, DAN EBT 3C",G2,S1 Teknik Mesin/Konversi Energi,1,S1,Rekrut 2023,Pembangkitan,2,0.49
2940,2023,HOLDING,Kantor Pusat,,"OFFICER AUDIT NIAGA, LEGAL, HUMAN CAPITAL, DAN ENABLER 1",OFFICER,"AUDIT NIAGA, LEGAL, HUMAN CAPITAL, DAN ENABLER 1",G2,S1 Psikologi/Kepegawaian,1,S1,Rekrut 2023,Sumber Daya Manusia,2,0.49
2941,2023,HOLDING,Kantor Pusat,,"OFFICER AUDIT NIAGA, LEGAL, HUMAN CAPITAL, DAN ENABLER 2",OFFICER,"AUDIT NIAGA, LEGAL, HUMAN CAPITAL, DAN ENABLER 2",G2,S1 Psikologi/Kepegawaian,1,S1,Rekrut 2023,Sumber Daya Manusia,2,0.49
2942,2023,HOLDING,Kantor Pusat,,"OFFICER AUDIT NIAGA, LEGAL, HUMAN CAPITAL, DAN ENABLER 3",OFFICER,"AUDIT NIAGA, LEGAL, HUMAN CAPITAL, DAN ENABLER 3",G2,S1 Psikologi/Kepegawaian,1,S1,Rekrut 2023,Sumber Daya Manusia,2,0.49
2943,2023,HOLDING,Kantor Pusat,,"OFFICER AUDIT NIAGA, LEGAL, HUMAN CAPITAL, DAN ENABLER 4",OFFICER,"AUDIT NIAGA, LEGAL, HUMAN CAPITAL, DAN ENABLER 4",G2,S1 Psikologi/Kepegawaian,1,S1,Rekrut 2023,Sumber Daya Manusia,2,0.49
2944,2023,HOLDING,Kantor Pusat,,OFFICER AUDIT TRANSMISI DAN DISTRIBUSI 2B,OFFICER,AUDIT TRANSMISI DAN DISTRIBUSI 2B,G2,S1 Teknik Elektro/Teknik Listrik,1,S1,Rekrut 2023,Transmisi dan Gardu Induk,2,0.49
2945,2023,HOLDING,Kantor Pusat,,OFFICER DIGITAL FORENSIK,OFFICER,DIGITAL FORENSIK,G2,S1 Data Science/Teknik Informatika,1,S1,Rekrut 2023,Teknologi Informasi,2,0.49
2946,2023,HOLDING,Kantor Pusat,,OFFICER KONSULTANSI AUDIT 1A,OFFICER,KONSULTANSI AUDIT 1A,G2,S1 Akuntansi/Administrasi Fiskal,1,S1,Rekrut 2023,Audit dan Risiko,2,0.49
2947,2023,HOLDING,Kantor Pusat,,OFFICER LEGAL BUSINESS PARTNER PENGADAAN ENERGI BARU TERBARUKAN,OFFICER,LEGAL BUSINESS PARTNER PENGADAAN ENERGI BARU TERBARUKAN,G2,S1 Logistik/Supply Chain Management,1,S1,Rekrut 2023,Manajemen Konstruksi dan Pengadaan,2,0.49
2948,2023,HOLDING,Kantor Pusat,,OFFICER PELAKSANA PENGADAAN EPC PEMBANGKIT NON EBT,OFFICER,PELAKSANA PENGADAAN EPC PEMBANGKIT NON EBT,G2,S1 Teknik Mesin/Konversi Energi,1,S1,Rekrut 2023,Pembangkitan,2,0.49
2949,2023,HOLDING,Kantor Pusat,,OFFICER PELAKSANA PENGADAAN IPP HIDRO,OFFICER,PELAKSANA PENGADAAN IPP HIDRO,G2,S1 Teknik Mesin/Konversi Energi,1,S1,Rekrut 2023,Pembangkitan,2,0.49
2950,2023,HOLDING,Kantor Pusat,,OFFICER PELAYANAN HUMAN CAPITAL BANDUNG,OFFICER,PELAYANAN HUMAN CAPITAL BANDUNG,G2,S1 Psikologi/Kepegawaian,1,S1,Rekrut 2023,Sumber Daya Manusia,2,0.49
2951,2023,HOLDING,Kantor Pusat,,OFFICER PENDANAAN DAN HIBAH LUAR NEGERI,OFFICER,PENDANAAN DAN HIBAH LUAR NEGERI,G2,S1 Akuntansi/Administrasi Fiskal,1,S1,Rekrut 2023,Keuangan dan Akuntansi,2,0.49
2952,2023,HOLDING,Kantor Pusat,,OFFICER PENGELOLA ADMINISTRASI DAN UMUM,OFFICER,PENGELOLA ADMINISTRASI DAN UMUM,G2,S1 Komunikasi/Hubungan Masyarakat,1,S1,Rekrut 2023,Komunikasi dan Umum,2,0.49
2953,2023,HOLDING,Kantor Pusat,,OFFICER PENGEMBANGAN EXPERT,OFFICER,PENGEMBANGAN EXPERT,G2,S1 Teknik Industri/Teknik Material,1,S1,Rekrut 2023,Perencanaan dan Kinerja,2,0.49
2954,2023,HOLDING,Kantor Pusat,,OFFICER PENGEMBANGAN SISTEM ANGGARAN,OFFICER,PENGEMBANGAN SISTEM ANGGARAN,G2,S1 Akuntansi/Administrasi Fiskal,1,S1,Rekrut 2023,Keuangan dan Akuntansi,2,0.49
2955,2023,HOLDING,Kantor Pusat,,OFFICER PENGEMBANGAN TALENTA UIP3B SUMATERA,OFFICER,PENGEMBANGAN TALENTA UIP3B SUMATERA,G2,S1 Psikologi/Kepegawaian,1,S1,Rekrut 2023,Sumber Daya Manusia,2,0.49
2956,2023,HOLDING,Kantor Pusat,,OFFICER PENGENDALIAN KINERJA DAN ANGGARAN KONSTRUKSI,OFFICER,PENGENDALIAN KINERJA DAN ANGGARAN KONSTRUKSI,G2,S1 Logistik/Supply Chain Management,1,S1,Rekrut 2023,Manajemen Konstruksi dan Pengadaan,2,0.49
2957,2023,HOLDING,Kantor Pusat,,OFFICER RISIKO DISTRIBUSI SUMATERA BAGIAN SELATAN,OFFICER,RISIKO DISTRIBUSI SUMATERA BAGIAN SELATAN,G2,S1 Teknik Elektro/Teknik Listrik,1,S1,Rekrut 2023,Distribusi,2,0.49
2958,2023,HOLDING,Kantor Pusat,,OFFICER RISIKO OPERASI DAN PERENCANAAN SISTEM KETENAGALISTRIKAN,OFFICER,RISIKO OPERASI DAN PERENCANAAN SISTEM KETENAGALISTRIKAN,G2,S1 Teknik Kimia/Teknik Lingkungan,1,S1,Rekrut 2023,Perencanaan Sistem,2,0.49
2959,2023,HOLDING,Kantor Pusat,,"OFFICER RISIKO PERENCANAAN, KONTRAK PROYEK, DAN PMO",OFFICER,"RISIKO PERENCANAAN, KONTRAK PROYEK, DAN PMO",G2,S1 Logistik/Supply Chain Management,1,S1,Rekrut 2023,Manajemen Konstruksi dan Pengadaan,2,0.49
2960,2023,HOLDING,Kantor Pusat,,OFFICER SEKRETARIS DIREKSI,OFFICER,SEKRETARIS DIREKSI,G2,S1 Komunikasi/Hubungan Masyarakat,1,S1,Rekrut 2023,Komunikasi dan Umum,2,0.49
2961,2023,HOLDING,Kantor Pusat,,OFFICER SISTEM TEKNOLOGI INFORMASI BALI,OFFICER,SISTEM TEKNOLOGI INFORMASI BALI,G2,S1 Data Science/Teknik Informatika,1,S1,Rekrut 2023,Teknologi Informasi,2,0.49
2962,2023,HOLDING,Kantor Pusat,,OFFICER SISTEM TEKNOLOGI INFORMASI JAWA TIMUR 1,OFFICER,SISTEM TEKNOLOGI INFORMASI JAWA TIMUR 1,G2,S1 Data Science/Teknik Informatika,1,S1,Rekrut 2023,Teknologi Informasi,2,0.49
2963,2023,HOLDING,Kantor Pusat,,OFFICER SISTEM TEKNOLOGI INFORMASI SUMATERA SELATAN 2,OFFICER,SISTEM TEKNOLOGI INFORMASI SUMATERA SELATAN 2,G2,S1 Data Science/Teknik Informatika,1,S1,Rekrut 2023,Teknologi Informasi,2,0.49
2964,2023,HOLDING,Kantor Pusat,,OFFICER TRACKING,OFFICER,TRACKING,G2,S1 Komunikasi/Hubungan Masyarakat,1,S1,Rekrut 2023,Komunikasi dan Umum,2,0.49
2965,2023,HOLDING,Kantor Pusat,,OFFICER VERIFIKASI PURCHASE ORDER KANTOR PUSAT,OFFICER,VERIFIKASI PURCHASE ORDER KANTOR PUSAT,G2,S1 Akuntansi/Administrasi Fiskal,1,S1,Rekrut 2023,Keuangan dan Akuntansi,2,0.49
2966,2023,HOLDING,Kantor Pusat,,TECHNICIAN ANEKA ENERGI IPP,TECHNICIAN,ANEKA ENERGI IPP,G2,S1 Teknik Mesin/Konversi Energi,1,S1,Rekrut 2023,Pembangkitan,2,0.49
2967,2023,HOLDING,Kantor Pusat,,TECHNICIAN PENGELOLAAN PERUBAHAN IKLIM,TECHNICIAN,PENGELOLAAN PERUBAHAN IKLIM,G2,S1 Teknik Industri/Teknik Material,1,S1,Rekrut 2023,Perencanaan dan Kinerja,2,0.49
2968,2023,HOLDING,PUSLITBANG,,OFFICER KAJIAN DAN INVESTIGASI TEKNIK DAN TEKNOLOGI SISTEM TRANSMISI DAN DISTRIBUSI,OFFICER,KAJIAN DAN INVESTIGASI TEKNIK DAN TEKNOLOGI SISTEM TRANSMISI DAN DISTRIBUSI,G2,S1 Teknik Elektro/Teknik Listrik,1,S1,Rekrut 2023,Transmisi dan Gardu Induk,2,0.489
2969,2023,HOLDING,PUSLITBANG,,OFFICER KAJIAN DAN INVESTIGASI TEKNIK TEKNOLOGI SISTEM PEMBANGKITAN DAN ENERGI,OFFICER,KAJIAN DAN INVESTIGASI TEKNIK TEKNOLOGI SISTEM PEMBANGKITAN DAN ENERGI,G2,S1 Teknik Mesin/Konversi Energi,1,S1,Rekrut 2023,Pembangkitan,2,0.489
2970,2023,HOLDING,PUSLITBANG,,"OFFICER PERENCANAAN, EVALUASI DAN KINERJA",OFFICER,"PERENCANAAN, EVALUASI DAN KINERJA",G2,S1 Teknik Industri/Teknik Material,1,S1,Rekrut 2023,Perencanaan dan Kinerja,2,0.489
2971,2023,HOLDING,PUSLITBANG,,OFFICER RISET ENERGI,OFFICER,RISET ENERGI,G2,S1 Komunikasi/Hubungan Masyarakat,1,S1,Rekrut 2023,Komunikasi dan Umum,2,0.489
2972,2023,HOLDING,UID Riau & Kepri,,OFFICER KEUANGAN DAN AKUNTANSI,OFFICER,KEUANGAN DAN AKUNTANSI,G2,S1 Akuntansi/Administrasi Fiskal,1,S1,Rekrut 2023,Keuangan dan Akuntansi,2,0.488
2973,2023,HOLDING,UID Riau & Kepri,,OFFICER LOGISTIK LAYANAN PELANGGAN,OFFICER,LOGISTIK LAYANAN PELANGGAN,G2,S1 Logistik/Supply Chain Management,1,S1,Rekrut 2023,Manajemen Konstruksi dan Pengadaan,2,0.488
2974,2023,HOLDING,UID Riau & Kepri,,OFFICER PERENCANAAN SISTEM KELISTRIKAN,OFFICER,PERENCANAAN SISTEM KELISTRIKAN,G2,S1 Teknik Kimia/Teknik Lingkungan,1,S1,Rekrut 2023,Perencanaan Sistem,2,0.488
2975,2023,HOLDING,UIP JBT,,OFFICER ADMINISTRASI DAN UMUM,OFFICER,ADMINISTRASI DAN UMUM,G2,S1 Komunikasi/Hubungan Masyarakat,1,S1,Rekrut 2023,Komunikasi dan Umum,2,0.487
2976,2023,HOLDING,UIP JBT,,OFFICER PENGENDALIAN KONTRAK DAN RISIKO PROYEK,OFFICER,PENGENDALIAN KONTRAK DAN RISIKO PROYEK,G2,S1 Logistik/Supply Chain Management,1,S1,Rekrut 2023,Manajemen Konstruksi dan Pengadaan,2,0.487
2977,2023,HOLDING,UIP JBT,,OFFICER PERENCANAAN SIPIL,OFFICER,PERENCANAAN SIPIL,G2,S1 Logistik/Supply Chain Management,1,S1,Rekrut 2023,Manajemen Konstruksi dan Pengadaan,2,0.487
2978,2023,HOLDING,UIP JBT,,TECHNICIAN PENGENDALIAN KONSTRUKSI,TECHNICIAN,PENGENDALIAN KONSTRUKSI,G2,S1 Logistik/Supply Chain Management,1,S1,Rekrut 2023,Manajemen Konstruksi dan Pengadaan,2,0.487
2979,2023,HOLDING,UIW Maluku&Malut,,OFFICER ACCOUNT EXECUTIVE,OFFICER,ACCOUNT EXECUTIVE,G2,S1 Komunikasi/Hubungan Masyarakat,1,S1,3T,Komunikasi dan Umum,2,0.487
2980,2023,HOLDING,UIW Maluku&Malut,,OFFICER AKUNTANSI AT DAN PDP,OFFICER,AKUNTANSI AT DAN PDP,G2,S1 Akuntansi/Administrasi Fiskal,1,S1,3T,Keuangan dan Akuntansi,2,0.487
2981,2023,HOLDING,UIW Maluku&Malut,,OFFICER AKUNTANSI UMUM DAN BIAYA,OFFICER,AKUNTANSI UMUM DAN BIAYA,G2,S1 Akuntansi/Administrasi Fiskal,1,S1,3T,Keuangan dan Akuntansi,2,0.487
2982,2023,HOLDING,UIW Maluku&Malut,,OFFICER ASET PROPERTI,OFFICER,ASET PROPERTI,G2,S1 Teknik Industri/Teknik Material,1,S1,3T,Perencanaan dan Kinerja,2,0.487
2983,2023,HOLDING,UIW Maluku&Malut,,OFFICER ENJINIRING DAN KINERJA,OFFICER,ENJINIRING DAN KINERJA,G2,S1 Teknik Kimia/Teknik Lingkungan,1,S1,3T,Perencanaan Sistem,2,0.487
2984,2023,HOLDING,UIW Maluku&Malut,,"OFFICER KESELAMATAN, KESEHATAN KERJA DAN KEAMANAN",OFFICER,"KESELAMATAN, KESEHATAN KERJA DAN KEAMANAN",G2,S1 Keselamatan Dan Kesehatan Kerja/Kesehatan Masyarakat K3,1,S1,3T,K3 dan Lingkungan,2,0.487
2985,2023,HOLDING,UIW Maluku&Malut,,"OFFICER KESELAMATAN, KESEHATAN KERJA, LINGKUNGAN, DAN KEAMANAN",OFFICER,"KESELAMATAN, KESEHATAN KERJA, LINGKUNGAN, DAN KEAMANAN",G2,S1 Keselamatan Dan Kesehatan Kerja/Kesehatan Masyarakat K3,1,S1,3T,K3 dan Lingkungan,2,0.487
2986,2023,HOLDING,UIW Maluku&Malut,,OFFICER KEUANGAN DAN AKUNTANSI,OFFICER,KEUANGAN DAN AKUNTANSI,G2,S1 Akuntansi/Administrasi Fiskal,1,S1,3T,Keuangan dan Akuntansi,2,0.487
2987,2023,HOLDING,UIW Maluku&Malut,,OFFICER KINERJA NIAGA DAN PEMASARAN,OFFICER,KINERJA NIAGA DAN PEMASARAN,G2,S1 Manajemen Pemasaran/Digital Marketing Dan Analytics,1,S1,3T,Niaga dan Pemasaran,2,0.487
2988,2023,HOLDING,UIW Maluku&Malut,,OFFICER KINERJA OPERASI DAN PEMELIHARAAN PEMBANGKIT,OFFICER,KINERJA OPERASI DAN PEMELIHARAAN PEMBANGKIT,G2,S1 Teknik Mesin/Konversi Energi,1,S1,3T,Pembangkitan,2,0.487
2989,2023,HOLDING,UIW Maluku&Malut,,OFFICER KOMUNIKASI DAN MANAJEMEN STAKEHOLDER,OFFICER,KOMUNIKASI DAN MANAJEMEN STAKEHOLDER,G2,S1 Komunikasi/Hubungan Masyarakat,1,S1,3T,Komunikasi dan Umum,2,0.487
2990,2023,HOLDING,UIW Maluku&Malut,,OFFICER LOGISTIK,OFFICER,LOGISTIK,G2,S1 Logistik/Supply Chain Management,1,S1,3T,Manajemen Konstruksi dan Pengadaan,2,0.487
2991,2023,HOLDING,UIW Maluku&Malut,,OFFICER MANAJEMEN BILLING,OFFICER,MANAJEMEN BILLING,G2,S1 Teknik Industri/Teknik Material,1,S1,3T,Perencanaan dan Kinerja,2,0.487
2992,2023,HOLDING,UIW Maluku&Malut,,"OFFICER MANAJEMEN RISIKO, KEPATUHAN DAN SISTEM MANAJEMEN TERINTEGRASI",OFFICER,"MANAJEMEN RISIKO, KEPATUHAN DAN SISTEM MANAJEMEN TERINTEGRASI",G2,S1 Hukum/Public Policy,1,S1,3T,Hukum dan Kepatuhan,2,0.487
2993,2023,HOLDING,UIW Maluku&Malut,,OFFICER OPERASI SISTEM DISTRIBUSI DAN SCADA,OFFICER,OPERASI SISTEM DISTRIBUSI DAN SCADA,G2,S1 Teknik Elektro/Teknik Listrik,1,S1,3T,Proteksi dan Kontrol,2,0.487
2994,2023,HOLDING,UIW Maluku&Malut,,OFFICER PAJAK DAN ASURANSI,OFFICER,PAJAK DAN ASURANSI,G2,S1 Akuntansi/Administrasi Fiskal,1,S1,3T,Keuangan dan Akuntansi,2,0.487
2995,2023,HOLDING,UIW Maluku&Malut,,OFFICER PEMELIHARAAN DISTRIBUSI DAN PDKB,OFFICER,PEMELIHARAAN DISTRIBUSI DAN PDKB,G2,S1 Teknik Elektro/Teknik Listrik,1,S1,3T,Distribusi,2,0.487
2996,2023,HOLDING,UIW Maluku&Malut,,OFFICER PENGELOLAAN ENERGI PRIMER,OFFICER,PENGELOLAAN ENERGI PRIMER,G2,S1 Teknik Mesin/Konversi Energi,1,S1,3T,Pembangkitan,2,0.487
2997,2023,HOLDING,UIW Maluku&Malut,,OFFICER PENGELOLAAN ESG DAN SAFEGUARD,OFFICER,PENGELOLAAN ESG DAN SAFEGUARD,G2,S1 Keselamatan Dan Kesehatan Kerja/Kesehatan Masyarakat K3,1,S1,3T,K3 dan Lingkungan,2,0.487
2998,2023,HOLDING,UIW Maluku&Malut,,OFFICER PENGENDALIAN SUSUT,OFFICER,PENGENDALIAN SUSUT,G2,S1 Teknik Elektro/Teknik Listrik,1,S1,3T,Distribusi,2,0.487
2999,2023,HOLDING,UIW Maluku&Malut,,OFFICER PERENCANA PENGADAAN,OFFICER,PERENCANA PENGADAAN,G2,S1 Logistik/Supply Chain Management,1,S1,3T,Manajemen Konstruksi dan Pengadaan,2,0.487
3000,2023,HOLDING,UIW Maluku&Malut,,OFFICER PERENCANAAN DAN PENGENDALIAN OPERASI PEMBANGKITAN,OFFICER,PERENCANAAN DAN PENGENDALIAN OPERASI PEMBANGKITAN,G2,S1 Teknik Mesin/Konversi Energi,1,S1,3T,Pembangkitan,2,0.487
3001,2023,HOLDING,UIW Maluku&Malut,,OFFICER PERENCANAAN DAN PENGENDALIAN PEMELIHARAAN PEMBANGKIT,OFFICER,PERENCANAAN DAN PENGENDALIAN PEMELIHARAAN PEMBANGKIT,G2,S1 Teknik Mesin/Konversi Energi,1,S1,3T,Pembangkitan,2,0.487
3002,2023,HOLDING,UIW Maluku&Malut,,OFFICER PERENCANAAN LISTRIK PERDESAAN,OFFICER,PERENCANAAN LISTRIK PERDESAAN,G2,S1 Teknik Elektro/Teknik Listrik,1,S1,3T,Distribusi,2,0.487
3003,2023,HOLDING,UIW Maluku&Malut,,OFFICER PRIORITY ACCOUNT EXECUTIVE,OFFICER,PRIORITY ACCOUNT EXECUTIVE,G2,S1 Komunikasi/Hubungan Masyarakat,1,S1,3T,Komunikasi dan Umum,2,0.487
3004,2023,HOLDING,UIW Maluku&Malut,,OFFICER PROTEKSI,OFFICER,PROTEKSI,G2,S1 Teknik Elektro/Teknik Listrik,1,S1,3T,Proteksi dan Kontrol,2,0.487
3005,2023,HOLDING,UIW Maluku&Malut,,TECHNICIAN OPERASI PUSAT LISTRIK,TECHNICIAN,OPERASI PUSAT LISTRIK,G2,S1 Teknik Mesin/Konversi Energi,1,S1,3T,Pembangkitan,2,0.487
3006,2023,HOLDING,UIW Maluku&Malut,,TECHNICIAN PEMELIHARAAN DISTRIBUSI,TECHNICIAN,PEMELIHARAAN DISTRIBUSI,G2,S1 Teknik Elektro/Teknik Listrik,1,S1,3T,Distribusi,2,0.487
3007,2023,HOLDING,UIP3B Sulawesi,,OFFICER KINERJA KONSTRUKSI DAN PENYALURAN,OFFICER,KINERJA KONSTRUKSI DAN PENYALURAN,G2,S1 Teknik Elektro/Teknik Listrik,1,S1,3T,Transmisi dan Gardu Induk,2,0.483
3008,2023,HOLDING,UIP3B Sulawesi,,TECHNICIAN PDKB GI/GITET,TECHNICIAN,PDKB GI/GITET,G2,S1 Teknik Elektro/Teknik Listrik,1,S1,3T,Transmisi dan Gardu Induk,2,0.483
3009,2023,HOLDING,UIT JBT,,"OFFICER KESELAMATAN, KESEHATAN KERJA DAN KEAMANAN",OFFICER,"KESELAMATAN, KESEHATAN KERJA DAN KEAMANAN",G2,S1 Keselamatan Dan Kesehatan Kerja/Kesehatan Masyarakat K3,1,S1,Rekrut 2023,K3 dan Lingkungan,2,0.482
3010,2023,HOLDING,UID Jakarta Raya,,OFFICER PERENCANAAN SISTEM KELISTRIKAN,OFFICER,PERENCANAAN SISTEM KELISTRIKAN,G2,S1 Teknik Kimia/Teknik Lingkungan,1,S1,Rekrut 2023,Perencanaan Sistem,2,0.479
3011,2023,HOLDING,UID Jakarta Raya,,TECHNICIAN SCADA DAN TELEKOMUNIKASI,TECHNICIAN,SCADA DAN TELEKOMUNIKASI,G2,S1 Teknik Elektro/Teknik Listrik,1,S1,Rekrut 2023,Proteksi dan Kontrol,2,0.479
3012,2023,HOLDING,UID Bali,,OFFICER ADMINISTRASI DAN UMUM,OFFICER,ADMINISTRASI DAN UMUM,G2,S1 Komunikasi/Hubungan Masyarakat,1,S1,Rekrut 2023,Komunikasi dan Umum,2,0.476
3013,2023,HOLDING,UID Bali,,OFFICER KINERJA,OFFICER,KINERJA,G2,S1 Teknik Industri/Teknik Material,1,S1,Rekrut 2023,Perencanaan dan Kinerja,2,0.476
3014,2023,HOLDING,UID Bali,,OFFICER KINERJA OPERASI SISTEM DISTRIBUSI,OFFICER,KINERJA OPERASI SISTEM DISTRIBUSI,G2,S1 Teknik Kimia/Teknik Lingkungan,1,S1,Rekrut 2023,Perencanaan Sistem,2,0.476
3015,2023,HOLDING,UID Bali,,OFFICER PELAKSANA PENGADAAN,OFFICER,PELAKSANA PENGADAAN,G2,S1 Logistik/Supply Chain Management,1,S1,Rekrut 2023,Manajemen Konstruksi dan Pengadaan,2,0.476
3016,2023,HOLDING,UID Jawa Tengah & DIY,,OFFICER KINERJA FASILITAS OPERASI,OFFICER,KINERJA FASILITAS OPERASI,G2,S1 Komunikasi/Hubungan Masyarakat,1,S1,Rekrut 2023,Komunikasi dan Umum,2,0.476
3017,2023,HOLDING,UID Jawa Tengah & DIY,,TECHNICIAN PEMELIHARAAN DISTRIBUSI,TECHNICIAN,PEMELIHARAAN DISTRIBUSI,G2,S1 Teknik Elektro/Teknik Listrik,1,S1,Rekrut 2023,Distribusi,2,0.476
3018,2023,HOLDING,UIP Maluku dan Papua,,OFFICER ADMINISTRASI DAN UMUM,OFFICER,ADMINISTRASI DAN UMUM,G2,S1 Komunikasi/Hubungan Masyarakat,1,S1,3T,Komunikasi dan Umum,2,0.476
3019,2023,HOLDING,UIP Maluku dan Papua,,OFFICER ADMINISTRASI TEKNIK,OFFICER,ADMINISTRASI TEKNIK,G2,S1 Komunikasi/Hubungan Masyarakat,1,S1,3T,Komunikasi dan Umum,2,0.476
3020,2023,HOLDING,UIP Maluku dan Papua,,OFFICER ANGGARAN,OFFICER,ANGGARAN,G2,S1 Akuntansi/Administrasi Fiskal,1,S1,3T,Keuangan dan Akuntansi,2,0.476
3021,2023,HOLDING,UIP Maluku dan Papua,,"OFFICER ASET, PERTANAHAN DAN ROW",OFFICER,"ASET, PERTANAHAN DAN ROW",G2,S1 Logistik/Supply Chain Management,1,S1,3T,Manajemen Konstruksi dan Pengadaan,2,0.476
3022,2023,HOLDING,UIP Maluku dan Papua,,"OFFICER KESELAMATAN, KESEHATAN KERJA DAN KEAMANAN",OFFICER,"KESELAMATAN, KESEHATAN KERJA DAN KEAMANAN",G2,S1 Keselamatan Dan Kesehatan Kerja/Kesehatan Masyarakat K3,1,S1,3T,K3 dan Lingkungan,2,0.476
3023,2023,HOLDING,UIP Maluku dan Papua,,OFFICER KEUANGAN,OFFICER,KEUANGAN,G2,S1 Akuntansi/Administrasi Fiskal,1,S1,3T,Keuangan dan Akuntansi,2,0.476
3024,2023,HOLDING,UIP Maluku dan Papua,,"OFFICER KEUANGAN, PERIZINAN, PERTANAHAN DAN UMUM",OFFICER,"KEUANGAN, PERIZINAN, PERTANAHAN DAN UMUM",G2,S1 Logistik/Supply Chain Management,1,S1,3T,Manajemen Konstruksi dan Pengadaan,2,0.476
3025,2023,HOLDING,UIP Maluku dan Papua,,OFFICER LOGISTIK DAN KEPABEANAN,OFFICER,LOGISTIK DAN KEPABEANAN,G2,S1 Logistik/Supply Chain Management,1,S1,3T,Manajemen Konstruksi dan Pengadaan,2,0.476
3026,2023,HOLDING,UIP Maluku dan Papua,,"OFFICER MANAJEMEN RISIKO, KEPATUHAN, DAN SISTEM MANAJEMEN TERINTEGRASI",OFFICER,"MANAJEMEN RISIKO, KEPATUHAN, DAN SISTEM MANAJEMEN TERINTEGRASI",G2,S1 Hukum/Public Policy,1,S1,3T,Hukum dan Kepatuhan,2,0.476
3027,2023,HOLDING,UIP Maluku dan Papua,,OFFICER PELAKSANA PENGADAAN,OFFICER,PELAKSANA PENGADAAN,G2,S1 Logistik/Supply Chain Management,1,S1,3T,Manajemen Konstruksi dan Pengadaan,2,0.476
3028,2023,HOLDING,UIP Maluku dan Papua,,OFFICER PENGELOLAAN ESG DAN SAFEGUARD,OFFICER,PENGELOLAAN ESG DAN SAFEGUARD,G2,S1 Keselamatan Dan Kesehatan Kerja/Kesehatan Masyarakat K3,1,S1,3T,K3 dan Lingkungan,2,0.476
3029,2023,HOLDING,UIP Maluku dan Papua,,OFFICER PERENCANAAN ELEKTROMEKANIK,OFFICER,PERENCANAAN ELEKTROMEKANIK,G2,S1 Teknik Mesin/Konversi Energi,1,S1,3T,Pembangkitan,2,0.476
3030,2023,HOLDING,UIP Maluku dan Papua,,OFFICER PMIS,OFFICER,PMIS,G2,S1 Komunikasi/Hubungan Masyarakat,1,S1,3T,Komunikasi dan Umum,2,0.476
3031,2023,HOLDING,PUSERTIF,,OFFICER PENGELOLAAN SERTIFIKASI SISTEM MANAJEMEN,OFFICER,PENGELOLAAN SERTIFIKASI SISTEM MANAJEMEN,G2,S1 Teknik Industri/Teknik Material,1,S1,Rekrut 2023,Perencanaan dan Kinerja,2,0.463
3032,2023,HOLDING,PUSERTIF,,TECHNICIAN PENGELOLAAN INSPEKSI SISTEM PEMBANGKIT,TECHNICIAN,PENGELOLAAN INSPEKSI SISTEM PEMBANGKIT,G2,S1 Teknik Mesin/Konversi Energi,1,S1,Rekrut 2023,Pembangkitan,2,0.463
3033,2023,HOLDING,PUSERTIF,,TECHNICIAN PENGELOLAAN KALIBRASI,TECHNICIAN,PENGELOLAAN KALIBRASI,G2,S1 Teknik Industri/Teknik Material,1,S1,Rekrut 2023,Perencanaan dan Kinerja,2,0.463
3034,2023,HOLDING,UID Lampung,,OFFICER PRIORITY ACCOUNT EXECUTIVE,OFFICER,PRIORITY ACCOUNT EXECUTIVE,G2,S1 Komunikasi/Hubungan Masyarakat,1,S1,Rekrut 2023,Komunikasi dan Umum,2,0.46
3035,2023,HOLDING,UID Sulselrabar,,OFFICER PRIORITY ACCOUNT EXECUTIVE,OFFICER,PRIORITY ACCOUNT EXECUTIVE,G2,S1 Komunikasi/Hubungan Masyarakat,1,S1,3T,Komunikasi dan Umum,2,0.459
3036,2023,HOLDING,UID Sulselrabar,,TECHNICIAN PEMELIHARAAN ELEKTROMEKANIK,TECHNICIAN,PEMELIHARAAN ELEKTROMEKANIK,G2,S1 Teknik Mesin/Konversi Energi,1,S1,3T,Pembangkitan,2,0.459
3037,2023,HOLDING,PUSDIKLAT,,OFFICER PELAYANAN DAN PENDAYAGUNAAN ASET PROPERTI,OFFICER,PELAYANAN DAN PENDAYAGUNAAN ASET PROPERTI,G2,S1 Teknik Industri/Teknik Material,1,S1,Rekrut 2023,Perencanaan dan Kinerja,2,0.457
3038,2023,HOLDING,PUSDIKLAT,,OFFICER PENGELOLAAN KEMITRAAN DAN RANTAI PASOK PEMBELAJARAN,OFFICER,PENGELOLAAN KEMITRAAN DAN RANTAI PASOK PEMBELAJARAN,G2,S1 Psikologi/Kepegawaian,1,S1,Rekrut 2023,Sumber Daya Manusia,2,0.457
3039,2023,HOLDING,PUSDIKLAT,,OFFICER PENGEMBANGAN PEMBELAJARAN,OFFICER,PENGEMBANGAN PEMBELAJARAN,G2,S1 Psikologi/Kepegawaian,1,S1,Rekrut 2023,Sumber Daya Manusia,2,0.457
3040,2023,HOLDING,UID Sumbar,,TECHNICIAN PDKB,TECHNICIAN,PDKB,G2,S1 Teknik Elektro/Teknik Listrik,1,S1,Rekrut 2023,Distribusi,2,0.457
3041,2023,HOLDING,UID Banten,,OFFICER ADMINISTRASI DAN UMUM,OFFICER,ADMINISTRASI DAN UMUM,G2,S1 Komunikasi/Hubungan Masyarakat,1,S1,Rekrut 2023,Komunikasi dan Umum,2,0.451
3042,2023,HOLDING,UID Banten,,OFFICER KINERJA FASILITAS OPERASI,OFFICER,KINERJA FASILITAS OPERASI,G2,S1 Komunikasi/Hubungan Masyarakat,1,S1,Rekrut 2023,Komunikasi dan Umum,2,0.451
3043,2023,HOLDING,UID Banten,,OFFICER KINERJA NIAGA,OFFICER,KINERJA NIAGA,G2,S1 Manajemen Pemasaran/Digital Marketing Dan Analytics,1,S1,Rekrut 2023,Niaga dan Pemasaran,2,0.451
3044,2023,HOLDING,UID Banten,,OFFICER KINERJA OPERASI SISTEM DISTRIBUSI,OFFICER,KINERJA OPERASI SISTEM DISTRIBUSI,G2,S1 Teknik Kimia/Teknik Lingkungan,1,S1,Rekrut 2023,Perencanaan Sistem,2,0.451
3045,2023,HOLDING,UID Banten,,OFFICER STRATEGI PEMASARAN,OFFICER,STRATEGI PEMASARAN,G2,S1 Manajemen Pemasaran/Digital Marketing Dan Analytics,1,S1,Rekrut 2023,Niaga dan Pemasaran,2,0.451
3046,2023,HOLDING,UID Banten,,TECHNICIAN PENGENDALIAN SUSUT,TECHNICIAN,PENGENDALIAN SUSUT,G2,S1 Teknik Elektro/Teknik Listrik,1,S1,Rekrut 2023,Distribusi,2,0.451
3047,2023,HOLDING,PUSMANPRO,,OFFICER ADMINISTRASI KONTRAK,OFFICER,ADMINISTRASI KONTRAK,G2,S1 Logistik/Supply Chain Management,1,S1,Rekrut 2023,Manajemen Konstruksi dan Pengadaan,2,0.449
3048,2023,HOLDING,PUSMANPRO,,TECHNICIAN JARINGAN,TECHNICIAN,JARINGAN,G2,S1 Teknik Elektro/Teknik Listrik,1,S1,Rekrut 2023,Distribusi,2,0.449
3049,2023,HOLDING,UIW NusaTenggara Barat,,OFFICER KINERJA OPERASI DAN PEMELIHARAAN PEMBANGKIT,OFFICER,KINERJA OPERASI DAN PEMELIHARAAN PEMBANGKIT,G2,S1 Teknik Mesin/Konversi Energi,1,S1,3T,Pembangkitan,2,0.447
3050,2023,HOLDING,UIP JBTB,,OFFICER ADMINISTRASI TEKNIK,OFFICER,ADMINISTRASI TEKNIK,G2,S1 Komunikasi/Hubungan Masyarakat,1,S1,Rekrut 2023,Komunikasi dan Umum,2,0.444
3051,2023,HOLDING,UIP JBTB,,OFFICER SERTIFIKASI,OFFICER,SERTIFIKASI,G2,S1 Komunikasi/Hubungan Masyarakat,1,S1,Rekrut 2023,Komunikasi dan Umum,2,0.444
3052,2023,HOLDING,UIP Sumatera Bag Utara,,OFFICER ADMINISTRASI TEKNIK,OFFICER,ADMINISTRASI TEKNIK,G2,S1 Komunikasi/Hubungan Masyarakat,1,S1,Rekrut 2023,Komunikasi dan Umum,2,0.439
3053,2023,HOLDING,UIP Sumatera Bag Utara,,OFFICER PELAKSANA PENGADAAN,OFFICER,PELAKSANA PENGADAAN,G2,S1 Logistik/Supply Chain Management,1,S1,Rekrut 2023,Manajemen Konstruksi dan Pengadaan,2,0.439
3054,2023,HOLDING,UIP Sumatera Bag Selatan,,"OFFICER KEUANGAN, PERIZINAN, PERTANAHAN DAN UMUM",OFFICER,"KEUANGAN, PERIZINAN, PERTANAHAN DAN UMUM",G2,S1 Logistik/Supply Chain Management,1,S1,Rekrut 2023,Manajemen Konstruksi dan Pengadaan,2,0.436
3055,2023,HOLDING,UIP Sumatera Bag Selatan,,OFFICER PENGENDALIAN KONTRAK DAN RISIKO PROYEK,OFFICER,PENGENDALIAN KONTRAK DAN RISIKO PROYEK,G2,S1 Logistik/Supply Chain Management,1,S1,Rekrut 2023,Manajemen Konstruksi dan Pengadaan,2,0.436
3056,2023,HOLDING,UIP Sumatera Bag Selatan,,TECHNICIAN PENGENDALIAN KONSTRUKSI,TECHNICIAN,PENGENDALIAN KONSTRUKSI,G2,S1 Logistik/Supply Chain Management,1,S1,Rekrut 2023,Manajemen Konstruksi dan Pengadaan,2,0.436
3057,2023,HOLDING,PUSERTIF,,TECHNICIAN PENGELOLAAN PENGUJIAN SISTEM PEMBANGKIT,TECHNICIAN,PENGELOLAAN PENGUJIAN SISTEM PEMBANGKIT,G2,S1 Teknik Mesin/Konversi Energi,1,S1,Rekrut 2023,Pembangkitan,2,1.851
3058,2023,HOLDING,UID Sumbar,,OFFICER LOGISTIK LAYANAN PELANGGAN,OFFICER,LOGISTIK LAYANAN PELANGGAN,G2,S1 Logistik/Supply Chain Management,1,S1,Rekrut 2023,Manajemen Konstruksi dan Pengadaan,2,1.829
3059,2023,HOLDING,UID Jawa Tengah & DIY,,OFFICER KINERJA TRANSAKSI ENERGI LISTRIK,OFFICER,KINERJA TRANSAKSI ENERGI LISTRIK,G2,S1 Teknik Elektro/Teknik Listrik,1,S1,Rekrut 2023,Distribusi,2,1.825
3060,2023,HOLDING,UID Kaltimra,,OFFICER KINERJA KEUANGAN DAN UMUM,OFFICER,KINERJA KEUANGAN DAN UMUM,G2,S1 Akuntansi/Administrasi Fiskal,1,S1,3T,Keuangan dan Akuntansi,2,1.822
3061,2023,HOLDING,UID Banten,,OFFICER KINERJA DAN ADMINISTRASI LAYANAN PELANGGAN,OFFICER,KINERJA DAN ADMINISTRASI LAYANAN PELANGGAN,G2,S1 Manajemen Pemasaran/Digital Marketing Dan Analytics,1,S1,Rekrut 2023,Niaga dan Pemasaran,2,1.803
3062,2023,HOLDING,UID Jakarta Raya,,TECHNICIAN OPERASI DISTRIBUSI,TECHNICIAN,OPERASI DISTRIBUSI,G2,S1 Teknik Elektro/Teknik Listrik,1,S1,Rekrut 2023,Distribusi,2,1.796
3063,2023,HOLDING,UID Kalselteng,,OFFICER KINERJA JARINGAN DAN KONSTRUKSI DISTRIBUSI,OFFICER,KINERJA JARINGAN DAN KONSTRUKSI DISTRIBUSI,G2,S1 Teknik Elektro/Teknik Listrik,1,S1,3T,Distribusi,2,1.795
3064,2023,HOLDING,UID Bali,,OFFICER LOGISTIK LAYANAN PELANGGAN,OFFICER,LOGISTIK LAYANAN PELANGGAN,G2,S1 Logistik/Supply Chain Management,1,S1,Rekrut 2023,Manajemen Konstruksi dan Pengadaan,2,1.786
3065,2023,HOLDING,UIP JBTB,,"OFFICER KEUANGAN, PERIZINAN, PERTANAHAN DAN UMUM",OFFICER,"KEUANGAN, PERIZINAN, PERTANAHAN DAN UMUM",G2,S1 Logistik/Supply Chain Management,1,S1,Rekrut 2023,Manajemen Konstruksi dan Pengadaan,2,1.775
3066,2023,HOLDING,UIP Kalimantan Bag Timur,,TECHNICIAN PENGENDALIAN KONSTRUKSI,TECHNICIAN,PENGENDALIAN KONSTRUKSI,G2,S1 Logistik/Supply Chain Management,1,S1,3T,Manajemen Konstruksi dan Pengadaan,2,1.771
3067,2023,HOLDING,UIT JBT,,OFFICER KINERJA KEUANGAN DAN UMUM,OFFICER,KINERJA KEUANGAN DAN UMUM,G2,S1 Akuntansi/Administrasi Fiskal,1,S1,Rekrut 2023,Keuangan dan Akuntansi,2,1.766
3068,2023,HOLDING,UIT JBTB,,OFFICER KINERJA KONSTRUKSI,OFFICER,KINERJA KONSTRUKSI,G2,S1 Logistik/Supply Chain Management,1,S1,Rekrut 2023,Manajemen Konstruksi dan Pengadaan,2,1.765
3069,2023,HOLDING,UID Suluttenggo,,OFFICER KINERJA KEUANGAN DAN UMUM,OFFICER,KINERJA KEUANGAN DAN UMUM,G2,S1 Akuntansi/Administrasi Fiskal,1,S1,3T,Keuangan dan Akuntansi,2,1.74
3070,2023,HOLDING,UIP3B Kalimantan,,OFFICER KINERJA KEUANGAN DAN UMUM,OFFICER,KINERJA KEUANGAN DAN UMUM,G2,S1 Akuntansi/Administrasi Fiskal,1,S1,3T,Keuangan dan Akuntansi,2,1.736
3071,2023,HOLDING,UID Jawa Barat,,TECHNICIAN TEKNISI PDKB,TECHNICIAN,TEKNISI PDKB,G2,S1 Teknik Elektro/Teknik Listrik,1,S1,Rekrut 2023,Distribusi,2,1.72
3072,2023,HOLDING,UID Banten,,OFFICER PRIORITY ACCOUNT EXECUTIVE,OFFICER,PRIORITY ACCOUNT EXECUTIVE,G2,S1 Komunikasi/Hubungan Masyarakat,1,S1,Rekrut 2023,Komunikasi dan Umum,2,1.712
3073,2023,HOLDING,UID Kalbar,,OFFICER KINERJA JARINGAN DAN KONSTRUKSI DISTRIBUSI,OFFICER,KINERJA JARINGAN DAN KONSTRUKSI DISTRIBUSI,G2,S1 Teknik Elektro/Teknik Listrik,1,S1,3T,Distribusi,2,1.677
3074,2023,HOLDING,UIP JBB,,TECHNICIAN PENGENDALIAN KONSTRUKSI,TECHNICIAN,PENGENDALIAN KONSTRUKSI,G2,S1 Logistik/Supply Chain Management,1,S1,Rekrut 2023,Manajemen Konstruksi dan Pengadaan,2,1.664
3075,2023,HOLDING,UID S2JB,,OFFICER KINERJA,OFFICER,KINERJA,G2,S1 Teknik Industri/Teknik Material,1,S1,3T,Perencanaan dan Kinerja,2,1.649
3076,2023,HOLDING,UIP3B Sulawesi,,TECHNICIAN PENGENDALIAN OPERASI DAN PEMELIHARAAN,TECHNICIAN,PENGENDALIAN OPERASI DAN PEMELIHARAAN,G2,S1 Teknik Elektro/Teknik Listrik,1,S1,3T,Distribusi,2,1.631
3077,2023,HOLDING,PUSERTIF,,TECHNICIAN KOMISIONING SISTEM PEMBANGKIT,TECHNICIAN,KOMISIONING SISTEM PEMBANGKIT,G2,S1 Teknik Mesin/Konversi Energi,1,S1,Rekrut 2023,Pembangkitan,2,1.62
3078,2023,HOLDING,UID Suluttenggo,,TECHNICIAN PDKB,TECHNICIAN,PDKB,G2,S1 Teknik Elektro/Teknik Listrik,1,S1,3T,Distribusi,2,1.616
3079,2023,HOLDING,P3B Sumatera,,OFFICER ENJINIRING,OFFICER,ENJINIRING,G2,S1 Teknik Kimia/Teknik Lingkungan,1,S1,Rekrut 2023,Perencanaan Sistem,2,1.61
3080,2023,HOLDING,UID Kalselteng,,OFFICER KINERJA KEUANGAN DAN UMUM,OFFICER,KINERJA KEUANGAN DAN UMUM,G2,S1 Akuntansi/Administrasi Fiskal,1,S1,3T,Keuangan dan Akuntansi,2,1.595
3081,2023,HOLDING,UID Jawa Barat,,OFFICER ADMINISTRASI DAN UMUM,OFFICER,ADMINISTRASI DAN UMUM,G2,S1 Komunikasi/Hubungan Masyarakat,1,S1,Rekrut 2023,Komunikasi dan Umum,2,1.588
3082,2023,HOLDING,UID Jawa Timur,,TECHNICIAN PENGATURAN OPERASI,TECHNICIAN,PENGATURAN OPERASI,G2,S1 Teknik Kimia/Teknik Lingkungan,1,S1,Rekrut 2023,Perencanaan Sistem,2,1.577
3083,2023,HOLDING,UIP3B Kalimantan,,TECHNICIAN PDKB GI/GITET,TECHNICIAN,PDKB GI/GITET,G2,S1 Teknik Elektro/Teknik Listrik,1,S1,3T,Transmisi dan Gardu Induk,2,1.543
3084,2023,HOLDING,UIT JBT,,OFFICER KINERJA KONSTRUKSI,OFFICER,KINERJA KONSTRUKSI,G2,S1 Logistik/Supply Chain Management,1,S1,Rekrut 2023,Manajemen Konstruksi dan Pengadaan,2,1.525
3085,2023,HOLDING,UIT JBB,,OFFICER ENJINIRING,OFFICER,ENJINIRING,G2,S1 Teknik Kimia/Teknik Lingkungan,1,S1,Rekrut 2023,Perencanaan Sistem,2,1.516
3086,2023,HOLDING,UIW Papua&Papua Barat,,OFFICER KINERJA JARINGAN DAN KONSTRUKSI,OFFICER,KINERJA JARINGAN DAN KONSTRUKSI,G2,S1 Teknik Elektro/Teknik Listrik,1,S1,3T,Distribusi,2,1.506
3087,2023,HOLDING,UIW Papua&Papua Barat,,OFFICER KINERJA TRANSAKSI ENERGI LISTRIK,OFFICER,KINERJA TRANSAKSI ENERGI LISTRIK,G2,S1 Teknik Elektro/Teknik Listrik,1,S1,3T,Distribusi,2,1.506
3088,2023,HOLDING,UID Suluttenggo,,TECHNICIAN PENGELOLAAN KONSTRUKSI DISTRIBUSI,TECHNICIAN,PENGELOLAAN KONSTRUKSI DISTRIBUSI,G2,S1 Teknik Elektro/Teknik Listrik,1,S1,3T,Distribusi,2,1.492
3089,2023,HOLDING,UID Kaltimra,,OFFICER KINERJA,OFFICER,KINERJA,G2,S1 Teknik Industri/Teknik Material,1,S1,3T,Perencanaan dan Kinerja,2,1.491
3090,2023,HOLDING,P3B Sumatera,,OFFICER KINERJA OPERASI SISTEM,OFFICER,KINERJA OPERASI SISTEM,G2,S1 Teknik Kimia/Teknik Lingkungan,1,S1,Rekrut 2023,Perencanaan Sistem,2,1.476
3091,2023,HOLDING,Kantor Pusat,,OFFICER ANGGARAN,OFFICER,ANGGARAN,G2,S1 Akuntansi/Administrasi Fiskal,1,S1,Rekrut 2023,Keuangan dan Akuntansi,2,1.471
3092,2023,HOLDING,UID Riau & Kepri,,OFFICER KINERJA JARINGAN DAN KONSTRUKSI DISTRIBUSI,OFFICER,KINERJA JARINGAN DAN KONSTRUKSI DISTRIBUSI,G2,S1 Teknik Elektro/Teknik Listrik,1,S1,Rekrut 2023,Distribusi,2,1.465
3093,2023,HOLDING,UIW Maluku&Malut,,OFFICER PERENCANAAN DAN EVALUASI SISTEM DISTRIBUSI,OFFICER,PERENCANAAN DAN EVALUASI SISTEM DISTRIBUSI,G2,S1 Teknik Kimia/Teknik Lingkungan,1,S1,3T,Perencanaan Sistem,2,1.462
3094,2023,HOLDING,UIW Maluku&Malut,,OFFICER PERENCANAAN PENGUSAHAAN DAN KINERJA,OFFICER,PERENCANAAN PENGUSAHAAN DAN KINERJA,G2,S1 Teknik Industri/Teknik Material,1,S1,3T,Perencanaan dan Kinerja,2,1.462
3095,2023,HOLDING,UIW Maluku&Malut,,OFFICER STRATEGI PEMASARAN,OFFICER,STRATEGI PEMASARAN,G2,S1 Manajemen Pemasaran/Digital Marketing Dan Analytics,1,S1,3T,Niaga dan Pemasaran,2,1.462
3096,2023,HOLDING,UIW Maluku&Malut,,TECHNICIAN PENGENDALIAN OPERASI DAN PEMELIHARAAN PUSAT LISTRIK,TECHNICIAN,PENGENDALIAN OPERASI DAN PEMELIHARAAN PUSAT LISTRIK,G2,S1 Teknik Mesin/Konversi Energi,1,S1,3T,Pembangkitan,2,1.462
3097,2023,HOLDING,UIW Maluku&Malut,,TECHNICIAN PENGENDALIAN OPERASI DAN PEMELIHARAAN TRANSMISI DAN GARDU INDUK,TECHNICIAN,PENGENDALIAN OPERASI DAN PEMELIHARAAN TRANSMISI DAN GARDU INDUK,G2,S1 Teknik Elektro/Teknik Listrik,1,S1,3T,Transmisi dan Gardu Induk,2,1.462
3098,2023,HOLDING,UIW Maluku&Malut,,TECHNICIAN PENGENDALIAN SUSUT,TECHNICIAN,PENGENDALIAN SUSUT,G2,S1 Teknik Elektro/Teknik Listrik,1,S1,3T,Distribusi,2,1.462
3099,2023,HOLDING,UID Sulselrabar,,TECHNICIAN PENGELOLAAN KONSTRUKSI DISTRIBUSI,TECHNICIAN,PENGELOLAAN KONSTRUKSI DISTRIBUSI,G2,S1 Teknik Elektro/Teknik Listrik,1,S1,3T,Distribusi,2,1.444
3100,2023,HOLDING,UID Banten,,OFFICER KINERJA,OFFICER,KINERJA,G2,S1 Teknik Industri/Teknik Material,1,S1,Rekrut 2023,Perencanaan dan Kinerja,2,1.442
3101,2023,HOLDING,UID Banten,,OFFICER KINERJA TRANSAKSI ENERGI LISTRIK,OFFICER,KINERJA TRANSAKSI ENERGI LISTRIK,G2,S1 Teknik Elektro/Teknik Listrik,1,S1,Rekrut 2023,Distribusi,2,1.442
3102,2023,HOLDING,UIP Sumatera Bag Tengah,,TECHNICIAN PENGENDALIAN KONSTRUKSI,TECHNICIAN,PENGENDALIAN KONSTRUKSI,G2,S1 Logistik/Supply Chain Management,1,S1,Rekrut 2023,Manajemen Konstruksi dan Pengadaan,2,1.439
3103,2023,HOLDING,UID Jawa Tengah & DIY,,OFFICER KINERJA JARINGAN DISTRIBUSI,OFFICER,KINERJA JARINGAN DISTRIBUSI,G2,S1 Teknik Elektro/Teknik Listrik,1,S1,Rekrut 2023,Distribusi,2,1.428
3104,2023,HOLDING,UID Sumut,,OFFICER KINERJA JARINGAN DAN KONSTRUKSI DISTRIBUSI,OFFICER,KINERJA JARINGAN DAN KONSTRUKSI DISTRIBUSI,G2,S1 Teknik Elektro/Teknik Listrik,1,S1,Rekrut 2023,Distribusi,2,1.428
3105,2023,HOLDING,P3B Sumatera,,JUNIOR TECHNICIAN PDKB GI/GITET,JUNIOR TECHNICIAN,PDKB GI/GITET,G1,D3 Teknik Elektro/Teknik Listrik,1,D3,Rekrut 2023,Transmisi dan Gardu Induk,1,1.417
3106,2023,HOLDING,UID Sumbar,,JUNIOR TECHNICIAN TRANSAKSI ENERGI LAYANAN PELANGGAN,JUNIOR TECHNICIAN,TRANSAKSI ENERGI LAYANAN PELANGGAN,G1,D3 Teknik Elektro/Teknik Listrik,1,D3,Rekrut 2023,Distribusi,1,1.389
3107,2023,HOLDING,UIT JBT,,JUNIOR TECHNICIAN PEMELIHARAAN GARDU INDUK,JUNIOR TECHNICIAN,PEMELIHARAAN GARDU INDUK,G1,D3 Teknik Elektro/Teknik Listrik,1,D3,Rekrut 2023,Transmisi dan Gardu Induk,1,1.37
3108,2023,HOLDING,UIP Maluku dan Papua,,JUNIOR TECHNICIAN TEKNIK ELEKTRIKAL,JUNIOR TECHNICIAN,TEKNIK ELEKTRIKAL,G1,D3 Teknik Elektro/Teknik Listrik,1,D3,3T,Distribusi,1,1.369
3109,2023,HOLDING,UID S2JB,,JUNIOR TECHNICIAN TEKNIK LAYANAN PELANGGAN,JUNIOR TECHNICIAN,TEKNIK LAYANAN PELANGGAN,G1,D3 Teknik Elektro/Teknik Listrik,1,D3,3T,Distribusi,1,1.365
3110,2023,HOLDING,UID Kalbar,,JUNIOR TECHNICIAN PDKB,JUNIOR TECHNICIAN,PDKB,G1,D3 Teknik Elektro/Teknik Listrik,1,D3,3T,Distribusi,1,1.361
3111,2023,HOLDING,Pusat Pengatur Beban,,JUNIOR OFFICER ADMINISTRASI UMUM,JUNIOR OFFICER,ADMINISTRASI UMUM,G1,D3 Komunikasi/Hubungan Masyarakat,1,D3,Rekrut 2023,Komunikasi dan Umum,1,1.315
3112,2023,HOLDING,UID Jakarta Raya,,JUNIOR TECHNICIAN PENGATURAN OPERASI,JUNIOR TECHNICIAN,PENGATURAN OPERASI,G1,D3 Teknik Kimia/Teknik Lingkungan,1,D3,Rekrut 2023,Perencanaan Sistem,1,1.308
3113,2023,HOLDING,UIP Sumatera Bag Tengah,,JUNIOR OFFICER PERIZINAN,JUNIOR OFFICER,PERIZINAN,G1,D3 Komunikasi/Hubungan Masyarakat,1,D3,Rekrut 2023,Komunikasi dan Umum,1,1.249
3114,2023,HOLDING,UID Jawa Barat,,JUNIOR TECHNICIAN PENGATURAN OPERASI,JUNIOR TECHNICIAN,PENGATURAN OPERASI,G1,D3 Teknik Kimia/Teknik Lingkungan,1,D3,Rekrut 2023,Perencanaan Sistem,1,1.233
3115,2023,HOLDING,UIT JBTB,,JUNIOR TECHNICIAN PEMELIHARAAN JARINGAN TRANSMISI,JUNIOR TECHNICIAN,PEMELIHARAAN JARINGAN TRANSMISI,G1,D3 Teknik Elektro/Teknik Listrik,1,D3,Rekrut 2023,Transmisi dan Gardu Induk,1,1.223
3116,2023,HOLDING,UIW NusaTenggaraTimur,,JUNIOR TECHNICIAN TRANSAKSI ENERGI LAYANAN PELANGGAN,JUNIOR TECHNICIAN,TRANSAKSI ENERGI LAYANAN PELANGGAN,G1,D3 Teknik Elektro/Teknik Listrik,1,D3,3T,Distribusi,1,1.211
3117,2023,HOLDING,UIW NusaTenggaraTimur,,JUNIOR OFFICER PELAYANAN PELANGGAN,JUNIOR OFFICER,PELAYANAN PELANGGAN,G1,D3 Manajemen Pemasaran/Digital Marketing Dan Analytics,1,D3,3T,Niaga dan Pemasaran,1,1.163
3118,2023,HOLDING,UID Suluttenggo,,JUNIOR OFFICER PELAYANAN PELANGGAN,JUNIOR OFFICER,PELAYANAN PELANGGAN,G1,D3 Manajemen Pemasaran/Digital Marketing Dan Analytics,1,D3,3T,Niaga dan Pemasaran,1,1.16
3119,2023,HOLDING,UIT JBT,,JUNIOR TECHNICIAN PEMELIHARAAN JARINGAN TRANSMISI,JUNIOR TECHNICIAN,PEMELIHARAAN JARINGAN TRANSMISI,G1,D3 Teknik Elektro/Teknik Listrik,1,D3,Rekrut 2023,Transmisi dan Gardu Induk,1,1.146
3120,2023,HOLDING,UIP Kalimantan Bag Timur,,JUNIOR OFFICER PENGADAAN TANAH DAN PENGENDALIAN ROW,JUNIOR OFFICER,PENGADAAN TANAH DAN PENGENDALIAN ROW,G1,D3 Logistik/Supply Chain Management,1,D3,3T,Manajemen Konstruksi dan Pengadaan,1,1.138
3121,2023,HOLDING,UIP Kalimantan Bag Barat,,JUNIOR OFFICER PENGADAAN TANAH DAN PENGENDALIAN ROW,JUNIOR OFFICER,PENGADAAN TANAH DAN PENGENDALIAN ROW,G1,D3 Logistik/Supply Chain Management,1,D3,3T,Manajemen Konstruksi dan Pengadaan,1,1.133
3122,2023,HOLDING,UIP Kalimantan Bag Barat,,JUNIOR TECHNICIAN TEKNIK ELEKTRIKAL,JUNIOR TECHNICIAN,TEKNIK ELEKTRIKAL,G1,D3 Teknik Elektro/Teknik Listrik,1,D3,3T,Distribusi,1,1.133
3123,2023,HOLDING,UIW Papua&Papua Barat,,JUNIOR TECHNICIAN PDKB,JUNIOR TECHNICIAN,PDKB,G1,D3 Teknik Elektro/Teknik Listrik,1,D3,3T,Distribusi,1,1.125
3124,2023,HOLDING,UID Jawa Tengah & DIY,,JUNIOR TECHNICIAN PENGATURAN OPERASI,JUNIOR TECHNICIAN,PENGATURAN OPERASI,G1,D3 Teknik Kimia/Teknik Lingkungan,1,D3,Rekrut 2023,Perencanaan Sistem,1,1.11
3125,2023,HOLDING,UID Jakarta Raya,,JUNIOR TECHNICIAN PENGENDALIAN KONSTRUKSI DISTRIBUSI,JUNIOR TECHNICIAN,PENGENDALIAN KONSTRUKSI DISTRIBUSI,G1,D3 Teknik Elektro/Teknik Listrik,1,D3,Rekrut 2023,Distribusi,1,1.107
3126,2023,HOLDING,UID Jakarta Raya,,JUNIOR TECHNICIAN PENYAMBUNGAN DAN PEMUTUSAN,JUNIOR TECHNICIAN,PENYAMBUNGAN DAN PEMUTUSAN,G1,D3 Teknik Elektro/Teknik Listrik,1,D3,Rekrut 2023,Distribusi,1,1.107
3127,2023,HOLDING,UIT JBTB,,"JUNIOR TECHNICIAN PEMELIHARAAN PROTEKSI, METER, DAN OTOMASI TRANSMISI DAN GARDU INDUK",JUNIOR TECHNICIAN,"PEMELIHARAAN PROTEKSI, METER, DAN OTOMASI TRANSMISI DAN GARDU INDUK",G1,D3 Teknik Elektro/Teknik Listrik,1,D3,Rekrut 2023,Transmisi dan Gardu Induk,1,1.101
3128,2023,HOLDING,UIW NusaTenggara Barat,,JUNIOR TECHNICIAN TEKNIK LAYANAN PELANGGAN,JUNIOR TECHNICIAN,TEKNIK LAYANAN PELANGGAN,G1,D3 Teknik Elektro/Teknik Listrik,1,D3,3T,Distribusi,1,1.094
3129,2023,HOLDING,UIP Nusa Tenggara,,JUNIOR OFFICER PENGADAAN TANAH DAN PENGENDALIAN ROW,JUNIOR OFFICER,PENGADAAN TANAH DAN PENGENDALIAN ROW,G1,D3 Logistik/Supply Chain Management,1,D3,3T,Manajemen Konstruksi dan Pengadaan,1,1.085
3130,2023,HOLDING,UIP Sulawesi,,JUNIOR OFFICER ADMINISTRASI DAN UMUM,JUNIOR OFFICER,ADMINISTRASI DAN UMUM,G1,D3 Komunikasi/Hubungan Masyarakat,1,D3,3T,Komunikasi dan Umum,1,1.078
3131,2023,HOLDING,UID Lampung,,JUNIOR OFFICER PELAYANAN PELANGGAN,JUNIOR OFFICER,PELAYANAN PELANGGAN,G1,D3 Manajemen Pemasaran/Digital Marketing Dan Analytics,1,D3,Rekrut 2023,Niaga dan Pemasaran,1,1.064
3132,2023,HOLDING,UID S2JB,,JUNIOR TECHNICIAN PENGATURAN OPERASI,JUNIOR TECHNICIAN,PENGATURAN OPERASI,G1,D3 Teknik Kimia/Teknik Lingkungan,1,D3,3T,Perencanaan Sistem,1,1.061
3133,2023,HOLDING,UIT JBB,,JUNIOR TECHNICIAN PDKB SUTT/SUTET,JUNIOR TECHNICIAN,PDKB SUTT/SUTET,G1,D3 Teknik Elektro/Teknik Listrik,1,D3,Rekrut 2023,Transmisi dan Gardu Induk,1,1.057
3134,2023,HOLDING,PUSDIKLAT,,JUNIOR OFFICER ADMINISTRASI UMUM,JUNIOR OFFICER,ADMINISTRASI UMUM,G1,D3 Komunikasi/Hubungan Masyarakat,1,D3,Rekrut 2023,Komunikasi dan Umum,1,1.056
3135,2023,HOLDING,PUSDIKLAT,,JUNIOR OFFICER KEUANGAN DAN AKUNTANSI,JUNIOR OFFICER,KEUANGAN DAN AKUNTANSI,G1,D3 Akuntansi/Administrasi Fiskal,1,D3,Rekrut 2023,Keuangan dan Akuntansi,1,1.056
3136,2023,HOLDING,PUSDIKLAT,,JUNIOR OFFICER PELAYANAN DAN FASILITAS TEKNOLOGI INFORMASI PEMBELAJARAN,JUNIOR OFFICER,PELAYANAN DAN FASILITAS TEKNOLOGI INFORMASI PEMBELAJARAN,G1,D3 Psikologi/Kepegawaian,1,D3,Rekrut 2023,Sumber Daya Manusia,1,1.056
3137,2023,HOLDING,UIW Maluku&Malut,,JUNIOR TECHNICIAN PEMELIHARAAN PUSAT LISTRIK,JUNIOR TECHNICIAN,PEMELIHARAAN PUSAT LISTRIK,G1,D3 Teknik Mesin/Konversi Energi,1,D3,3T,Pembangkitan,1,1.043
3138,2023,HOLDING,UIP Sumatera Bag Tengah,,JUNIOR OFFICER PENGADAAN TANAH DAN PENGENDALIAN ROW,JUNIOR OFFICER,PENGADAAN TANAH DAN PENGENDALIAN ROW,G1,D3 Logistik/Supply Chain Management,1,D3,Rekrut 2023,Manajemen Konstruksi dan Pengadaan,1,1.041
3139,2023,HOLDING,UIW NusaTenggara Barat,,JUNIOR TECHNICIAN OPERASI PUSAT LISTRIK,JUNIOR TECHNICIAN,OPERASI PUSAT LISTRIK,G1,D3 Teknik Mesin/Konversi Energi,1,D3,3T,Pembangkitan,1,1.005
3140,2023,HOLDING,UIT JBT,,JUNIOR TECHNICIAN PDKB SUTT/SUTET,JUNIOR TECHNICIAN,PDKB SUTT/SUTET,G1,D3 Teknik Elektro/Teknik Listrik,1,D3,Rekrut 2023,Transmisi dan Gardu Induk,1,0.978
3141,2023,HOLDING,UID Suluttenggo,,JUNIOR TECHNICIAN PDKB,JUNIOR TECHNICIAN,PDKB,G1,D3 Teknik Elektro/Teknik Listrik,1,D3,3T,Distribusi,1,0.977
3142,2023,HOLDING,UIW NusaTenggaraTimur,,JUNIOR TECHNICIAN OPERASI DISTRIBUSI,JUNIOR TECHNICIAN,OPERASI DISTRIBUSI,G1,D3 Teknik Elektro/Teknik Listrik,1,D3,3T,Distribusi,1,0.969
3143,2023,HOLDING,UIW NusaTenggaraTimur,,JUNIOR TECHNICIAN PDKB,JUNIOR TECHNICIAN,PDKB,G1,D3 Teknik Elektro/Teknik Listrik,1,D3,3T,Distribusi,1,0.969
3144,2023,HOLDING,UID Kaltimra,,JUNIOR TECHNICIAN PENGATURAN OPERASI,JUNIOR TECHNICIAN,PENGATURAN OPERASI,G1,D3 Teknik Kimia/Teknik Lingkungan,1,D3,3T,Perencanaan Sistem,1,0.964
3145,2023,HOLDING,UIW NusaTenggara Barat,,JUNIOR OFFICER PELAYANAN PELANGGAN,JUNIOR OFFICER,PELAYANAN PELANGGAN,G1,D3 Manajemen Pemasaran/Digital Marketing Dan Analytics,1,D3,3T,Niaga dan Pemasaran,1,0.946
3146,2023,HOLDING,UID Kalbar,,JUNIOR TECHNICIAN PENGATURAN OPERASI,JUNIOR TECHNICIAN,PENGATURAN OPERASI,G1,D3 Teknik Kimia/Teknik Lingkungan,1,D3,3T,Perencanaan Sistem,1,0.942
3147,2023,HOLDING,Pusat Pengatur Beban,,JUNIOR TECHNICIAN OPERASI REAL TIME A,JUNIOR TECHNICIAN,OPERASI REAL TIME A,G1,D3 Teknik Elektro/Teknik Listrik,1,D3,Rekrut 2023,Distribusi,1,0.94
3148,2023,HOLDING,UIP3B Sulawesi,,JUNIOR TECHNICIAN PEMELIHARAAN GARDU INDUK,JUNIOR TECHNICIAN,PEMELIHARAAN GARDU INDUK,G1,D3 Teknik Elektro/Teknik Listrik,1,D3,3T,Transmisi dan Gardu Induk,1,0.94
3149,2023,HOLDING,UIP Sumatera Bag Selatan,,JUNIOR OFFICER PENGADAAN TANAH DAN PENGENDALIAN ROW,JUNIOR OFFICER,PENGADAAN TANAH DAN PENGENDALIAN ROW,G1,D3 Logistik/Supply Chain Management,1,D3,Rekrut 2023,Manajemen Konstruksi dan Pengadaan,1,0.936
3150,2023,HOLDING,UIW NusaTenggara Barat,,JUNIOR TECHNICIAN TRANSAKSI ENERGI LAYANAN PELANGGAN,JUNIOR TECHNICIAN,TRANSAKSI ENERGI LAYANAN PELANGGAN,G1,D3 Teknik Elektro/Teknik Listrik,1,D3,3T,Distribusi,1,0.917
3151,2023,HOLDING,UIP Maluku dan Papua,,JUNIOR OFFICER PENGADAAN TANAH DAN PENGENDALIAN ROW,JUNIOR OFFICER,PENGADAAN TANAH DAN PENGENDALIAN ROW,G1,D3 Logistik/Supply Chain Management,1,D3,3T,Manajemen Konstruksi dan Pengadaan,1,0.913
3152,2023,HOLDING,UID Jakarta Raya,,JUNIOR TECHNICIAN PDKB,JUNIOR TECHNICIAN,PDKB,G1,D3 Teknik Elektro/Teknik Listrik,1,D3,Rekrut 2023,Distribusi,1,0.906
3153,2023,HOLDING,PUSHARLIS,,JUNIOR TECHNICIAN MEKANIKAL,JUNIOR TECHNICIAN,MEKANIKAL,G1,D3 Teknik Elektro/Teknik Listrik,1,D3,Rekrut 2023,Distribusi,1,0.89
3154,2023,HOLDING,UID Banten,,JUNIOR TECHNICIAN TEKNIK LAYANAN PELANGGAN,JUNIOR TECHNICIAN,TEKNIK LAYANAN PELANGGAN,G1,D3 Teknik Elektro/Teknik Listrik,1,D3,Rekrut 2023,Distribusi,1,0.884
3155,2023,HOLDING,PUSERTIF,,JUNIOR TECHNICIAN PENGUJIAN ARUS TINGGI,JUNIOR TECHNICIAN,PENGUJIAN ARUS TINGGI,G1,D3 Teknik Elektro/Teknik Listrik,1,D3,Rekrut 2023,Distribusi,1,0.883
3156,2023,HOLDING,UID Riau & Kepri,,JUNIOR TECHNICIAN PENGATURAN OPERASI,JUNIOR TECHNICIAN,PENGATURAN OPERASI,G1,D3 Teknik Kimia/Teknik Lingkungan,1,D3,Rekrut 2023,Perencanaan Sistem,1,0.869
3157,2023,HOLDING,UIW Maluku&Malut,,JUNIOR TECHNICIAN OPERASI DISTRIBUSI,JUNIOR TECHNICIAN,OPERASI DISTRIBUSI,G1,D3 Teknik Elektro/Teknik Listrik,1,D3,3T,Distribusi,1,0.869
3158,2023,HOLDING,UIW Maluku&Malut,,JUNIOR TECHNICIAN PEMELIHARAAN JARINGAN TRANSMISI DAN GARDU INDUK,JUNIOR TECHNICIAN,PEMELIHARAAN JARINGAN TRANSMISI DAN GARDU INDUK,G1,D3 Teknik Elektro/Teknik Listrik,1,D3,3T,Transmisi dan Gardu Induk,1,0.869
3159,2023,HOLDING,UID Bali,,JUNIOR TECHNICIAN PENGATURAN OPERASI,JUNIOR TECHNICIAN,PENGATURAN OPERASI,G1,D3 Teknik Kimia/Teknik Lingkungan,1,D3,Rekrut 2023,Perencanaan Sistem,1,0.836
3160,2023,HOLDING,UID Lampung,,JUNIOR TECHNICIAN PENGATURAN OPERASI,JUNIOR TECHNICIAN,PENGATURAN OPERASI,G1,D3 Teknik Kimia/Teknik Lingkungan,1,D3,Rekrut 2023,Perencanaan Sistem,1,0.828
3161,2023,HOLDING,UID Lampung,,JUNIOR TECHNICIAN TEKNIK LAYANAN PELANGGAN,JUNIOR TECHNICIAN,TEKNIK LAYANAN PELANGGAN,G1,D3 Teknik Elektro/Teknik Listrik,1,D3,Rekrut 2023,Distribusi,1,0.828
3162,2023,HOLDING,UIP JBB,,JUNIOR OFFICER LOGISTIK,JUNIOR OFFICER,LOGISTIK,G1,D3 Logistik/Supply Chain Management,1,D3,Rekrut 2023,Manajemen Konstruksi dan Pengadaan,1,0.826
3163,2023,HOLDING,UID Kaltimra,,JUNIOR TECHNICIAN PDKB,JUNIOR TECHNICIAN,PDKB,G1,D3 Teknik Elektro/Teknik Listrik,1,D3,3T,Distribusi,1,0.815
3164,2023,HOLDING,UIP Sumatera Bag Utara,,JUNIOR OFFICER PENGADAAN TANAH DAN PENGENDALIAN ROW,JUNIOR OFFICER,PENGADAAN TANAH DAN PENGENDALIAN ROW,G1,D3 Logistik/Supply Chain Management,1,D3,Rekrut 2023,Manajemen Konstruksi dan Pengadaan,1,0.815
3165,2023,HOLDING,UID Jakarta Raya,,JUNIOR OFFICER ACCOUNT EXECUTIVE,JUNIOR OFFICER,ACCOUNT EXECUTIVE,G1,D3 Komunikasi/Hubungan Masyarakat,1,D3,Rekrut 2023,Komunikasi dan Umum,1,0.805
3166,2023,HOLDING,UID Jakarta Raya,,JUNIOR OFFICER ADMINISTRASI DAN PELAYANAN PELANGGAN,JUNIOR OFFICER,ADMINISTRASI DAN PELAYANAN PELANGGAN,G1,D3 Manajemen Pemasaran/Digital Marketing Dan Analytics,1,D3,Rekrut 2023,Niaga dan Pemasaran,1,0.805
3167,2023,HOLDING,UID Jakarta Raya,,JUNIOR OFFICER PENGELOLAAN PIUTANG,JUNIOR OFFICER,PENGELOLAAN PIUTANG,G1,D3 Teknik Industri/Teknik Material,1,D3,Rekrut 2023,Perencanaan dan Kinerja,1,0.805
3168,2023,HOLDING,UIP Kalimantan Bag Timur,,JUNIOR OFFICER PERIZINAN,JUNIOR OFFICER,PERIZINAN,G1,D3 Komunikasi/Hubungan Masyarakat,1,D3,3T,Komunikasi dan Umum,1,0.759
3169,2023,HOLDING,Pusat Pengatur Beban,,JUNIOR TECHNICIAN DATA DISTURBANCE FAULT RECORDER (DFR) DAN PHASOR MEASUREMENT UNIT (PMU),JUNIOR TECHNICIAN,DATA DISTURBANCE FAULT RECORDER (DFR) DAN PHASOR MEASUREMENT UNIT (PMU),G1,D3 Data Science/Teknik Informatika,1,D3,Rekrut 2023,Teknologi Informasi,1,0.752
3170,2023,HOLDING,Pusat Pengatur Beban,,JUNIOR TECHNICIAN OPERASI REAL TIME C,JUNIOR TECHNICIAN,OPERASI REAL TIME C,G1,D3 Teknik Elektro/Teknik Listrik,1,D3,Rekrut 2023,Distribusi,1,0.752
3171,2023,HOLDING,UIP JBT,,JUNIOR OFFICER KEUANGAN,JUNIOR OFFICER,KEUANGAN,G1,D3 Akuntansi/Administrasi Fiskal,1,D3,Rekrut 2023,Keuangan dan Akuntansi,1,0.728
3172,2023,HOLDING,UIP JBT,,JUNIOR OFFICER PENGADAAN TANAH DAN PENGENDALIAN ROW,JUNIOR OFFICER,PENGADAAN TANAH DAN PENGENDALIAN ROW,G1,D3 Logistik/Supply Chain Management,1,D3,Rekrut 2023,Manajemen Konstruksi dan Pengadaan,1,0.728
3173,2023,HOLDING,UID Sulselrabar,,JUNIOR TECHNICIAN PENGATURAN OPERASI,JUNIOR TECHNICIAN,PENGATURAN OPERASI,G1,D3 Teknik Kimia/Teknik Lingkungan,1,D3,3T,Perencanaan Sistem,1,0.726
3174,2023,HOLDING,UIK Tanjung Jati B,,JUNIOR OFFICER ADMINISTRASI DAN UMUM,JUNIOR OFFICER,ADMINISTRASI DAN UMUM,G1,D3 Komunikasi/Hubungan Masyarakat,1,D3,Rekrut 2023,Komunikasi dan Umum,1,0.714
3175,2023,HOLDING,UIK Tanjung Jati B,,JUNIOR OFFICER KESELAMATAN DAN KESEHATAN KERJA,JUNIOR OFFICER,KESELAMATAN DAN KESEHATAN KERJA,G1,D3 Keselamatan Dan Kesehatan Kerja/Kesehatan Masyarakat K3,1,D3,Rekrut 2023,K3 dan Lingkungan,1,0.714
3176,2023,HOLDING,PUSHARLIS,,JUNIOR OFFICER ADMINISTRASI UMUM,JUNIOR OFFICER,ADMINISTRASI UMUM,G1,D3 Komunikasi/Hubungan Masyarakat,1,D3,Rekrut 2023,Komunikasi dan Umum,1,0.712
3177,2023,HOLDING,UID Lampung,,JUNIOR TECHNICIAN PDKB,JUNIOR TECHNICIAN,PDKB,G1,D3 Teknik Elektro/Teknik Listrik,1,D3,Rekrut 2023,Distribusi,1,0.709
3178,2023,HOLDING,UID Banten,,JUNIOR TECHNICIAN TRANSAKSI ENERGI LAYANAN PELANGGAN,JUNIOR TECHNICIAN,TRANSAKSI ENERGI LAYANAN PELANGGAN,G1,D3 Teknik Elektro/Teknik Listrik,1,D3,Rekrut 2023,Distribusi,1,0.707
3179,2023,HOLDING,UID Jakarta Raya,,"JUNIOR OFFICER KESELAMATAN, KESEHATAN KERJA, LINGKUNGAN DAN KEAMANAN",JUNIOR OFFICER,"KESELAMATAN, KESEHATAN KERJA, LINGKUNGAN DAN KEAMANAN",G1,D3 Keselamatan Dan Kesehatan Kerja/Kesehatan Masyarakat K3,1,D3,Rekrut 2023,K3 dan Lingkungan,1,0.704
3180,2023,HOLDING,UID Jakarta Raya,,JUNIOR OFFICER LOGISTIK,JUNIOR OFFICER,LOGISTIK,G1,D3 Logistik/Supply Chain Management,1,D3,Rekrut 2023,Manajemen Konstruksi dan Pengadaan,1,0.704
3181,2023,HOLDING,UID Jakarta Raya,,JUNIOR OFFICER PEMBACAAN METER,JUNIOR OFFICER,PEMBACAAN METER,G1,D3 Teknik Elektro/Teknik Listrik,1,D3,Rekrut 2023,Distribusi,1,0.704
3182,2023,HOLDING,UID Jakarta Raya,,JUNIOR TECHNICIAN PEMELIHARAAN DISTRIBUSI,JUNIOR TECHNICIAN,PEMELIHARAAN DISTRIBUSI,G1,D3 Teknik Elektro/Teknik Listrik,1,D3,Rekrut 2023,Distribusi,1,0.704
3183,2023,HOLDING,UIW Maluku&Malut,,JUNIOR OFFICER PELAKSANA PENGADAAN,JUNIOR OFFICER,PELAKSANA PENGADAAN,G1,D3 Logistik/Supply Chain Management,1,D3,3T,Manajemen Konstruksi dan Pengadaan,1,0.695
3184,2023,HOLDING,UID Sumbar,,JUNIOR TECHNICIAN PDKB,JUNIOR TECHNICIAN,PDKB,G1,D3 Teknik Elektro/Teknik Listrik,1,D3,Rekrut 2023,Distribusi,1,0.694
3185,2023,HOLDING,UIT JBB,,JUNIOR TECHNICIAN PDKB GI/GITET,JUNIOR TECHNICIAN,PDKB GI/GITET,G1,D3 Teknik Elektro/Teknik Listrik,1,D3,Rekrut 2023,Transmisi dan Gardu Induk,1,0.687
3186,2023,HOLDING,UIW NusaTenggaraTimur,,JUNIOR TECHNICIAN PEMELIHARAAN JARINGAN TRANSMISI,JUNIOR TECHNICIAN,PEMELIHARAAN JARINGAN TRANSMISI,G1,D3 Teknik Elektro/Teknik Listrik,1,D3,3T,Transmisi dan Gardu Induk,1,0.678
3187,2023,HOLDING,UIT JBT,,"JUNIOR TECHNICIAN PEMELIHARAAN PROTEKSI, METER, DAN OTOMASI TRANSMISI DAN GARDU INDUK",JUNIOR TECHNICIAN,"PEMELIHARAAN PROTEKSI, METER, DAN OTOMASI TRANSMISI DAN GARDU INDUK",G1,D3 Teknik Elektro/Teknik Listrik,1,D3,Rekrut 2023,Transmisi dan Gardu Induk,1,0.671
3188,2023,HOLDING,UIT JBTB,,JUNIOR TECHNICIAN PDKB GI/GITET,JUNIOR TECHNICIAN,PDKB GI/GITET,G1,D3 Teknik Elektro/Teknik Listrik,1,D3,Rekrut 2023,Transmisi dan Gardu Induk,1,0.652
3189,2023,HOLDING,UIW Papua&Papua Barat,,JUNIOR TECHNICIAN PEMELIHARAAN JARINGAN TRANSMISI DAN GARDU INDUK,JUNIOR TECHNICIAN,PEMELIHARAAN JARINGAN TRANSMISI DAN GARDU INDUK,G1,D3 Teknik Elektro/Teknik Listrik,1,D3,3T,Transmisi dan Gardu Induk,1,0.652
3190,2023,HOLDING,UIP Sulawesi,,JUNIOR OFFICER PENGADAAN TANAH DAN PENGENDALIAN ROW,JUNIOR OFFICER,PENGADAAN TANAH DAN PENGENDALIAN ROW,G1,D3 Logistik/Supply Chain Management,1,D3,3T,Manajemen Konstruksi dan Pengadaan,1,0.647
3191,2023,HOLDING,UIP Sulawesi,,JUNIOR TECHNICIAN PROYEK,JUNIOR TECHNICIAN,PROYEK,G1,D3 Logistik/Supply Chain Management,1,D3,3T,Manajemen Konstruksi dan Pengadaan,1,0.647
3192,2023,HOLDING,UIP Sulawesi,,JUNIOR TECHNICIAN TEKNIK ELEKTRIKAL,JUNIOR TECHNICIAN,TEKNIK ELEKTRIKAL,G1,D3 Teknik Elektro/Teknik Listrik,1,D3,3T,Distribusi,1,0.647
3193,2023,HOLDING,UIP3B Kalimantan,,"JUNIOR TECHNICIAN PEMELIHARAAN PROTEKSI, METER, DAN OTOMASI",JUNIOR TECHNICIAN,"PEMELIHARAAN PROTEKSI, METER, DAN OTOMASI",G1,D3 Teknik Elektro/Teknik Listrik,1,D3,3T,Proteksi dan Kontrol,1,0.645
3194,2023,HOLDING,UID Bali,,JUNIOR TECHNICIAN TRANSAKSI ENERGI LAYANAN PELANGGAN,JUNIOR TECHNICIAN,TRANSAKSI ENERGI LAYANAN PELANGGAN,G1,D3 Teknik Elektro/Teknik Listrik,1,D3,Rekrut 2023,Distribusi,1,0.627
3195,2023,HOLDING,UIP Sumatera Bag Tengah,,JUNIOR OFFICER ADMINISTRASI DAN UMUM,JUNIOR OFFICER,ADMINISTRASI DAN UMUM,G1,D3 Komunikasi/Hubungan Masyarakat,1,D3,Rekrut 2023,Komunikasi dan Umum,1,0.624
3196,2023,HOLDING,UIW Bangka Belitung,,JUNIOR TECHNICIAN PDKB,JUNIOR TECHNICIAN,PDKB,G1,D3 Teknik Elektro/Teknik Listrik,1,D3,Rekrut 2023,Distribusi,1,0.624
3197,2023,HOLDING,UIT JBT,,JUNIOR OFFICER ADMINISTRASI UMUM,JUNIOR OFFICER,ADMINISTRASI UMUM,G1,D3 Komunikasi/Hubungan Masyarakat,1,D3,Rekrut 2023,Komunikasi dan Umum,1,0.615
3198,2023,HOLDING,UIP Sumatera Bag Utara,,JUNIOR OFFICER ADMINISTRASI DAN UMUM,JUNIOR OFFICER,ADMINISTRASI DAN UMUM,G1,D3 Komunikasi/Hubungan Masyarakat,1,D3,Rekrut 2023,Komunikasi dan Umum,1,0.611
3199,2023,HOLDING,UIP3B Sulawesi,,JUNIOR TECHNICIAN PDKB SUTT/SUTET,JUNIOR TECHNICIAN,PDKB SUTT/SUTET,G1,D3 Teknik Elektro/Teknik Listrik,1,D3,3T,Transmisi dan Gardu Induk,1,0.606
3200,2023,HOLDING,UID Sumbar,,JUNIOR TECHNICIAN PENGATURAN OPERASI,JUNIOR TECHNICIAN,PENGATURAN OPERASI,G1,D3 Teknik Kimia/Teknik Lingkungan,1,D3,Rekrut 2023,Perencanaan Sistem,1,0.595
3201,2023,HOLDING,UID Kaltimra,,JUNIOR TECHNICIAN OPERASI DAN PEMELIHARAAN DISTRIBUSI,JUNIOR TECHNICIAN,OPERASI DAN PEMELIHARAAN DISTRIBUSI,G1,D3 Teknik Elektro/Teknik Listrik,1,D3,3T,Distribusi,1,0.593
3202,2023,HOLDING,UIP JBTB,,JUNIOR OFFICER LOGISTIK,JUNIOR OFFICER,LOGISTIK,G1,D3 Logistik/Supply Chain Management,1,D3,Rekrut 2023,Manajemen Konstruksi dan Pengadaan,1,0.582
3203,2023,HOLDING,UIP JBTB,,JUNIOR TECHNICIAN PENGENDALIAN KONTRAK DAN PELAPORAN,JUNIOR TECHNICIAN,PENGENDALIAN KONTRAK DAN PELAPORAN,G1,D3 Logistik/Supply Chain Management,1,D3,Rekrut 2023,Manajemen Konstruksi dan Pengadaan,1,0.582
3204,2023,HOLDING,P3B Sumatera,,JUNIOR OFFICER ADMINISTRASI DAN UMUM,JUNIOR OFFICER,ADMINISTRASI DAN UMUM,G1,D3 Komunikasi/Hubungan Masyarakat,1,D3,Rekrut 2023,Komunikasi dan Umum,1,0.581
3205,2023,HOLDING,UIT JBB,,JUNIOR OFFICER ADMINISTRASI DAN UMUM,JUNIOR OFFICER,ADMINISTRASI DAN UMUM,G1,D3 Komunikasi/Hubungan Masyarakat,1,D3,Rekrut 2023,Komunikasi dan Umum,1,0.581
3206,2023,HOLDING,UIW NusaTenggaraTimur,,JUNIOR TECHNICIAN PEMELIHARAAN GARDU INDUK,JUNIOR TECHNICIAN,PEMELIHARAAN GARDU INDUK,G1,D3 Teknik Elektro/Teknik Listrik,1,D3,3T,Transmisi dan Gardu Induk,1,0.581
3207,2023,HOLDING,UIP3B Sulawesi,,"JUNIOR TECHNICIAN PEMELIHARAAN PROTEKSI, METER, DAN OTOMASI",JUNIOR TECHNICIAN,"PEMELIHARAAN PROTEKSI, METER, DAN OTOMASI",G1,D3 Teknik Elektro/Teknik Listrik,1,D3,3T,Proteksi dan Kontrol,1,0.576
3208,2023,HOLDING,Pusat Pengatur Beban,,JUNIOR TECHNICIAN OPERASI REAL TIME D,JUNIOR TECHNICIAN,OPERASI REAL TIME D,G1,D3 Teknik Elektro/Teknik Listrik,1,D3,Rekrut 2023,Distribusi,1,0.564
3209,2023,HOLDING,UID S2JB,,JUNIOR OFFICER PELAYANAN PELANGGAN,JUNIOR OFFICER,PELAYANAN PELANGGAN,G1,D3 Manajemen Pemasaran/Digital Marketing Dan Analytics,1,D3,3T,Niaga dan Pemasaran,1,1.971
3210,2023,HOLDING,UID Riau & Kepri,,JUNIOR OFFICER PELAYANAN PELANGGAN,JUNIOR OFFICER,PELAYANAN PELANGGAN,G1,D3 Manajemen Pemasaran/Digital Marketing Dan Analytics,1,D3,Rekrut 2023,Niaga dan Pemasaran,1,1.924
3211,2023,HOLDING,UID Kalselteng,,JUNIOR TECHNICIAN PENGATURAN OPERASI,JUNIOR TECHNICIAN,PENGATURAN OPERASI,G1,D3 Teknik Kimia/Teknik Lingkungan,1,D3,3T,Perencanaan Sistem,1,1.91
3212,2023,HOLDING,UIP Kalimantan Bag Timur,,JUNIOR OFFICER ADMINISTRASI DAN UMUM,JUNIOR OFFICER,ADMINISTRASI DAN UMUM,G1,D3 Komunikasi/Hubungan Masyarakat,1,D3,3T,Komunikasi dan Umum,1,1.897
3213,2023,HOLDING,UID Sumbar,,JUNIOR TECHNICIAN TEKNIK LAYANAN PELANGGAN,JUNIOR TECHNICIAN,TEKNIK LAYANAN PELANGGAN,G1,D3 Teknik Elektro/Teknik Listrik,1,D3,Rekrut 2023,Distribusi,1,1.885
3214,2023,HOLDING,UID Sulselrabar,,JUNIOR TECHNICIAN PDKB,JUNIOR TECHNICIAN,PDKB,G1,D3 Teknik Elektro/Teknik Listrik,1,D3,3T,Distribusi,1,1.814
3215,2023,HOLDING,UID Riau & Kepri,,JUNIOR TECHNICIAN TEKNIK LAYANAN PELANGGAN,JUNIOR TECHNICIAN,TEKNIK LAYANAN PELANGGAN,G1,D3 Teknik Elektro/Teknik Listrik,1,D3,Rekrut 2023,Distribusi,1,1.8
3216,2023,HOLDING,UIT JBB,,JUNIOR TECHNICIAN PEMELIHARAAN JARINGAN TRANSMISI,JUNIOR TECHNICIAN,PEMELIHARAAN JARINGAN TRANSMISI,G1,D3 Teknik Elektro/Teknik Listrik,1,D3,Rekrut 2023,Transmisi dan Gardu Induk,1,1.797
3217,2023,HOLDING,UIT JBTB,,JUNIOR TECHNICIAN PDKB SUTT/SUTET,JUNIOR TECHNICIAN,PDKB SUTT/SUTET,G1,D3 Teknik Elektro/Teknik Listrik,1,D3,Rekrut 2023,Transmisi dan Gardu Induk,1,1.794
3218,2023,HOLDING,UID Banten,,JUNIOR OFFICER PELAYANAN PELANGGAN,JUNIOR OFFICER,PELAYANAN PELANGGAN,G1,D3 Manajemen Pemasaran/Digital Marketing Dan Analytics,1,D3,Rekrut 2023,Niaga dan Pemasaran,1,1.767
3219,2023,HOLDING,UID Banten,,JUNIOR TECHNICIAN OPERASI DISTRIBUSI,JUNIOR TECHNICIAN,OPERASI DISTRIBUSI,G1,D3 Teknik Elektro/Teknik Listrik,1,D3,Rekrut 2023,Distribusi,1,1.767
3220,2023,HOLDING,UID Banten,,JUNIOR TECHNICIAN PENGATURAN OPERASI,JUNIOR TECHNICIAN,PENGATURAN OPERASI,G1,D3 Teknik Kimia/Teknik Lingkungan,1,D3,Rekrut 2023,Perencanaan Sistem,1,1.767
3221,2023,HOLDING,UIP Sumatera Bag Utara,,JUNIOR TECHNICIAN KONSTRUKSI,JUNIOR TECHNICIAN,KONSTRUKSI,G1,D3 Logistik/Supply Chain Management,1,D3,Rekrut 2023,Manajemen Konstruksi dan Pengadaan,1,1.732
3222,2023,HOLDING,UIW NusaTenggaraTimur,,JUNIOR TECHNICIAN TEKNIK LAYANAN PELANGGAN,JUNIOR TECHNICIAN,TEKNIK LAYANAN PELANGGAN,G1,D3 Teknik Elektro/Teknik Listrik,1,D3,3T,Distribusi,1,1.696
3223,2023,HOLDING,UIP Maluku dan Papua,,JUNIOR OFFICER ADMINISTRASI DAN UMUM,JUNIOR OFFICER,ADMINISTRASI DAN UMUM,G1,D3 Komunikasi/Hubungan Masyarakat,1,D3,3T,Komunikasi dan Umum,1,1.674
3224,2023,HOLDING,UID Bali,,JUNIOR OFFICER PELAYANAN PELANGGAN,JUNIOR OFFICER,PELAYANAN PELANGGAN,G1,D3 Manajemen Pemasaran/Digital Marketing Dan Analytics,1,D3,Rekrut 2023,Niaga dan Pemasaran,1,1.672
3225,2023,HOLDING,UID S2JB,,JUNIOR TECHNICIAN TRANSAKSI ENERGI LAYANAN PELANGGAN,JUNIOR TECHNICIAN,TRANSAKSI ENERGI LAYANAN PELANGGAN,G1,D3 Teknik Elektro/Teknik Listrik,1,D3,3T,Distribusi,1,1.668
3226,2023,HOLDING,UIP JBB,,JUNIOR OFFICER KEUANGAN,JUNIOR OFFICER,KEUANGAN,G1,D3 Akuntansi/Administrasi Fiskal,1,D3,Rekrut 2023,Keuangan dan Akuntansi,1,1.651
3227,2023,HOLDING,UIP JBB,,JUNIOR OFFICER PENGADAAN TANAH DAN PENGENDALIAN ROW,JUNIOR OFFICER,PENGADAAN TANAH DAN PENGENDALIAN ROW,G1,D3 Logistik/Supply Chain Management,1,D3,Rekrut 2023,Manajemen Konstruksi dan Pengadaan,1,1.651
3228,2023,HOLDING,UID Sumbar,,JUNIOR OFFICER PELAYANAN PELANGGAN,JUNIOR OFFICER,PELAYANAN PELANGGAN,G1,D3 Manajemen Pemasaran/Digital Marketing Dan Analytics,1,D3,Rekrut 2023,Niaga dan Pemasaran,1,1.637
3229,2023,HOLDING,UID Kaltimra,,JUNIOR OFFICER PELAYANAN PELANGGAN,JUNIOR OFFICER,PELAYANAN PELANGGAN,G1,D3 Manajemen Pemasaran/Digital Marketing Dan Analytics,1,D3,3T,Niaga dan Pemasaran,1,1.631
3230,2023,HOLDING,UIP Nusa Tenggara,,JUNIOR TECHNICIAN TEKNIK ELEKTRIKAL,JUNIOR TECHNICIAN,TEKNIK ELEKTRIKAL,G1,D3 Teknik Elektro/Teknik Listrik,1,D3,3T,Distribusi,1,1.628
3231,2023,HOLDING,UID Aceh,,JUNIOR TECHNICIAN TRANSAKSI ENERGI LAYANAN PELANGGAN,JUNIOR TECHNICIAN,TRANSAKSI ENERGI LAYANAN PELANGGAN,G1,D3 Teknik Elektro/Teknik Listrik,1,D3,3T,Distribusi,1,1.626
3232,2023,HOLDING,UID Riau & Kepri,,JUNIOR TECHNICIAN TRANSAKSI ENERGI LAYANAN PELANGGAN,JUNIOR TECHNICIAN,TRANSAKSI ENERGI LAYANAN PELANGGAN,G1,D3 Teknik Elektro/Teknik Listrik,1,D3,Rekrut 2023,Distribusi,1,1.614
3233,2023,HOLDING,UID Aceh,,JUNIOR OFFICER PELAYANAN PELANGGAN,JUNIOR OFFICER,PELAYANAN PELANGGAN,G1,D3 Manajemen Pemasaran/Digital Marketing Dan Analytics,1,D3,3T,Niaga dan Pemasaran,1,1.578
3234,2023,HOLDING,UIW Maluku&Malut,,JUNIOR OFFICER PELAYANAN PELANGGAN,JUNIOR OFFICER,PELAYANAN PELANGGAN,G1,D3 Manajemen Pemasaran/Digital Marketing Dan Analytics,1,D3,3T,Niaga dan Pemasaran,1,1.565
3235,2023,HOLDING,UIP Kalimantan Bag Timur,,JUNIOR TECHNICIAN TEKNIK ELEKTRIKAL,JUNIOR TECHNICIAN,TEKNIK ELEKTRIKAL,G1,D3 Teknik Elektro/Teknik Listrik,1,D3,3T,Distribusi,1,1.518
3236,2023,HOLDING,UID Sulselrabar,,JUNIOR OFFICER PELAYANAN PELANGGAN,JUNIOR OFFICER,PELAYANAN PELANGGAN,G1,D3 Manajemen Pemasaran/Digital Marketing Dan Analytics,1,D3,3T,Niaga dan Pemasaran,1,1.512
3237,2023,HOLDING,UID Jakarta Raya,,JUNIOR TECHNICIAN PENGENDALIAN SUSUT,JUNIOR TECHNICIAN,PENGENDALIAN SUSUT,G1,D3 Teknik Elektro/Teknik Listrik,1,D3,Rekrut 2023,Distribusi,1,1.509
3238,2023,HOLDING,UIP3B Kalimantan,,JUNIOR TECHNICIAN PEMELIHARAAN JARINGAN,JUNIOR TECHNICIAN,PEMELIHARAAN JARINGAN,G1,D3 Teknik Elektro/Teknik Listrik,1,D3,3T,Distribusi,1,1.505
3239,2023,HOLDING,Pusat Pengatur Beban,,JUNIOR TECHNICIAN TELEKOMUNIKASI,JUNIOR TECHNICIAN,TELEKOMUNIKASI,G1,D3 Teknik Elektro/Teknik Listrik,1,D3,Rekrut 2023,Proteksi dan Kontrol,1,1.503
3240,2023,HOLDING,UIP JBT,,"JUNIOR OFFICER KESELAMATAN, KESEHATAN KERJA, LINGKUNGAN, DAN KEAMANAN",JUNIOR OFFICER,"KESELAMATAN, KESEHATAN KERJA, LINGKUNGAN, DAN KEAMANAN",G1,D3 Keselamatan Dan Kesehatan Kerja/Kesehatan Masyarakat K3,1,D3,Rekrut 2023,K3 dan Lingkungan,1,1.456
3241,2023,HOLDING,P3B Sumatera,,"JUNIOR TECHNICIAN PEMELIHARAAN PROTEKSI, METER, DAN OTOMASI TRANSMISI DAN GARDU INDUK",JUNIOR TECHNICIAN,"PEMELIHARAAN PROTEKSI, METER, DAN OTOMASI TRANSMISI DAN GARDU INDUK",G1,D3 Teknik Elektro/Teknik Listrik,1,D3,Rekrut 2023,Transmisi dan Gardu Induk,1,1.453
3242,2023,HOLDING,UIP3B Kalimantan,,JUNIOR TECHNICIAN PEMELIHARAAN GARDU INDUK,JUNIOR TECHNICIAN,PEMELIHARAAN GARDU INDUK,G1,D3 Teknik Elektro/Teknik Listrik,1,D3,3T,Transmisi dan Gardu Induk,1,1.433
3243,2023,HOLDING,UIW Maluku&Malut,,SENIOR OFFICER PERFORMANCE ASSISTANT TO MANAGER,SENIOR OFFICER,PERFORMANCE ASSISTANT TO MANAGER,G3,S2 Komunikasi/Hubungan Masyarakat,1,S2,3T,Komunikasi dan Umum,3,1.174
3244,2023,HOLDING,UID Jawa Timur,,SENIOR OFFICER PERFORMANCE ASSISTANT TO MANAGER,SENIOR OFFICER,PERFORMANCE ASSISTANT TO MANAGER,G3,S2 Komunikasi/Hubungan Masyarakat,1,S2,Rekrut 2023,Komunikasi dan Umum,3,1.069
3245,2023,HOLDING,P3B Sumatera,,SENIOR OFFICER PERFORMANCE ASSISTANT TO MANAGER,SENIOR OFFICER,PERFORMANCE ASSISTANT TO MANAGER,G3,S2 Komunikasi/Hubungan Masyarakat,1,S2,Rekrut 2023,Komunikasi dan Umum,3,0.965
3246,2023,HOLDING,UID Jawa Barat,,SENIOR OFFICER PERFORMANCE ASSISTANT to MANAGER,SENIOR OFFICER,PERFORMANCE ASSISTANT to MANAGER,G3,S2 Komunikasi/Hubungan Masyarakat,1,S2,Rekrut 2023,Komunikasi dan Umum,3,0.939
3247,2023,HOLDING,UID Jakarta Raya,,SENIOR OFFICER PERFORMANCE ASSISTANT TO MANAGER,SENIOR OFFICER,PERFORMANCE ASSISTANT TO MANAGER,G3,S2 Komunikasi/Hubungan Masyarakat,1,S2,Rekrut 2023,Komunikasi dan Umum,3,0.893
3248,2023,HOLDING,UID Jawa Tengah & DIY,,SENIOR OFFICER PERFORMANCE ASSISTANT TO MANAGER,SENIOR OFFICER,PERFORMANCE ASSISTANT TO MANAGER,G3,S2 Komunikasi/Hubungan Masyarakat,1,S2,Rekrut 2023,Komunikasi dan Umum,3,0.755
3249,2023,HOLDING,UIT JBB,,SENIOR OFFICER PERFORMANCE ASSISTANT TO MANAGER,SENIOR OFFICER,PERFORMANCE ASSISTANT TO MANAGER,G3,S2 Komunikasi/Hubungan Masyarakat,1,S2,Rekrut 2023,Komunikasi dan Umum,3,0.747
3250,2023,HOLDING,UIP Maluku dan Papua,,SENIOR OFFICER PERFORMANCE ASSISTANT TO MANAGER,SENIOR OFFICER,PERFORMANCE ASSISTANT TO MANAGER,G3,S2 Komunikasi/Hubungan Masyarakat,1,S2,3T,Komunikasi dan Umum,3,0.736
3251,2023,HOLDING,UID Kalselteng,,SENIOR OFFICER PERFORMANCE ASSISTANT TO MANAGER,SENIOR OFFICER,PERFORMANCE ASSISTANT TO MANAGER,G3,S2 Komunikasi/Hubungan Masyarakat,1,S2,3T,Komunikasi dan Umum,3,0.652
3252,2023,HOLDING,UIT JBTB,,SENIOR OFFICER PERFORMANCE ASSISTANT TO MANAGER,SENIOR OFFICER,PERFORMANCE ASSISTANT TO MANAGER,G3,S2 Komunikasi/Hubungan Masyarakat,1,S2,Rekrut 2023,Komunikasi dan Umum,3,0.621
3253,2023,HOLDING,UID Jawa Barat,,SENIOR OFFICER PERFORMANCE ASSISTANT TO MANAGER,SENIOR OFFICER,PERFORMANCE ASSISTANT TO MANAGER,G3,S2 Komunikasi/Hubungan Masyarakat,1,S2,Rekrut 2023,Komunikasi dan Umum,3,0.577
3254,2023,HOLDING,UIT JBT,,SENIOR OFFICER PERFORMANCE ASSISTANT TO MANAGER,SENIOR OFFICER,PERFORMANCE ASSISTANT TO MANAGER,G3,S2 Komunikasi/Hubungan Masyarakat,1,S2,Rekrut 2023,Komunikasi dan Umum,3,0.573
3255,2023,HOLDING,UID Kalbar,,SENIOR OFFICER PERFORMANCE ASSISTANT TO MANAGER,SENIOR OFFICER,PERFORMANCE ASSISTANT TO MANAGER,G3,S2 Komunikasi/Hubungan Masyarakat,1,S2,3T,Komunikasi dan Umum,3,0.552
3256,2023,HOLDING,UID Banten,,SENIOR OFFICER PERFORMANCE ASSISTANT TO MANAGER,SENIOR OFFICER,PERFORMANCE ASSISTANT TO MANAGER,G3,S2 Komunikasi/Hubungan Masyarakat,1,S2,Rekrut 2023,Komunikasi dan Umum,3,0.536
3257,2023,HOLDING,Kantor Pusat,,SENIOR OFFICER VERIFIKASI,SENIOR OFFICER,VERIFIKASI,G3,S2 Akuntansi/Administrasi Fiskal,1,S2,Rekrut 2023,Keuangan dan Akuntansi,3,0.498
3258,2023,HOLDING,UID Jawa Timur,,SENIOR OFFICER PERFORMANCE ASSISTANT to MANAGER,SENIOR OFFICER,PERFORMANCE ASSISTANT to MANAGER,G3,S2 Komunikasi/Hubungan Masyarakat,1,S2,Rekrut 2023,Komunikasi dan Umum,3,0.498
3259,2023,HOLDING,UID Jawa Timur,,SENIOR OFFICER KINERJA DAN ADMINISTRASI LAYANAN PELANGGAN,SENIOR OFFICER,KINERJA DAN ADMINISTRASI LAYANAN PELANGGAN,G3,S2 Manajemen Pemasaran/Digital Marketing Dan Analytics,1,S2,Rekrut 2023,Niaga dan Pemasaran,3,0.49
3260,2023,HOLDING,UIP3B Kalimantan,,SENIOR OFFICER PERFORMANCE ASSISTANT TO MANAGER,SENIOR OFFICER,PERFORMANCE ASSISTANT TO MANAGER,G3,S2 Komunikasi/Hubungan Masyarakat,1,S2,3T,Komunikasi dan Umum,3,0.485
3261,2023,HOLDING,UIW Papua&Papua Barat,,SENIOR OFFICER PERFORMANCE ASSISTANT TO MANAGER,SENIOR OFFICER,PERFORMANCE ASSISTANT TO MANAGER,G3,S2 Komunikasi/Hubungan Masyarakat,1,S2,3T,Komunikasi dan Umum,3,0.471
3262,2023,HOLDING,UIT JBT,,SENIOR OFFICER KINERJA DAN ADMINISTRASI TRANSMISI DAN GARDU INDUK,SENIOR OFFICER,KINERJA DAN ADMINISTRASI TRANSMISI DAN GARDU INDUK,G3,S2 Teknik Elektro/Teknik Listrik,1,S2,Rekrut 2023,Transmisi dan Gardu Induk,3,0.437
3263,2023,HOLDING,UID S2JB,,SENIOR OFFICER PERFORMANCE ASSISTANT TO MANAGER,SENIOR OFFICER,PERFORMANCE ASSISTANT TO MANAGER,G3,S2 Komunikasi/Hubungan Masyarakat,1,S2,3T,Komunikasi dan Umum,3,0.425
3264,2023,HOLDING,PUSMANPRO,,SENIOR OFFICER PERFORMANCE ASSISTANT TO MANAGER,SENIOR OFFICER,PERFORMANCE ASSISTANT TO MANAGER,G3,S2 Komunikasi/Hubungan Masyarakat,1,S2,Rekrut 2023,Komunikasi dan Umum,3,0.399
3265,2023,HOLDING,UID Sumut,,SENIOR OFFICER PERFORMANCE ASSISTANT TO MANAGER,SENIOR OFFICER,PERFORMANCE ASSISTANT TO MANAGER,G3,S2 Komunikasi/Hubungan Masyarakat,1,S2,Rekrut 2023,Komunikasi dan Umum,3,0.382
3266,2023,HOLDING,P3B Sumatera,,SENIOR OFFICER KINERJA KONSTRUKSI DAN PENYALURAN,SENIOR OFFICER,KINERJA KONSTRUKSI DAN PENYALURAN,G3,S2 Teknik Elektro/Teknik Listrik,1,S2,Rekrut 2023,Transmisi dan Gardu Induk,3,0.348
3267,2023,HOLDING,UIW Maluku&Malut,,SENIOR OFFICER KINERJA JARINGAN DAN KONSTRUKSI DISTRIBUSI,SENIOR OFFICER,KINERJA JARINGAN DAN KONSTRUKSI DISTRIBUSI,G3,S2 Teknik Elektro/Teknik Listrik,1,S2,3T,Distribusi,3,0.326
3268,2023,HOLDING,Pusat Pengatur Beban,,SENIOR OFFICER PERFORMANCE ASSISTANT TO MANAGER,SENIOR OFFICER,PERFORMANCE ASSISTANT TO MANAGER,G3,S2 Komunikasi/Hubungan Masyarakat,1,S2,Rekrut 2023,Komunikasi dan Umum,3,0.316
3269,2023,HOLDING,UIW NusaTenggaraTimur,,SENIOR OFFICER PERFORMANCE ASSISTANT TO MANAGER,SENIOR OFFICER,PERFORMANCE ASSISTANT TO MANAGER,G3,S2 Komunikasi/Hubungan Masyarakat,1,S2,3T,Komunikasi dan Umum,3,0.289
3270,2023,HOLDING,UID Bali,,SENIOR OFFICER PERFORMANCE ASSISTANT TO MANAGER,SENIOR OFFICER,PERFORMANCE ASSISTANT TO MANAGER,G3,S2 Komunikasi/Hubungan Masyarakat,1,S2,Rekrut 2023,Komunikasi dan Umum,3,0.283
3271,2023,HOLDING,UID Jawa Barat,,SENIOR OFFICER KINERJA DAN ADMINISTRASI LAYANAN PELANGGAN,SENIOR OFFICER,KINERJA DAN ADMINISTRASI LAYANAN PELANGGAN,G3,S2 Manajemen Pemasaran/Digital Marketing Dan Analytics,1,S2,Rekrut 2023,Niaga dan Pemasaran,3,0.282
3272,2023,HOLDING,UID Kaltimra,,SENIOR OFFICER PERFORMANCE ASSISTANT TO MANAGER,SENIOR OFFICER,PERFORMANCE ASSISTANT TO MANAGER,G3,S2 Komunikasi/Hubungan Masyarakat,1,S2,3T,Komunikasi dan Umum,3,0.269
3273,2023,HOLDING,UIT JBB,,SENIOR OFFICER KINERJA DAN ADMINISTRASI TRANSMISI DAN GARDU INDUK,SENIOR OFFICER,KINERJA DAN ADMINISTRASI TRANSMISI DAN GARDU INDUK,G3,S2 Teknik Elektro/Teknik Listrik,1,S2,Rekrut 2023,Transmisi dan Gardu Induk,3,0.258
3274,2023,HOLDING,UIW Papua&Papua Barat,,SENIOR OFFICER KINERJA,SENIOR OFFICER,KINERJA,G3,S2 Teknik Industri/Teknik Material,1,S2,3T,Perencanaan dan Kinerja,3,0.251
3275,2023,HOLDING,UIW Papua&Papua Barat,,SENIOR OFFICER KINERJA NIAGA DAN PEMASARAN,SENIOR OFFICER,KINERJA NIAGA DAN PEMASARAN,G3,S2 Manajemen Pemasaran/Digital Marketing Dan Analytics,1,S2,3T,Niaga dan Pemasaran,3,0.251
3276,2023,HOLDING,UID Suluttenggo,,SENIOR OFFICER PERFORMANCE ASSISTANT TO MANAGER,SENIOR OFFICER,PERFORMANCE ASSISTANT TO MANAGER,G3,S2 Komunikasi/Hubungan Masyarakat,1,S2,3T,Komunikasi dan Umum,3,0.225
3277,2023,HOLDING,UID Aceh,,SENIOR OFFICER PERFORMANCE ASSISTANT TO MANAGER,SENIOR OFFICER,PERFORMANCE ASSISTANT TO MANAGER,G3,S2 Komunikasi/Hubungan Masyarakat,1,S2,3T,Komunikasi dan Umum,3,0.22
3278,2023,HOLDING,UIW Papua&Papua Barat,,SENIOR OFFICER KINERJA JARINGAN DAN KONSTRUKSI,SENIOR OFFICER,KINERJA JARINGAN DAN KONSTRUKSI,G3,S2 Teknik Elektro/Teknik Listrik,1,S2,3T,Distribusi,3,0.22
3279,2023,HOLDING,UIW NusaTenggaraTimur,,SENIOR OFFICER KINERJA DAN ADMINISTRASI LAYANAN PELANGGAN,SENIOR OFFICER,KINERJA DAN ADMINISTRASI LAYANAN PELANGGAN,G3,S2 Manajemen Pemasaran/Digital Marketing Dan Analytics,1,S2,3T,Niaga dan Pemasaran,3,0.217
3280,2023,HOLDING,UIT JBTB,,SENIOR OFFICER KINERJA DAN ADMINISTRASI TRANSMISI DAN GARDU INDUK,SENIOR OFFICER,KINERJA DAN ADMINISTRASI TRANSMISI DAN GARDU INDUK,G3,S2 Teknik Elektro/Teknik Listrik,1,S2,Rekrut 2023,Transmisi dan Gardu Induk,3,0.214
3281,2023,HOLDING,UID Sulselrabar,,SENIOR OFFICER PERFORMANCE ASSISTANT TO MANAGER,SENIOR OFFICER,PERFORMANCE ASSISTANT TO MANAGER,G3,S2 Komunikasi/Hubungan Masyarakat,1,S2,3T,Komunikasi dan Umum,3,0.209
3282,2023,HOLDING,UID Sumbar,,SENIOR OFFICER PERFORMANCE ASSISTANT TO MANAGER,SENIOR OFFICER,PERFORMANCE ASSISTANT TO MANAGER,G3,S2 Komunikasi/Hubungan Masyarakat,1,S2,Rekrut 2023,Komunikasi dan Umum,3,0.199
3283,2023,HOLDING,UIW Maluku&Malut,,SENIOR OFFICER ASET PROPERTI DAN UMUM,SENIOR OFFICER,ASET PROPERTI DAN UMUM,G3,S2 Komunikasi/Hubungan Masyarakat,1,S2,3T,Komunikasi dan Umum,3,0.196
3284,2023,HOLDING,UIW Maluku&Malut,,SENIOR OFFICER KEUANGAN DAN ANGGARAN,SENIOR OFFICER,KEUANGAN DAN ANGGARAN,G3,S2 Akuntansi/Administrasi Fiskal,1,S2,3T,Keuangan dan Akuntansi,3,0.196
3285,2024,HOLDING,UID Jawa Timur,,OFFICER KINERJA DAN ADMINISTRASI LAYANAN PELANGGAN,OFFICER,KINERJA DAN ADMINISTRASI LAYANAN PELANGGAN,G2,S1 Manajemen Pemasaran/Digital Marketing Dan Analytics,9,S1,Rekrut 2024,Niaga dan Pemasaran,2,14.165
3286,2024,HOLDING,UIW Maluku&Malut,,OFFICER KINERJA DAN ADMINISTRASI LAYANAN PELANGGAN,OFFICER,KINERJA DAN ADMINISTRASI LAYANAN PELANGGAN,G2,S1 Manajemen Pemasaran/Digital Marketing Dan Analytics,9,S1,3T,Niaga dan Pemasaran,2,13.683
3287,2024,HOLDING,Kantor Pusat,,JUNIOR OFFICER SEKRETARIS DIREKSI,JUNIOR OFFICER,SEKRETARIS DIREKSI,G1,D3 Komunikasi/Hubungan Masyarakat,8,D3,Rekrut 2024,Komunikasi dan Umum,1,12.293
3288,2024,HOLDING,UID Jawa Barat,,OFFICER KINERJA DAN ADMINISTRASI LAYANAN PELANGGAN,OFFICER,KINERJA DAN ADMINISTRASI LAYANAN PELANGGAN,G2,S1 Manajemen Pemasaran/Digital Marketing Dan Analytics,7,S1,Rekrut 2024,Niaga dan Pemasaran,2,10.61
3289,2024,HOLDING,UIT JBT,,TECHNICIAN PENGENDALIAN OPERASI DAN PEMELIHARAAN TRANSMISI DAN GARDU INDUK,TECHNICIAN,PENGENDALIAN OPERASI DAN PEMELIHARAAN TRANSMISI DAN GARDU INDUK,G2,S1 Teknik Elektro/Teknik Listrik,7,S1,Rekrut 2024,Transmisi dan Gardu Induk,2,11.3
3290,2024,HOLDING,Kantor Pusat,,JUNIOR OFFICER PROTOKOLER DIREKSI,JUNIOR OFFICER,PROTOKOLER DIREKSI,G1,D3 Komunikasi/Hubungan Masyarakat,7,D3,Rekrut 2024,Komunikasi dan Umum,1,10.244
3291,2024,HOLDING,UIT JBTB,,TECHNICIAN PENGENDALIAN OPERASI DAN PEMELIHARAAN TRANSMISI DAN GARDU INDUK,TECHNICIAN,PENGENDALIAN OPERASI DAN PEMELIHARAAN TRANSMISI DAN GARDU INDUK,G2,S1 Teknik Elektro/Teknik Listrik,6,S1,Rekrut 2024,Transmisi dan Gardu Induk,2,8.528
3292,2024,HOLDING,PUSMANPRO,,TECHNICIAN MANAJEMEN KONSTRUKSI JARINGAN,TECHNICIAN,MANAJEMEN KONSTRUKSI JARINGAN,G2,S1 Teknik Elektro/Teknik Listrik,6,S1,Rekrut 2024,Distribusi,2,8.42
3293,2024,HOLDING,P3B Sumatera,,JUNIOR TECHNICIAN JARINGAN TRANSMISI DAN GARDU INDUK,JUNIOR TECHNICIAN,JARINGAN TRANSMISI DAN GARDU INDUK,G1,D3 Teknik Elektro/Teknik Listrik,6,D3,Rekrut 2024,Transmisi dan Gardu Induk,1,8.64
3294,2024,HOLDING,UID Jawa Barat,,JUNIOR TECHNICIAN TEKNIK LAYANAN PELANGGAN,JUNIOR TECHNICIAN,TEKNIK LAYANAN PELANGGAN,G1,D3 Teknik Elektro/Teknik Listrik,6,D3,Rekrut 2024,Distribusi,1,8.591
3295,2024,HOLDING,UID Jawa Timur,,TECHNICIAN PDKB,TECHNICIAN,PDKB,G2,S1 Teknik Elektro/Teknik Listrik,5,S1,Rekrut 2024,Distribusi,2,7.757
3296,2024,HOLDING,P3B Sumatera,,TECHNICIAN PENGENDALIAN OPERASI DAN PEMELIHARAAN TRANSMISI DAN GARDU INDUK,TECHNICIAN,PENGENDALIAN OPERASI DAN PEMELIHARAAN TRANSMISI DAN GARDU INDUK,G2,S1 Teknik Elektro/Teknik Listrik,5,S1,Rekrut 2024,Transmisi dan Gardu Induk,2,7.028
3297,2024,HOLDING,UID Jawa Timur,,JUNIOR TECHNICIAN TEKNIK LAYANAN PELANGGAN,JUNIOR TECHNICIAN,TEKNIK LAYANAN PELANGGAN,G1,D3 Teknik Elektro/Teknik Listrik,5,D3,Rekrut 2024,Distribusi,1,7.243
3298,2024,HOLDING,UID Jawa Tengah & DIY,,OFFICER KINERJA DAN ADMINISTRASI LAYANAN PELANGGAN,OFFICER,KINERJA DAN ADMINISTRASI LAYANAN PELANGGAN,G2,S1 Manajemen Pemasaran/Digital Marketing Dan Analytics,4,S1,Rekrut 2024,Niaga dan Pemasaran,2,6.096
3299,2024,HOLDING,UID Bali,,TECHNICIAN PDKB,TECHNICIAN,PDKB,G2,S1 Teknik Elektro/Teknik Listrik,4,S1,Rekrut 2024,Distribusi,2,5.917
3300,2024,HOLDING,UID Jawa Timur,,OFFICER KINERJA KEUANGAN DAN UMUM,OFFICER,KINERJA KEUANGAN DAN UMUM,G2,S1 Akuntansi/Administrasi Fiskal,4,S1,Rekrut 2024,Keuangan dan Akuntansi,2,5.733
3301,2024,HOLDING,UIT JBB,,TECHNICIAN PENGENDALIAN OPERASI DAN PEMELIHARAAN TRANSMISI DAN GARDU INDUK,TECHNICIAN,PENGENDALIAN OPERASI DAN PEMELIHARAAN TRANSMISI DAN GARDU INDUK,G2,S1 Teknik Elektro/Teknik Listrik,4,S1,Rekrut 2024,Transmisi dan Gardu Induk,2,5.419
3302,2024,HOLDING,UID Jawa Barat,,OFFICER LOGISTIK LAYANAN PELANGGAN,OFFICER,LOGISTIK LAYANAN PELANGGAN,G2,S1 Logistik/Supply Chain Management,4,S1,Rekrut 2024,Manajemen Konstruksi dan Pengadaan,2,6.442
3303,2024,HOLDING,UID Jawa Barat,,JUNIOR TECHNICIAN PDKB,JUNIOR TECHNICIAN,PDKB,G1,D3 Teknik Elektro/Teknik Listrik,4,D3,Rekrut 2024,Distribusi,1,6.336
3304,2024,HOLDING,Kantor Pusat,,JUNIOR OFFICER PELAYANAN HUMAN CAPITAL SURABAYA,JUNIOR OFFICER,PELAYANAN HUMAN CAPITAL SURABAYA,G1,D3 Psikologi/Kepegawaian,4,D3,Rekrut 2024,Sumber Daya Manusia,1,6.146
3305,2024,HOLDING,UID Jawa Timur,,JUNIOR TECHNICIAN TRANSAKSI ENERGI LAYANAN PELANGGAN,JUNIOR TECHNICIAN,TRANSAKSI ENERGI LAYANAN PELANGGAN,G1,D3 Teknik Elektro/Teknik Listrik,4,D3,Rekrut 2024,Distribusi,1,5.458
3306,2024,HOLDING,UID Jawa Barat,,JUNIOR TECHNICIAN TRANSAKSI ENERGI LAYANAN PELANGGAN,JUNIOR TECHNICIAN,TRANSAKSI ENERGI LAYANAN PELANGGAN,G1,D3 Teknik Elektro/Teknik Listrik,4,D3,Rekrut 2024,Distribusi,1,6.872
3307,2024,HOLDING,UIW Maluku&Malut,,JUNIOR TECHNICIAN TEKNIK LAYANAN PELANGGAN,JUNIOR TECHNICIAN,TEKNIK LAYANAN PELANGGAN,G1,D3 Teknik Elektro/Teknik Listrik,4,D3,3T,Distribusi,1,6.864
3308,2024,HOLDING,UID Jawa Timur,,JUNIOR TECHNICIAN PDKB,JUNIOR TECHNICIAN,PDKB,G1,D3 Teknik Elektro/Teknik Listrik,4,D3,Rekrut 2024,Distribusi,1,6.613
3309,2024,HOLDING,Kantor Pusat,,OFFICER VERIFIKASI,OFFICER,VERIFIKASI,G2,S1 Akuntansi/Administrasi Fiskal,3,S1,Rekrut 2024,Keuangan dan Akuntansi,2,4.709
3310,2024,HOLDING,UIT JBB,,OFFICER KINERJA,OFFICER,KINERJA,G2,S1 Teknik Industri/Teknik Material,3,S1,Rekrut 2024,Perencanaan dan Kinerja,2,4.696
3311,2024,HOLDING,UID Sulselrabar,,OFFICER KINERJA DAN ADMINISTRASI LAYANAN PELANGGAN,OFFICER,KINERJA DAN ADMINISTRASI LAYANAN PELANGGAN,G2,S1 Manajemen Pemasaran/Digital Marketing Dan Analytics,3,S1,3T,Niaga dan Pemasaran,2,4.622
3312,2024,HOLDING,Kantor Pusat,,OFFICER HUKUM,OFFICER,HUKUM,G2,S1 Hukum/Public Policy,3,S1,Rekrut 2024,Hukum dan Kepatuhan,2,4.615
3313,2024,HOLDING,UID Jawa Barat,,OFFICER KINERJA KEUANGAN DAN UMUM,OFFICER,KINERJA KEUANGAN DAN UMUM,G2,S1 Akuntansi/Administrasi Fiskal,3,S1,Rekrut 2024,Keuangan dan Akuntansi,2,4.547
3314,2024,HOLDING,UID Kaltimra,,OFFICER KINERJA DAN ADMINISTRASI LAYANAN PELANGGAN,OFFICER,KINERJA DAN ADMINISTRASI LAYANAN PELANGGAN,G2,S1 Manajemen Pemasaran/Digital Marketing Dan Analytics,3,S1,3T,Niaga dan Pemasaran,2,4.542
3315,2024,HOLDING,UID Suluttenggo,,OFFICER KINERJA DAN ADMINISTRASI LAYANAN PELANGGAN,OFFICER,KINERJA DAN ADMINISTRASI LAYANAN PELANGGAN,G2,S1 Manajemen Pemasaran/Digital Marketing Dan Analytics,3,S1,3T,Niaga dan Pemasaran,2,4.38
3316,2024,HOLDING,P3B Sumatera,,OFFICER KINERJA DAN PERENCANAAN,OFFICER,KINERJA DAN PERENCANAAN,G2,S1 Teknik Industri/Teknik Material,3,S1,Rekrut 2024,Perencanaan dan Kinerja,2,4.344
3317,2024,HOLDING,UID Jakarta Raya,,OFFICER KINERJA KONSTRUKSI DISTRIBUSI,OFFICER,KINERJA KONSTRUKSI DISTRIBUSI,G2,S1 Teknik Elektro/Teknik Listrik,3,S1,Rekrut 2024,Distribusi,2,4.151
3318,2024,HOLDING,UID Sumut,,OFFICER KINERJA DAN ADMINISTRASI LAYANAN PELANGGAN,OFFICER,KINERJA DAN ADMINISTRASI LAYANAN PELANGGAN,G2,S1 Manajemen Pemasaran/Digital Marketing Dan Analytics,3,S1,Rekrut 2024,Niaga dan Pemasaran,2,3.965
3319,2024,HOLDING,UIW Papua&Papua Barat,,OFFICER KINERJA DAN ADMINISTRASI LAYANAN PELANGGAN,OFFICER,KINERJA DAN ADMINISTRASI LAYANAN PELANGGAN,G2,S1 Manajemen Pemasaran/Digital Marketing Dan Analytics,3,S1,3T,Niaga dan Pemasaran,2,3.965
3320,2024,HOLDING,UIT JBT,,OFFICER KINERJA,OFFICER,KINERJA,G2,S1 Teknik Industri/Teknik Material,3,S1,Rekrut 2024,Perencanaan dan Kinerja,2,3.792
3321,2024,HOLDING,UID Jawa Barat,,OFFICER KINERJA JARINGAN DISTRIBUSI,OFFICER,KINERJA JARINGAN DISTRIBUSI,G2,S1 Teknik Elektro/Teknik Listrik,3,S1,Rekrut 2024,Distribusi,2,3.789
3322,2024,HOLDING,UID Sumbar,,OFFICER KINERJA DAN ADMINISTRASI LAYANAN PELANGGAN,OFFICER,KINERJA DAN ADMINISTRASI LAYANAN PELANGGAN,G2,S1 Manajemen Pemasaran/Digital Marketing Dan Analytics,3,S1,Rekrut 2024,Niaga dan Pemasaran,2,3.636
3323,2024,HOLDING,UID Jawa Barat,,TECHNICIAN PENGELOLAAN KONSTRUKSI DISTRIBUSI,TECHNICIAN,PENGELOLAAN KONSTRUKSI DISTRIBUSI,G2,S1 Teknik Elektro/Teknik Listrik,3,S1,Rekrut 2024,Distribusi,2,5.179
3324,2024,HOLDING,UID Jawa Barat,,TECHNICIAN PDKB,TECHNICIAN,PDKB,G2,S1 Teknik Elektro/Teknik Listrik,3,S1,Rekrut 2024,Distribusi,2,4.926
3325,2024,HOLDING,UID Jakarta Raya,,OFFICER KINERJA JARINGAN DISTRIBUSI,OFFICER,KINERJA JARINGAN DISTRIBUSI,G2,S1 Teknik Elektro/Teknik Listrik,3,S1,Rekrut 2024,Distribusi,2,4.842
3326,2024,HOLDING,UID S2JB,,OFFICER KINERJA DAN ADMINISTRASI LAYANAN PELANGGAN,OFFICER,KINERJA DAN ADMINISTRASI LAYANAN PELANGGAN,G2,S1 Manajemen Pemasaran/Digital Marketing Dan Analytics,3,S1,3T,Niaga dan Pemasaran,2,4.795
3327,2024,HOLDING,Kantor Pusat,,JUNIOR OFFICER PELAYANAN HUMAN CAPITAL AMBON,JUNIOR OFFICER,PELAYANAN HUMAN CAPITAL AMBON,G1,D3 Psikologi/Kepegawaian,3,D3,Rekrut 2024,Sumber Daya Manusia,1,4.098
3328,2024,HOLDING,UIW Maluku&Malut,,JUNIOR TECHNICIAN TRANSAKSI ENERGI LAYANAN PELANGGAN,JUNIOR TECHNICIAN,TRANSAKSI ENERGI LAYANAN PELANGGAN,G1,D3 Teknik Elektro/Teknik Listrik,3,D3,3T,Distribusi,1,4.086
3329,2024,HOLDING,UID S2JB,,JUNIOR TECHNICIAN PDKB,JUNIOR TECHNICIAN,PDKB,G1,D3 Teknik Elektro/Teknik Listrik,3,D3,3T,Distribusi,1,3.828
3330,2024,HOLDING,UID Jawa Tengah & DIY,,JUNIOR TECHNICIAN TEKNIK LAYANAN PELANGGAN,JUNIOR TECHNICIAN,TEKNIK LAYANAN PELANGGAN,G1,D3 Teknik Elektro/Teknik Listrik,3,D3,Rekrut 2024,Distribusi,1,3.81
3331,2024,HOLDING,UIT JBT,,JUNIOR TECHNICIAN JARINGAN TRANSMISI DAN GARDU INDUK,JUNIOR TECHNICIAN,JARINGAN TRANSMISI DAN GARDU INDUK,G1,D3 Teknik Elektro/Teknik Listrik,3,D3,Rekrut 2024,Transmisi dan Gardu Induk,1,5.282
3332,2024,HOLDING,UID Jawa Barat,,JUNIOR OFFICER PELAYANAN PELANGGAN,JUNIOR OFFICER,PELAYANAN PELANGGAN,G1,D3 Manajemen Pemasaran/Digital Marketing Dan Analytics,3,D3,Rekrut 2024,Niaga dan Pemasaran,1,5.047
3333,2024,HOLDING,UIT JBB,,JUNIOR TECHNICIAN JARINGAN TRANSMISI DAN GARDU INDUK,JUNIOR TECHNICIAN,JARINGAN TRANSMISI DAN GARDU INDUK,G1,D3 Teknik Elektro/Teknik Listrik,3,D3,Rekrut 2024,Transmisi dan Gardu Induk,1,4.973
3334,2024,HOLDING,UID Jakarta Raya,,JUNIOR TECHNICIAN OPERASI DISTRIBUSI,JUNIOR TECHNICIAN,OPERASI DISTRIBUSI,G1,D3 Teknik Elektro/Teknik Listrik,3,D3,Rekrut 2024,Distribusi,1,4.958
3335,2024,HOLDING,UID Jawa Barat,,TECHNICIAN TEKNIK LAYANAN PELANGGAN,TECHNICIAN,TEKNIK LAYANAN PELANGGAN,G2,S1 Teknik Elektro/Teknik Listrik,2,S1,Rekrut 2024,Distribusi,2,3.158
3336,2024,HOLDING,UID Jakarta Raya,,OFFICER KINERJA TRANSAKSI ENERGI LISTRIK,OFFICER,KINERJA TRANSAKSI ENERGI LISTRIK,G2,S1 Teknik Elektro/Teknik Listrik,2,S1,Rekrut 2024,Distribusi,2,2.998
3337,2024,HOLDING,PUSMANPRO,,TECHNICIAN MANAJEMEN KONSTRUKSI PEMBANGKITAN,TECHNICIAN,MANAJEMEN KONSTRUKSI PEMBANGKITAN,G2,S1 Teknik Mesin/Konversi Energi,2,S1,Rekrut 2024,Pembangkitan,2,2.997
3338,2024,HOLDING,UID Kaltimra,,TECHNICIAN PDKB,TECHNICIAN,PDKB,G2,S1 Teknik Elektro/Teknik Listrik,2,S1,3T,Distribusi,2,2.976
3339,2024,HOLDING,UID Jawa Barat,,OFFICER KINERJA,OFFICER,KINERJA,G2,S1 Teknik Industri/Teknik Material,2,S1,Rekrut 2024,Perencanaan dan Kinerja,2,2.905
3340,2024,HOLDING,UID Jawa Barat,,OFFICER KINERJA TRANSAKSI ENERGI LISTRIK,OFFICER,KINERJA TRANSAKSI ENERGI LISTRIK,G2,S1 Teknik Elektro/Teknik Listrik,2,S1,Rekrut 2024,Distribusi,2,2.905
3341,2024,HOLDING,UIT JBTB,,OFFICER KINERJA,OFFICER,KINERJA,G2,S1 Teknik Industri/Teknik Material,2,S1,Rekrut 2024,Perencanaan dan Kinerja,2,2.883
3342,2024,HOLDING,UIW Papua&Papua Barat,,TECHNICIAN PENGENDALIAN OPERASI DAN PEMELIHARAAN PUSAT LISTRIK,TECHNICIAN,PENGENDALIAN OPERASI DAN PEMELIHARAAN PUSAT LISTRIK,G2,S1 Teknik Mesin/Konversi Energi,2,S1,3T,Pembangkitan,2,2.855
3343,2024,HOLDING,UIW Maluku&Malut,,OFFICER KINERJA KEUANGAN DAN UMUM,OFFICER,KINERJA KEUANGAN DAN UMUM,G2,S1 Akuntansi/Administrasi Fiskal,2,S1,3T,Keuangan dan Akuntansi,2,2.737
3344,2024,HOLDING,UIW Maluku&Malut,,TECHNICIAN PDKB,TECHNICIAN,PDKB,G2,S1 Teknik Elektro/Teknik Listrik,2,S1,3T,Distribusi,2,2.737
3345,2024,HOLDING,UIP JBT,,OFFICER PENGENDALIAN PROYEK,OFFICER,PENGENDALIAN PROYEK,G2,S1 Logistik/Supply Chain Management,2,S1,Rekrut 2024,Manajemen Konstruksi dan Pengadaan,2,2.68
3346,2024,HOLDING,UID Jakarta Raya,,OFFICER KINERJA,OFFICER,KINERJA,G2,S1 Teknik Industri/Teknik Material,2,S1,Rekrut 2024,Perencanaan dan Kinerja,2,2.652
3347,2024,HOLDING,UIP JBB,,OFFICER PENGENDALIAN PROYEK,OFFICER,PENGENDALIAN PROYEK,G2,S1 Logistik/Supply Chain Management,2,S1,Rekrut 2024,Manajemen Konstruksi dan Pengadaan,2,2.542
3348,2024,HOLDING,UID Jawa Timur,,OFFICER KINERJA JARINGAN DISTRIBUSI,OFFICER,KINERJA JARINGAN DISTRIBUSI,G2,S1 Teknik Elektro/Teknik Listrik,2,S1,Rekrut 2024,Distribusi,2,2.529
3349,2024,HOLDING,UID Jawa Timur,,OFFICER PRIORITY ACCOUNT EXECUTIVE,OFFICER,PRIORITY ACCOUNT EXECUTIVE,G2,S1 Komunikasi/Hubungan Masyarakat,2,S1,Rekrut 2024,Komunikasi dan Umum,2,2.529
3350,2024,HOLDING,UIT JBB,,TECHNICIAN PEMELIHARAAN GARDU INDUK,TECHNICIAN,PEMELIHARAAN GARDU INDUK,G2,S1 Teknik Elektro/Teknik Listrik,2,S1,Rekrut 2024,Transmisi dan Gardu Induk,2,2.529
3351,2024,HOLDING,UID Jawa Tengah & DIY,,OFFICER KINERJA KEUANGAN DAN UMUM,OFFICER,KINERJA KEUANGAN DAN UMUM,G2,S1 Akuntansi/Administrasi Fiskal,2,S1,Rekrut 2024,Keuangan dan Akuntansi,2,2.501
3352,2024,HOLDING,Kantor Pusat,,OFFICER PEMBAYARAN UNIT,OFFICER,PEMBAYARAN UNIT,G2,S1 Komunikasi/Hubungan Masyarakat,2,S1,Rekrut 2024,Komunikasi dan Umum,2,2.354
3353,2024,HOLDING,UID S2JB,,OFFICER KINERJA JARINGAN DAN KONSTRUKSI DISTRIBUSI,OFFICER,KINERJA JARINGAN DAN KONSTRUKSI DISTRIBUSI,G2,S1 Teknik Elektro/Teknik Listrik,2,S1,3T,Distribusi,2,2.318
3354,2024,HOLDING,UIW Maluku&Malut,,OFFICER KINERJA JARINGAN DAN KONSTRUKSI DISTRIBUSI,OFFICER,KINERJA JARINGAN DAN KONSTRUKSI DISTRIBUSI,G2,S1 Teknik Elektro/Teknik Listrik,2,S1,3T,Distribusi,2,2.281
3355,2024,HOLDING,UIW Maluku&Malut,,TECHNICIAN OPERASI DISTRIBUSI,TECHNICIAN,OPERASI DISTRIBUSI,G2,S1 Teknik Elektro/Teknik Listrik,2,S1,3T,Distribusi,2,2.281
3356,2024,HOLDING,UID Kalselteng,,TECHNICIAN PDKB,TECHNICIAN,PDKB,G2,S1 Teknik Elektro/Teknik Listrik,2,S1,3T,Distribusi,2,2.27
3357,2024,HOLDING,UID S2JB,,OFFICER KINERJA KEUANGAN DAN UMUM,OFFICER,KINERJA KEUANGAN DAN UMUM,G2,S1 Akuntansi/Administrasi Fiskal,2,S1,3T,Keuangan dan Akuntansi,2,2.238
3358,2024,HOLDING,UIP Maluku dan Papua,,OFFICER PENGENDALIAN KONSTRUKSI,OFFICER,PENGENDALIAN KONSTRUKSI,G2,S1 Logistik/Supply Chain Management,2,S1,3T,Manajemen Konstruksi dan Pengadaan,2,2.227
3359,2024,HOLDING,UIW Papua&Papua Barat,,TECHNICIAN PDKB,TECHNICIAN,PDKB,G2,S1 Teknik Elektro/Teknik Listrik,2,S1,3T,Distribusi,2,2.22
3360,2024,HOLDING,UID Sumut,,OFFICER LOGISTIK LAYANAN PELANGGAN,OFFICER,LOGISTIK LAYANAN PELANGGAN,G2,S1 Logistik/Supply Chain Management,2,S1,Rekrut 2024,Manajemen Konstruksi dan Pengadaan,2,2.174
3361,2024,HOLDING,UID Lampung,,OFFICER KINERJA DAN ADMINISTRASI LAYANAN PELANGGAN,OFFICER,KINERJA DAN ADMINISTRASI LAYANAN PELANGGAN,G2,S1 Manajemen Pemasaran/Digital Marketing Dan Analytics,2,S1,Rekrut 2024,Niaga dan Pemasaran,2,2.154
3362,2024,HOLDING,UID Banten,,TECHNICIAN PDKB,TECHNICIAN,PDKB,G2,S1 Teknik Elektro/Teknik Listrik,2,S1,Rekrut 2024,Distribusi,2,2.153
3363,2024,HOLDING,UID Kalbar,,OFFICER KINERJA DAN ADMINISTRASI LAYANAN PELANGGAN,OFFICER,KINERJA DAN ADMINISTRASI LAYANAN PELANGGAN,G2,S1 Manajemen Pemasaran/Digital Marketing Dan Analytics,2,S1,3T,Niaga dan Pemasaran,2,2.128
3364,2024,HOLDING,UIP JBTB,,OFFICER PENGENDALIAN PROYEK,OFFICER,PENGENDALIAN PROYEK,G2,S1 Logistik/Supply Chain Management,2,S1,Rekrut 2024,Manajemen Konstruksi dan Pengadaan,2,2.113
3365,2024,HOLDING,UID Jawa Tengah & DIY,,OFFICER LOGISTIK LAYANAN PELANGGAN,OFFICER,LOGISTIK LAYANAN PELANGGAN,G2,S1 Logistik/Supply Chain Management,2,S1,Rekrut 2024,Manajemen Konstruksi dan Pengadaan,2,2.11
3366,2024,HOLDING,UID Jawa Tengah & DIY,,TECHNICIAN PENGELOLAAN KONSTRUKSI DISTRIBUSI,TECHNICIAN,PENGELOLAAN KONSTRUKSI DISTRIBUSI,G2,S1 Teknik Elektro/Teknik Listrik,2,S1,Rekrut 2024,Distribusi,2,2.11
3367,2024,HOLDING,PUSHARLIS,,TECHNICIAN PRODUKSI,TECHNICIAN,PRODUKSI,G2,S1 Teknik Elektro/Teknik Listrik,2,S1,Rekrut 2024,Distribusi,2,2.084
3368,2024,HOLDING,UID Kalselteng,,OFFICER KINERJA DAN ADMINISTRASI LAYANAN PELANGGAN,OFFICER,KINERJA DAN ADMINISTRASI LAYANAN PELANGGAN,G2,S1 Manajemen Pemasaran/Digital Marketing Dan Analytics,2,S1,3T,Niaga dan Pemasaran,2,2.081
3369,2024,HOLDING,UIW Papua&Papua Barat,,TECHNICIAN KONSTRUKSI LISTRIK PERDESAAN,TECHNICIAN,KONSTRUKSI LISTRIK PERDESAAN,G2,S1 Teknik Elektro/Teknik Listrik,2,S1,3T,Distribusi,2,2.062
3370,2024,HOLDING,UID Bali,,OFFICER KINERJA DAN ADMINISTRASI LAYANAN PELANGGAN,OFFICER,KINERJA DAN ADMINISTRASI LAYANAN PELANGGAN,G2,S1 Manajemen Pemasaran/Digital Marketing Dan Analytics,2,S1,Rekrut 2024,Niaga dan Pemasaran,2,2.048
3371,2024,HOLDING,P3B Sumatera,,OFFICER KINERJA KEUANGAN DAN UMUM,OFFICER,KINERJA KEUANGAN DAN UMUM,G2,S1 Akuntansi/Administrasi Fiskal,2,S1,Rekrut 2024,Keuangan dan Akuntansi,2,3.578
3372,2024,HOLDING,UID Jakarta Raya,,OFFICER KINERJA KEUANGAN DAN UMUM,OFFICER,KINERJA KEUANGAN DAN UMUM,G2,S1 Akuntansi/Administrasi Fiskal,2,S1,Rekrut 2024,Keuangan dan Akuntansi,2,3.574
3373,2024,HOLDING,UID Jakarta Raya,,OFFICER PRIORITY ACCOUNT EXECUTIVE,OFFICER,PRIORITY ACCOUNT EXECUTIVE,G2,S1 Komunikasi/Hubungan Masyarakat,2,S1,Rekrut 2024,Komunikasi dan Umum,2,3.459
3374,2024,HOLDING,UID Jawa Timur,,OFFICER KINERJA,OFFICER,KINERJA,G2,S1 Teknik Industri/Teknik Material,2,S1,Rekrut 2024,Perencanaan dan Kinerja,2,3.373
3375,2024,HOLDING,UID Jawa Tengah & DIY,,TECHNICIAN PDKB,TECHNICIAN,PDKB,G2,S1 Teknik Elektro/Teknik Listrik,2,S1,Rekrut 2024,Distribusi,2,3.36
3376,2024,HOLDING,UID Kalselteng,,TECHNICIAN TEKNISI PDKB,TECHNICIAN,TEKNISI PDKB,G2,S1 Teknik Elektro/Teknik Listrik,2,S1,3T,Distribusi,2,3.216
3377,2024,HOLDING,UID Jawa Timur,,OFFICER KINERJA TRANSAKSI ENERGI LISTRIK,OFFICER,KINERJA TRANSAKSI ENERGI LISTRIK,G2,S1 Teknik Elektro/Teknik Listrik,2,S1,Rekrut 2024,Distribusi,2,3.204
3378,2024,HOLDING,UID Jawa Timur,,TECHNICIAN PENGELOLAAN KONSTRUKSI DISTRIBUSI,TECHNICIAN,PENGELOLAAN KONSTRUKSI DISTRIBUSI,G2,S1 Teknik Elektro/Teknik Listrik,2,S1,Rekrut 2024,Distribusi,2,3.204
3379,2024,HOLDING,Pusat Pengatur Beban,,OFFICER KINERJA FASILITAS OPERASI,OFFICER,KINERJA FASILITAS OPERASI,G2,S1 Komunikasi/Hubungan Masyarakat,2,S1,Rekrut 2024,Komunikasi dan Umum,2,3.201
3380,2024,HOLDING,P3B Sumatera,,OFFICER KINERJA KONSTRUKSI DAN PENYALURAN,OFFICER,KINERJA KONSTRUKSI DAN PENYALURAN,G2,S1 Teknik Elektro/Teknik Listrik,2,S1,Rekrut 2024,Transmisi dan Gardu Induk,2,3.194
3381,2024,HOLDING,UIW Papua&Papua Barat,,JUNIOR OFFICER PELAYANAN PELANGGAN,JUNIOR OFFICER,PELAYANAN PELANGGAN,G1,D3 Manajemen Pemasaran/Digital Marketing Dan Analytics,2,D3,3T,Niaga dan Pemasaran,1,2.999
3382,2024,HOLDING,UIT JBB,,JUNIOR TECHNICIAN PEMELIHARAAN GARDU INDUK,JUNIOR TECHNICIAN,PEMELIHARAAN GARDU INDUK,G1,D3 Teknik Elektro/Teknik Listrik,2,D3,Rekrut 2024,Transmisi dan Gardu Induk,1,2.893
3383,2024,HOLDING,UID Suluttenggo,,JUNIOR TECHNICIAN TRANSAKSI ENERGI LAYANAN PELANGGAN,JUNIOR TECHNICIAN,TRANSAKSI ENERGI LAYANAN PELANGGAN,G1,D3 Teknik Elektro/Teknik Listrik,2,D3,3T,Distribusi,1,2.868
3384,2024,HOLDING,UID Jawa Timur,,JUNIOR OFFICER PELAYANAN PELANGGAN,JUNIOR OFFICER,PELAYANAN PELANGGAN,G1,D3 Manajemen Pemasaran/Digital Marketing Dan Analytics,2,D3,Rekrut 2024,Niaga dan Pemasaran,1,2.834
3385,2024,HOLDING,UID Jawa Timur,,JUNIOR TECHNICIAN PENGATURAN OPERASI,JUNIOR TECHNICIAN,PENGATURAN OPERASI,G1,D3 Teknik Kimia/Teknik Lingkungan,2,D3,Rekrut 2024,Perencanaan Sistem,1,2.834
3386,2024,HOLDING,UIP JBT,,JUNIOR OFFICER ADMINISTRASI DAN UMUM,JUNIOR OFFICER,ADMINISTRASI DAN UMUM,G1,D3 Komunikasi/Hubungan Masyarakat,2,D3,Rekrut 2024,Komunikasi dan Umum,1,2.762
3387,2024,HOLDING,UID Jawa Tengah & DIY,,JUNIOR TECHNICIAN TRANSAKSI ENERGI LAYANAN PELANGGAN,JUNIOR TECHNICIAN,TRANSAKSI ENERGI LAYANAN PELANGGAN,G1,D3 Teknik Elektro/Teknik Listrik,2,D3,Rekrut 2024,Distribusi,1,2.713
3388,2024,HOLDING,UIT JBT,,JUNIOR TECHNICIAN JARINGAN TRANSMISI DAN GARDU INDUK TEGANGAN EKSTRA TINGGI,JUNIOR TECHNICIAN,JARINGAN TRANSMISI DAN GARDU INDUK TEGANGAN EKSTRA TINGGI,G1,D3 Teknik Elektro/Teknik Listrik,2,D3,Rekrut 2024,Transmisi dan Gardu Induk,1,2.641
3389,2024,HOLDING,UID Sulselrabar,,JUNIOR TECHNICIAN TEKNIK LAYANAN PELANGGAN,JUNIOR TECHNICIAN,TEKNIK LAYANAN PELANGGAN,G1,D3 Teknik Elektro/Teknik Listrik,2,D3,3T,Distribusi,1,2.621
3390,2024,HOLDING,UIW Papua&Papua Barat,,JUNIOR TECHNICIAN TRANSAKSI ENERGI LAYANAN PELANGGAN,JUNIOR TECHNICIAN,TRANSAKSI ENERGI LAYANAN PELANGGAN,G1,D3 Teknik Elektro/Teknik Listrik,2,D3,3T,Distribusi,1,2.603
3391,2024,HOLDING,UID Kalbar,,JUNIOR TECHNICIAN TEKNIK LAYANAN PELANGGAN,JUNIOR TECHNICIAN,TEKNIK LAYANAN PELANGGAN,G1,D3 Teknik Elektro/Teknik Listrik,2,D3,3T,Distribusi,1,2.6
3392,2024,HOLDING,UID Jawa Tengah & DIY,,JUNIOR OFFICER PELAYANAN PELANGGAN,JUNIOR OFFICER,PELAYANAN PELANGGAN,G1,D3 Manajemen Pemasaran/Digital Marketing Dan Analytics,2,D3,Rekrut 2024,Niaga dan Pemasaran,1,2.598
3393,2024,HOLDING,P3B Sumatera,,JUNIOR TECHNICIAN PEMELIHARAAN JARINGAN TRANSMISI,JUNIOR TECHNICIAN,PEMELIHARAAN JARINGAN TRANSMISI,G1,D3 Teknik Elektro/Teknik Listrik,2,D3,Rekrut 2024,Transmisi dan Gardu Induk,1,2.519
3394,2024,HOLDING,P3B Sumatera,,JUNIOR TECHNICIAN JARINGAN TRANSMISI DAN GARDU INDUK TEGANGAN EKSTRA TINGGI,JUNIOR TECHNICIAN,JARINGAN TRANSMISI DAN GARDU INDUK TEGANGAN EKSTRA TINGGI,G1,D3 Teknik Elektro/Teknik Listrik,2,D3,Rekrut 2024,Transmisi dan Gardu Induk,1,2.484
3395,2024,HOLDING,UID Kalbar,,JUNIOR OFFICER PELAYANAN PELANGGAN,JUNIOR OFFICER,PELAYANAN PELANGGAN,G1,D3 Manajemen Pemasaran/Digital Marketing Dan Analytics,2,D3,3T,Niaga dan Pemasaran,1,2.4
3396,2024,HOLDING,UID Sumut,,JUNIOR TECHNICIAN PDKB,JUNIOR TECHNICIAN,PDKB,G1,D3 Teknik Elektro/Teknik Listrik,2,D3,Rekrut 2024,Distribusi,1,2.394
3397,2024,HOLDING,P3B Sumatera,,JUNIOR TECHNICIAN PDKB SUTT/SUTET,JUNIOR TECHNICIAN,PDKB SUTT/SUTET,G1,D3 Teknik Elektro/Teknik Listrik,2,D3,Rekrut 2024,Transmisi dan Gardu Induk,1,2.344
3398,2024,HOLDING,UIP JBB,,JUNIOR OFFICER ADMINISTRASI DAN UMUM,JUNIOR OFFICER,ADMINISTRASI DAN UMUM,G1,D3 Komunikasi/Hubungan Masyarakat,2,D3,Rekrut 2024,Komunikasi dan Umum,1,2.343
3399,2024,HOLDING,UID Sumut,,JUNIOR TECHNICIAN TEKNIK LAYANAN PELANGGAN,JUNIOR TECHNICIAN,TEKNIK LAYANAN PELANGGAN,G1,D3 Teknik Elektro/Teknik Listrik,2,D3,Rekrut 2024,Distribusi,1,2.253
3400,2024,HOLDING,UID Jawa Tengah & DIY,,JUNIOR TECHNICIAN PDKB,JUNIOR TECHNICIAN,PDKB,G1,D3 Teknik Elektro/Teknik Listrik,2,D3,Rekrut 2024,Distribusi,1,2.251
3401,2024,HOLDING,UID Kalbar,,JUNIOR TECHNICIAN TRANSAKSI ENERGI LAYANAN PELANGGAN,JUNIOR TECHNICIAN,TRANSAKSI ENERGI LAYANAN PELANGGAN,G1,D3 Teknik Elektro/Teknik Listrik,2,D3,3T,Distribusi,1,2.2
3402,2024,HOLDING,UID Kaltimra,,JUNIOR TECHNICIAN TEKNIK LAYANAN PELANGGAN,JUNIOR TECHNICIAN,TEKNIK LAYANAN PELANGGAN,G1,D3 Teknik Elektro/Teknik Listrik,2,D3,3T,Distribusi,1,2.186
3403,2024,HOLDING,UID Sumut,,JUNIOR OFFICER PELAYANAN PELANGGAN,JUNIOR OFFICER,PELAYANAN PELANGGAN,G1,D3 Manajemen Pemasaran/Digital Marketing Dan Analytics,2,D3,Rekrut 2024,Niaga dan Pemasaran,1,2.183
3404,2024,HOLDING,UIW Papua&Papua Barat,,JUNIOR TECHNICIAN OPERASI PUSAT LISTRIK,JUNIOR TECHNICIAN,OPERASI PUSAT LISTRIK,G1,D3 Teknik Mesin/Konversi Energi,2,D3,3T,Pembangkitan,1,2.15
3405,2024,HOLDING,UID Suluttenggo,,JUNIOR TECHNICIAN TEKNIK LAYANAN PELANGGAN,JUNIOR TECHNICIAN,TEKNIK LAYANAN PELANGGAN,G1,D3 Teknik Elektro/Teknik Listrik,2,D3,3T,Distribusi,1,3.687
3406,2024,HOLDING,UIW Papua&Papua Barat,,JUNIOR TECHNICIAN TEKNIK LAYANAN PELANGGAN,JUNIOR TECHNICIAN,TEKNIK LAYANAN PELANGGAN,G1,D3 Teknik Elektro/Teknik Listrik,2,D3,3T,Distribusi,1,3.678
3407,2024,HOLDING,UIT JBTB,,JUNIOR TECHNICIAN JARINGAN TRANSMISI DAN GARDU INDUK,JUNIOR TECHNICIAN,JARINGAN TRANSMISI DAN GARDU INDUK,G1,D3 Teknik Elektro/Teknik Listrik,2,D3,Rekrut 2024,Transmisi dan Gardu Induk,1,3.566
3408,2024,HOLDING,UID Kalselteng,,JUNIOR TECHNICIAN TEKNIK LAYANAN PELANGGAN,JUNIOR TECHNICIAN,TEKNIK LAYANAN PELANGGAN,G1,D3 Teknik Elektro/Teknik Listrik,2,D3,3T,Distribusi,1,3.539
3409,2024,HOLDING,UID Kalselteng,,JUNIOR TECHNICIAN TRANSAKSI ENERGI LAYANAN PELANGGAN,JUNIOR TECHNICIAN,TRANSAKSI ENERGI LAYANAN PELANGGAN,G1,D3 Teknik Elektro/Teknik Listrik,2,D3,3T,Distribusi,1,3.539
3410,2024,HOLDING,UIP JBTB,,JUNIOR OFFICER ADMINISTRASI DAN UMUM,JUNIOR OFFICER,ADMINISTRASI DAN UMUM,G1,D3 Komunikasi/Hubungan Masyarakat,2,D3,Rekrut 2024,Komunikasi dan Umum,1,3.325
3411,2024,HOLDING,PUSMANPRO,,"JUNIOR OFFICER KESELAMATAN, KESEHATAN KERJA, LINGKUNGAN, DAN KEAMANAN",JUNIOR OFFICER,"KESELAMATAN, KESEHATAN KERJA, LINGKUNGAN, DAN KEAMANAN",G1,D3 Keselamatan Dan Kesehatan Kerja/Kesehatan Masyarakat K3,2,D3,Rekrut 2024,K3 dan Lingkungan,1,3.205
3412,2024,HOLDING,PUSMANPRO,,JUNIOR TECHNICIAN MANAJEMEN KONSTRUKSI LISTRIK,JUNIOR TECHNICIAN,MANAJEMEN KONSTRUKSI LISTRIK,G1,D3 Logistik/Supply Chain Management,2,D3,Rekrut 2024,Manajemen Konstruksi dan Pengadaan,1,3.205
3413,2024,HOLDING,UID Bali,,JUNIOR TECHNICIAN PDKB,JUNIOR TECHNICIAN,PDKB,G1,D3 Teknik Elektro/Teknik Listrik,2,D3,Rekrut 2024,Distribusi,1,3.202
3414,2024,HOLDING,UIP JBB,,TECHNICIAN PENGENDALIAN KONSTRUKSI,TECHNICIAN,PENGENDALIAN KONSTRUKSI,G2,S1 Logistik/Supply Chain Management,1,S1,Rekrut 2024,Manajemen Konstruksi dan Pengadaan,2,1.573
3415,2024,HOLDING,PUSERTIF,,TECHNICIAN KOMISIONING SISTEM PEMBANGKIT,TECHNICIAN,KOMISIONING SISTEM PEMBANGKIT,G2,S1 Teknik Mesin/Konversi Energi,1,S1,Rekrut 2024,Pembangkitan,2,1.56
3416,2024,HOLDING,UID Suluttenggo,,TECHNICIAN PDKB,TECHNICIAN,PDKB,G2,S1 Teknik Elektro/Teknik Listrik,1,S1,3T,Distribusi,2,1.539
3417,2024,HOLDING,P3B Sumatera,,OFFICER ENJINIRING,OFFICER,ENJINIRING,G2,S1 Teknik Kimia/Teknik Lingkungan,1,S1,Rekrut 2024,Perencanaan Sistem,2,1.533
3418,2024,HOLDING,UID Jawa Timur,,TECHNICIAN PENGATURAN OPERASI,TECHNICIAN,PENGATURAN OPERASI,G2,S1 Teknik Kimia/Teknik Lingkungan,1,S1,Rekrut 2024,Perencanaan Sistem,2,1.518
3419,2024,HOLDING,UID Jawa Barat,,OFFICER ADMINISTRASI DAN UMUM,OFFICER,ADMINISTRASI DAN UMUM,G2,S1 Komunikasi/Hubungan Masyarakat,1,S1,Rekrut 2024,Komunikasi dan Umum,2,1.516
3420,2024,HOLDING,UID Kalselteng,,OFFICER KINERJA KEUANGAN DAN UMUM,OFFICER,KINERJA KEUANGAN DAN UMUM,G2,S1 Akuntansi/Administrasi Fiskal,1,S1,3T,Keuangan dan Akuntansi,2,1.513
3421,2024,HOLDING,UIT JBT,,OFFICER KINERJA KONSTRUKSI,OFFICER,KINERJA KONSTRUKSI,G2,S1 Logistik/Supply Chain Management,1,S1,Rekrut 2024,Manajemen Konstruksi dan Pengadaan,2,1.471
3422,2024,HOLDING,UIP3B Kalimantan,,TECHNICIAN PDKB GI/GITET,TECHNICIAN,PDKB GI/GITET,G2,S1 Teknik Elektro/Teknik Listrik,1,S1,3T,Transmisi dan Gardu Induk,2,1.466
3423,2024,HOLDING,UIT JBB,,OFFICER ENJINIRING,OFFICER,ENJINIRING,G2,S1 Teknik Kimia/Teknik Lingkungan,1,S1,Rekrut 2024,Perencanaan Sistem,2,1.445
3424,2024,HOLDING,UID Riau & Kepri,,OFFICER KINERJA JARINGAN DAN KONSTRUKSI DISTRIBUSI,OFFICER,KINERJA JARINGAN DAN KONSTRUKSI DISTRIBUSI,G2,S1 Teknik Elektro/Teknik Listrik,1,S1,Rekrut 2024,Distribusi,2,1.428
3425,2024,HOLDING,UIW Papua&Papua Barat,,OFFICER KINERJA JARINGAN DAN KONSTRUKSI,OFFICER,KINERJA JARINGAN DAN KONSTRUKSI,G2,S1 Teknik Elektro/Teknik Listrik,1,S1,3T,Distribusi,2,1.427
3426,2024,HOLDING,UIW Papua&Papua Barat,,OFFICER KINERJA TRANSAKSI ENERGI LISTRIK,OFFICER,KINERJA TRANSAKSI ENERGI LISTRIK,G2,S1 Teknik Elektro/Teknik Listrik,1,S1,3T,Distribusi,2,1.427
3427,2024,HOLDING,UID Suluttenggo,,TECHNICIAN PENGELOLAAN KONSTRUKSI DISTRIBUSI,TECHNICIAN,PENGELOLAAN KONSTRUKSI DISTRIBUSI,G2,S1 Teknik Elektro/Teknik Listrik,1,S1,3T,Distribusi,2,1.42
3428,2024,HOLDING,Kantor Pusat,,OFFICER ANGGARAN,OFFICER,ANGGARAN,G2,S1 Akuntansi/Administrasi Fiskal,1,S1,Rekrut 2024,Keuangan dan Akuntansi,2,1.413
3429,2024,HOLDING,UID Sulselrabar,,TECHNICIAN PENGELOLAAN KONSTRUKSI DISTRIBUSI,TECHNICIAN,PENGELOLAAN KONSTRUKSI DISTRIBUSI,G2,S1 Teknik Elektro/Teknik Listrik,1,S1,3T,Distribusi,2,1.412
3430,2024,HOLDING,UID Kaltimra,,OFFICER KINERJA,OFFICER,KINERJA,G2,S1 Teknik Industri/Teknik Material,1,S1,3T,Perencanaan dan Kinerja,2,1.41
3431,2024,HOLDING,UID Jawa Tengah & DIY,,OFFICER KINERJA JARINGAN DISTRIBUSI,OFFICER,KINERJA JARINGAN DISTRIBUSI,G2,S1 Teknik Elektro/Teknik Listrik,1,S1,Rekrut 2024,Distribusi,2,1.407
3432,2024,HOLDING,UID Sumut,,OFFICER KINERJA JARINGAN DAN KONSTRUKSI DISTRIBUSI,OFFICER,KINERJA JARINGAN DAN KONSTRUKSI DISTRIBUSI,G2,S1 Teknik Elektro/Teknik Listrik,1,S1,Rekrut 2024,Distribusi,2,1.407
3433,2024,HOLDING,P3B Sumatera,,OFFICER KINERJA OPERASI SISTEM,OFFICER,KINERJA OPERASI SISTEM,G2,S1 Teknik Kimia/Teknik Lingkungan,1,S1,Rekrut 2024,Perencanaan Sistem,2,1.406
3434,2024,HOLDING,UID Banten,,OFFICER KINERJA,OFFICER,KINERJA,G2,S1 Teknik Industri/Teknik Material,1,S1,Rekrut 2024,Perencanaan dan Kinerja,2,1.378
3435,2024,HOLDING,UID Banten,,OFFICER KINERJA TRANSAKSI ENERGI LISTRIK,OFFICER,KINERJA TRANSAKSI ENERGI LISTRIK,G2,S1 Teknik Elektro/Teknik Listrik,1,S1,Rekrut 2024,Distribusi,2,1.378
3436,2024,HOLDING,UIW Maluku&Malut,,OFFICER PERENCANAAN DAN EVALUASI SISTEM DISTRIBUSI,OFFICER,PERENCANAAN DAN EVALUASI SISTEM DISTRIBUSI,G2,S1 Teknik Kimia/Teknik Lingkungan,1,S1,3T,Perencanaan Sistem,2,1.368
3437,2024,HOLDING,UIW Maluku&Malut,,OFFICER PERENCANAAN PENGUSAHAAN DAN KINERJA,OFFICER,PERENCANAAN PENGUSAHAAN DAN KINERJA,G2,S1 Teknik Industri/Teknik Material,1,S1,3T,Perencanaan dan Kinerja,2,1.368
3438,2024,HOLDING,UIW Maluku&Malut,,OFFICER STRATEGI PEMASARAN,OFFICER,STRATEGI PEMASARAN,G2,S1 Manajemen Pemasaran/Digital Marketing Dan Analytics,1,S1,3T,Niaga dan Pemasaran,2,1.368
3439,2024,HOLDING,UIW Maluku&Malut,,TECHNICIAN PENGENDALIAN OPERASI DAN PEMELIHARAAN PUSAT LISTRIK,TECHNICIAN,PENGENDALIAN OPERASI DAN PEMELIHARAAN PUSAT LISTRIK,G2,S1 Teknik Mesin/Konversi Energi,1,S1,3T,Pembangkitan,2,1.368
3440,2024,HOLDING,UIW Maluku&Malut,,TECHNICIAN PENGENDALIAN OPERASI DAN PEMELIHARAAN TRANSMISI DAN GARDU INDUK,TECHNICIAN,PENGENDALIAN OPERASI DAN PEMELIHARAAN TRANSMISI DAN GARDU INDUK,G2,S1 Teknik Elektro/Teknik Listrik,1,S1,3T,Transmisi dan Gardu Induk,2,1.368
3441,2024,HOLDING,UIW Maluku&Malut,,TECHNICIAN PENGENDALIAN SUSUT,TECHNICIAN,PENGENDALIAN SUSUT,G2,S1 Teknik Elektro/Teknik Listrik,1,S1,3T,Distribusi,2,1.368
3442,2024,HOLDING,UIP Sumatera Bag Tengah,,TECHNICIAN PENGENDALIAN KONSTRUKSI,TECHNICIAN,PENGENDALIAN KONSTRUKSI,G2,S1 Logistik/Supply Chain Management,1,S1,Rekrut 2024,Manajemen Konstruksi dan Pengadaan,2,1.364
3443,2024,HOLDING,PUSDIKLAT,,OFFICER KINERJA PELAKSANAAN PEMBELAJARAN,OFFICER,KINERJA PELAKSANAAN PEMBELAJARAN,G2,S1 Psikologi/Kepegawaian,1,S1,Rekrut 2024,Sumber Daya Manusia,2,1.347
3444,2024,HOLDING,UID Kalbar,,TECHNICIAN PDKB,TECHNICIAN,PDKB,G2,S1 Teknik Elektro/Teknik Listrik,1,S1,3T,Distribusi,2,1.33
3445,2024,HOLDING,UID Jawa Tengah & DIY,,OFFICER KINERJA,OFFICER,KINERJA,G2,S1 Teknik Industri/Teknik Material,1,S1,Rekrut 2024,Perencanaan dan Kinerja,2,1.329
3446,2024,HOLDING,UID Kalselteng,,TECHNICIAN OPERASI DISTRIBUSI,TECHNICIAN,OPERASI DISTRIBUSI,G2,S1 Teknik Elektro/Teknik Listrik,1,S1,3T,Distribusi,2,1.324
3447,2024,HOLDING,UID Suluttenggo,,TECHNICIAN OPERASI DISTRIBUSI,TECHNICIAN,OPERASI DISTRIBUSI,G2,S1 Teknik Elektro/Teknik Listrik,1,S1,3T,Distribusi,2,1.302
3448,2024,HOLDING,UIP JBT,,"OFFICER KEUANGAN, PERIZINAN, PERTANAHAN DAN UMUM",OFFICER,"KEUANGAN, PERIZINAN, PERTANAHAN DAN UMUM",G2,S1 Logistik/Supply Chain Management,1,S1,Rekrut 2024,Manajemen Konstruksi dan Pengadaan,2,1.294
3449,2024,HOLDING,UIP Kalimantan Bag Timur,,OFFICER PENGENDALIAN PROYEK,OFFICER,PENGENDALIAN PROYEK,G2,S1 Logistik/Supply Chain Management,1,S1,3T,Manajemen Konstruksi dan Pengadaan,2,1.293
3450,2024,HOLDING,P3B Sumatera,,OFFICER KINERJA FASILITAS OPERASI,OFFICER,KINERJA FASILITAS OPERASI,G2,S1 Komunikasi/Hubungan Masyarakat,1,S1,Rekrut 2024,Komunikasi dan Umum,2,1.278
3451,2024,HOLDING,UIW Papua&Papua Barat,,OFFICER KINERJA KEUANGAN DAN UMUM,OFFICER,KINERJA KEUANGAN DAN UMUM,G2,S1 Akuntansi/Administrasi Fiskal,1,S1,3T,Keuangan dan Akuntansi,2,1.269
3452,2024,HOLDING,UID Aceh,,OFFICER LOGISTIK LAYANAN PELANGGAN,OFFICER,LOGISTIK LAYANAN PELANGGAN,G2,S1 Logistik/Supply Chain Management,1,S1,3T,Manajemen Konstruksi dan Pengadaan,2,1.263
3453,2024,HOLDING,UID Jawa Barat,,OFFICER PELAYANAN PELANGGAN,OFFICER,PELAYANAN PELANGGAN,G2,S1 Manajemen Pemasaran/Digital Marketing Dan Analytics,1,S1,Rekrut 2024,Niaga dan Pemasaran,2,1.263
3454,2024,HOLDING,UID Jawa Barat,,TECHNICIAN OPERASI DISTRIBUSI,TECHNICIAN,OPERASI DISTRIBUSI,G2,S1 Teknik Elektro/Teknik Listrik,1,S1,Rekrut 2024,Distribusi,2,1.263
3455,2024,HOLDING,UID Sulselrabar,,OFFICER KINERJA,OFFICER,KINERJA,G2,S1 Teknik Industri/Teknik Material,1,S1,3T,Perencanaan dan Kinerja,2,1.22
3456,2024,HOLDING,UIP JBT,,TECHNICIAN PROJECT SITE,TECHNICIAN,PROJECT SITE,G2,S1 Teknik Elektro/Teknik Listrik,1,S1,Rekrut 2024,Distribusi,2,1.201
3457,2024,HOLDING,UIT JBTB,,OFFICER ENJINIRING,OFFICER,ENJINIRING,G2,S1 Teknik Kimia/Teknik Lingkungan,1,S1,Rekrut 2024,Perencanaan Sistem,2,1.201
3458,2024,HOLDING,UIT JBTB,,OFFICER PELAKSANA PENGADAAN,OFFICER,PELAKSANA PENGADAAN,G2,S1 Logistik/Supply Chain Management,1,S1,Rekrut 2024,Manajemen Konstruksi dan Pengadaan,2,1.201
3459,2024,HOLDING,UID S2JB,,OFFICER KINERJA TRANSAKSI ENERGI LISTRIK,OFFICER,KINERJA TRANSAKSI ENERGI LISTRIK,G2,S1 Teknik Elektro/Teknik Listrik,1,S1,3T,Distribusi,2,1.199
3460,2024,HOLDING,UID Kalbar,,OFFICER KINERJA TRANSAKSI ENERGI LISTRIK,OFFICER,KINERJA TRANSAKSI ENERGI LISTRIK,G2,S1 Teknik Elektro/Teknik Listrik,1,S1,3T,Distribusi,2,1.197
3461,2024,HOLDING,UID Aceh,,OFFICER KINERJA DAN ADMINISTRASI LAYANAN PELANGGAN,OFFICER,KINERJA DAN ADMINISTRASI LAYANAN PELANGGAN,G2,S1 Manajemen Pemasaran/Digital Marketing Dan Analytics,1,S1,3T,Niaga dan Pemasaran,2,1.193
3462,2024,HOLDING,UID Aceh,,TECHNICIAN PDKB,TECHNICIAN,PDKB,G2,S1 Teknik Elektro/Teknik Listrik,1,S1,3T,Distribusi,2,1.193
3463,2024,HOLDING,UID Suluttenggo,,TECHNICIAN PEMELIHARAAN DISTRIBUSI,TECHNICIAN,PEMELIHARAAN DISTRIBUSI,G2,S1 Teknik Elektro/Teknik Listrik,1,S1,3T,Distribusi,2,1.184
3464,2024,HOLDING,UID Jawa Timur,,OFFICER LOGISTIK LAYANAN PELANGGAN,OFFICER,LOGISTIK LAYANAN PELANGGAN,G2,S1 Logistik/Supply Chain Management,1,S1,Rekrut 2024,Manajemen Konstruksi dan Pengadaan,2,1.18
3465,2024,HOLDING,UID Jawa Timur,,OFFICER PELAKSANA PENGADAAN,OFFICER,PELAKSANA PENGADAAN,G2,S1 Logistik/Supply Chain Management,1,S1,Rekrut 2024,Manajemen Konstruksi dan Pengadaan,2,1.18
3466,2024,HOLDING,PUSHARLIS,,TECHNICIAN PRODUKSI MEKANIKAL,TECHNICIAN,PRODUKSI MEKANIKAL,G2,S1 Teknik Elektro/Teknik Listrik,1,S1,Rekrut 2024,Distribusi,2,1.172
3467,2024,HOLDING,UIP Kalimantan Bag Barat,,TECHNICIAN PENGENDALIAN KONSTRUKSI,TECHNICIAN,PENGENDALIAN KONSTRUKSI,G2,S1 Logistik/Supply Chain Management,1,S1,3T,Manajemen Konstruksi dan Pengadaan,2,1.164
3468,2024,HOLDING,UID Jakarta Raya,,TECHNICIAN PEMELIHARAAN DISTRIBUSI,TECHNICIAN,PEMELIHARAAN DISTRIBUSI,G2,S1 Teknik Elektro/Teknik Listrik,1,S1,Rekrut 2024,Distribusi,2,1.153
3469,2024,HOLDING,UIP Sumatera Bag Utara,,OFFICER PENGENDALIAN PROYEK,OFFICER,PENGENDALIAN PROYEK,G2,S1 Logistik/Supply Chain Management,1,S1,Rekrut 2024,Manajemen Konstruksi dan Pengadaan,2,1.152
3470,2024,HOLDING,UID Sumut,,OFFICER KINERJA TRANSAKSI ENERGI LISTRIK,OFFICER,KINERJA TRANSAKSI ENERGI LISTRIK,G2,S1 Teknik Elektro/Teknik Listrik,1,S1,Rekrut 2024,Distribusi,2,1.151
3471,2024,HOLDING,P3B Sumatera,,TECHNICIAN PEMELIHARAAN GARDU INDUK,TECHNICIAN,PEMELIHARAAN GARDU INDUK,G2,S1 Teknik Elektro/Teknik Listrik,1,S1,Rekrut 2024,Transmisi dan Gardu Induk,2,1.15
3472,2024,HOLDING,UID Jawa Barat,,OFFICER KINERJA NIAGA DAN PEMASARAN,OFFICER,KINERJA NIAGA DAN PEMASARAN,G2,S1 Manajemen Pemasaran/Digital Marketing Dan Analytics,1,S1,Rekrut 2024,Niaga dan Pemasaran,2,1.137
3473,2024,HOLDING,UID Jawa Barat,,TECHNICIAN PENGATURAN OPERASI,TECHNICIAN,PENGATURAN OPERASI,G2,S1 Teknik Kimia/Teknik Lingkungan,1,S1,Rekrut 2024,Perencanaan Sistem,2,1.137
3474,2024,HOLDING,UID Kalselteng,,OFFICER PRIORITY ACCOUNT EXECUTIVE,OFFICER,PRIORITY ACCOUNT EXECUTIVE,G2,S1 Komunikasi/Hubungan Masyarakat,1,S1,3T,Komunikasi dan Umum,2,1.135
3475,2024,HOLDING,UID Aceh,,OFFICER KINERJA JARINGAN DAN KONSTRUKSI DISTRIBUSI,OFFICER,KINERJA JARINGAN DAN KONSTRUKSI DISTRIBUSI,G2,S1 Teknik Elektro/Teknik Listrik,1,S1,3T,Distribusi,2,1.123
3476,2024,HOLDING,UID Aceh,,OFFICER KINERJA KEUANGAN DAN UMUM,OFFICER,KINERJA KEUANGAN DAN UMUM,G2,S1 Akuntansi/Administrasi Fiskal,1,S1,3T,Keuangan dan Akuntansi,2,1.123
3477,2024,HOLDING,UIW Papua&Papua Barat,,OFFICER NIAGA DAN PELAYANAN PELANGGAN,OFFICER,NIAGA DAN PELAYANAN PELANGGAN,G2,S1 Manajemen Pemasaran/Digital Marketing Dan Analytics,1,S1,3T,Niaga dan Pemasaran,2,1.11
3478,2024,HOLDING,UIW Papua&Papua Barat,,OFFICER PERENCANAAN DAN EVALUASI SISTEM DISTRIBUSI,OFFICER,PERENCANAAN DAN EVALUASI SISTEM DISTRIBUSI,G2,S1 Teknik Kimia/Teknik Lingkungan,1,S1,3T,Perencanaan Sistem,2,1.11
3479,2024,HOLDING,UIW Papua&Papua Barat,,TECHNICIAN PEMELIHARAAN DISTRIBUSI,TECHNICIAN,PEMELIHARAAN DISTRIBUSI,G2,S1 Teknik Elektro/Teknik Listrik,1,S1,3T,Distribusi,2,1.11
3480,2024,HOLDING,UIW NusaTenggara Barat,,TECHNICIAN OPERASI PUSAT LISTRIK,TECHNICIAN,OPERASI PUSAT LISTRIK,G2,S1 Teknik Mesin/Konversi Energi,1,S1,3T,Pembangkitan,2,1.095
3481,2024,HOLDING,UID Jawa Tengah & DIY,,OFFICER PRIORITY ACCOUNT EXECUTIVE,OFFICER,PRIORITY ACCOUNT EXECUTIVE,G2,S1 Komunikasi/Hubungan Masyarakat,1,S1,Rekrut 2024,Komunikasi dan Umum,2,1.094
3482,2024,HOLDING,UIT JBB,,OFFICER PELAKSANA PENGADAAN,OFFICER,PELAKSANA PENGADAAN,G2,S1 Logistik/Supply Chain Management,1,S1,Rekrut 2024,Manajemen Konstruksi dan Pengadaan,2,1.084
3483,2024,HOLDING,UIT JBB,,TECHNICIAN JARINGAN TRANSMISI DAN GARDU INDUK,TECHNICIAN,JARINGAN TRANSMISI DAN GARDU INDUK,G2,S1 Teknik Elektro/Teknik Listrik,1,S1,Rekrut 2024,Transmisi dan Gardu Induk,2,1.084
3484,2024,HOLDING,UIT JBTB,,"OFFICER ASESMEN, DIAGNOSA DAN PENGELOLAAN DATA",OFFICER,"ASESMEN, DIAGNOSA DAN PENGELOLAAN DATA",G2,S1 Psikologi/Kepegawaian,1,S1,Rekrut 2024,Sumber Daya Manusia,2,1.081
3485,2024,HOLDING,UIT JBTB,,TECHNICIAN JARINGAN TRANSMISI DAN GARDU INDUK,TECHNICIAN,JARINGAN TRANSMISI DAN GARDU INDUK,G2,S1 Teknik Elektro/Teknik Listrik,1,S1,Rekrut 2024,Transmisi dan Gardu Induk,2,1.081
3486,2024,HOLDING,UIT JBTB,,"TECHNICIAN PEMELIHARAAN PROTEKSI, METER, DAN OTOMASI TRANSMISI DAN GARDUINDUK",TECHNICIAN,"PEMELIHARAAN PROTEKSI, METER, DAN OTOMASI TRANSMISI DAN GARDUINDUK",G2,S1 Teknik Elektro/Teknik Listrik,1,S1,Rekrut 2024,Transmisi dan Gardu Induk,2,1.081
3487,2024,HOLDING,UID Suluttenggo,,OFFICER KINERJA TRANSAKSI ENERGI LISTRIK,OFFICER,KINERJA TRANSAKSI ENERGI LISTRIK,G2,S1 Teknik Elektro/Teknik Listrik,1,S1,3T,Distribusi,2,1.065
3488,2024,HOLDING,UID Suluttenggo,,OFFICER NIAGA DAN PELAYANAN PELANGGAN,OFFICER,NIAGA DAN PELAYANAN PELANGGAN,G2,S1 Manajemen Pemasaran/Digital Marketing Dan Analytics,1,S1,3T,Niaga dan Pemasaran,2,1.065
3489,2024,HOLDING,UID Kalbar,,OFFICER ADMINISTRASI DAN UMUM,OFFICER,ADMINISTRASI DAN UMUM,G2,S1 Komunikasi/Hubungan Masyarakat,1,S1,3T,Komunikasi dan Umum,2,1.064
3490,2024,HOLDING,PUSDIKLAT,,OFFICER PENYELENGGARAAN PEMBELAJARAN,OFFICER,PENYELENGGARAAN PEMBELAJARAN,G2,S1 Psikologi/Kepegawaian,1,S1,Rekrut 2024,Sumber Daya Manusia,2,1.048
3491,2024,HOLDING,UID Lampung,,OFFICER KINERJA KEUANGAN DAN UMUM,OFFICER,KINERJA KEUANGAN DAN UMUM,G2,S1 Akuntansi/Administrasi Fiskal,1,S1,Rekrut 2024,Keuangan dan Akuntansi,2,1.04
3492,2024,HOLDING,UID Lampung,,OFFICER LOGISTIK LAYANAN PELANGGAN,OFFICER,LOGISTIK LAYANAN PELANGGAN,G2,S1 Logistik/Supply Chain Management,1,S1,Rekrut 2024,Manajemen Konstruksi dan Pengadaan,2,1.04
3493,2024,HOLDING,UID Lampung,,TECHNICIAN PDKB,TECHNICIAN,PDKB,G2,S1 Teknik Elektro/Teknik Listrik,1,S1,Rekrut 2024,Distribusi,2,1.04
3494,2024,HOLDING,UID S2JB,,OFFICER PRIORITY ACCOUNT EXECUTIVE,OFFICER,PRIORITY ACCOUNT EXECUTIVE,G2,S1 Komunikasi/Hubungan Masyarakat,1,S1,3T,Komunikasi dan Umum,2,1.039
3495,2024,HOLDING,UID Jakarta Raya,,TECHNICIAN PENGENDALIAN KONSTRUKSI DISTRIBUSI,TECHNICIAN,PENGENDALIAN KONSTRUKSI DISTRIBUSI,G2,S1 Teknik Elektro/Teknik Listrik,1,S1,Rekrut 2024,Distribusi,2,1.038
3496,2024,HOLDING,UID Sumut,,OFFICER KINERJA,OFFICER,KINERJA,G2,S1 Teknik Industri/Teknik Material,1,S1,Rekrut 2024,Perencanaan dan Kinerja,2,1.023
3497,2024,HOLDING,P3B Sumatera,,OFFICER ADMINISTRASI DAN UMUM,OFFICER,ADMINISTRASI DAN UMUM,G2,S1 Komunikasi/Hubungan Masyarakat,1,S1,Rekrut 2024,Komunikasi dan Umum,2,1.022
3498,2024,HOLDING,P3B Sumatera,,"OFFICER ASESMEN, DIAGNOSA DAN PENGOLAHAN DATA",OFFICER,"ASESMEN, DIAGNOSA DAN PENGOLAHAN DATA",G2,S1 Psikologi/Kepegawaian,1,S1,Rekrut 2024,Sumber Daya Manusia,2,1.022
3499,2024,HOLDING,P3B Sumatera,,OFFICER LINGKUNGAN,OFFICER,LINGKUNGAN,G2,S1 Keselamatan Dan Kesehatan Kerja/Kesehatan Masyarakat K3,1,S1,Rekrut 2024,K3 dan Lingkungan,2,1.022
3500,2024,HOLDING,P3B Sumatera,,OFFICER PELAKSANA PENGADAAN,OFFICER,PELAKSANA PENGADAAN,G2,S1 Logistik/Supply Chain Management,1,S1,Rekrut 2024,Manajemen Konstruksi dan Pengadaan,2,1.022
3501,2024,HOLDING,UID Sumbar,,OFFICER KINERJA JARINGAN DAN KONSTRUKSI,OFFICER,KINERJA JARINGAN DAN KONSTRUKSI,G2,S1 Teknik Elektro/Teknik Listrik,1,S1,Rekrut 2024,Distribusi,2,1.021
3502,2024,HOLDING,UID Sumbar,,OFFICER KINERJA KEUANGAN DAN UMUM,OFFICER,KINERJA KEUANGAN DAN UMUM,G2,S1 Akuntansi/Administrasi Fiskal,1,S1,Rekrut 2024,Keuangan dan Akuntansi,2,1.021
3503,2024,HOLDING,UIP Sulawesi,,TECHNICIAN PENGENDALIAN KONSTRUKSI,TECHNICIAN,PENGENDALIAN KONSTRUKSI,G2,S1 Logistik/Supply Chain Management,1,S1,3T,Manajemen Konstruksi dan Pengadaan,2,1.014
3504,2024,HOLDING,UID Jawa Timur,,OFFICER ADMINISTRASI DAN UMUM,OFFICER,ADMINISTRASI DAN UMUM,G2,S1 Komunikasi/Hubungan Masyarakat,1,S1,Rekrut 2024,Komunikasi dan Umum,2,1.012
3505,2024,HOLDING,UID Jawa Timur,,TECHNICIAN PEMELIHARAAN DISTRIBUSI,TECHNICIAN,PEMELIHARAAN DISTRIBUSI,G2,S1 Teknik Elektro/Teknik Listrik,1,S1,Rekrut 2024,Distribusi,2,1.012
3506,2024,HOLDING,UID Jawa Barat,,OFFICER PRIORITY ACCOUNT EXECUTIVE,OFFICER,PRIORITY ACCOUNT EXECUTIVE,G2,S1 Komunikasi/Hubungan Masyarakat,1,S1,Rekrut 2024,Komunikasi dan Umum,2,1.011
3507,2024,HOLDING,UIP JBTB,,TECHNICIAN PENGENDALIAN KONSTRUKSI,TECHNICIAN,PENGENDALIAN KONSTRUKSI,G2,S1 Logistik/Supply Chain Management,1,S1,Rekrut 2024,Manajemen Konstruksi dan Pengadaan,2,0.986
3508,2024,HOLDING,UIP JBB,,OFFICER ADMINISTRASI DAN UMUM,OFFICER,ADMINISTRASI DAN UMUM,G2,S1 Komunikasi/Hubungan Masyarakat,1,S1,Rekrut 2024,Komunikasi dan Umum,2,0.968
3509,2024,HOLDING,UID Lampung,,OFFICER KINERJA JARINGAN DAN KONSTRUKSI DISTRIBUSI,OFFICER,KINERJA JARINGAN DAN KONSTRUKSI DISTRIBUSI,G2,S1 Teknik Elektro/Teknik Listrik,1,S1,Rekrut 2024,Distribusi,2,0.965
3510,2024,HOLDING,UID Sulselrabar,,OFFICER KINERJA TRANSAKSI ENERGI LISTRIK,OFFICER,KINERJA TRANSAKSI ENERGI LISTRIK,G2,S1 Teknik Elektro/Teknik Listrik,1,S1,3T,Distribusi,2,0.963
3511,2024,HOLDING,UID Sulselrabar,,TECHNICIAN PDKB,TECHNICIAN,PDKB,G2,S1 Teknik Elektro/Teknik Listrik,1,S1,3T,Distribusi,2,0.963
3512,2024,HOLDING,UIW NusaTenggaraTimur,,OFFICER KINERJA DAN ADMINISTRASI LAYANAN PELANGGAN,OFFICER,KINERJA DAN ADMINISTRASI LAYANAN PELANGGAN,G2,S1 Manajemen Pemasaran/Digital Marketing Dan Analytics,1,S1,3T,Niaga dan Pemasaran,2,0.963
3513,2024,HOLDING,UIW NusaTenggaraTimur,,TECHNICIAN PENGENDALIAN OPERASI DAN PEMELIHARAAN TRANSMISI DAN GARDU INDUK,TECHNICIAN,PENGENDALIAN OPERASI DAN PEMELIHARAAN TRANSMISI DAN GARDU INDUK,G2,S1 Teknik Elektro/Teknik Listrik,1,S1,3T,Transmisi dan Gardu Induk,2,0.963
3514,2024,HOLDING,Pusat Pengatur Beban,,OFFICER KINERJA,OFFICER,KINERJA,G2,S1 Teknik Industri/Teknik Material,1,S1,Rekrut 2024,Perencanaan dan Kinerja,2,0.96
3515,2024,HOLDING,UID Riau & Kepri,,TECHNICIAN PDKB,TECHNICIAN,PDKB,G2,S1 Teknik Elektro/Teknik Listrik,1,S1,Rekrut 2024,Distribusi,2,0.952
3516,2024,HOLDING,UIW NusaTenggara Barat,,OFFICER KINERJA KEUANGAN DAN UMUM,OFFICER,KINERJA KEUANGAN DAN UMUM,G2,S1 Akuntansi/Administrasi Fiskal,1,S1,3T,Keuangan dan Akuntansi,2,0.949
3517,2024,HOLDING,UID Banten,,TECHNICIAN OPERASI DISTRIBUSI,TECHNICIAN,OPERASI DISTRIBUSI,G2,S1 Teknik Elektro/Teknik Listrik,1,S1,Rekrut 2024,Distribusi,2,0.947
3518,2024,HOLDING,UID Kalselteng,,OFFICER ADMINISTRASI DAN UMUM,OFFICER,ADMINISTRASI DAN UMUM,G2,S1 Komunikasi/Hubungan Masyarakat,1,S1,3T,Komunikasi dan Umum,2,0.946
3519,2024,HOLDING,Kantor Pusat,,OFFICER ADMINISTRASI EKSEKUTIF DIREKSI,OFFICER,ADMINISTRASI EKSEKUTIF DIREKSI,G2,S1 Komunikasi/Hubungan Masyarakat,1,S1,Rekrut 2024,Komunikasi dan Umum,2,0.942
3520,2024,HOLDING,Kantor Pusat,,"OFFICER RISIKO KONSTRUKSI SUMATERA, KALIMANTAN, DAN SULAWESI",OFFICER,"RISIKO KONSTRUKSI SUMATERA, KALIMANTAN, DAN SULAWESI",G2,S1 Logistik/Supply Chain Management,1,S1,Rekrut 2024,Manajemen Konstruksi dan Pengadaan,2,0.942
3521,2024,HOLDING,Kantor Pusat,,OFFICER VERIFIKASI INVESTASI,OFFICER,VERIFIKASI INVESTASI,G2,S1 Akuntansi/Administrasi Fiskal,1,S1,Rekrut 2024,Keuangan dan Akuntansi,2,0.942
3522,2024,HOLDING,UIP JBT,,OFFICER PERIZINAN DAN PERTANAHAN,OFFICER,PERIZINAN DAN PERTANAHAN,G2,S1 Logistik/Supply Chain Management,1,S1,Rekrut 2024,Manajemen Konstruksi dan Pengadaan,2,0.924
3523,2024,HOLDING,UID Jakarta Raya,,OFFICER KINERJA NIAGA,OFFICER,KINERJA NIAGA,G2,S1 Manajemen Pemasaran/Digital Marketing Dan Analytics,1,S1,Rekrut 2024,Niaga dan Pemasaran,2,0.922
3524,2024,HOLDING,UIP3B Kalimantan,,TECHNICIAN PDKB SUTT/SUTET,TECHNICIAN,PDKB SUTT/SUTET,G2,S1 Teknik Elektro/Teknik Listrik,1,S1,3T,Transmisi dan Gardu Induk,2,0.916
3525,2024,HOLDING,UIW Maluku&Malut,,OFFICER ENJINIRING PEMBANGKITAN,OFFICER,ENJINIRING PEMBANGKITAN,G2,S1 Teknik Mesin/Konversi Energi,1,S1,3T,Pembangkitan,2,0.912
3526,2024,HOLDING,UIW Maluku&Malut,,"OFFICER KESELAMATAN, KESEHATAN KERJA, LINGKUNGAN DAN KEAMANAN",OFFICER,"KESELAMATAN, KESEHATAN KERJA, LINGKUNGAN DAN KEAMANAN",G2,S1 Keselamatan Dan Kesehatan Kerja/Kesehatan Masyarakat K3,1,S1,3T,K3 dan Lingkungan,2,0.912
3527,2024,HOLDING,UIW Maluku&Malut,,OFFICER KEUANGAN DAN ANGGARAN,OFFICER,KEUANGAN DAN ANGGARAN,G2,S1 Akuntansi/Administrasi Fiskal,1,S1,3T,Keuangan dan Akuntansi,2,0.912
3528,2024,HOLDING,UIW Maluku&Malut,,OFFICER KINERJA TRANSAKSI ENERGI LISTRIK,OFFICER,KINERJA TRANSAKSI ENERGI LISTRIK,G2,S1 Teknik Elektro/Teknik Listrik,1,S1,3T,Distribusi,2,0.912
3529,2024,HOLDING,UIW Maluku&Malut,,OFFICER NIAGA DAN PELAYANAN PELANGGAN,OFFICER,NIAGA DAN PELAYANAN PELANGGAN,G2,S1 Manajemen Pemasaran/Digital Marketing Dan Analytics,1,S1,3T,Niaga dan Pemasaran,2,0.912
3530,2024,HOLDING,UIW Maluku&Malut,,OFFICER PELAKSANA PENGADAAN,OFFICER,PELAKSANA PENGADAAN,G2,S1 Logistik/Supply Chain Management,1,S1,3T,Manajemen Konstruksi dan Pengadaan,2,0.912
3531,2024,HOLDING,UIW Maluku&Malut,,OFFICER PERENCANAAN DAN PENGELOLAAN ASET DISTRIBUSI,OFFICER,PERENCANAAN DAN PENGELOLAAN ASET DISTRIBUSI,G2,S1 Teknik Elektro/Teknik Listrik,1,S1,3T,Distribusi,2,0.912
3532,2024,HOLDING,UIW Maluku&Malut,,OFFICER TJSL,OFFICER,TJSL,G2,S1 Komunikasi/Hubungan Masyarakat,1,S1,3T,Komunikasi dan Umum,2,0.912
3533,2024,HOLDING,UIW Maluku&Malut,,TECHNICIAN PEMELIHARAAN METER TRANSAKSI,TECHNICIAN,PEMELIHARAAN METER TRANSAKSI,G2,S1 Teknik Elektro/Teknik Listrik,1,S1,3T,Distribusi,2,0.912
3534,2024,HOLDING,UIW Maluku&Malut,,TECHNICIAN PERENCANAAN OPERASI DAN PEMELIHARAAN PEMBANGKIT,TECHNICIAN,PERENCANAAN OPERASI DAN PEMELIHARAAN PEMBANGKIT,G2,S1 Teknik Mesin/Konversi Energi,1,S1,3T,Pembangkitan,2,0.912
3535,2024,HOLDING,UIW Maluku&Malut,,TECHNICIAN SCADA DAN TELEKOMUNIKASI,TECHNICIAN,SCADA DAN TELEKOMUNIKASI,G2,S1 Teknik Elektro/Teknik Listrik,1,S1,3T,Proteksi dan Kontrol,2,0.912
3536,2024,HOLDING,UID Bali,,OFFICER KINERJA JARINGAN DISTRIBUSI,OFFICER,KINERJA JARINGAN DISTRIBUSI,G2,S1 Teknik Elektro/Teknik Listrik,1,S1,Rekrut 2024,Distribusi,2,0.91
3537,2024,HOLDING,UID Bali,,OFFICER KINERJA KEUANGAN DAN UMUM,OFFICER,KINERJA KEUANGAN DAN UMUM,G2,S1 Akuntansi/Administrasi Fiskal,1,S1,Rekrut 2024,Keuangan dan Akuntansi,2,0.91
3538,2024,HOLDING,UID Bali,,OFFICER KINERJA TRANSAKSI ENERGI LISTRIK,OFFICER,KINERJA TRANSAKSI ENERGI LISTRIK,G2,S1 Teknik Elektro/Teknik Listrik,1,S1,Rekrut 2024,Distribusi,2,0.91
3539,2024,HOLDING,UID Bali,,TECHNICIAN PENGELOLAAN KONSTRUKSI DISTRIBUSI,TECHNICIAN,PENGELOLAAN KONSTRUKSI DISTRIBUSI,G2,S1 Teknik Elektro/Teknik Listrik,1,S1,Rekrut 2024,Distribusi,2,0.91
3540,2024,HOLDING,UIT JBB,,OFFICER KINERJA KONSTRUKSI,OFFICER,KINERJA KONSTRUKSI,G2,S1 Logistik/Supply Chain Management,1,S1,Rekrut 2024,Manajemen Konstruksi dan Pengadaan,2,0.903
3541,2024,HOLDING,UIT JBB,,OFFICER PERENCANAAN PENGUSAHAAN,OFFICER,PERENCANAAN PENGUSAHAAN,G2,S1 Teknik Industri/Teknik Material,1,S1,Rekrut 2024,Perencanaan dan Kinerja,2,0.903
3542,2024,HOLDING,UIT JBB,,TECHNICIAN PDKB GI/GITET,TECHNICIAN,PDKB GI/GITET,G2,S1 Teknik Elektro/Teknik Listrik,1,S1,Rekrut 2024,Transmisi dan Gardu Induk,2,0.903
3543,2024,HOLDING,UIT JBB,,TECHNICIAN PDKB SUTT/SUTET,TECHNICIAN,PDKB SUTT/SUTET,G2,S1 Teknik Elektro/Teknik Listrik,1,S1,Rekrut 2024,Transmisi dan Gardu Induk,2,0.903
3544,2024,HOLDING,UIT JBB,,TECHNICIAN PEMELIHARAAN JARINGAN TRANSMISI,TECHNICIAN,PEMELIHARAAN JARINGAN TRANSMISI,G2,S1 Teknik Elektro/Teknik Listrik,1,S1,Rekrut 2024,Transmisi dan Gardu Induk,2,0.903
3545,2024,HOLDING,UID Sulselrabar,,OFFICER KINERJA JARINGAN DAN KONSTRUKSI DISTRIBUSI,OFFICER,KINERJA JARINGAN DAN KONSTRUKSI DISTRIBUSI,G2,S1 Teknik Elektro/Teknik Listrik,1,S1,3T,Distribusi,2,0.899
3546,2024,HOLDING,PUSDIKLAT,,OFFICER EVALUASI DAN PENGENDALIAN MUTU DAN KINERJA,OFFICER,EVALUASI DAN PENGENDALIAN MUTU DAN KINERJA,G2,S1 Teknik Industri/Teknik Material,1,S1,Rekrut 2024,Perencanaan dan Kinerja,2,0.898
3547,2024,HOLDING,P3B Sumatera,,OFFICER PENGENDALIAN DAN PEMELIHARAAN ASET,OFFICER,PENGENDALIAN DAN PEMELIHARAAN ASET,G2,S1 Teknik Industri/Teknik Material,1,S1,Rekrut 2024,Perencanaan dan Kinerja,2,0.894
3548,2024,HOLDING,P3B Sumatera,,OFFICER PENGENDALIAN KONSTRUKSI DAN ADMINISTRASI KONTRAK,OFFICER,PENGENDALIAN KONSTRUKSI DAN ADMINISTRASI KONTRAK,G2,S1 Logistik/Supply Chain Management,1,S1,Rekrut 2024,Manajemen Konstruksi dan Pengadaan,2,0.894
3549,2024,HOLDING,UID Lampung,,OFFICER KINERJA,OFFICER,KINERJA,G2,S1 Teknik Industri/Teknik Material,1,S1,Rekrut 2024,Perencanaan dan Kinerja,2,0.891
3550,2024,HOLDING,UIP Maluku dan Papua,,OFFICER AKUNTANSI,OFFICER,AKUNTANSI,G2,S1 Akuntansi/Administrasi Fiskal,1,S1,3T,Keuangan dan Akuntansi,2,0.891
3551,2024,HOLDING,UIP Maluku dan Papua,,OFFICER PENGENDALIAN KONTRAK DAN RISIKO PROYEK,OFFICER,PENGENDALIAN KONTRAK DAN RISIKO PROYEK,G2,S1 Logistik/Supply Chain Management,1,S1,3T,Manajemen Konstruksi dan Pengadaan,2,0.891
3552,2024,HOLDING,UIP Maluku dan Papua,,OFFICER PERENCANAAN SIPIL,OFFICER,PERENCANAAN SIPIL,G2,S1 Logistik/Supply Chain Management,1,S1,3T,Manajemen Konstruksi dan Pengadaan,2,0.891
3553,2024,HOLDING,UIP Maluku dan Papua,,OFFICER PERENCANAAN UMUM DAN KINERJA,OFFICER,PERENCANAAN UMUM DAN KINERJA,G2,S1 Komunikasi/Hubungan Masyarakat,1,S1,3T,Komunikasi dan Umum,2,0.891
3554,2024,HOLDING,UID Jawa Barat,,"OFFICER KESELAMATAN, KESEHATAN KERJA, LINGKUNGAN DAN KEAMANAN",OFFICER,"KESELAMATAN, KESEHATAN KERJA, LINGKUNGAN DAN KEAMANAN",G2,S1 Keselamatan Dan Kesehatan Kerja/Kesehatan Masyarakat K3,1,S1,Rekrut 2024,K3 dan Lingkungan,2,0.884
3555,2024,HOLDING,UID Jawa Barat,,OFFICER KINERJA FASILITAS OPERASI,OFFICER,KINERJA FASILITAS OPERASI,G2,S1 Komunikasi/Hubungan Masyarakat,1,S1,Rekrut 2024,Komunikasi dan Umum,2,0.884
3556,2024,HOLDING,UIW NusaTenggara Barat,,TECHNICIAN PEMELIHARAAN PUSAT LISTRIK,TECHNICIAN,PEMELIHARAAN PUSAT LISTRIK,G2,S1 Teknik Mesin/Konversi Energi,1,S1,3T,Pembangkitan,2,0.876
3557,2024,HOLDING,UID Banten,,TECHNICIAN PENGELOLAAN KONSTRUKSI DISTRIBUSI,TECHNICIAN,PENGELOLAAN KONSTRUKSI DISTRIBUSI,G2,S1 Teknik Elektro/Teknik Listrik,1,S1,Rekrut 2024,Distribusi,2,0.861
3558,2024,HOLDING,UIT JBT,,OFFICER ENJINIRING,OFFICER,ENJINIRING,G2,S1 Teknik Kimia/Teknik Lingkungan,1,S1,Rekrut 2024,Perencanaan Sistem,2,0.851
3559,2024,HOLDING,Kantor Pusat,,OFFICER AUDIT TRANSMISI DAN DISTRIBUSI 2A,OFFICER,AUDIT TRANSMISI DAN DISTRIBUSI 2A,G2,S1 Teknik Elektro/Teknik Listrik,1,S1,Rekrut 2024,Transmisi dan Gardu Induk,2,0.848
3560,2024,HOLDING,Kantor Pusat,,OFFICER PELAKSANA PENGADAAN TRANSMISI DAN GARDU INDUK,OFFICER,PELAKSANA PENGADAAN TRANSMISI DAN GARDU INDUK,G2,S1 Teknik Elektro/Teknik Listrik,1,S1,Rekrut 2024,Transmisi dan Gardu Induk,2,0.848
3561,2024,HOLDING,Kantor Pusat,,OFFICER PROGRAM PERUBAHAN,OFFICER,PROGRAM PERUBAHAN,G2,S1 Komunikasi/Hubungan Masyarakat,1,S1,Rekrut 2024,Komunikasi dan Umum,2,0.848
3562,2024,HOLDING,PUSHARLIS,,OFFICER KEUANGAN DAN AKUNTANSI,OFFICER,KEUANGAN DAN AKUNTANSI,G2,S1 Akuntansi/Administrasi Fiskal,1,S1,Rekrut 2024,Keuangan dan Akuntansi,2,0.847
3563,2024,HOLDING,UIP JBB,,OFFICER PENGENDALIAN KONTRAK DAN RISIKO PROYEK,OFFICER,PENGENDALIAN KONTRAK DAN RISIKO PROYEK,G2,S1 Logistik/Supply Chain Management,1,S1,Rekrut 2024,Manajemen Konstruksi dan Pengadaan,2,0.847
3564,2024,HOLDING,UID Jawa Timur,,OFFICER KEUANGAN DAN ANGGARAN,OFFICER,KEUANGAN DAN ANGGARAN,G2,S1 Akuntansi/Administrasi Fiskal,1,S1,Rekrut 2024,Keuangan dan Akuntansi,2,0.843
3565,2024,HOLDING,UID Jawa Timur,,TECHNICIAN OPERASI DISTRIBUSI,TECHNICIAN,OPERASI DISTRIBUSI,G2,S1 Teknik Elektro/Teknik Listrik,1,S1,Rekrut 2024,Distribusi,2,0.843
3566,2024,HOLDING,UID Suluttenggo,,OFFICER KINERJA,OFFICER,KINERJA,G2,S1 Teknik Industri/Teknik Material,1,S1,3T,Perencanaan dan Kinerja,2,0.829
3567,2024,HOLDING,UID Suluttenggo,,OFFICER PELAKSANA PENGADAAN,OFFICER,PELAKSANA PENGADAAN,G2,S1 Logistik/Supply Chain Management,1,S1,3T,Manajemen Konstruksi dan Pengadaan,2,0.829
3568,2024,HOLDING,UID Jakarta Raya,,OFFICER KINERJA FASILITAS OPERASI,OFFICER,KINERJA FASILITAS OPERASI,G2,S1 Komunikasi/Hubungan Masyarakat,1,S1,Rekrut 2024,Komunikasi dan Umum,2,0.807
3569,2024,HOLDING,UID Jakarta Raya,,OFFICER KINERJA OPERASI SISTEM DISTRIBUSI,OFFICER,KINERJA OPERASI SISTEM DISTRIBUSI,G2,S1 Teknik Kimia/Teknik Lingkungan,1,S1,Rekrut 2024,Perencanaan Sistem,2,0.807
3570,2024,HOLDING,UID Jakarta Raya,,OFFICER PELAKSANA PENGADAAN,OFFICER,PELAKSANA PENGADAAN,G2,S1 Logistik/Supply Chain Management,1,S1,Rekrut 2024,Manajemen Konstruksi dan Pengadaan,2,0.807
3571,2024,HOLDING,UIW NusaTenggaraTimur,,OFFICER ADMINISTRASI DAN UMUM,OFFICER,ADMINISTRASI DAN UMUM,G2,S1 Komunikasi/Hubungan Masyarakat,1,S1,3T,Komunikasi dan Umum,2,0.803
3572,2024,HOLDING,UIW NusaTenggaraTimur,,OFFICER KINERJA KEUANGAN DAN UMUM,OFFICER,KINERJA KEUANGAN DAN UMUM,G2,S1 Akuntansi/Administrasi Fiskal,1,S1,3T,Keuangan dan Akuntansi,2,0.803
3573,2024,HOLDING,UIW NusaTenggaraTimur,,OFFICER PELAKSANA PENGADAAN,OFFICER,PELAKSANA PENGADAAN,G2,S1 Logistik/Supply Chain Management,1,S1,3T,Manajemen Konstruksi dan Pengadaan,2,0.803
3574,2024,HOLDING,UIW NusaTenggaraTimur,,TECHNICIAN KONSTRUKSI LISTRIK PERDESAAN,TECHNICIAN,KONSTRUKSI LISTRIK PERDESAAN,G2,S1 Teknik Elektro/Teknik Listrik,1,S1,3T,Distribusi,2,0.803
3575,2024,HOLDING,UIW NusaTenggaraTimur,,TECHNICIAN PENGELOLAAN KONSTRUKSI DISTRIBUSI,TECHNICIAN,PENGELOLAAN KONSTRUKSI DISTRIBUSI,G2,S1 Teknik Elektro/Teknik Listrik,1,S1,3T,Distribusi,2,0.803
3576,2024,HOLDING,Pusat Pengatur Beban,,OFFICER KINERJA OPERASI SISTEM,OFFICER,KINERJA OPERASI SISTEM,G2,S1 Teknik Kimia/Teknik Lingkungan,1,S1,Rekrut 2024,Perencanaan Sistem,2,0.8
3577,2024,HOLDING,Pusat Pengatur Beban,,TECHNICIAN TELEKOMUNIKASI,TECHNICIAN,TELEKOMUNIKASI,G2,S1 Teknik Elektro/Teknik Listrik,1,S1,Rekrut 2024,Proteksi dan Kontrol,2,0.8
3578,2024,HOLDING,UID S2JB,,TECHNICIAN PDKB,TECHNICIAN,PDKB,G2,S1 Teknik Elektro/Teknik Listrik,1,S1,3T,Distribusi,2,0.799
3579,2024,HOLDING,UID Kalbar,,OFFICER LOGISTIK LAYANAN PELANGGAN,OFFICER,LOGISTIK LAYANAN PELANGGAN,G2,S1 Logistik/Supply Chain Management,1,S1,3T,Manajemen Konstruksi dan Pengadaan,2,0.798
3580,2024,HOLDING,UID Kalbar,,OFFICER PELAKSANA PENGADAAN,OFFICER,PELAKSANA PENGADAAN,G2,S1 Logistik/Supply Chain Management,1,S1,3T,Manajemen Konstruksi dan Pengadaan,2,0.798
3581,2024,HOLDING,UIW Papua&Papua Barat,,OFFICER ADMINISTRASI DAN UMUM,OFFICER,ADMINISTRASI DAN UMUM,G2,S1 Komunikasi/Hubungan Masyarakat,1,S1,3T,Komunikasi dan Umum,2,0.793
3582,2024,HOLDING,UIW Papua&Papua Barat,,OFFICER PELAKSANA PENGADAAN,OFFICER,PELAKSANA PENGADAAN,G2,S1 Logistik/Supply Chain Management,1,S1,3T,Manajemen Konstruksi dan Pengadaan,2,0.793
3583,2024,HOLDING,UID Kaltimra,,TECHNICIAN KONSTRUKSI LISTRIK PERDESAAN,TECHNICIAN,KONSTRUKSI LISTRIK PERDESAAN,G2,S1 Teknik Elektro/Teknik Listrik,1,S1,3T,Distribusi,2,0.783
3584,2024,HOLDING,UID Kaltimra,,TECHNICIAN OPERASI DISTRIBUSI,TECHNICIAN,OPERASI DISTRIBUSI,G2,S1 Teknik Elektro/Teknik Listrik,1,S1,3T,Distribusi,2,0.783
3585,2024,HOLDING,UID Kaltimra,,TECHNICIAN PENGATURAN OPERASI,TECHNICIAN,PENGATURAN OPERASI,G2,S1 Teknik Kimia/Teknik Lingkungan,1,S1,3T,Perencanaan Sistem,2,0.783
3586,2024,HOLDING,UID Banten,,OFFICER KINERJA KEUANGAN DAN UMUM,OFFICER,KINERJA KEUANGAN DAN UMUM,G2,S1 Akuntansi/Administrasi Fiskal,1,S1,Rekrut 2024,Keuangan dan Akuntansi,2,0.775
3587,2024,HOLDING,UID Banten,,OFFICER LOGISTIK LAYANAN PELANGGAN,OFFICER,LOGISTIK LAYANAN PELANGGAN,G2,S1 Logistik/Supply Chain Management,1,S1,Rekrut 2024,Manajemen Konstruksi dan Pengadaan,2,0.775
3588,2024,HOLDING,UID Aceh,,OFFICER KINERJA TRANSAKSI ENERGI LISTRIK,OFFICER,KINERJA TRANSAKSI ENERGI LISTRIK,G2,S1 Teknik Elektro/Teknik Listrik,1,S1,3T,Distribusi,2,0.772
3589,2024,HOLDING,UIP Nusa Tenggara,,OFFICER PERIZINAN DAN PERTANAHAN,OFFICER,PERIZINAN DAN PERTANAHAN,G2,S1 Logistik/Supply Chain Management,1,S1,3T,Manajemen Konstruksi dan Pengadaan,2,0.769
3590,2024,HOLDING,UID Sumut,,OFFICER PRIORITY ACCOUNT EXECUTIVE,OFFICER,PRIORITY ACCOUNT EXECUTIVE,G2,S1 Komunikasi/Hubungan Masyarakat,1,S1,Rekrut 2024,Komunikasi dan Umum,2,0.767
3591,2024,HOLDING,UID Riau & Kepri,,OFFICER ADMINISTRASI DAN UMUM,OFFICER,ADMINISTRASI DAN UMUM,G2,S1 Komunikasi/Hubungan Masyarakat,1,S1,Rekrut 2024,Komunikasi dan Umum,2,0.762
3592,2024,HOLDING,UID Riau & Kepri,,OFFICER KINERJA,OFFICER,KINERJA,G2,S1 Teknik Industri/Teknik Material,1,S1,Rekrut 2024,Perencanaan dan Kinerja,2,0.762
3593,2024,HOLDING,UID Riau & Kepri,,OFFICER PELAKSANA PENGADAAN,OFFICER,PELAKSANA PENGADAAN,G2,S1 Logistik/Supply Chain Management,1,S1,Rekrut 2024,Manajemen Konstruksi dan Pengadaan,2,0.762
3594,2024,HOLDING,UID Jawa Barat,,OFFICER PELAKSANA PENGADAAN,OFFICER,PELAKSANA PENGADAAN,G2,S1 Logistik/Supply Chain Management,1,S1,Rekrut 2024,Manajemen Konstruksi dan Pengadaan,2,0.758
3595,2024,HOLDING,UID Kalselteng,,OFFICER KEUANGAN DAN ANGGARAN,OFFICER,KEUANGAN DAN ANGGARAN,G2,S1 Akuntansi/Administrasi Fiskal,1,S1,3T,Keuangan dan Akuntansi,2,0.757
3596,2024,HOLDING,UID Kalselteng,,OFFICER KINERJA,OFFICER,KINERJA,G2,S1 Teknik Industri/Teknik Material,1,S1,3T,Perencanaan dan Kinerja,2,0.757
3597,2024,HOLDING,UID Kalselteng,,OFFICER PERENCANAAN DAN EVALUASI SISTEM DISTRIBUSI,OFFICER,PERENCANAAN DAN EVALUASI SISTEM DISTRIBUSI,G2,S1 Teknik Kimia/Teknik Lingkungan,1,S1,3T,Perencanaan Sistem,2,0.757
3598,2024,HOLDING,UID Kalselteng,,TECHNICIAN PEMELIHARAAN DISTRIBUSI,TECHNICIAN,PEMELIHARAAN DISTRIBUSI,G2,S1 Teknik Elektro/Teknik Listrik,1,S1,3T,Distribusi,2,0.757
3599,2024,HOLDING,UIP Sumatera Bag Selatan,,OFFICER PENGENDALIAN PROYEK,OFFICER,PENGENDALIAN PROYEK,G2,S1 Logistik/Supply Chain Management,1,S1,Rekrut 2024,Manajemen Konstruksi dan Pengadaan,2,0.757
3600,2024,HOLDING,Kantor Pusat,,OFFICER AUDIT TRANSMISI DAN DISTRIBUSI 1A,OFFICER,AUDIT TRANSMISI DAN DISTRIBUSI 1A,G2,S1 Teknik Elektro/Teknik Listrik,1,S1,Rekrut 2024,Transmisi dan Gardu Induk,2,0.753
3601,2024,HOLDING,Kantor Pusat,,OFFICER AUDIT TRANSMISI DAN DISTRIBUSI 1B,OFFICER,AUDIT TRANSMISI DAN DISTRIBUSI 1B,G2,S1 Teknik Elektro/Teknik Listrik,1,S1,Rekrut 2024,Transmisi dan Gardu Induk,2,0.753
3602,2024,HOLDING,Kantor Pusat,,OFFICER PELAKSANA PENGADAAN MATERIAL TERPUSAT,OFFICER,PELAKSANA PENGADAAN MATERIAL TERPUSAT,G2,S1 Logistik/Supply Chain Management,1,S1,Rekrut 2024,Manajemen Konstruksi dan Pengadaan,2,0.753
3603,2024,HOLDING,Kantor Pusat,,OFFICER PENEMUAN DAN KUALIFIKASI VENDOR,OFFICER,PENEMUAN DAN KUALIFIKASI VENDOR,G2,S1 Komunikasi/Hubungan Masyarakat,1,S1,Rekrut 2024,Komunikasi dan Umum,2,0.753
3604,2024,HOLDING,Kantor Pusat,,"OFFICER RISIKO TRANSMISI SUMATERA, JAWA, MADURA, DAN BALI",OFFICER,"RISIKO TRANSMISI SUMATERA, JAWA, MADURA, DAN BALI",G2,S1 Teknik Elektro/Teknik Listrik,1,S1,Rekrut 2024,Transmisi dan Gardu Induk,2,0.753
3605,2024,HOLDING,PUSDIKLAT,,"OFFICER PENGEMBANGAN, MUTU DAN KINERJA",OFFICER,"PENGEMBANGAN, MUTU DAN KINERJA",G2,S1 Teknik Industri/Teknik Material,1,S1,Rekrut 2024,Perencanaan dan Kinerja,2,0.749
3606,2024,HOLDING,UIP Sulawesi,,OFFICER PERIZINAN DAN PERTANAHAN,OFFICER,PERIZINAN DAN PERTANAHAN,G2,S1 Logistik/Supply Chain Management,1,S1,3T,Manajemen Konstruksi dan Pengadaan,2,0.744
3607,2024,HOLDING,PUSERTIF,,TECHNICIAN PENGELOLAAN INSPEKSI TRANSMISI DAN GARDU INDUK,TECHNICIAN,PENGELOLAAN INSPEKSI TRANSMISI DAN GARDU INDUK,G2,S1 Teknik Elektro/Teknik Listrik,1,S1,Rekrut 2024,Transmisi dan Gardu Induk,2,0.743
3608,2024,HOLDING,UID Lampung,,OFFICER KINERJA TRANSAKSI ENERGI LISTRIK,OFFICER,KINERJA TRANSAKSI ENERGI LISTRIK,G2,S1 Teknik Elektro/Teknik Listrik,1,S1,Rekrut 2024,Distribusi,2,0.743
3609,2024,HOLDING,UIP Kalimantan Bag Timur,,OFFICER ADMINISTRASI DAN UMUM,OFFICER,ADMINISTRASI DAN UMUM,G2,S1 Komunikasi/Hubungan Masyarakat,1,S1,3T,Komunikasi dan Umum,2,0.739
3610,2024,HOLDING,UIP Kalimantan Bag Timur,,OFFICER AKUNTANSI,OFFICER,AKUNTANSI,G2,S1 Akuntansi/Administrasi Fiskal,1,S1,3T,Keuangan dan Akuntansi,2,0.739
3611,2024,HOLDING,UIP Kalimantan Bag Timur,,"OFFICER KEUANGAN, PERIZINAN, PERTANAHAN DAN UMUM",OFFICER,"KEUANGAN, PERIZINAN, PERTANAHAN DAN UMUM",G2,S1 Logistik/Supply Chain Management,1,S1,3T,Manajemen Konstruksi dan Pengadaan,2,0.739
3612,2024,HOLDING,UIP Kalimantan Bag Timur,,OFFICER PENGENDALIAN KONSTRUKSI,OFFICER,PENGENDALIAN KONSTRUKSI,G2,S1 Logistik/Supply Chain Management,1,S1,3T,Manajemen Konstruksi dan Pengadaan,2,0.739
3613,2024,HOLDING,UIP Kalimantan Bag Timur,,OFFICER PENGENDALIAN KONTRAK DAN RISIKO PROYEK,OFFICER,PENGENDALIAN KONTRAK DAN RISIKO PROYEK,G2,S1 Logistik/Supply Chain Management,1,S1,3T,Manajemen Konstruksi dan Pengadaan,2,0.739
3614,2024,HOLDING,UIP Kalimantan Bag Timur,,TECHNICIAN PENGENDALIAN KONTRAK DAN PELAPORAN,TECHNICIAN,PENGENDALIAN KONTRAK DAN PELAPORAN,G2,S1 Logistik/Supply Chain Management,1,S1,3T,Manajemen Konstruksi dan Pengadaan,2,0.739
3615,2024,HOLDING,UIP Sumatera Bag Utara,,OFFICER ADMINISTRASI DAN UMUM,OFFICER,ADMINISTRASI DAN UMUM,G2,S1 Komunikasi/Hubungan Masyarakat,1,S1,Rekrut 2024,Komunikasi dan Umum,2,0.733
3616,2024,HOLDING,UIP3B Kalimantan,,"OFFICER KESELAMATAN, KESEHATAN KERJA, LINGKUNGAN, DAN KEAMANAN",OFFICER,"KESELAMATAN, KESEHATAN KERJA, LINGKUNGAN, DAN KEAMANAN",G2,S1 Keselamatan Dan Kesehatan Kerja/Kesehatan Masyarakat K3,1,S1,3T,K3 dan Lingkungan,2,0.733
3617,2024,HOLDING,UIP3B Kalimantan,,OFFICER PENGENDALIAN ADMINISTRASI KONTRAK,OFFICER,PENGENDALIAN ADMINISTRASI KONTRAK,G2,S1 Logistik/Supply Chain Management,1,S1,3T,Manajemen Konstruksi dan Pengadaan,2,0.733
3618,2024,HOLDING,UIP3B Kalimantan,,OFFICER PERENCANAAN DAN EVALUASI OPERASI SISTEM,OFFICER,PERENCANAAN DAN EVALUASI OPERASI SISTEM,G2,S1 Teknik Kimia/Teknik Lingkungan,1,S1,3T,Perencanaan Sistem,2,0.733
3619,2024,HOLDING,UIP3B Kalimantan,,OFFICER STRATEGI OPERASI SISTEM,OFFICER,STRATEGI OPERASI SISTEM,G2,S1 Teknik Kimia/Teknik Lingkungan,1,S1,3T,Perencanaan Sistem,2,0.733
3620,2024,HOLDING,UIP3B Kalimantan,,TECHNICIAN PENGENDALIAN OPERASI DAN PEMELIHARAAN,TECHNICIAN,PENGENDALIAN OPERASI DAN PEMELIHARAAN,G2,S1 Teknik Elektro/Teknik Listrik,1,S1,3T,Distribusi,2,0.733
3621,2024,HOLDING,UIP3B Kalimantan,,TECHNICIAN PROTEKSI SISTEM,TECHNICIAN,PROTEKSI SISTEM,G2,S1 Teknik Elektro/Teknik Listrik,1,S1,3T,Proteksi dan Kontrol,2,0.733
3622,2024,HOLDING,UIP JBB,,OFFICER ADMINISTRASI TEKNIK,OFFICER,ADMINISTRASI TEKNIK,G2,S1 Komunikasi/Hubungan Masyarakat,1,S1,Rekrut 2024,Komunikasi dan Umum,2,0.726
3623,2024,HOLDING,UIP JBB,,OFFICER PENGENDALIAN KONSTRUKSI,OFFICER,PENGENDALIAN KONSTRUKSI,G2,S1 Logistik/Supply Chain Management,1,S1,Rekrut 2024,Manajemen Konstruksi dan Pengadaan,2,0.726
3624,2024,HOLDING,UIP JBB,,TECHNICIAN PROJECT SITE,TECHNICIAN,PROJECT SITE,G2,S1 Teknik Elektro/Teknik Listrik,1,S1,Rekrut 2024,Distribusi,2,0.726
3625,2024,HOLDING,UIT JBB,,"OFFICER KESELAMATAN, KESEHATAN KERJA DAN KEAMANAN",OFFICER,"KESELAMATAN, KESEHATAN KERJA DAN KEAMANAN",G2,S1 Keselamatan Dan Kesehatan Kerja/Kesehatan Masyarakat K3,1,S1,Rekrut 2024,K3 dan Lingkungan,2,0.722
3626,2024,HOLDING,UIT JBB,,OFFICER KEUANGAN DAN AKUNTANSI,OFFICER,KEUANGAN DAN AKUNTANSI,G2,S1 Akuntansi/Administrasi Fiskal,1,S1,Rekrut 2024,Keuangan dan Akuntansi,2,0.722
3627,2024,HOLDING,UIT JBB,,OFFICER PENGENDALIAN KONSTRUKSI PERALATAN GARDU INDUK,OFFICER,PENGENDALIAN KONSTRUKSI PERALATAN GARDU INDUK,G2,S1 Teknik Elektro/Teknik Listrik,1,S1,Rekrut 2024,Transmisi dan Gardu Induk,2,0.722
3628,2024,HOLDING,UIT JBTB,,TECHNICIAN PDKB GI/GITET,TECHNICIAN,PDKB GI/GITET,G2,S1 Teknik Elektro/Teknik Listrik,1,S1,Rekrut 2024,Transmisi dan Gardu Induk,2,0.721
3629,2024,HOLDING,Pusat Pengatur Beban,,OFFICER KEUANGAN DAN AKUNTANSI,OFFICER,KEUANGAN DAN AKUNTANSI,G2,S1 Akuntansi/Administrasi Fiskal,1,S1,Rekrut 2024,Keuangan dan Akuntansi,2,0.72
3630,2024,HOLDING,Pusat Pengatur Beban,,OFFICER KOMUNIKASI,OFFICER,KOMUNIKASI,G2,S1 Komunikasi/Hubungan Masyarakat,1,S1,Rekrut 2024,Komunikasi dan Umum,2,0.72
3631,2024,HOLDING,PUSHARLIS,,TECHNICIAN PERENCANAAN DAN PENGENDALIAN PRODUKSI,TECHNICIAN,PERENCANAAN DAN PENGENDALIAN PRODUKSI,G2,S1 Teknik Industri/Teknik Material,1,S1,Rekrut 2024,Perencanaan dan Kinerja,2,0.716
3632,2024,HOLDING,UID Suluttenggo,,OFFICER ACCOUNT EXECUTIVE,OFFICER,ACCOUNT EXECUTIVE,G2,S1 Komunikasi/Hubungan Masyarakat,1,S1,3T,Komunikasi dan Umum,2,0.71
3633,2024,HOLDING,PUSLITBANG,,"OFFICER ASET PROPERTI, KOMUNIKASI DAN UMUM",OFFICER,"ASET PROPERTI, KOMUNIKASI DAN UMUM",G2,S1 Komunikasi/Hubungan Masyarakat,1,S1,Rekrut 2024,Komunikasi dan Umum,2,0.709
3634,2024,HOLDING,UID Jawa Tengah & DIY,,OFFICER ADMINISTRASI DAN UMUM,OFFICER,ADMINISTRASI DAN UMUM,G2,S1 Komunikasi/Hubungan Masyarakat,1,S1,Rekrut 2024,Komunikasi dan Umum,2,0.703
3635,2024,HOLDING,UID Aceh,,OFFICER KINERJA,OFFICER,KINERJA,G2,S1 Teknik Industri/Teknik Material,1,S1,3T,Perencanaan dan Kinerja,2,0.702
3636,2024,HOLDING,UID Sumbar,,OFFICER KINERJA,OFFICER,KINERJA,G2,S1 Teknik Industri/Teknik Material,1,S1,Rekrut 2024,Perencanaan dan Kinerja,2,0.702
3637,2024,HOLDING,UIT JBT,,OFFICER ADMINISTRASI DAN UMUM,OFFICER,ADMINISTRASI DAN UMUM,G2,S1 Komunikasi/Hubungan Masyarakat,1,S1,Rekrut 2024,Komunikasi dan Umum,2,0.697
3638,2024,HOLDING,UID Jakarta Raya,,OFFICER ADMINISTRASI DAN PELAYANAN PELANGGAN,OFFICER,ADMINISTRASI DAN PELAYANAN PELANGGAN,G2,S1 Manajemen Pemasaran/Digital Marketing Dan Analytics,1,S1,Rekrut 2024,Niaga dan Pemasaran,2,0.692
3639,2024,HOLDING,UID Jakarta Raya,,OFFICER ADMINISTRASI DAN UMUM,OFFICER,ADMINISTRASI DAN UMUM,G2,S1 Komunikasi/Hubungan Masyarakat,1,S1,Rekrut 2024,Komunikasi dan Umum,2,0.692
3640,2024,HOLDING,UID Jakarta Raya,,OFFICER PENGELOLAAN PIUTANG,OFFICER,PENGELOLAAN PIUTANG,G2,S1 Teknik Industri/Teknik Material,1,S1,Rekrut 2024,Perencanaan dan Kinerja,2,0.692
3641,2024,HOLDING,UID Jakarta Raya,,TECHNICIAN PEMELIHARAAN APP,TECHNICIAN,PEMELIHARAAN APP,G2,S1 Teknik Elektro/Teknik Listrik,1,S1,Rekrut 2024,Distribusi,2,0.692
3642,2024,HOLDING,UIP Sumatera Bag Tengah,,OFFICER PENGENDALIAN KONSTRUKSI,OFFICER,PENGENDALIAN KONSTRUKSI,G2,S1 Logistik/Supply Chain Management,1,S1,Rekrut 2024,Manajemen Konstruksi dan Pengadaan,2,0.682
3643,2024,HOLDING,UIP Sulawesi,,OFFICER PENGENDALIAN PROYEK,OFFICER,PENGENDALIAN PROYEK,G2,S1 Logistik/Supply Chain Management,1,S1,3T,Manajemen Konstruksi dan Pengadaan,2,0.676
3644,2024,HOLDING,PUSERTIF,,TECHNICIAN PENGELOLAAN INSPEKSI DISTRIBUSI,TECHNICIAN,PENGELOLAAN INSPEKSI DISTRIBUSI,G2,S1 Teknik Elektro/Teknik Listrik,1,S1,Rekrut 2024,Distribusi,2,0.669
3645,2024,HOLDING,PUSERTIF,,TECHNICIAN PENGELOLAAN PENGUJIAN PRODUK TEGANGAN RENDAH,TECHNICIAN,PENGELOLAAN PENGUJIAN PRODUK TEGANGAN RENDAH,G2,S1 Teknik Industri/Teknik Material,1,S1,Rekrut 2024,Perencanaan dan Kinerja,2,0.669
3646,2024,HOLDING,UID Kalbar,,OFFICER ACCOUNT EXECUTIVE,OFFICER,ACCOUNT EXECUTIVE,G2,S1 Komunikasi/Hubungan Masyarakat,1,S1,3T,Komunikasi dan Umum,2,0.665
3647,2024,HOLDING,UID Kalbar,,OFFICER KINERJA KEUANGAN DAN UMUM,OFFICER,KINERJA KEUANGAN DAN UMUM,G2,S1 Akuntansi/Administrasi Fiskal,1,S1,3T,Keuangan dan Akuntansi,2,0.665
3648,2024,HOLDING,UID Kalbar,,OFFICER PERENCANAAN DAN EVALUASI SISTEM DISTRIBUSI,OFFICER,PERENCANAAN DAN EVALUASI SISTEM DISTRIBUSI,G2,S1 Teknik Kimia/Teknik Lingkungan,1,S1,3T,Perencanaan Sistem,2,0.665
3649,2024,HOLDING,UID Kalbar,,TECHNICIAN KONSTRUKSI LISTRIK PERDESAAN,TECHNICIAN,KONSTRUKSI LISTRIK PERDESAAN,G2,S1 Teknik Elektro/Teknik Listrik,1,S1,3T,Distribusi,2,0.665
3650,2024,HOLDING,UID Kalbar,,TECHNICIAN PEMELIHARAAN DISTRIBUSI,TECHNICIAN,PEMELIHARAAN DISTRIBUSI,G2,S1 Teknik Elektro/Teknik Listrik,1,S1,3T,Distribusi,2,0.665
3651,2024,HOLDING,UID Kalbar,,TECHNICIAN PEMELIHARAAN ELEKTROMEKANIK,TECHNICIAN,PEMELIHARAAN ELEKTROMEKANIK,G2,S1 Teknik Mesin/Konversi Energi,1,S1,3T,Pembangkitan,2,0.665
3652,2024,HOLDING,Kantor Pusat,,OFFICER AUDIT TRANSMISI DAN DISTRIBUSI 3D,OFFICER,AUDIT TRANSMISI DAN DISTRIBUSI 3D,G2,S1 Teknik Elektro/Teknik Listrik,1,S1,Rekrut 2024,Transmisi dan Gardu Induk,2,0.659
3653,2024,HOLDING,Kantor Pusat,,OFFICER MANAJEMEN DAN ENJINIRING DATA PERUSAHAAN,OFFICER,MANAJEMEN DAN ENJINIRING DATA PERUSAHAAN,G2,S1 Teknik Kimia/Teknik Lingkungan,1,S1,Rekrut 2024,Perencanaan Sistem,2,0.659
3654,2024,HOLDING,Kantor Pusat,,OFFICER PELAPORAN AUDIT,OFFICER,PELAPORAN AUDIT,G2,S1 Akuntansi/Administrasi Fiskal,1,S1,Rekrut 2024,Audit dan Risiko,2,0.659
3655,2024,HOLDING,Kantor Pusat,,OFFICER PERENCANA PENGADAAN PLTP IPP,OFFICER,PERENCANA PENGADAAN PLTP IPP,G2,S1 Teknik Mesin/Konversi Energi,1,S1,Rekrut 2024,Pembangkitan,2,0.659
3656,2024,HOLDING,Kantor Pusat,,TECHNICIAN KONSTRUKSI PEMBANGKIT,TECHNICIAN,KONSTRUKSI PEMBANGKIT,G2,S1 Teknik Mesin/Konversi Energi,1,S1,Rekrut 2024,Pembangkitan,2,0.659
3657,2024,HOLDING,UIP JBT,,OFFICER PELAKSANA PENGADAAN,OFFICER,PELAKSANA PENGADAAN,G2,S1 Logistik/Supply Chain Management,1,S1,Rekrut 2024,Manajemen Konstruksi dan Pengadaan,2,0.647
3658,2024,HOLDING,UIP JBT,,OFFICER PERENCANAAN UMUM DAN KINERJA,OFFICER,PERENCANAAN UMUM DAN KINERJA,G2,S1 Komunikasi/Hubungan Masyarakat,1,S1,Rekrut 2024,Komunikasi dan Umum,2,0.647
3659,2024,HOLDING,PUSMANPRO,,"OFFICER ASET PROPERTI, KOMUNIKASI DAN UMUM",OFFICER,"ASET PROPERTI, KOMUNIKASI DAN UMUM",G2,S1 Komunikasi/Hubungan Masyarakat,1,S1,Rekrut 2024,Komunikasi dan Umum,2,0.642
3660,2024,HOLDING,PUSMANPRO,,OFFICER KEUANGAN DAN AKUNTANSI,OFFICER,KEUANGAN DAN AKUNTANSI,G2,S1 Akuntansi/Administrasi Fiskal,1,S1,Rekrut 2024,Keuangan dan Akuntansi,2,0.642
3661,2024,HOLDING,UID Sulselrabar,,OFFICER KINERJA NIAGA DAN PEMASARAN,OFFICER,KINERJA NIAGA DAN PEMASARAN,G2,S1 Manajemen Pemasaran/Digital Marketing Dan Analytics,1,S1,3T,Niaga dan Pemasaran,2,0.642
3662,2024,HOLDING,UIW NusaTenggaraTimur,,OFFICER NIAGA DAN PELAYANAN PELANGGAN,OFFICER,NIAGA DAN PELAYANAN PELANGGAN,G2,S1 Manajemen Pemasaran/Digital Marketing Dan Analytics,1,S1,3T,Niaga dan Pemasaran,2,0.642
3663,2024,HOLDING,UIW NusaTenggaraTimur,,OFFICER PERENCANAAN DAN EVALUASI SISTEM DISTRIBUSI,OFFICER,PERENCANAAN DAN EVALUASI SISTEM DISTRIBUSI,G2,S1 Teknik Kimia/Teknik Lingkungan,1,S1,3T,Perencanaan Sistem,2,0.642
3664,2024,HOLDING,UIW NusaTenggaraTimur,,TECHNICIAN ENJINIRING DAN KINERJA,TECHNICIAN,ENJINIRING DAN KINERJA,G2,S1 Teknik Kimia/Teknik Lingkungan,1,S1,3T,Perencanaan Sistem,2,0.642
3665,2024,HOLDING,UIW NusaTenggaraTimur,,TECHNICIAN OPERASI DISTRIBUSI,TECHNICIAN,OPERASI DISTRIBUSI,G2,S1 Teknik Elektro/Teknik Listrik,1,S1,3T,Distribusi,2,0.642
3666,2024,HOLDING,UIP Nusa Tenggara,,OFFICER PENGENDALIAN PROYEK,OFFICER,PENGENDALIAN PROYEK,G2,S1 Logistik/Supply Chain Management,1,S1,3T,Manajemen Konstruksi dan Pengadaan,2,0.641
3667,2024,HOLDING,Pusat Pengatur Beban,,TECHNICIAN OPERASI SISTEM D,TECHNICIAN,OPERASI SISTEM D,G2,S1 Teknik Kimia/Teknik Lingkungan,1,S1,Rekrut 2024,Perencanaan Sistem,2,0.64
3668,2024,HOLDING,UID S2JB,,OFFICER PELAKSANA PENGADAAN,OFFICER,PELAKSANA PENGADAAN,G2,S1 Logistik/Supply Chain Management,1,S1,3T,Manajemen Konstruksi dan Pengadaan,2,0.639
3669,2024,HOLDING,UID Sumut,,OFFICER LOGISTIK,OFFICER,LOGISTIK,G2,S1 Logistik/Supply Chain Management,1,S1,Rekrut 2024,Manajemen Konstruksi dan Pengadaan,2,0.639
3670,2024,HOLDING,P3B Sumatera,,OFFICER KEUANGAN DAN ANGGARAN,OFFICER,KEUANGAN DAN ANGGARAN,G2,S1 Akuntansi/Administrasi Fiskal,1,S1,Rekrut 2024,Keuangan dan Akuntansi,2,0.639
3671,2024,HOLDING,P3B Sumatera,,OFFICER PERENCANAAN DAN EVALUASI PEMELIHARAAN GARDU INDUK,OFFICER,PERENCANAAN DAN EVALUASI PEMELIHARAAN GARDU INDUK,G2,S1 Teknik Elektro/Teknik Listrik,1,S1,Rekrut 2024,Transmisi dan Gardu Induk,2,0.639
3672,2024,HOLDING,P3B Sumatera,,TECHNICIAN PROTEKSI SISTEM,TECHNICIAN,PROTEKSI SISTEM,G2,S1 Teknik Elektro/Teknik Listrik,1,S1,Rekrut 2024,Proteksi dan Kontrol,2,0.639
3673,2024,HOLDING,UIW Papua&Papua Barat,,OFFICER MAPPING DATA JARINGAN DAN PELANGGAN,OFFICER,MAPPING DATA JARINGAN DAN PELANGGAN,G2,S1 Teknik Elektro/Teknik Listrik,1,S1,3T,Distribusi,2,0.634
3674,2024,HOLDING,UIW Papua&Papua Barat,,OFFICER PERENCANAAN LISTRIK PERDESAAN,OFFICER,PERENCANAAN LISTRIK PERDESAAN,G2,S1 Teknik Elektro/Teknik Listrik,1,S1,3T,Distribusi,2,0.634
3675,2024,HOLDING,UIW Papua&Papua Barat,,OFFICER PERENCANAAN SISTEM KELISTRIKAN,OFFICER,PERENCANAAN SISTEM KELISTRIKAN,G2,S1 Teknik Kimia/Teknik Lingkungan,1,S1,3T,Perencanaan Sistem,2,0.634
3676,2024,HOLDING,UIW Papua&Papua Barat,,TECHNICIAN PENGELOLAAN KONSTRUKSI,TECHNICIAN,PENGELOLAAN KONSTRUKSI,G2,S1 Logistik/Supply Chain Management,1,S1,3T,Manajemen Konstruksi dan Pengadaan,2,0.634
3677,2024,HOLDING,UID Jawa Barat,,TECHNICIAN PEMELIHARAAN DISTRIBUSI,TECHNICIAN,PEMELIHARAAN DISTRIBUSI,G2,S1 Teknik Elektro/Teknik Listrik,1,S1,Rekrut 2024,Distribusi,2,0.632
3678,2024,HOLDING,UID Jawa Barat,,TECHNICIAN PROTEKSI DAN METER,TECHNICIAN,PROTEKSI DAN METER,G2,S1 Teknik Elektro/Teknik Listrik,1,S1,Rekrut 2024,Proteksi dan Kontrol,2,0.632
3679,2024,HOLDING,UIP Sumatera Bag Utara,,TECHNICIAN PENGENDALIAN KONSTRUKSI,TECHNICIAN,PENGENDALIAN KONSTRUKSI,G2,S1 Logistik/Supply Chain Management,1,S1,Rekrut 2024,Manajemen Konstruksi dan Pengadaan,2,0.628
3680,2024,HOLDING,UID Kaltimra,,OFFICER ACCOUNT EXECUTIVE,OFFICER,ACCOUNT EXECUTIVE,G2,S1 Komunikasi/Hubungan Masyarakat,1,S1,3T,Komunikasi dan Umum,2,0.626
3681,2024,HOLDING,UID Kaltimra,,OFFICER ADMINISTRASI DAN UMUM,OFFICER,ADMINISTRASI DAN UMUM,G2,S1 Komunikasi/Hubungan Masyarakat,1,S1,3T,Komunikasi dan Umum,2,0.626
3682,2024,HOLDING,UID Kaltimra,,OFFICER KEUANGAN DAN ANGGARAN,OFFICER,KEUANGAN DAN ANGGARAN,G2,S1 Akuntansi/Administrasi Fiskal,1,S1,3T,Keuangan dan Akuntansi,2,0.626
3683,2024,HOLDING,UID Kaltimra,,OFFICER KINERJA JARINGAN DAN KONSTRUKSI DISTRIBUSI,OFFICER,KINERJA JARINGAN DAN KONSTRUKSI DISTRIBUSI,G2,S1 Teknik Elektro/Teknik Listrik,1,S1,3T,Distribusi,2,0.626
3684,2024,HOLDING,UID Kaltimra,,OFFICER KINERJA TRANSAKSI ENERGI LISTRIK,OFFICER,KINERJA TRANSAKSI ENERGI LISTRIK,G2,S1 Teknik Elektro/Teknik Listrik,1,S1,3T,Distribusi,2,0.626
3685,2024,HOLDING,UID Kaltimra,,OFFICER PERENCANAAN DAN EVALUASI SISTEM DISTRIBUSI,OFFICER,PERENCANAAN DAN EVALUASI SISTEM DISTRIBUSI,G2,S1 Teknik Kimia/Teknik Lingkungan,1,S1,3T,Perencanaan Sistem,2,0.626
3686,2024,HOLDING,UID Kaltimra,,OFFICER PRIORITY ACCOUNT EXECUTIVE,OFFICER,PRIORITY ACCOUNT EXECUTIVE,G2,S1 Komunikasi/Hubungan Masyarakat,1,S1,3T,Komunikasi dan Umum,2,0.626
3687,2024,HOLDING,UID Kaltimra,,TECHNICIAN PEMELIHARAAN METER TRANSAKSI,TECHNICIAN,PEMELIHARAAN METER TRANSAKSI,G2,S1 Teknik Elektro/Teknik Listrik,1,S1,3T,Distribusi,2,0.626
3688,2024,HOLDING,UID Kaltimra,,TECHNICIAN PENGELOLAAN KONSTRUKSI DISTRIBUSI,TECHNICIAN,PENGELOLAAN KONSTRUKSI DISTRIBUSI,G2,S1 Teknik Elektro/Teknik Listrik,1,S1,3T,Distribusi,2,0.626
3689,2024,HOLDING,UID Kaltimra,,TECHNICIAN PENGENDALIAN SUSUT,TECHNICIAN,PENGENDALIAN SUSUT,G2,S1 Teknik Elektro/Teknik Listrik,1,S1,3T,Distribusi,2,0.626
3690,2024,HOLDING,UIW Bangka Belitung,,OFFICER KINERJA KEUANGAN DAN UMUM,OFFICER,KINERJA KEUANGAN DAN UMUM,G2,S1 Akuntansi/Administrasi Fiskal,1,S1,Rekrut 2024,Keuangan dan Akuntansi,2,0.626
3691,2024,HOLDING,UID Jawa Tengah & DIY,,TECHNICIAN TEKNIK LAYANAN PELANGGAN,TECHNICIAN,TEKNIK LAYANAN PELANGGAN,G2,S1 Teknik Elektro/Teknik Listrik,1,S1,Rekrut 2024,Distribusi,2,0.625
3692,2024,HOLDING,UIT JBT,,TECHNICIAN JARINGAN TRANSMISI DAN GARDU INDUK,TECHNICIAN,JARINGAN TRANSMISI DAN GARDU INDUK,G2,S1 Teknik Elektro/Teknik Listrik,1,S1,Rekrut 2024,Transmisi dan Gardu Induk,2,0.619
3693,2024,HOLDING,UIT JBT,,TECHNICIAN JARINGAN TRANSMISI DAN GARDU INDUK TEGANGAN EKSTRA TINGGI,TECHNICIAN,JARINGAN TRANSMISI DAN GARDU INDUK TEGANGAN EKSTRA TINGGI,G2,S1 Teknik Elektro/Teknik Listrik,1,S1,Rekrut 2024,Transmisi dan Gardu Induk,2,0.619
3694,2024,HOLDING,UIT JBT,,TECHNICIAN PDKB GI/GITET,TECHNICIAN,PDKB GI/GITET,G2,S1 Teknik Elektro/Teknik Listrik,1,S1,Rekrut 2024,Transmisi dan Gardu Induk,2,0.619
3695,2024,HOLDING,UIT JBT,,TECHNICIAN PDKB SUTT/SUTET,TECHNICIAN,PDKB SUTT/SUTET,G2,S1 Teknik Elektro/Teknik Listrik,1,S1,Rekrut 2024,Transmisi dan Gardu Induk,2,0.619
3696,2024,HOLDING,UIP JBB,,"OFFICER ASET, PERTANAHAN DAN ROW",OFFICER,"ASET, PERTANAHAN DAN ROW",G2,S1 Logistik/Supply Chain Management,1,S1,Rekrut 2024,Manajemen Konstruksi dan Pengadaan,2,0.605
3697,2024,HOLDING,UIP JBB,,OFFICER PELAKSANA PENGADAAN,OFFICER,PELAKSANA PENGADAAN,G2,S1 Logistik/Supply Chain Management,1,S1,Rekrut 2024,Manajemen Konstruksi dan Pengadaan,2,0.605
3698,2024,HOLDING,UIP JBB,,OFFICER PERIZINAN DAN PERTANAHAN,OFFICER,PERIZINAN DAN PERTANAHAN,G2,S1 Logistik/Supply Chain Management,1,S1,Rekrut 2024,Manajemen Konstruksi dan Pengadaan,2,0.605
3699,2024,HOLDING,UID Banten,,OFFICER KINERJA KONSTRUKSI DISTRIBUSI,OFFICER,KINERJA KONSTRUKSI DISTRIBUSI,G2,S1 Teknik Elektro/Teknik Listrik,1,S1,Rekrut 2024,Distribusi,2,0.603
3700,2024,HOLDING,UID Banten,,OFFICER PELAKSANA PENGADAAN,OFFICER,PELAKSANA PENGADAAN,G2,S1 Logistik/Supply Chain Management,1,S1,Rekrut 2024,Manajemen Konstruksi dan Pengadaan,2,0.603
3701,2024,HOLDING,UID Banten,,TECHNICIAN TEKNIK LAYANAN PELANGGAN,TECHNICIAN,TEKNIK LAYANAN PELANGGAN,G2,S1 Teknik Elektro/Teknik Listrik,1,S1,Rekrut 2024,Distribusi,2,0.603
3702,2024,HOLDING,UIT JBTB,,OFFICER ADMINISTRASI DAN UMUM,OFFICER,ADMINISTRASI DAN UMUM,G2,S1 Komunikasi/Hubungan Masyarakat,1,S1,Rekrut 2024,Komunikasi dan Umum,2,0.601
3703,2024,HOLDING,UIT JBTB,,TECHNICIAN JARINGAN TRANSMISI DAN GARDU INDUK TEGANGAN EKSTRA TINGGI,TECHNICIAN,JARINGAN TRANSMISI DAN GARDU INDUK TEGANGAN EKSTRA TINGGI,G2,S1 Teknik Elektro/Teknik Listrik,1,S1,Rekrut 2024,Transmisi dan Gardu Induk,2,0.601
3704,2024,HOLDING,PUSDIKLAT,,OFFICER PENYELENGGARAAN PEMBELAJARAN NON TEKNIK,OFFICER,PENYELENGGARAAN PEMBELAJARAN NON TEKNIK,G2,S1 Psikologi/Kepegawaian,1,S1,Rekrut 2024,Sumber Daya Manusia,2,0.599
3705,2024,HOLDING,UID Suluttenggo,,OFFICER OPERASI DAN PEMELIHARAAN SISTEM DISTRIBUSI,OFFICER,OPERASI DAN PEMELIHARAAN SISTEM DISTRIBUSI,G2,S1 Teknik Elektro/Teknik Listrik,1,S1,3T,Distribusi,2,0.592
3706,2024,HOLDING,UID Suluttenggo,,OFFICER PERENCANAAN SISTEM KELISTRIKAN,OFFICER,PERENCANAAN SISTEM KELISTRIKAN,G2,S1 Teknik Kimia/Teknik Lingkungan,1,S1,3T,Perencanaan Sistem,2,0.592
3707,2024,HOLDING,UID Suluttenggo,,OFFICER STRATEGI PEMASARAN,OFFICER,STRATEGI PEMASARAN,G2,S1 Manajemen Pemasaran/Digital Marketing Dan Analytics,1,S1,3T,Niaga dan Pemasaran,2,0.592
3708,2024,HOLDING,UID Suluttenggo,,TECHNICIAN PENGATURAN OPERASI (PALU),TECHNICIAN,PENGATURAN OPERASI (PALU),G2,S1 Teknik Kimia/Teknik Lingkungan,1,S1,3T,Perencanaan Sistem,2,0.592
3709,2024,HOLDING,UID Suluttenggo,,TECHNICIAN PENGENDALIAN SUSUT,TECHNICIAN,PENGENDALIAN SUSUT,G2,S1 Teknik Elektro/Teknik Listrik,1,S1,3T,Distribusi,2,0.592
3710,2024,HOLDING,UIP Sumatera Bag Tengah,,"OFFICER KEUANGAN, PERIZINAN, PERTANAHAN DAN UMUM",OFFICER,"KEUANGAN, PERIZINAN, PERTANAHAN DAN UMUM",G2,S1 Logistik/Supply Chain Management,1,S1,Rekrut 2024,Manajemen Konstruksi dan Pengadaan,2,0.585
3711,2024,HOLDING,UIW NusaTenggara Barat,,TECHNICIAN PDKB,TECHNICIAN,PDKB,G2,S1 Teknik Elektro/Teknik Listrik,1,S1,3T,Distribusi,2,0.584
3712,2024,HOLDING,UIW NusaTenggara Barat,,TECHNICIAN PEMELIHARAAN GARDU INDUK,TECHNICIAN,PEMELIHARAAN GARDU INDUK,G2,S1 Teknik Elektro/Teknik Listrik,1,S1,3T,Transmisi dan Gardu Induk,2,0.584
3713,2024,HOLDING,UID Sulselrabar,,OFFICER PELAKSANA PENGADAAN,OFFICER,PELAKSANA PENGADAAN,G2,S1 Logistik/Supply Chain Management,1,S1,3T,Manajemen Konstruksi dan Pengadaan,2,0.578
3714,2024,HOLDING,UID Jakarta Raya,,OFFICER KINERJA PEMASARAN,OFFICER,KINERJA PEMASARAN,G2,S1 Manajemen Pemasaran/Digital Marketing Dan Analytics,1,S1,Rekrut 2024,Niaga dan Pemasaran,2,0.576
3715,2024,HOLDING,UID Jakarta Raya,,OFFICER KINERJA PEMELIHARAAN,OFFICER,KINERJA PEMELIHARAAN,G2,S1 Teknik Industri/Teknik Material,1,S1,Rekrut 2024,Perencanaan dan Kinerja,2,0.576
3716,2024,HOLDING,UID Jakarta Raya,,OFFICER PERENCANAAN DAN EVALUASI SISTEM DISTRIBUSI,OFFICER,PERENCANAAN DAN EVALUASI SISTEM DISTRIBUSI,G2,S1 Teknik Kimia/Teknik Lingkungan,1,S1,Rekrut 2024,Perencanaan Sistem,2,0.576
3717,2024,HOLDING,UID Sumut,,OFFICER ADMINISTRASI DAN UMUM,OFFICER,ADMINISTRASI DAN UMUM,G2,S1 Komunikasi/Hubungan Masyarakat,1,S1,Rekrut 2024,Komunikasi dan Umum,2,0.576
3718,2024,HOLDING,UID Sumut,,OFFICER KINERJA NIAGA DAN PEMASARAN,OFFICER,KINERJA NIAGA DAN PEMASARAN,G2,S1 Manajemen Pemasaran/Digital Marketing Dan Analytics,1,S1,Rekrut 2024,Niaga dan Pemasaran,2,0.576
3719,2024,HOLDING,UID Riau & Kepri,,OFFICER KINERJA KEUANGAN DAN UMUM,OFFICER,KINERJA KEUANGAN DAN UMUM,G2,S1 Akuntansi/Administrasi Fiskal,1,S1,Rekrut 2024,Keuangan dan Akuntansi,2,0.571
3720,2024,HOLDING,UID Bali,,OFFICER KEUANGAN DAN ANGGARAN,OFFICER,KEUANGAN DAN ANGGARAN,G2,S1 Akuntansi/Administrasi Fiskal,1,S1,Rekrut 2024,Keuangan dan Akuntansi,2,0.569
3721,2024,HOLDING,UID Bali,,TECHNICIAN PENGATURAN OPERASI,TECHNICIAN,PENGATURAN OPERASI,G2,S1 Teknik Kimia/Teknik Lingkungan,1,S1,Rekrut 2024,Perencanaan Sistem,2,0.569
3722,2024,HOLDING,UID Kalselteng,,OFFICER ACCOUNT EXECUTIVE,OFFICER,ACCOUNT EXECUTIVE,G2,S1 Komunikasi/Hubungan Masyarakat,1,S1,3T,Komunikasi dan Umum,2,0.567
3723,2024,HOLDING,UID Kalselteng,,OFFICER KINERJA TRANSAKSI ENERGI LISTRIK,OFFICER,KINERJA TRANSAKSI ENERGI LISTRIK,G2,S1 Teknik Elektro/Teknik Listrik,1,S1,3T,Distribusi,2,0.567
3724,2024,HOLDING,UID Kalselteng,,OFFICER MAPPING DATA JARINGAN DAN PELANGGAN,OFFICER,MAPPING DATA JARINGAN DAN PELANGGAN,G2,S1 Teknik Elektro/Teknik Listrik,1,S1,3T,Distribusi,2,0.567
3725,2024,HOLDING,UID Kalselteng,,OFFICER PELAKSANA PENGADAAN,OFFICER,PELAKSANA PENGADAAN,G2,S1 Logistik/Supply Chain Management,1,S1,3T,Manajemen Konstruksi dan Pengadaan,2,0.567
3726,2024,HOLDING,UID Kalselteng,,OFFICER PERENCANAAN DAN KINERJA,OFFICER,PERENCANAAN DAN KINERJA,G2,S1 Teknik Industri/Teknik Material,1,S1,3T,Perencanaan dan Kinerja,2,0.567
3727,2024,HOLDING,UID Kalselteng,,OFFICER PERENCANAAN SISTEM KELISTRIKAN,OFFICER,PERENCANAAN SISTEM KELISTRIKAN,G2,S1 Teknik Kimia/Teknik Lingkungan,1,S1,3T,Perencanaan Sistem,2,0.567
3728,2024,HOLDING,UID Kalselteng,,TECHNICIAN KONSTRUKSI LISTRIK PERDESAAN,TECHNICIAN,KONSTRUKSI LISTRIK PERDESAAN,G2,S1 Teknik Elektro/Teknik Listrik,1,S1,3T,Distribusi,2,0.567
3729,2024,HOLDING,UID Kalselteng,,TECHNICIAN PENGENDALIAN LISTRIK PERDESAAN,TECHNICIAN,PENGENDALIAN LISTRIK PERDESAAN,G2,S1 Teknik Elektro/Teknik Listrik,1,S1,3T,Distribusi,2,0.567
3730,2024,HOLDING,Kantor Pusat,,OFFICER AUDIT INVESTIGASI 1B,OFFICER,AUDIT INVESTIGASI 1B,G2,S1 Akuntansi/Administrasi Fiskal,1,S1,Rekrut 2024,Audit dan Risiko,2,0.565
3731,2024,HOLDING,Kantor Pusat,,OFFICER AUDIT INVESTIGASI 2A,OFFICER,AUDIT INVESTIGASI 2A,G2,S1 Akuntansi/Administrasi Fiskal,1,S1,Rekrut 2024,Audit dan Risiko,2,0.565
3732,2024,HOLDING,Kantor Pusat,,"OFFICER AUDIT KONSTRUKSI, PEMBANGKITAN, DAN EBT 2A",OFFICER,"AUDIT KONSTRUKSI, PEMBANGKITAN, DAN EBT 2A",G2,S1 Teknik Mesin/Konversi Energi,1,S1,Rekrut 2024,Pembangkitan,2,0.565
3733,2024,HOLDING,Kantor Pusat,,"OFFICER AUDIT KONSTRUKSI, PEMBANGKITAN, DAN EBT 2B",OFFICER,"AUDIT KONSTRUKSI, PEMBANGKITAN, DAN EBT 2B",G2,S1 Teknik Mesin/Konversi Energi,1,S1,Rekrut 2024,Pembangkitan,2,0.565
3734,2024,HOLDING,Kantor Pusat,,"OFFICER AUDIT KONSTRUKSI, PEMBANGKITAN, DAN EBT 3B",OFFICER,"AUDIT KONSTRUKSI, PEMBANGKITAN, DAN EBT 3B",G2,S1 Teknik Mesin/Konversi Energi,1,S1,Rekrut 2024,Pembangkitan,2,0.565
3735,2024,HOLDING,Kantor Pusat,,OFFICER AUDIT TRANSMISI DAN DISTRIBUSI 1C,OFFICER,AUDIT TRANSMISI DAN DISTRIBUSI 1C,G2,S1 Teknik Elektro/Teknik Listrik,1,S1,Rekrut 2024,Transmisi dan Gardu Induk,2,0.565
3736,2024,HOLDING,Kantor Pusat,,OFFICER AUDIT TRANSMISI DAN DISTRIBUSI 1D,OFFICER,AUDIT TRANSMISI DAN DISTRIBUSI 1D,G2,S1 Teknik Elektro/Teknik Listrik,1,S1,Rekrut 2024,Transmisi dan Gardu Induk,2,0.565
3737,2024,HOLDING,Kantor Pusat,,OFFICER AUDIT TRANSMISI DAN DISTRIBUSI 2C,OFFICER,AUDIT TRANSMISI DAN DISTRIBUSI 2C,G2,S1 Teknik Elektro/Teknik Listrik,1,S1,Rekrut 2024,Transmisi dan Gardu Induk,2,0.565
3738,2024,HOLDING,Kantor Pusat,,OFFICER AUDIT TRANSMISI DAN DISTRIBUSI 3A,OFFICER,AUDIT TRANSMISI DAN DISTRIBUSI 3A,G2,S1 Teknik Elektro/Teknik Listrik,1,S1,Rekrut 2024,Transmisi dan Gardu Induk,2,0.565
3739,2024,HOLDING,Kantor Pusat,,OFFICER AUDIT TRANSMISI DAN DISTRIBUSI 3C,OFFICER,AUDIT TRANSMISI DAN DISTRIBUSI 3C,G2,S1 Teknik Elektro/Teknik Listrik,1,S1,Rekrut 2024,Transmisi dan Gardu Induk,2,0.565
3740,2024,HOLDING,Kantor Pusat,,OFFICER ERP FINANCE AND ACCOUNTING,OFFICER,ERP FINANCE AND ACCOUNTING,G2,S1 Komunikasi/Hubungan Masyarakat,1,S1,Rekrut 2024,Komunikasi dan Umum,2,0.565
3741,2024,HOLDING,Kantor Pusat,,OFFICER ERP HUMAN CAPITAL AND QUALITY CONTROL,OFFICER,ERP HUMAN CAPITAL AND QUALITY CONTROL,G2,S1 Psikologi/Kepegawaian,1,S1,Rekrut 2024,Sumber Daya Manusia,2,0.565
3742,2024,HOLDING,Kantor Pusat,,OFFICER JAMINAN KUALITAS AUDIT,OFFICER,JAMINAN KUALITAS AUDIT,G2,S1 Akuntansi/Administrasi Fiskal,1,S1,Rekrut 2024,Audit dan Risiko,2,0.565
3743,2024,HOLDING,Kantor Pusat,,OFFICER KONSULTANSI AUDIT 3A,OFFICER,KONSULTANSI AUDIT 3A,G2,S1 Akuntansi/Administrasi Fiskal,1,S1,Rekrut 2024,Audit dan Risiko,2,0.565
3744,2024,HOLDING,Kantor Pusat,,OFFICER KONSULTANSI AUDIT 3B,OFFICER,KONSULTANSI AUDIT 3B,G2,S1 Akuntansi/Administrasi Fiskal,1,S1,Rekrut 2024,Audit dan Risiko,2,0.565
3745,2024,HOLDING,Kantor Pusat,,OFFICER MARKET INTELLIGENCE DAN EKONOMI ANALITIS,OFFICER,MARKET INTELLIGENCE DAN EKONOMI ANALITIS,G2,S1 Komunikasi/Hubungan Masyarakat,1,S1,Rekrut 2024,Komunikasi dan Umum,2,0.565
3746,2024,HOLDING,Kantor Pusat,,OFFICER PELAYANAN HUMAN CAPITAL MEDAN,OFFICER,PELAYANAN HUMAN CAPITAL MEDAN,G2,S1 Psikologi/Kepegawaian,1,S1,Rekrut 2024,Sumber Daya Manusia,2,0.565
3747,2024,HOLDING,Kantor Pusat,,OFFICER PENGEMBANGAN TALENTA UID JAWA BARAT,OFFICER,PENGEMBANGAN TALENTA UID JAWA BARAT,G2,S1 Psikologi/Kepegawaian,1,S1,Rekrut 2024,Sumber Daya Manusia,2,0.565
3748,2024,HOLDING,Kantor Pusat,,OFFICER PENGEMBANGAN TALENTA UID JAWA TENGAH DAN D.I. YOGYAKARTA,OFFICER,PENGEMBANGAN TALENTA UID JAWA TENGAH DAN D.I. YOGYAKARTA,G2,S1 Psikologi/Kepegawaian,1,S1,Rekrut 2024,Sumber Daya Manusia,2,0.565
3749,2024,HOLDING,Kantor Pusat,,"OFFICER RISIKO KONSTRUKSI JAWA, MADURA, BALI, MALUKU, PAPUA, DAN NUSA TENGGARA",OFFICER,"RISIKO KONSTRUKSI JAWA, MADURA, BALI, MALUKU, PAPUA, DAN NUSA TENGGARA",G2,S1 Logistik/Supply Chain Management,1,S1,Rekrut 2024,Manajemen Konstruksi dan Pengadaan,2,0.565
3750,2024,HOLDING,Kantor Pusat,,OFFICER STRATEGI AUDIT,OFFICER,STRATEGI AUDIT,G2,S1 Akuntansi/Administrasi Fiskal,1,S1,Rekrut 2024,Audit dan Risiko,2,0.565
3751,2024,HOLDING,Kantor Pusat,,TECHNICIAN KONSTRUKSI JARINGAN,TECHNICIAN,KONSTRUKSI JARINGAN,G2,S1 Teknik Elektro/Teknik Listrik,1,S1,Rekrut 2024,Distribusi,2,0.565
3752,2024,HOLDING,UIP JBTB,,OFFICER ADMINISTRASI DAN UMUM,OFFICER,ADMINISTRASI DAN UMUM,G2,S1 Komunikasi/Hubungan Masyarakat,1,S1,Rekrut 2024,Komunikasi dan Umum,2,0.563
3753,2024,HOLDING,UIP JBTB,,OFFICER PELAKSANA PENGADAAN,OFFICER,PELAKSANA PENGADAAN,G2,S1 Logistik/Supply Chain Management,1,S1,Rekrut 2024,Manajemen Konstruksi dan Pengadaan,2,0.563
3754,2024,HOLDING,UIP JBTB,,OFFICER PENGENDALIAN KONSTRUKSI,OFFICER,PENGENDALIAN KONSTRUKSI,G2,S1 Logistik/Supply Chain Management,1,S1,Rekrut 2024,Manajemen Konstruksi dan Pengadaan,2,0.563
3755,2024,HOLDING,UIP JBTB,,OFFICER PERENCANAAN UMUM DAN KINERJA,OFFICER,PERENCANAAN UMUM DAN KINERJA,G2,S1 Komunikasi/Hubungan Masyarakat,1,S1,Rekrut 2024,Komunikasi dan Umum,2,0.563
3756,2024,HOLDING,Pusat Pengatur Beban,,TECHNICIAN OPERASI SISTEM A,TECHNICIAN,OPERASI SISTEM A,G2,S1 Teknik Kimia/Teknik Lingkungan,1,S1,Rekrut 2024,Perencanaan Sistem,2,0.56
3757,2024,HOLDING,Pusat Pengatur Beban,,TECHNICIAN OPERASI SISTEM E,TECHNICIAN,OPERASI SISTEM E,G2,S1 Teknik Kimia/Teknik Lingkungan,1,S1,Rekrut 2024,Perencanaan Sistem,2,0.56
3758,2024,HOLDING,UIP JBT,,OFFICER PENGENDALIAN KONSTRUKSI,OFFICER,PENGENDALIAN KONSTRUKSI,G2,S1 Logistik/Supply Chain Management,1,S1,Rekrut 2024,Manajemen Konstruksi dan Pengadaan,2,0.554
3759,2024,HOLDING,UIP Kalimantan Bag Timur,,OFFICER ADMINISTRASI TEKNIK,OFFICER,ADMINISTRASI TEKNIK,G2,S1 Komunikasi/Hubungan Masyarakat,1,S1,3T,Komunikasi dan Umum,2,0.554
3760,2024,HOLDING,UIP Kalimantan Bag Timur,,OFFICER PELAKSANA PENGADAAN,OFFICER,PELAKSANA PENGADAAN,G2,S1 Logistik/Supply Chain Management,1,S1,3T,Manajemen Konstruksi dan Pengadaan,2,0.554
3761,2024,HOLDING,UIP Kalimantan Bag Timur,,OFFICER PERENCANAAN UMUM DAN KINERJA,OFFICER,PERENCANAAN UMUM DAN KINERJA,G2,S1 Komunikasi/Hubungan Masyarakat,1,S1,3T,Komunikasi dan Umum,2,0.554
3762,2024,HOLDING,UIP3B Kalimantan,,OFFICER KINERJA DAN PERENCANAAN,OFFICER,KINERJA DAN PERENCANAAN,G2,S1 Teknik Industri/Teknik Material,1,S1,3T,Perencanaan dan Kinerja,2,0.55
3763,2024,HOLDING,UIP3B Kalimantan,,OFFICER PELAKSANA PENGADAAN,OFFICER,PELAKSANA PENGADAAN,G2,S1 Logistik/Supply Chain Management,1,S1,3T,Manajemen Konstruksi dan Pengadaan,2,0.55
3764,2024,HOLDING,UIP3B Kalimantan,,"OFFICER PENGENDALIAN PEMELIHARAAN ASET JARINGAN, GI, DAN PROTEKSI",OFFICER,"PENGENDALIAN PEMELIHARAAN ASET JARINGAN, GI, DAN PROTEKSI",G2,S1 Teknik Elektro/Teknik Listrik,1,S1,3T,Proteksi dan Kontrol,2,0.55
3765,2024,HOLDING,UIP3B Kalimantan,,OFFICER PERENCANAAN PENGUSAHAAN DAN KINERJA,OFFICER,PERENCANAAN PENGUSAHAAN DAN KINERJA,G2,S1 Teknik Industri/Teknik Material,1,S1,3T,Perencanaan dan Kinerja,2,0.55
3766,2024,HOLDING,UIP3B Kalimantan,,OFFICER UMUM,OFFICER,UMUM,G2,S1 Komunikasi/Hubungan Masyarakat,1,S1,3T,Komunikasi dan Umum,2,0.55
3767,2024,HOLDING,UIP3B Kalimantan,,TECHNICIAN ENJINIRING,TECHNICIAN,ENJINIRING,G2,S1 Teknik Kimia/Teknik Lingkungan,1,S1,3T,Perencanaan Sistem,2,0.55
3768,2024,HOLDING,UID Jawa Tengah & DIY,,OFFICER KINERJA PEMELIHARAAN,OFFICER,KINERJA PEMELIHARAAN,G2,S1 Teknik Industri/Teknik Material,1,S1,Rekrut 2024,Perencanaan dan Kinerja,2,0.547
3769,2024,HOLDING,UIT JBB,,OFFICER ADMINISTRASI DAN UMUM,OFFICER,ADMINISTRASI DAN UMUM,G2,S1 Komunikasi/Hubungan Masyarakat,1,S1,Rekrut 2024,Komunikasi dan Umum,2,0.542
3770,2024,HOLDING,UIT JBB,,OFFICER LABORATORIUM,OFFICER,LABORATORIUM,G2,S1 Komunikasi/Hubungan Masyarakat,1,S1,Rekrut 2024,Komunikasi dan Umum,2,0.542
3771,2024,HOLDING,UIT JBB,,OFFICER LINGKUNGAN,OFFICER,LINGKUNGAN,G2,S1 Keselamatan Dan Kesehatan Kerja/Kesehatan Masyarakat K3,1,S1,Rekrut 2024,K3 dan Lingkungan,2,0.542
3772,2024,HOLDING,UIT JBB,,"OFFICER MANAJEMEN RISIKO, KEPATUHAN DAN SISTEM MANAJEMEN TERINTEGRASI",OFFICER,"MANAJEMEN RISIKO, KEPATUHAN DAN SISTEM MANAJEMEN TERINTEGRASI",G2,S1 Hukum/Public Policy,1,S1,Rekrut 2024,Hukum dan Kepatuhan,2,0.542
3773,2024,HOLDING,UIT JBB,,OFFICER PENGENDALIAN KONSTRUKSI DAN ADMINISTRASI KONTRAK,OFFICER,PENGENDALIAN KONSTRUKSI DAN ADMINISTRASI KONTRAK,G2,S1 Logistik/Supply Chain Management,1,S1,Rekrut 2024,Manajemen Konstruksi dan Pengadaan,2,0.542
3774,2024,HOLDING,UIT JBB,,"TECHNICIAN PEMELIHARAAN PROTEKSI, METER, DAN OTOMASI TRANSMISI DAN GARDUINDUK",TECHNICIAN,"PEMELIHARAAN PROTEKSI, METER, DAN OTOMASI TRANSMISI DAN GARDUINDUK",G2,S1 Teknik Elektro/Teknik Listrik,1,S1,Rekrut 2024,Transmisi dan Gardu Induk,2,0.542
3775,2024,HOLDING,UIT JBT,,OFFICER KEUANGAN DAN AKUNTANSI,OFFICER,KEUANGAN DAN AKUNTANSI,G2,S1 Akuntansi/Administrasi Fiskal,1,S1,Rekrut 2024,Keuangan dan Akuntansi,2,0.542
3776,2024,HOLDING,UIT JBT,,OFFICER PELAKSANA PENGADAAN,OFFICER,PELAKSANA PENGADAAN,G2,S1 Logistik/Supply Chain Management,1,S1,Rekrut 2024,Manajemen Konstruksi dan Pengadaan,2,0.542
3777,2024,HOLDING,UIT JBT,,OFFICER PERENCANAAN PENGUSAHAAN,OFFICER,PERENCANAAN PENGUSAHAAN,G2,S1 Teknik Industri/Teknik Material,1,S1,Rekrut 2024,Perencanaan dan Kinerja,2,0.542
3778,2024,HOLDING,UIT JBT,,TECHNICIAN PEMELIHARAAN GARDU INDUK,TECHNICIAN,PEMELIHARAAN GARDU INDUK,G2,S1 Teknik Elektro/Teknik Listrik,1,S1,Rekrut 2024,Transmisi dan Gardu Induk,2,0.542
3779,2024,HOLDING,UIP Kalimantan Bag Barat,,OFFICER PERIZINAN DAN PERTANAHAN,OFFICER,PERIZINAN DAN PERTANAHAN,G2,S1 Logistik/Supply Chain Management,1,S1,3T,Manajemen Konstruksi dan Pengadaan,2,0.537
3780,2024,HOLDING,UIP3B Sulawesi,,OFFICER KINERJA KEUANGAN DAN UMUM,OFFICER,KINERJA KEUANGAN DAN UMUM,G2,S1 Akuntansi/Administrasi Fiskal,1,S1,3T,Keuangan dan Akuntansi,2,0.534
3781,2024,HOLDING,UID Kalbar,,"OFFICER KESELAMATAN, KESEHATAN KERJA, LINGKUNGAN DAN KEAMANAN",OFFICER,"KESELAMATAN, KESEHATAN KERJA, LINGKUNGAN DAN KEAMANAN",G2,S1 Keselamatan Dan Kesehatan Kerja/Kesehatan Masyarakat K3,1,S1,3T,K3 dan Lingkungan,2,0.532
3782,2024,HOLDING,UID Kalbar,,OFFICER KEUANGAN DAN AKUNTANSI,OFFICER,KEUANGAN DAN AKUNTANSI,G2,S1 Akuntansi/Administrasi Fiskal,1,S1,3T,Keuangan dan Akuntansi,2,0.532
3783,2024,HOLDING,UID Kalbar,,OFFICER PRIORITY ACCOUNT EXECUTIVE,OFFICER,PRIORITY ACCOUNT EXECUTIVE,G2,S1 Komunikasi/Hubungan Masyarakat,1,S1,3T,Komunikasi dan Umum,2,0.532
3784,2024,HOLDING,UID Kalbar,,TECHNICIAN OPERASI DISTRIBUSI,TECHNICIAN,OPERASI DISTRIBUSI,G2,S1 Teknik Elektro/Teknik Listrik,1,S1,3T,Distribusi,2,0.532
3785,2024,HOLDING,UID Kalbar,,TECHNICIAN PEMELIHARAAN METER TRANSAKSI,TECHNICIAN,PEMELIHARAAN METER TRANSAKSI,G2,S1 Teknik Elektro/Teknik Listrik,1,S1,3T,Distribusi,2,0.532
3786,2024,HOLDING,UID Kalbar,,TECHNICIAN PENGELOLAAN KONSTRUKSI DISTRIBUSI,TECHNICIAN,PENGELOLAAN KONSTRUKSI DISTRIBUSI,G2,S1 Teknik Elektro/Teknik Listrik,1,S1,3T,Distribusi,2,0.532
3787,2024,HOLDING,UID Kalbar,,TECHNICIAN PENGENDALIAN LISTRIK PERDESAAN,TECHNICIAN,PENGENDALIAN LISTRIK PERDESAAN,G2,S1 Teknik Elektro/Teknik Listrik,1,S1,3T,Distribusi,2,0.532
3788,2024,HOLDING,UID Kalbar,,TECHNICIAN PENGENDALIAN SUSUT,TECHNICIAN,PENGENDALIAN SUSUT,G2,S1 Teknik Elektro/Teknik Listrik,1,S1,3T,Distribusi,2,0.532
3789,2024,HOLDING,UID Kalbar,,TECHNICIAN TRANSAKSI ENERGI LISTRIK,TECHNICIAN,TRANSAKSI ENERGI LISTRIK,G2,S1 Teknik Elektro/Teknik Listrik,1,S1,3T,Distribusi,2,0.532
3790,2024,HOLDING,UIP Sumatera Bag Utara,,OFFICER KEUANGAN DAN ANGGARAN,OFFICER,KEUANGAN DAN ANGGARAN,G2,S1 Akuntansi/Administrasi Fiskal,1,S1,Rekrut 2024,Keuangan dan Akuntansi,2,0.524
3791,2024,HOLDING,UIP Sumatera Bag Utara,,OFFICER PENGENDALIAN KONSTRUKSI,OFFICER,PENGENDALIAN KONSTRUKSI,G2,S1 Logistik/Supply Chain Management,1,S1,Rekrut 2024,Manajemen Konstruksi dan Pengadaan,2,0.524
3792,2024,HOLDING,UIP Sumatera Bag Utara,,OFFICER PERENCANAAN UMUM DAN KINERJA,OFFICER,PERENCANAAN UMUM DAN KINERJA,G2,S1 Komunikasi/Hubungan Masyarakat,1,S1,Rekrut 2024,Komunikasi dan Umum,2,0.524
3793,2024,HOLDING,UID Banten,,OFFICER ACCOUNT EXECUTIVE,OFFICER,ACCOUNT EXECUTIVE,G2,S1 Komunikasi/Hubungan Masyarakat,1,S1,Rekrut 2024,Komunikasi dan Umum,2,0.517
3794,2024,HOLDING,UID Banten,,"OFFICER KESELAMATAN, KESEHATAN KERJA, LINGKUNGAN DAN KEAMANAN",OFFICER,"KESELAMATAN, KESEHATAN KERJA, LINGKUNGAN DAN KEAMANAN",G2,S1 Keselamatan Dan Kesehatan Kerja/Kesehatan Masyarakat K3,1,S1,Rekrut 2024,K3 dan Lingkungan,2,0.517
3795,2024,HOLDING,UID Banten,,TECHNICIAN PEMELIHARAAN DISTRIBUSI,TECHNICIAN,PEMELIHARAAN DISTRIBUSI,G2,S1 Teknik Elektro/Teknik Listrik,1,S1,Rekrut 2024,Distribusi,2,0.517
3796,2024,HOLDING,UID Banten,,TECHNICIAN PENGENDALIAN KONSTRUKSI DISTRIBUSI,TECHNICIAN,PENGENDALIAN KONSTRUKSI DISTRIBUSI,G2,S1 Teknik Elektro/Teknik Listrik,1,S1,Rekrut 2024,Distribusi,2,0.517
3797,2024,HOLDING,UIP Nusa Tenggara,,OFFICER PENGENDALIAN KONSTRUKSI,OFFICER,PENGENDALIAN KONSTRUKSI,G2,S1 Logistik/Supply Chain Management,1,S1,3T,Manajemen Konstruksi dan Pengadaan,2,0.513
3798,2024,HOLDING,UIP Nusa Tenggara,,TECHNICIAN PENGENDALIAN KONSTRUKSI,TECHNICIAN,PENGENDALIAN KONSTRUKSI,G2,S1 Logistik/Supply Chain Management,1,S1,3T,Manajemen Konstruksi dan Pengadaan,2,0.513
3799,2024,HOLDING,P3B Sumatera,,OFFICER PERENCANA PENGADAAN,OFFICER,PERENCANA PENGADAAN,G2,S1 Logistik/Supply Chain Management,1,S1,Rekrut 2024,Manajemen Konstruksi dan Pengadaan,2,0.511
3800,2024,HOLDING,P3B Sumatera,,OFFICER UMUM,OFFICER,UMUM,G2,S1 Komunikasi/Hubungan Masyarakat,1,S1,Rekrut 2024,Komunikasi dan Umum,2,0.511
3801,2024,HOLDING,P3B Sumatera,,TECHNICIAN PEMELIHARAAN JARINGAN TRANSMISI,TECHNICIAN,PEMELIHARAAN JARINGAN TRANSMISI,G2,S1 Teknik Elektro/Teknik Listrik,1,S1,Rekrut 2024,Transmisi dan Gardu Induk,2,0.511
3802,2024,HOLDING,P3B Sumatera,,"TECHNICIAN PEMELIHARAAN PROTEKSI, METER, DAN OTOMASI TRANSMISI DAN GARDUINDUK",TECHNICIAN,"PEMELIHARAAN PROTEKSI, METER, DAN OTOMASI TRANSMISI DAN GARDUINDUK",G2,S1 Teknik Elektro/Teknik Listrik,1,S1,Rekrut 2024,Transmisi dan Gardu Induk,2,0.511
3803,2024,HOLDING,UIW NusaTenggara Barat,,TECHNICIAN ENJINIRING DAN KINERJA,TECHNICIAN,ENJINIRING DAN KINERJA,G2,S1 Teknik Kimia/Teknik Lingkungan,1,S1,3T,Perencanaan Sistem,2,0.511
3804,2024,HOLDING,UID Jawa Timur,,OFFICER KOMUNIKASI,OFFICER,KOMUNIKASI,G2,S1 Komunikasi/Hubungan Masyarakat,1,S1,Rekrut 2024,Komunikasi dan Umum,2,0.506
3805,2024,HOLDING,UID Jawa Timur,,OFFICER LOGISTIK,OFFICER,LOGISTIK,G2,S1 Logistik/Supply Chain Management,1,S1,Rekrut 2024,Manajemen Konstruksi dan Pengadaan,2,0.506
3806,2024,HOLDING,UID Jawa Barat,,OFFICER PENGENDALIAN OPERASI DAN PEMELIHARAAN,OFFICER,PENGENDALIAN OPERASI DAN PEMELIHARAAN,G2,S1 Teknik Elektro/Teknik Listrik,1,S1,Rekrut 2024,Distribusi,2,0.505
3807,2024,HOLDING,UIP Sumatera Bag Selatan,,"OFFICER ASET, PERTANAHAN DAN ROW",OFFICER,"ASET, PERTANAHAN DAN ROW",G2,S1 Logistik/Supply Chain Management,1,S1,Rekrut 2024,Manajemen Konstruksi dan Pengadaan,2,0.504
3808,2024,HOLDING,PUSMANPRO,,TECHNICIAN QUALITY ASSURANCE AND QUALITY CONTROL JARINGAN,TECHNICIAN,QUALITY ASSURANCE AND QUALITY CONTROL JARINGAN,G2,S1 Teknik Elektro/Teknik Listrik,1,S1,Rekrut 2024,Distribusi,2,0.499
3809,2024,HOLDING,UIP Sumatera Bag Tengah,,OFFICER PENGENDALIAN KONTRAK DAN RISIKO PROYEK,OFFICER,PENGENDALIAN KONTRAK DAN RISIKO PROYEK,G2,S1 Logistik/Supply Chain Management,1,S1,Rekrut 2024,Manajemen Konstruksi dan Pengadaan,2,0.487
3810,2024,HOLDING,UIP Sumatera Bag Tengah,,OFFICER PENGENDALIAN PROYEK,OFFICER,PENGENDALIAN PROYEK,G2,S1 Logistik/Supply Chain Management,1,S1,Rekrut 2024,Manajemen Konstruksi dan Pengadaan,2,0.487
3811,2024,HOLDING,UIP Sumatera Bag Tengah,,TECHNICIAN PENGENDALIAN KONTRAK DAN PELAPORAN,TECHNICIAN,PENGENDALIAN KONTRAK DAN PELAPORAN,G2,S1 Logistik/Supply Chain Management,1,S1,Rekrut 2024,Manajemen Konstruksi dan Pengadaan,2,0.487
3812,2024,HOLDING,UIP JBB,,"OFFICER KEUANGAN, PERIZINAN, PERTANAHAN DAN UMUM",OFFICER,"KEUANGAN, PERIZINAN, PERTANAHAN DAN UMUM",G2,S1 Logistik/Supply Chain Management,1,S1,Rekrut 2024,Manajemen Konstruksi dan Pengadaan,2,0.484
3813,2024,HOLDING,UIP JBB,,OFFICER LINGKUNGAN,OFFICER,LINGKUNGAN,G2,S1 Keselamatan Dan Kesehatan Kerja/Kesehatan Masyarakat K3,1,S1,Rekrut 2024,K3 dan Lingkungan,2,0.484
3814,2024,HOLDING,UIP JBB,,OFFICER LOGISTIK DAN KEPABEANAN,OFFICER,LOGISTIK DAN KEPABEANAN,G2,S1 Logistik/Supply Chain Management,1,S1,Rekrut 2024,Manajemen Konstruksi dan Pengadaan,2,0.484
3815,2024,HOLDING,UIP JBB,,OFFICER PERENCANAAN ELEKTROMEKANIK,OFFICER,PERENCANAAN ELEKTROMEKANIK,G2,S1 Teknik Mesin/Konversi Energi,1,S1,Rekrut 2024,Pembangkitan,2,0.484
3816,2024,HOLDING,UIP JBB,,OFFICER PERENCANAAN SIPIL,OFFICER,PERENCANAAN SIPIL,G2,S1 Logistik/Supply Chain Management,1,S1,Rekrut 2024,Manajemen Konstruksi dan Pengadaan,2,0.484
3817,2024,HOLDING,UIP JBB,,OFFICER PERENCANAAN UMUM DAN KINERJA,OFFICER,PERENCANAAN UMUM DAN KINERJA,G2,S1 Komunikasi/Hubungan Masyarakat,1,S1,Rekrut 2024,Komunikasi dan Umum,2,0.484
3818,2024,HOLDING,UIW NusaTenggaraTimur,,OFFICER ACCOUNT EXECUTIVE,OFFICER,ACCOUNT EXECUTIVE,G2,S1 Komunikasi/Hubungan Masyarakat,1,S1,3T,Komunikasi dan Umum,2,0.482
3819,2024,HOLDING,UIW NusaTenggaraTimur,,OFFICER KEUANGAN,OFFICER,KEUANGAN,G2,S1 Akuntansi/Administrasi Fiskal,1,S1,3T,Keuangan dan Akuntansi,2,0.482
3820,2024,HOLDING,UIW NusaTenggaraTimur,,OFFICER KINERJA JARINGAN DAN KONSTRUKSI DISTRIBUSI,OFFICER,KINERJA JARINGAN DAN KONSTRUKSI DISTRIBUSI,G2,S1 Teknik Elektro/Teknik Listrik,1,S1,3T,Distribusi,2,0.482
3821,2024,HOLDING,UIW NusaTenggaraTimur,,OFFICER KINERJA OPERASI DAN PEMELIHARAAN PEMBANGKIT,OFFICER,KINERJA OPERASI DAN PEMELIHARAAN PEMBANGKIT,G2,S1 Teknik Mesin/Konversi Energi,1,S1,3T,Pembangkitan,2,0.482
3822,2024,HOLDING,UIW NusaTenggaraTimur,,OFFICER PERENCANAAN LISTRIK PERDESAAN,OFFICER,PERENCANAAN LISTRIK PERDESAAN,G2,S1 Teknik Elektro/Teknik Listrik,1,S1,3T,Distribusi,2,0.482
3823,2024,HOLDING,UIW NusaTenggaraTimur,,TECHNICIAN PEMELIHARAAN DISTRIBUSI,TECHNICIAN,PEMELIHARAAN DISTRIBUSI,G2,S1 Teknik Elektro/Teknik Listrik,1,S1,3T,Distribusi,2,0.482
3824,2024,HOLDING,UIW NusaTenggaraTimur,,TECHNICIAN PENGENDALIAN SUSUT,TECHNICIAN,PENGENDALIAN SUSUT,G2,S1 Teknik Elektro/Teknik Listrik,1,S1,3T,Distribusi,2,0.482
3825,2024,HOLDING,UID S2JB,,OFFICER ADMINISTRASI DAN UMUM,OFFICER,ADMINISTRASI DAN UMUM,G2,S1 Komunikasi/Hubungan Masyarakat,1,S1,3T,Komunikasi dan Umum,2,0.48
3826,2024,HOLDING,UID S2JB,,OFFICER PERENCANAAN DAN KINERJA,OFFICER,PERENCANAAN DAN KINERJA,G2,S1 Teknik Industri/Teknik Material,1,S1,3T,Perencanaan dan Kinerja,2,0.48
3827,2024,HOLDING,Pusat Pengatur Beban,,OFFICER OPERASI SISTEM PEMBANGKITAN,OFFICER,OPERASI SISTEM PEMBANGKITAN,G2,S1 Teknik Mesin/Konversi Energi,1,S1,Rekrut 2024,Pembangkitan,2,0.48
3828,2024,HOLDING,Pusat Pengatur Beban,,TECHNICIAN PROTEKSI SISTEM,TECHNICIAN,PROTEKSI SISTEM,G2,S1 Teknik Elektro/Teknik Listrik,1,S1,Rekrut 2024,Proteksi dan Kontrol,2,0.48
3829,2024,HOLDING,Pusat Pengatur Beban,,TECHNICIAN SCADA DAN MASTER STATION,TECHNICIAN,SCADA DAN MASTER STATION,G2,S1 Teknik Elektro/Teknik Listrik,1,S1,Rekrut 2024,Proteksi dan Kontrol,2,0.48
3830,2024,HOLDING,UIT JBTB,,OFFICER LINGKUNGAN,OFFICER,LINGKUNGAN,G2,S1 Keselamatan Dan Kesehatan Kerja/Kesehatan Masyarakat K3,1,S1,Rekrut 2024,K3 dan Lingkungan,2,0.48
3831,2024,HOLDING,UIT JBTB,,OFFICER PERENCANAAN PENGUSAHAAN,OFFICER,PERENCANAAN PENGUSAHAAN,G2,S1 Teknik Industri/Teknik Material,1,S1,Rekrut 2024,Perencanaan dan Kinerja,2,0.48
3832,2024,HOLDING,UIT JBTB,,TECHNICIAN PEMELIHARAAN JARINGAN TRANSMISI,TECHNICIAN,PEMELIHARAAN JARINGAN TRANSMISI,G2,S1 Teknik Elektro/Teknik Listrik,1,S1,Rekrut 2024,Transmisi dan Gardu Induk,2,0.48
3833,2024,HOLDING,UID Riau & Kepri,,OFFICER KEUANGAN DAN AKUNTANSI,OFFICER,KEUANGAN DAN AKUNTANSI,G2,S1 Akuntansi/Administrasi Fiskal,1,S1,Rekrut 2024,Keuangan dan Akuntansi,2,0.476
3834,2024,HOLDING,UID Riau & Kepri,,OFFICER LOGISTIK LAYANAN PELANGGAN,OFFICER,LOGISTIK LAYANAN PELANGGAN,G2,S1 Logistik/Supply Chain Management,1,S1,Rekrut 2024,Manajemen Konstruksi dan Pengadaan,2,0.476
3835,2024,HOLDING,UID Riau & Kepri,,OFFICER PERENCANAAN SISTEM KELISTRIKAN,OFFICER,PERENCANAAN SISTEM KELISTRIKAN,G2,S1 Teknik Kimia/Teknik Lingkungan,1,S1,Rekrut 2024,Perencanaan Sistem,2,0.476
3836,2024,HOLDING,UIW Papua&Papua Barat,,OFFICER KOMUNIKASI DAN MANAJEMEN STAKEHOLDER,OFFICER,KOMUNIKASI DAN MANAJEMEN STAKEHOLDER,G2,S1 Komunikasi/Hubungan Masyarakat,1,S1,3T,Komunikasi dan Umum,2,0.476
3837,2024,HOLDING,UIW Papua&Papua Barat,,OFFICER LINGKUNGAN,OFFICER,LINGKUNGAN,G2,S1 Keselamatan Dan Kesehatan Kerja/Kesehatan Masyarakat K3,1,S1,3T,K3 dan Lingkungan,2,0.476
3838,2024,HOLDING,UIW Papua&Papua Barat,,OFFICER LOGISTIK,OFFICER,LOGISTIK,G2,S1 Logistik/Supply Chain Management,1,S1,3T,Manajemen Konstruksi dan Pengadaan,2,0.476
3839,2024,HOLDING,UIW Papua&Papua Barat,,OFFICER PENGENDALIAN SUSUT,OFFICER,PENGENDALIAN SUSUT,G2,S1 Teknik Elektro/Teknik Listrik,1,S1,3T,Distribusi,2,0.476
3840,2024,HOLDING,UIW Papua&Papua Barat,,OFFICER PERENCANA PENGADAAN,OFFICER,PERENCANA PENGADAAN,G2,S1 Logistik/Supply Chain Management,1,S1,3T,Manajemen Konstruksi dan Pengadaan,2,0.476
3841,2024,HOLDING,UIW Papua&Papua Barat,,TECHNICIAN ENERGI PRIMER DAN PELUMAS,TECHNICIAN,ENERGI PRIMER DAN PELUMAS,G2,S1 Teknik Mesin/Konversi Energi,1,S1,3T,Pembangkitan,2,0.476
3842,2024,HOLDING,UIW Papua&Papua Barat,,TECHNICIAN PENGENDALIAN OPERASI SISTEM,TECHNICIAN,PENGENDALIAN OPERASI SISTEM,G2,S1 Teknik Kimia/Teknik Lingkungan,1,S1,3T,Perencanaan Sistem,2,0.476
3843,2024,HOLDING,UIW Papua&Papua Barat,,TECHNICIAN PENGENDALIAN SUSUT,TECHNICIAN,PENGENDALIAN SUSUT,G2,S1 Teknik Elektro/Teknik Listrik,1,S1,3T,Distribusi,2,0.476
3844,2024,HOLDING,UIP3B Sulawesi,,OFFICER KINERJA KONSTRUKSI DAN PENYALURAN,OFFICER,KINERJA KONSTRUKSI DAN PENYALURAN,G2,S1 Teknik Elektro/Teknik Listrik,1,S1,3T,Transmisi dan Gardu Induk,2,0.475
3845,2024,HOLDING,UIP3B Sulawesi,,TECHNICIAN PDKB GI/GITET,TECHNICIAN,PDKB GI/GITET,G2,S1 Teknik Elektro/Teknik Listrik,1,S1,3T,Transmisi dan Gardu Induk,2,0.475
3846,2024,HOLDING,UID Suluttenggo,,OFFICER AKUNTANSI,OFFICER,AKUNTANSI,G2,S1 Akuntansi/Administrasi Fiskal,1,S1,3T,Keuangan dan Akuntansi,2,0.473
3847,2024,HOLDING,UID Suluttenggo,,OFFICER KINERJA JARINGAN DAN KONSTRUKSI DISTRIBUSI,OFFICER,KINERJA JARINGAN DAN KONSTRUKSI DISTRIBUSI,G2,S1 Teknik Elektro/Teknik Listrik,1,S1,3T,Distribusi,2,0.473
3848,2024,HOLDING,UID Suluttenggo,,OFFICER KINERJA JARINGAN DISTRIBUSI,OFFICER,KINERJA JARINGAN DISTRIBUSI,G2,S1 Teknik Elektro/Teknik Listrik,1,S1,3T,Distribusi,2,0.473
3849,2024,HOLDING,UID Suluttenggo,,OFFICER PERENCANAAN DAN EVALUASI SISTEM DISTRIBUSI,OFFICER,PERENCANAAN DAN EVALUASI SISTEM DISTRIBUSI,G2,S1 Teknik Kimia/Teknik Lingkungan,1,S1,3T,Perencanaan Sistem,2,0.473
3850,2024,HOLDING,UID Suluttenggo,,OFFICER PERENCANAAN LISTRIK PERDESAAN,OFFICER,PERENCANAAN LISTRIK PERDESAAN,G2,S1 Teknik Elektro/Teknik Listrik,1,S1,3T,Distribusi,2,0.473
3851,2024,HOLDING,UID Suluttenggo,,TECHNICIAN PEMELIHARAAN METER TRANSAKSI,TECHNICIAN,PEMELIHARAAN METER TRANSAKSI,G2,S1 Teknik Elektro/Teknik Listrik,1,S1,3T,Distribusi,2,0.473
3852,2024,HOLDING,UIP Sulawesi,,"OFFICER KEUANGAN, PERIZINAN, PERTANAHAN DAN UMUM",OFFICER,"KEUANGAN, PERIZINAN, PERTANAHAN DAN UMUM",G2,S1 Logistik/Supply Chain Management,1,S1,3T,Manajemen Konstruksi dan Pengadaan,2,0.473
3853,2024,HOLDING,UIP Sulawesi,,TECHNICIAN PROJECT SITE,TECHNICIAN,PROJECT SITE,G2,S1 Teknik Elektro/Teknik Listrik,1,S1,3T,Distribusi,2,0.473
3854,2024,HOLDING,PUSLITBANG,,OFFICER KAJIAN DAN INVESTIGASI TEKNIK DAN TEKNOLOGI SISTEM TRANSMISI DAN DISTRIBUSI,OFFICER,KAJIAN DAN INVESTIGASI TEKNIK DAN TEKNOLOGI SISTEM TRANSMISI DAN DISTRIBUSI,G2,S1 Teknik Elektro/Teknik Listrik,1,S1,Rekrut 2024,Transmisi dan Gardu Induk,2,0.472
3855,2024,HOLDING,PUSLITBANG,,OFFICER KAJIAN DAN INVESTIGASI TEKNIK TEKNOLOGI SISTEM PEMBANGKITAN DAN ENERGI,OFFICER,KAJIAN DAN INVESTIGASI TEKNIK TEKNOLOGI SISTEM PEMBANGKITAN DAN ENERGI,G2,S1 Teknik Mesin/Konversi Energi,1,S1,Rekrut 2024,Pembangkitan,2,0.472
3856,2024,HOLDING,PUSLITBANG,,"OFFICER PERENCANAAN, EVALUASI DAN KINERJA",OFFICER,"PERENCANAAN, EVALUASI DAN KINERJA",G2,S1 Teknik Industri/Teknik Material,1,S1,Rekrut 2024,Perencanaan dan Kinerja,2,0.472
3857,2024,HOLDING,PUSLITBANG,,OFFICER RISET ENERGI,OFFICER,RISET ENERGI,G2,S1 Komunikasi/Hubungan Masyarakat,1,S1,Rekrut 2024,Komunikasi dan Umum,2,0.472
3858,2024,HOLDING,Kantor Pusat,,OFFICER AKUNTANSI TRANSAKSI KANTOR PUSAT,OFFICER,AKUNTANSI TRANSAKSI KANTOR PUSAT,G2,S1 Akuntansi/Administrasi Fiskal,1,S1,Rekrut 2024,Keuangan dan Akuntansi,2,0.471
3859,2024,HOLDING,Kantor Pusat,,OFFICER APLIKASI PELAYANAN PELANGGAN MOBILE,OFFICER,APLIKASI PELAYANAN PELANGGAN MOBILE,G2,S1 Manajemen Pemasaran/Digital Marketing Dan Analytics,1,S1,Rekrut 2024,Niaga dan Pemasaran,2,0.471
3860,2024,HOLDING,Kantor Pusat,,OFFICER AUDIT DATA ANALITIK DAN CONTINUOUS AUDIT 1,OFFICER,AUDIT DATA ANALITIK DAN CONTINUOUS AUDIT 1,G2,S1 Data Science/Teknik Informatika,1,S1,Rekrut 2024,Teknologi Informasi,2,0.471
3861,2024,HOLDING,Kantor Pusat,,OFFICER AUDIT INVESTIGASI 1A,OFFICER,AUDIT INVESTIGASI 1A,G2,S1 Akuntansi/Administrasi Fiskal,1,S1,Rekrut 2024,Audit dan Risiko,2,0.471
3862,2024,HOLDING,Kantor Pusat,,OFFICER AUDIT INVESTIGASI 2B,OFFICER,AUDIT INVESTIGASI 2B,G2,S1 Akuntansi/Administrasi Fiskal,1,S1,Rekrut 2024,Audit dan Risiko,2,0.471
3863,2024,HOLDING,Kantor Pusat,,OFFICER AUDIT KEUANGAN KORPORASI 2,OFFICER,AUDIT KEUANGAN KORPORASI 2,G2,S1 Akuntansi/Administrasi Fiskal,1,S1,Rekrut 2024,Keuangan dan Akuntansi,2,0.471
3864,2024,HOLDING,Kantor Pusat,,OFFICER AUDIT KEUANGAN KORPORASI 3,OFFICER,AUDIT KEUANGAN KORPORASI 3,G2,S1 Akuntansi/Administrasi Fiskal,1,S1,Rekrut 2024,Keuangan dan Akuntansi,2,0.471
3865,2024,HOLDING,Kantor Pusat,,"OFFICER AUDIT KONSTRUKSI, PEMBANGKITAN, DAN EBT 1A",OFFICER,"AUDIT KONSTRUKSI, PEMBANGKITAN, DAN EBT 1A",G2,S1 Teknik Mesin/Konversi Energi,1,S1,Rekrut 2024,Pembangkitan,2,0.471
3866,2024,HOLDING,Kantor Pusat,,"OFFICER AUDIT KONSTRUKSI, PEMBANGKITAN, DAN EBT 1B",OFFICER,"AUDIT KONSTRUKSI, PEMBANGKITAN, DAN EBT 1B",G2,S1 Teknik Mesin/Konversi Energi,1,S1,Rekrut 2024,Pembangkitan,2,0.471
3867,2024,HOLDING,Kantor Pusat,,"OFFICER AUDIT KONSTRUKSI, PEMBANGKITAN, DAN EBT 1C",OFFICER,"AUDIT KONSTRUKSI, PEMBANGKITAN, DAN EBT 1C",G2,S1 Teknik Mesin/Konversi Energi,1,S1,Rekrut 2024,Pembangkitan,2,0.471
3868,2024,HOLDING,Kantor Pusat,,"OFFICER AUDIT KONSTRUKSI, PEMBANGKITAN, DAN EBT 1D",OFFICER,"AUDIT KONSTRUKSI, PEMBANGKITAN, DAN EBT 1D",G2,S1 Teknik Mesin/Konversi Energi,1,S1,Rekrut 2024,Pembangkitan,2,0.471
3869,2024,HOLDING,Kantor Pusat,,"OFFICER AUDIT KONSTRUKSI, PEMBANGKITAN, DAN EBT 2C",OFFICER,"AUDIT KONSTRUKSI, PEMBANGKITAN, DAN EBT 2C",G2,S1 Teknik Mesin/Konversi Energi,1,S1,Rekrut 2024,Pembangkitan,2,0.471
3870,2024,HOLDING,Kantor Pusat,,"OFFICER AUDIT KONSTRUKSI, PEMBANGKITAN, DAN EBT 3C",OFFICER,"AUDIT KONSTRUKSI, PEMBANGKITAN, DAN EBT 3C",G2,S1 Teknik Mesin/Konversi Energi,1,S1,Rekrut 2024,Pembangkitan,2,0.471
3871,2024,HOLDING,Kantor Pusat,,"OFFICER AUDIT NIAGA, LEGAL, HUMAN CAPITAL, DAN ENABLER 1",OFFICER,"AUDIT NIAGA, LEGAL, HUMAN CAPITAL, DAN ENABLER 1",G2,S1 Psikologi/Kepegawaian,1,S1,Rekrut 2024,Sumber Daya Manusia,2,0.471
3872,2024,HOLDING,Kantor Pusat,,"OFFICER AUDIT NIAGA, LEGAL, HUMAN CAPITAL, DAN ENABLER 2",OFFICER,"AUDIT NIAGA, LEGAL, HUMAN CAPITAL, DAN ENABLER 2",G2,S1 Psikologi/Kepegawaian,1,S1,Rekrut 2024,Sumber Daya Manusia,2,0.471
3873,2024,HOLDING,Kantor Pusat,,"OFFICER AUDIT NIAGA, LEGAL, HUMAN CAPITAL, DAN ENABLER 3",OFFICER,"AUDIT NIAGA, LEGAL, HUMAN CAPITAL, DAN ENABLER 3",G2,S1 Psikologi/Kepegawaian,1,S1,Rekrut 2024,Sumber Daya Manusia,2,0.471
3874,2024,HOLDING,Kantor Pusat,,"OFFICER AUDIT NIAGA, LEGAL, HUMAN CAPITAL, DAN ENABLER 4",OFFICER,"AUDIT NIAGA, LEGAL, HUMAN CAPITAL, DAN ENABLER 4",G2,S1 Psikologi/Kepegawaian,1,S1,Rekrut 2024,Sumber Daya Manusia,2,0.471
3875,2024,HOLDING,Kantor Pusat,,OFFICER AUDIT TRANSMISI DAN DISTRIBUSI 2B,OFFICER,AUDIT TRANSMISI DAN DISTRIBUSI 2B,G2,S1 Teknik Elektro/Teknik Listrik,1,S1,Rekrut 2024,Transmisi dan Gardu Induk,2,0.471
3876,2024,HOLDING,Kantor Pusat,,OFFICER DIGITAL FORENSIK,OFFICER,DIGITAL FORENSIK,G2,S1 Data Science/Teknik Informatika,1,S1,Rekrut 2024,Teknologi Informasi,2,0.471
3877,2024,HOLDING,Kantor Pusat,,OFFICER KONSULTANSI AUDIT 1A,OFFICER,KONSULTANSI AUDIT 1A,G2,S1 Akuntansi/Administrasi Fiskal,1,S1,Rekrut 2024,Audit dan Risiko,2,0.471
3878,2024,HOLDING,Kantor Pusat,,OFFICER LEGAL BUSINESS PARTNER PENGADAAN ENERGI BARU TERBARUKAN,OFFICER,LEGAL BUSINESS PARTNER PENGADAAN ENERGI BARU TERBARUKAN,G2,S1 Logistik/Supply Chain Management,1,S1,Rekrut 2024,Manajemen Konstruksi dan Pengadaan,2,0.471
3879,2024,HOLDING,Kantor Pusat,,OFFICER PELAKSANA PENGADAAN EPC PEMBANGKIT NON EBT,OFFICER,PELAKSANA PENGADAAN EPC PEMBANGKIT NON EBT,G2,S1 Teknik Mesin/Konversi Energi,1,S1,Rekrut 2024,Pembangkitan,2,0.471
3880,2024,HOLDING,Kantor Pusat,,OFFICER PELAKSANA PENGADAAN IPP HIDRO,OFFICER,PELAKSANA PENGADAAN IPP HIDRO,G2,S1 Teknik Mesin/Konversi Energi,1,S1,Rekrut 2024,Pembangkitan,2,0.471
3881,2024,HOLDING,Kantor Pusat,,OFFICER PELAYANAN HUMAN CAPITAL BANDUNG,OFFICER,PELAYANAN HUMAN CAPITAL BANDUNG,G2,S1 Psikologi/Kepegawaian,1,S1,Rekrut 2024,Sumber Daya Manusia,2,0.471
3882,2024,HOLDING,Kantor Pusat,,OFFICER PENDANAAN DAN HIBAH LUAR NEGERI,OFFICER,PENDANAAN DAN HIBAH LUAR NEGERI,G2,S1 Akuntansi/Administrasi Fiskal,1,S1,Rekrut 2024,Keuangan dan Akuntansi,2,0.471
3883,2024,HOLDING,Kantor Pusat,,OFFICER PENGELOLA ADMINISTRASI DAN UMUM,OFFICER,PENGELOLA ADMINISTRASI DAN UMUM,G2,S1 Komunikasi/Hubungan Masyarakat,1,S1,Rekrut 2024,Komunikasi dan Umum,2,0.471
3884,2024,HOLDING,Kantor Pusat,,OFFICER PENGEMBANGAN EXPERT,OFFICER,PENGEMBANGAN EXPERT,G2,S1 Teknik Industri/Teknik Material,1,S1,Rekrut 2024,Perencanaan dan Kinerja,2,0.471
3885,2024,HOLDING,Kantor Pusat,,OFFICER PENGEMBANGAN SISTEM ANGGARAN,OFFICER,PENGEMBANGAN SISTEM ANGGARAN,G2,S1 Akuntansi/Administrasi Fiskal,1,S1,Rekrut 2024,Keuangan dan Akuntansi,2,0.471
3886,2024,HOLDING,Kantor Pusat,,OFFICER PENGEMBANGAN TALENTA UIP3B SUMATERA,OFFICER,PENGEMBANGAN TALENTA UIP3B SUMATERA,G2,S1 Psikologi/Kepegawaian,1,S1,Rekrut 2024,Sumber Daya Manusia,2,0.471
3887,2024,HOLDING,Kantor Pusat,,OFFICER PENGENDALIAN KINERJA DAN ANGGARAN KONSTRUKSI,OFFICER,PENGENDALIAN KINERJA DAN ANGGARAN KONSTRUKSI,G2,S1 Logistik/Supply Chain Management,1,S1,Rekrut 2024,Manajemen Konstruksi dan Pengadaan,2,0.471
3888,2024,HOLDING,Kantor Pusat,,OFFICER RISIKO DISTRIBUSI SUMATERA BAGIAN SELATAN,OFFICER,RISIKO DISTRIBUSI SUMATERA BAGIAN SELATAN,G2,S1 Teknik Elektro/Teknik Listrik,1,S1,Rekrut 2024,Distribusi,2,0.471
3889,2024,HOLDING,Kantor Pusat,,OFFICER RISIKO OPERASI DAN PERENCANAAN SISTEM KETENAGALISTRIKAN,OFFICER,RISIKO OPERASI DAN PERENCANAAN SISTEM KETENAGALISTRIKAN,G2,S1 Teknik Kimia/Teknik Lingkungan,1,S1,Rekrut 2024,Perencanaan Sistem,2,0.471
3890,2024,HOLDING,Kantor Pusat,,"OFFICER RISIKO PERENCANAAN, KONTRAK PROYEK, DAN PMO",OFFICER,"RISIKO PERENCANAAN, KONTRAK PROYEK, DAN PMO",G2,S1 Logistik/Supply Chain Management,1,S1,Rekrut 2024,Manajemen Konstruksi dan Pengadaan,2,0.471
3891,2024,HOLDING,Kantor Pusat,,OFFICER SEKRETARIS DIREKSI,OFFICER,SEKRETARIS DIREKSI,G2,S1 Komunikasi/Hubungan Masyarakat,1,S1,Rekrut 2024,Komunikasi dan Umum,2,0.471
3892,2024,HOLDING,Kantor Pusat,,OFFICER SISTEM TEKNOLOGI INFORMASI BALI,OFFICER,SISTEM TEKNOLOGI INFORMASI BALI,G2,S1 Data Science/Teknik Informatika,1,S1,Rekrut 2024,Teknologi Informasi,2,0.471
3893,2024,HOLDING,Kantor Pusat,,OFFICER SISTEM TEKNOLOGI INFORMASI JAWA TIMUR 1,OFFICER,SISTEM TEKNOLOGI INFORMASI JAWA TIMUR 1,G2,S1 Data Science/Teknik Informatika,1,S1,Rekrut 2024,Teknologi Informasi,2,0.471
3894,2024,HOLDING,Kantor Pusat,,OFFICER SISTEM TEKNOLOGI INFORMASI SUMATERA SELATAN 2,OFFICER,SISTEM TEKNOLOGI INFORMASI SUMATERA SELATAN 2,G2,S1 Data Science/Teknik Informatika,1,S1,Rekrut 2024,Teknologi Informasi,2,0.471
3895,2024,HOLDING,Kantor Pusat,,OFFICER TRACKING,OFFICER,TRACKING,G2,S1 Komunikasi/Hubungan Masyarakat,1,S1,Rekrut 2024,Komunikasi dan Umum,2,0.471
3896,2024,HOLDING,Kantor Pusat,,OFFICER VERIFIKASI PURCHASE ORDER KANTOR PUSAT,OFFICER,VERIFIKASI PURCHASE ORDER KANTOR PUSAT,G2,S1 Akuntansi/Administrasi Fiskal,1,S1,Rekrut 2024,Keuangan dan Akuntansi,2,0.471
3897,2024,HOLDING,Kantor Pusat,,TECHNICIAN ANEKA ENERGI IPP,TECHNICIAN,ANEKA ENERGI IPP,G2,S1 Teknik Mesin/Konversi Energi,1,S1,Rekrut 2024,Pembangkitan,2,0.471
3898,2024,HOLDING,Kantor Pusat,,TECHNICIAN PENGELOLAAN PERUBAHAN IKLIM,TECHNICIAN,PENGELOLAAN PERUBAHAN IKLIM,G2,S1 Teknik Industri/Teknik Material,1,S1,Rekrut 2024,Perencanaan dan Kinerja,2,0.471
3899,2024,HOLDING,UID Kaltimra,,OFFICER PELAKSANA PENGADAAN,OFFICER,PELAKSANA PENGADAAN,G2,S1 Logistik/Supply Chain Management,1,S1,3T,Manajemen Konstruksi dan Pengadaan,2,0.47
3900,2024,HOLDING,UID Kaltimra,,OFFICER PERENCANAAN SISTEM KELISTRIKAN,OFFICER,PERENCANAAN SISTEM KELISTRIKAN,G2,S1 Teknik Kimia/Teknik Lingkungan,1,S1,3T,Perencanaan Sistem,2,0.47
3901,2024,HOLDING,UID Jawa Tengah & DIY,,OFFICER KINERJA FASILITAS OPERASI,OFFICER,KINERJA FASILITAS OPERASI,G2,S1 Komunikasi/Hubungan Masyarakat,1,S1,Rekrut 2024,Komunikasi dan Umum,2,0.469
3902,2024,HOLDING,UID Jawa Tengah & DIY,,TECHNICIAN PEMELIHARAAN DISTRIBUSI,TECHNICIAN,PEMELIHARAAN DISTRIBUSI,G2,S1 Teknik Elektro/Teknik Listrik,1,S1,Rekrut 2024,Distribusi,2,0.469
3903,2024,HOLDING,UIT JBT,,"OFFICER KESELAMATAN, KESEHATAN KERJA DAN KEAMANAN",OFFICER,"KESELAMATAN, KESEHATAN KERJA DAN KEAMANAN",G2,S1 Keselamatan Dan Kesehatan Kerja/Kesehatan Masyarakat K3,1,S1,Rekrut 2024,K3 dan Lingkungan,2,0.464
3904,2024,HOLDING,UIP JBT,,OFFICER ADMINISTRASI DAN UMUM,OFFICER,ADMINISTRASI DAN UMUM,G2,S1 Komunikasi/Hubungan Masyarakat,1,S1,Rekrut 2024,Komunikasi dan Umum,2,0.462
3905,2024,HOLDING,UID Jawa Barat,,TECHNICIAN TRANSAKSI ENERGI LAYANAN PELANGGAN,TECHNICIAN,TRANSAKSI ENERGI LAYANAN PELANGGAN,G2,S1 Teknik Elektro/Teknik Listrik,1,S1,Rekrut 2024,Distribusi,2,2.021
3906,2024,HOLDING,UID Banten,,OFFICER KINERJA JARINGAN DISTRIBUSI,OFFICER,KINERJA JARINGAN DISTRIBUSI,G2,S1 Teknik Elektro/Teknik Listrik,1,S1,Rekrut 2024,Distribusi,2,1.98
3907,2024,HOLDING,UID Sumut,,OFFICER KINERJA KEUANGAN DAN UMUM,OFFICER,KINERJA KEUANGAN DAN UMUM,G2,S1 Akuntansi/Administrasi Fiskal,1,S1,Rekrut 2024,Keuangan dan Akuntansi,2,1.918
3908,2024,HOLDING,UID Riau & Kepri,,OFFICER KINERJA DAN ADMINISTRASI LAYANAN PELANGGAN,OFFICER,KINERJA DAN ADMINISTRASI LAYANAN PELANGGAN,G2,S1 Manajemen Pemasaran/Digital Marketing Dan Analytics,1,S1,Rekrut 2024,Niaga dan Pemasaran,2,1.904
3909,2024,HOLDING,UIW Papua&Papua Barat,,TECHNICIAN OPERASI DISTRIBUSI,TECHNICIAN,OPERASI DISTRIBUSI,G2,S1 Teknik Elektro/Teknik Listrik,1,S1,3T,Distribusi,2,1.903
3910,2024,HOLDING,UID Sulselrabar,,OFFICER KINERJA KEUANGAN DAN UMUM,OFFICER,KINERJA KEUANGAN DAN UMUM,G2,S1 Akuntansi/Administrasi Fiskal,1,S1,3T,Keuangan dan Akuntansi,2,1.862
3911,2024,HOLDING,UID Jawa Timur,,TECHNICIAN PENGELOLAAN KONSTRUKSI,TECHNICIAN,PENGELOLAAN KONSTRUKSI,G2,S1 Logistik/Supply Chain Management,1,S1,Rekrut 2024,Manajemen Konstruksi dan Pengadaan,2,1.855
3912,2024,HOLDING,UIP Kalimantan Bag Timur,,OFFICER PERIZINAN DAN PERTANAHAN,OFFICER,PERIZINAN DAN PERTANAHAN,G2,S1 Logistik/Supply Chain Management,1,S1,3T,Manajemen Konstruksi dan Pengadaan,2,1.847
3913,2024,HOLDING,UIW Maluku&Malut,,OFFICER ADMINISTRASI DAN UMUM,OFFICER,ADMINISTRASI DAN UMUM,G2,S1 Komunikasi/Hubungan Masyarakat,1,S1,3T,Komunikasi dan Umum,2,1.824
3914,2024,HOLDING,UIW Maluku&Malut,,OFFICER KINERJA,OFFICER,KINERJA,G2,S1 Teknik Industri/Teknik Material,1,S1,3T,Perencanaan dan Kinerja,2,1.824
3915,2024,HOLDING,UIW Maluku&Malut,,OFFICER PERENCANAAN SISTEM KELISTRIKAN,OFFICER,PERENCANAAN SISTEM KELISTRIKAN,G2,S1 Teknik Kimia/Teknik Lingkungan,1,S1,3T,Perencanaan Sistem,2,1.824
3916,2024,HOLDING,UIW Maluku&Malut,,TECHNICIAN PENGENDALIAN OPERASI SISTEM,TECHNICIAN,PENGENDALIAN OPERASI SISTEM,G2,S1 Teknik Kimia/Teknik Lingkungan,1,S1,3T,Perencanaan Sistem,2,1.824
3917,2024,HOLDING,UIT JBTB,,OFFICER KINERJA KEUANGAN DAN UMUM,OFFICER,KINERJA KEUANGAN DAN UMUM,G2,S1 Akuntansi/Administrasi Fiskal,1,S1,Rekrut 2024,Keuangan dan Akuntansi,2,1.802
3918,2024,HOLDING,UID Jawa Tengah & DIY,,OFFICER KINERJA TRANSAKSI ENERGI LISTRIK,OFFICER,KINERJA TRANSAKSI ENERGI LISTRIK,G2,S1 Teknik Elektro/Teknik Listrik,1,S1,Rekrut 2024,Distribusi,2,1.797
3919,2024,HOLDING,P3B Sumatera,,OFFICER KEUANGAN DAN AKUNTANSI,OFFICER,KEUANGAN DAN AKUNTANSI,G2,S1 Akuntansi/Administrasi Fiskal,1,S1,Rekrut 2024,Keuangan dan Akuntansi,2,1.789
3920,2024,HOLDING,UID Sumbar,,OFFICER LOGISTIK LAYANAN PELANGGAN,OFFICER,LOGISTIK LAYANAN PELANGGAN,G2,S1 Logistik/Supply Chain Management,1,S1,Rekrut 2024,Manajemen Konstruksi dan Pengadaan,2,1.786
3921,2024,HOLDING,PUSERTIF,,TECHNICIAN PENGELOLAAN PENGUJIAN SISTEM PEMBANGKIT,TECHNICIAN,PENGELOLAAN PENGUJIAN SISTEM PEMBANGKIT,G2,S1 Teknik Mesin/Konversi Energi,1,S1,Rekrut 2024,Pembangkitan,2,1.783
3922,2024,HOLDING,UIP Maluku dan Papua,,TECHNICIAN PENGENDALIAN KONSTRUKSI,TECHNICIAN,PENGENDALIAN KONSTRUKSI,G2,S1 Logistik/Supply Chain Management,1,S1,3T,Manajemen Konstruksi dan Pengadaan,2,1.782
3923,2024,HOLDING,UIW NusaTenggaraTimur,,TECHNICIAN PENGENDALIAN OPERASI DAN PEMELIHARAAN PUSAT LISTRIK,TECHNICIAN,PENGENDALIAN OPERASI DAN PEMELIHARAAN PUSAT LISTRIK,G2,S1 Teknik Mesin/Konversi Energi,1,S1,3T,Pembangkitan,2,1.766
3924,2024,HOLDING,UID Jakarta Raya,,TECHNICIAN OPERASI DISTRIBUSI,TECHNICIAN,OPERASI DISTRIBUSI,G2,S1 Teknik Elektro/Teknik Listrik,1,S1,Rekrut 2024,Distribusi,2,1.729
3925,2024,HOLDING,UID Kaltimra,,OFFICER KINERJA KEUANGAN DAN UMUM,OFFICER,KINERJA KEUANGAN DAN UMUM,G2,S1 Akuntansi/Administrasi Fiskal,1,S1,3T,Keuangan dan Akuntansi,2,1.723
3926,2024,HOLDING,UID Banten,,OFFICER KINERJA DAN ADMINISTRASI LAYANAN PELANGGAN,OFFICER,KINERJA DAN ADMINISTRASI LAYANAN PELANGGAN,G2,S1 Manajemen Pemasaran/Digital Marketing Dan Analytics,1,S1,Rekrut 2024,Niaga dan Pemasaran,2,1.722
3927,2024,HOLDING,UID Bali,,OFFICER LOGISTIK LAYANAN PELANGGAN,OFFICER,LOGISTIK LAYANAN PELANGGAN,G2,S1 Logistik/Supply Chain Management,1,S1,Rekrut 2024,Manajemen Konstruksi dan Pengadaan,2,1.707
3928,2024,HOLDING,UIT JBT,,OFFICER KINERJA KEUANGAN DAN UMUM,OFFICER,KINERJA KEUANGAN DAN UMUM,G2,S1 Akuntansi/Administrasi Fiskal,1,S1,Rekrut 2024,Keuangan dan Akuntansi,2,1.703
3929,2024,HOLDING,UID Kalselteng,,OFFICER KINERJA JARINGAN DAN KONSTRUKSI DISTRIBUSI,OFFICER,KINERJA JARINGAN DAN KONSTRUKSI DISTRIBUSI,G2,S1 Teknik Elektro/Teknik Listrik,1,S1,3T,Distribusi,2,1.702
3930,2024,HOLDING,UIP JBTB,,"OFFICER KEUANGAN, PERIZINAN, PERTANAHAN DAN UMUM",OFFICER,"KEUANGAN, PERIZINAN, PERTANAHAN DAN UMUM",G2,S1 Logistik/Supply Chain Management,1,S1,Rekrut 2024,Manajemen Konstruksi dan Pengadaan,2,1.69
3931,2024,HOLDING,UIT JBTB,,OFFICER KINERJA KONSTRUKSI,OFFICER,KINERJA KONSTRUKSI,G2,S1 Logistik/Supply Chain Management,1,S1,Rekrut 2024,Manajemen Konstruksi dan Pengadaan,2,1.682
3932,2024,HOLDING,UIP Kalimantan Bag Timur,,TECHNICIAN PENGENDALIAN KONSTRUKSI,TECHNICIAN,PENGENDALIAN KONSTRUKSI,G2,S1 Logistik/Supply Chain Management,1,S1,3T,Manajemen Konstruksi dan Pengadaan,2,1.662
3933,2024,HOLDING,UID Suluttenggo,,OFFICER KINERJA KEUANGAN DAN UMUM,OFFICER,KINERJA KEUANGAN DAN UMUM,G2,S1 Akuntansi/Administrasi Fiskal,1,S1,3T,Keuangan dan Akuntansi,2,1.657
3934,2024,HOLDING,UIP3B Kalimantan,,OFFICER KINERJA KEUANGAN DAN UMUM,OFFICER,KINERJA KEUANGAN DAN UMUM,G2,S1 Akuntansi/Administrasi Fiskal,1,S1,3T,Keuangan dan Akuntansi,2,1.649
3935,2024,HOLDING,UID Jawa Barat,,TECHNICIAN TEKNISI PDKB,TECHNICIAN,TEKNISI PDKB,G2,S1 Teknik Elektro/Teknik Listrik,1,S1,Rekrut 2024,Distribusi,2,1.642
3936,2024,HOLDING,UID Banten,,OFFICER PRIORITY ACCOUNT EXECUTIVE,OFFICER,PRIORITY ACCOUNT EXECUTIVE,G2,S1 Komunikasi/Hubungan Masyarakat,1,S1,Rekrut 2024,Komunikasi dan Umum,2,1.636
3937,2024,HOLDING,UIP3B Sulawesi,,TECHNICIAN PENGENDALIAN OPERASI DAN PEMELIHARAAN,TECHNICIAN,PENGENDALIAN OPERASI DAN PEMELIHARAAN,G2,S1 Teknik Elektro/Teknik Listrik,1,S1,3T,Distribusi,2,1.602
3938,2024,HOLDING,UID S2JB,,OFFICER KINERJA,OFFICER,KINERJA,G2,S1 Teknik Industri/Teknik Material,1,S1,3T,Perencanaan dan Kinerja,2,1.598
3939,2024,HOLDING,UID Kalbar,,OFFICER KINERJA JARINGAN DAN KONSTRUKSI DISTRIBUSI,OFFICER,KINERJA JARINGAN DAN KONSTRUKSI DISTRIBUSI,G2,S1 Teknik Elektro/Teknik Listrik,1,S1,3T,Distribusi,2,1.596
3940,2024,HOLDING,UID Riau & Kepri,,JUNIOR TECHNICIAN TRANSAKSI ENERGI LAYANAN PELANGGAN,JUNIOR TECHNICIAN,TRANSAKSI ENERGI LAYANAN PELANGGAN,G1,D3 Teknik Elektro/Teknik Listrik,1,D3,Rekrut 2024,Distribusi,1,1.579
3941,2024,HOLDING,UIP Maluku dan Papua,,JUNIOR OFFICER ADMINISTRASI DAN UMUM,JUNIOR OFFICER,ADMINISTRASI DAN UMUM,G1,D3 Komunikasi/Hubungan Masyarakat,1,D3,3T,Komunikasi dan Umum,1,1.575
3942,2024,HOLDING,UIP JBB,,JUNIOR OFFICER KEUANGAN,JUNIOR OFFICER,KEUANGAN,G1,D3 Akuntansi/Administrasi Fiskal,1,D3,Rekrut 2024,Keuangan dan Akuntansi,1,1.562
3943,2024,HOLDING,UIP JBB,,JUNIOR OFFICER PENGADAAN TANAH DAN PENGENDALIAN ROW,JUNIOR OFFICER,PENGADAAN TANAH DAN PENGENDALIAN ROW,G1,D3 Logistik/Supply Chain Management,1,D3,Rekrut 2024,Manajemen Konstruksi dan Pengadaan,1,1.562
3944,2024,HOLDING,UID Aceh,,JUNIOR OFFICER PELAYANAN PELANGGAN,JUNIOR OFFICER,PELAYANAN PELANGGAN,G1,D3 Manajemen Pemasaran/Digital Marketing Dan Analytics,1,D3,3T,Niaga dan Pemasaran,1,1.553
3945,2024,HOLDING,UID Kaltimra,,JUNIOR OFFICER PELAYANAN PELANGGAN,JUNIOR OFFICER,PELAYANAN PELANGGAN,G1,D3 Manajemen Pemasaran/Digital Marketing Dan Analytics,1,D3,3T,Niaga dan Pemasaran,1,1.551
3946,2024,HOLDING,UIP Nusa Tenggara,,JUNIOR TECHNICIAN TEKNIK ELEKTRIKAL,JUNIOR TECHNICIAN,TEKNIK ELEKTRIKAL,G1,D3 Teknik Elektro/Teknik Listrik,1,D3,3T,Distribusi,1,1.541
3947,2024,HOLDING,UID Sulselrabar,,JUNIOR OFFICER PELAYANAN PELANGGAN,JUNIOR OFFICER,PELAYANAN PELANGGAN,G1,D3 Manajemen Pemasaran/Digital Marketing Dan Analytics,1,D3,3T,Niaga dan Pemasaran,1,1.489
3948,2024,HOLDING,UIW Maluku&Malut,,JUNIOR OFFICER PELAYANAN PELANGGAN,JUNIOR OFFICER,PELAYANAN PELANGGAN,G1,D3 Manajemen Pemasaran/Digital Marketing Dan Analytics,1,D3,3T,Niaga dan Pemasaran,1,1.471
3949,2024,HOLDING,UID Jakarta Raya,,JUNIOR TECHNICIAN PENGENDALIAN SUSUT,JUNIOR TECHNICIAN,PENGENDALIAN SUSUT,G1,D3 Teknik Elektro/Teknik Listrik,1,D3,Rekrut 2024,Distribusi,1,1.458
3950,2024,HOLDING,Pusat Pengatur Beban,,JUNIOR TECHNICIAN TELEKOMUNIKASI,JUNIOR TECHNICIAN,TELEKOMUNIKASI,G1,D3 Teknik Elektro/Teknik Listrik,1,D3,Rekrut 2024,Proteksi dan Kontrol,1,1.441
3951,2024,HOLDING,UIP3B Kalimantan,,JUNIOR TECHNICIAN PEMELIHARAAN JARINGAN,JUNIOR TECHNICIAN,PEMELIHARAAN JARINGAN,G1,D3 Teknik Elektro/Teknik Listrik,1,D3,3T,Distribusi,1,1.437
3952,2024,HOLDING,UIP Kalimantan Bag Timur,,JUNIOR TECHNICIAN TEKNIK ELEKTRIKAL,JUNIOR TECHNICIAN,TEKNIK ELEKTRIKAL,G1,D3 Teknik Elektro/Teknik Listrik,1,D3,3T,Distribusi,1,1.427
3953,2024,HOLDING,P3B Sumatera,,"JUNIOR TECHNICIAN PEMELIHARAAN PROTEKSI, METER, DAN OTOMASI TRANSMISI DAN GARDU INDUK",JUNIOR TECHNICIAN,"PEMELIHARAAN PROTEKSI, METER, DAN OTOMASI TRANSMISI DAN GARDU INDUK",G1,D3 Teknik Elektro/Teknik Listrik,1,D3,Rekrut 2024,Transmisi dan Gardu Induk,1,1.399
3954,2024,HOLDING,UIP JBT,,"JUNIOR OFFICER KESELAMATAN, KESEHATAN KERJA, LINGKUNGAN, DAN KEAMANAN",JUNIOR OFFICER,"KESELAMATAN, KESEHATAN KERJA, LINGKUNGAN, DAN KEAMANAN",G1,D3 Keselamatan Dan Kesehatan Kerja/Kesehatan Masyarakat K3,1,D3,Rekrut 2024,K3 dan Lingkungan,1,1.381
3955,2024,HOLDING,UIP3B Kalimantan,,JUNIOR TECHNICIAN PEMELIHARAAN GARDU INDUK,JUNIOR TECHNICIAN,PEMELIHARAAN GARDU INDUK,G1,D3 Teknik Elektro/Teknik Listrik,1,D3,3T,Transmisi dan Gardu Induk,1,1.369
3956,2024,HOLDING,P3B Sumatera,,JUNIOR TECHNICIAN PDKB GI/GITET,JUNIOR TECHNICIAN,PDKB GI/GITET,G1,D3 Teknik Elektro/Teknik Listrik,1,D3,Rekrut 2024,Transmisi dan Gardu Induk,1,1.364
3957,2024,HOLDING,UID Sumbar,,JUNIOR TECHNICIAN TRANSAKSI ENERGI LAYANAN PELANGGAN,JUNIOR TECHNICIAN,TRANSAKSI ENERGI LAYANAN PELANGGAN,G1,D3 Teknik Elektro/Teknik Listrik,1,D3,Rekrut 2024,Distribusi,1,1.362
3958,2024,HOLDING,UIT JBT,,JUNIOR TECHNICIAN PEMELIHARAAN GARDU INDUK,JUNIOR TECHNICIAN,PEMELIHARAAN GARDU INDUK,G1,D3 Teknik Elektro/Teknik Listrik,1,D3,Rekrut 2024,Transmisi dan Gardu Induk,1,1.334
3959,2024,HOLDING,UID S2JB,,JUNIOR TECHNICIAN TEKNIK LAYANAN PELANGGAN,JUNIOR TECHNICIAN,TEKNIK LAYANAN PELANGGAN,G1,D3 Teknik Elektro/Teknik Listrik,1,D3,3T,Distribusi,1,1.325
3960,2024,HOLDING,UID Kalbar,,JUNIOR TECHNICIAN PDKB,JUNIOR TECHNICIAN,PDKB,G1,D3 Teknik Elektro/Teknik Listrik,1,D3,3T,Distribusi,1,1.3
3961,2024,HOLDING,UIP Maluku dan Papua,,JUNIOR TECHNICIAN TEKNIK ELEKTRIKAL,JUNIOR TECHNICIAN,TEKNIK ELEKTRIKAL,G1,D3 Teknik Elektro/Teknik Listrik,1,D3,3T,Distribusi,1,1.289
3962,2024,HOLDING,UID Jakarta Raya,,JUNIOR TECHNICIAN PENGATURAN OPERASI,JUNIOR TECHNICIAN,PENGATURAN OPERASI,G1,D3 Teknik Kimia/Teknik Lingkungan,1,D3,Rekrut 2024,Perencanaan Sistem,1,1.264
3963,2024,HOLDING,Pusat Pengatur Beban,,JUNIOR OFFICER ADMINISTRASI UMUM,JUNIOR OFFICER,ADMINISTRASI UMUM,G1,D3 Komunikasi/Hubungan Masyarakat,1,D3,Rekrut 2024,Komunikasi dan Umum,1,1.261
3964,2024,HOLDING,UIP Sumatera Bag Tengah,,JUNIOR OFFICER PERIZINAN,JUNIOR OFFICER,PERIZINAN,G1,D3 Komunikasi/Hubungan Masyarakat,1,D3,Rekrut 2024,Komunikasi dan Umum,1,1.186
3965,2024,HOLDING,UID Jawa Barat,,JUNIOR TECHNICIAN PENGATURAN OPERASI,JUNIOR TECHNICIAN,PENGATURAN OPERASI,G1,D3 Teknik Kimia/Teknik Lingkungan,1,D3,Rekrut 2024,Perencanaan Sistem,1,1.181
3966,2024,HOLDING,UIT JBTB,,JUNIOR TECHNICIAN PEMELIHARAAN JARINGAN TRANSMISI,JUNIOR TECHNICIAN,PEMELIHARAAN JARINGAN TRANSMISI,G1,D3 Teknik Elektro/Teknik Listrik,1,D3,Rekrut 2024,Transmisi dan Gardu Induk,1,1.176
3967,2024,HOLDING,UIW NusaTenggaraTimur,,JUNIOR TECHNICIAN TRANSAKSI ENERGI LAYANAN PELANGGAN,JUNIOR TECHNICIAN,TRANSAKSI ENERGI LAYANAN PELANGGAN,G1,D3 Teknik Elektro/Teknik Listrik,1,D3,3T,Distribusi,1,1.162
3968,2024,HOLDING,UIT JBT,,JUNIOR TECHNICIAN PEMELIHARAAN JARINGAN TRANSMISI,JUNIOR TECHNICIAN,PEMELIHARAAN JARINGAN TRANSMISI,G1,D3 Teknik Elektro/Teknik Listrik,1,D3,Rekrut 2024,Transmisi dan Gardu Induk,1,1.116
3969,2024,HOLDING,UIW NusaTenggaraTimur,,JUNIOR OFFICER PELAYANAN PELANGGAN,JUNIOR OFFICER,PELAYANAN PELANGGAN,G1,D3 Manajemen Pemasaran/Digital Marketing Dan Analytics,1,D3,3T,Niaga dan Pemasaran,1,1.115
3970,2024,HOLDING,UID Suluttenggo,,JUNIOR OFFICER PELAYANAN PELANGGAN,JUNIOR OFFICER,PELAYANAN PELANGGAN,G1,D3 Manajemen Pemasaran/Digital Marketing Dan Analytics,1,D3,3T,Niaga dan Pemasaran,1,1.112
3971,2024,HOLDING,UID Jawa Tengah & DIY,,JUNIOR TECHNICIAN PENGATURAN OPERASI,JUNIOR TECHNICIAN,PENGATURAN OPERASI,G1,D3 Teknik Kimia/Teknik Lingkungan,1,D3,Rekrut 2024,Perencanaan Sistem,1,1.097
3972,2024,HOLDING,UIP Kalimantan Bag Barat,,JUNIOR OFFICER PENGADAAN TANAH DAN PENGENDALIAN ROW,JUNIOR OFFICER,PENGADAAN TANAH DAN PENGENDALIAN ROW,G1,D3 Logistik/Supply Chain Management,1,D3,3T,Manajemen Konstruksi dan Pengadaan,1,1.081
3973,2024,HOLDING,UIP Kalimantan Bag Barat,,JUNIOR TECHNICIAN TEKNIK ELEKTRIKAL,JUNIOR TECHNICIAN,TEKNIK ELEKTRIKAL,G1,D3 Teknik Elektro/Teknik Listrik,1,D3,3T,Distribusi,1,1.081
3974,2024,HOLDING,UIW NusaTenggara Barat,,JUNIOR TECHNICIAN TEKNIK LAYANAN PELANGGAN,JUNIOR TECHNICIAN,TEKNIK LAYANAN PELANGGAN,G1,D3 Teknik Elektro/Teknik Listrik,1,D3,3T,Distribusi,1,1.079
3975,2024,HOLDING,UIW Papua&Papua Barat,,JUNIOR TECHNICIAN PDKB,JUNIOR TECHNICIAN,PDKB,G1,D3 Teknik Elektro/Teknik Listrik,1,D3,3T,Distribusi,1,1.075
3976,2024,HOLDING,UIP Kalimantan Bag Timur,,JUNIOR OFFICER PENGADAAN TANAH DAN PENGENDALIAN ROW,JUNIOR OFFICER,PENGADAAN TANAH DAN PENGENDALIAN ROW,G1,D3 Logistik/Supply Chain Management,1,D3,3T,Manajemen Konstruksi dan Pengadaan,1,1.07
3977,2024,HOLDING,UID Jakarta Raya,,JUNIOR TECHNICIAN PENGENDALIAN KONSTRUKSI DISTRIBUSI,JUNIOR TECHNICIAN,PENGENDALIAN KONSTRUKSI DISTRIBUSI,G1,D3 Teknik Elektro/Teknik Listrik,1,D3,Rekrut 2024,Distribusi,1,1.069
3978,2024,HOLDING,UID Jakarta Raya,,JUNIOR TECHNICIAN PENYAMBUNGAN DAN PEMUTUSAN,JUNIOR TECHNICIAN,PENYAMBUNGAN DAN PEMUTUSAN,G1,D3 Teknik Elektro/Teknik Listrik,1,D3,Rekrut 2024,Distribusi,1,1.069
3979,2024,HOLDING,UIT JBTB,,"JUNIOR TECHNICIAN PEMELIHARAAN PROTEKSI, METER, DAN OTOMASI TRANSMISI DAN GARDU INDUK",JUNIOR TECHNICIAN,"PEMELIHARAAN PROTEKSI, METER, DAN OTOMASI TRANSMISI DAN GARDU INDUK",G1,D3 Teknik Elektro/Teknik Listrik,1,D3,Rekrut 2024,Transmisi dan Gardu Induk,1,1.058
3980,2024,HOLDING,PUSDIKLAT,,JUNIOR OFFICER ADMINISTRASI UMUM,JUNIOR OFFICER,ADMINISTRASI UMUM,G1,D3 Komunikasi/Hubungan Masyarakat,1,D3,Rekrut 2024,Komunikasi dan Umum,1,1.038
3981,2024,HOLDING,PUSDIKLAT,,JUNIOR OFFICER KEUANGAN DAN AKUNTANSI,JUNIOR OFFICER,KEUANGAN DAN AKUNTANSI,G1,D3 Akuntansi/Administrasi Fiskal,1,D3,Rekrut 2024,Keuangan dan Akuntansi,1,1.038
3982,2024,HOLDING,PUSDIKLAT,,JUNIOR OFFICER PELAYANAN DAN FASILITAS TEKNOLOGI INFORMASI PEMBELAJARAN,JUNIOR OFFICER,PELAYANAN DAN FASILITAS TEKNOLOGI INFORMASI PEMBELAJARAN,G1,D3 Psikologi/Kepegawaian,1,D3,Rekrut 2024,Sumber Daya Manusia,1,1.038
3983,2024,HOLDING,UID Lampung,,JUNIOR OFFICER PELAYANAN PELANGGAN,JUNIOR OFFICER,PELAYANAN PELANGGAN,G1,D3 Manajemen Pemasaran/Digital Marketing Dan Analytics,1,D3,Rekrut 2024,Niaga dan Pemasaran,1,1.034
3984,2024,HOLDING,UIP Sulawesi,,JUNIOR OFFICER ADMINISTRASI DAN UMUM,JUNIOR OFFICER,ADMINISTRASI DAN UMUM,G1,D3 Komunikasi/Hubungan Masyarakat,1,D3,3T,Komunikasi dan Umum,1,1.033
3985,2024,HOLDING,UID S2JB,,JUNIOR TECHNICIAN PENGATURAN OPERASI,JUNIOR TECHNICIAN,PENGATURAN OPERASI,G1,D3 Teknik Kimia/Teknik Lingkungan,1,D3,3T,Perencanaan Sistem,1,1.031
3986,2024,HOLDING,UIP Nusa Tenggara,,JUNIOR OFFICER PENGADAAN TANAH DAN PENGENDALIAN ROW,JUNIOR OFFICER,PENGADAAN TANAH DAN PENGENDALIAN ROW,G1,D3 Logistik/Supply Chain Management,1,D3,3T,Manajemen Konstruksi dan Pengadaan,1,1.028
3987,2024,HOLDING,UIT JBB,,JUNIOR TECHNICIAN PDKB SUTT/SUTET,JUNIOR TECHNICIAN,PDKB SUTT/SUTET,G1,D3 Teknik Elektro/Teknik Listrik,1,D3,Rekrut 2024,Transmisi dan Gardu Induk,1,1.015
3988,2024,HOLDING,UIW NusaTenggara Barat,,JUNIOR TECHNICIAN OPERASI PUSAT LISTRIK,JUNIOR TECHNICIAN,OPERASI PUSAT LISTRIK,G1,D3 Teknik Mesin/Konversi Energi,1,D3,3T,Pembangkitan,1,0.992
3989,2024,HOLDING,UIP Sumatera Bag Tengah,,JUNIOR OFFICER PENGADAAN TANAH DAN PENGENDALIAN ROW,JUNIOR OFFICER,PENGADAAN TANAH DAN PENGENDALIAN ROW,G1,D3 Logistik/Supply Chain Management,1,D3,Rekrut 2024,Manajemen Konstruksi dan Pengadaan,1,0.989
3990,2024,HOLDING,UIW Maluku&Malut,,JUNIOR TECHNICIAN PEMELIHARAAN PUSAT LISTRIK,JUNIOR TECHNICIAN,PEMELIHARAAN PUSAT LISTRIK,G1,D3 Teknik Mesin/Konversi Energi,1,D3,3T,Pembangkitan,1,0.981
3991,2024,HOLDING,UIT JBT,,JUNIOR TECHNICIAN PDKB SUTT/SUTET,JUNIOR TECHNICIAN,PDKB SUTT/SUTET,G1,D3 Teknik Elektro/Teknik Listrik,1,D3,Rekrut 2024,Transmisi dan Gardu Induk,1,0.953
3992,2024,HOLDING,UID Suluttenggo,,JUNIOR TECHNICIAN PDKB,JUNIOR TECHNICIAN,PDKB,G1,D3 Teknik Elektro/Teknik Listrik,1,D3,3T,Distribusi,1,0.936
3993,2024,HOLDING,UIW NusaTenggara Barat,,JUNIOR OFFICER PELAYANAN PELANGGAN,JUNIOR OFFICER,PELAYANAN PELANGGAN,G1,D3 Manajemen Pemasaran/Digital Marketing Dan Analytics,1,D3,3T,Niaga dan Pemasaran,1,0.933
3994,2024,HOLDING,UIW NusaTenggaraTimur,,JUNIOR TECHNICIAN OPERASI DISTRIBUSI,JUNIOR TECHNICIAN,OPERASI DISTRIBUSI,G1,D3 Teknik Elektro/Teknik Listrik,1,D3,3T,Distribusi,1,0.929
3995,2024,HOLDING,UIW NusaTenggaraTimur,,JUNIOR TECHNICIAN PDKB,JUNIOR TECHNICIAN,PDKB,G1,D3 Teknik Elektro/Teknik Listrik,1,D3,3T,Distribusi,1,0.929
3996,2024,HOLDING,UIP3B Sulawesi,,JUNIOR TECHNICIAN PEMELIHARAAN GARDU INDUK,JUNIOR TECHNICIAN,PEMELIHARAAN GARDU INDUK,G1,D3 Teknik Elektro/Teknik Listrik,1,D3,3T,Transmisi dan Gardu Induk,1,0.928
3997,2024,HOLDING,UID Kaltimra,,JUNIOR TECHNICIAN PENGATURAN OPERASI,JUNIOR TECHNICIAN,PENGATURAN OPERASI,G1,D3 Teknik Kimia/Teknik Lingkungan,1,D3,3T,Perencanaan Sistem,1,0.917
3998,2024,HOLDING,UIP Sumatera Bag Selatan,,JUNIOR OFFICER PENGADAAN TANAH DAN PENGENDALIAN ROW,JUNIOR OFFICER,PENGADAAN TANAH DAN PENGENDALIAN ROW,G1,D3 Logistik/Supply Chain Management,1,D3,Rekrut 2024,Manajemen Konstruksi dan Pengadaan,1,0.907
3999,2024,HOLDING,UIW NusaTenggara Barat,,JUNIOR TECHNICIAN TRANSAKSI ENERGI LAYANAN PELANGGAN,JUNIOR TECHNICIAN,TRANSAKSI ENERGI LAYANAN PELANGGAN,G1,D3 Teknik Elektro/Teknik Listrik,1,D3,3T,Distribusi,1,0.904
4000,2024,HOLDING,Pusat Pengatur Beban,,JUNIOR TECHNICIAN OPERASI REAL TIME A,JUNIOR TECHNICIAN,OPERASI REAL TIME A,G1,D3 Teknik Elektro/Teknik Listrik,1,D3,Rekrut 2024,Distribusi,1,0.901
4001,2024,HOLDING,UID Kalbar,,JUNIOR TECHNICIAN PENGATURAN OPERASI,JUNIOR TECHNICIAN,PENGATURAN OPERASI,G1,D3 Teknik Kimia/Teknik Lingkungan,1,D3,3T,Perencanaan Sistem,1,0.9
4002,2024,HOLDING,UID Jakarta Raya,,JUNIOR TECHNICIAN PDKB,JUNIOR TECHNICIAN,PDKB,G1,D3 Teknik Elektro/Teknik Listrik,1,D3,Rekrut 2024,Distribusi,1,0.875
4003,2024,HOLDING,UIP Maluku dan Papua,,JUNIOR OFFICER PENGADAAN TANAH DAN PENGENDALIAN ROW,JUNIOR OFFICER,PENGADAAN TANAH DAN PENGENDALIAN ROW,G1,D3 Logistik/Supply Chain Management,1,D3,3T,Manajemen Konstruksi dan Pengadaan,1,0.859
4004,2024,HOLDING,PUSHARLIS,,JUNIOR TECHNICIAN MEKANIKAL,JUNIOR TECHNICIAN,MEKANIKAL,G1,D3 Teknik Elektro/Teknik Listrik,1,D3,Rekrut 2024,Distribusi,1,0.857
4005,2024,HOLDING,PUSERTIF,,JUNIOR TECHNICIAN PENGUJIAN ARUS TINGGI,JUNIOR TECHNICIAN,PENGUJIAN ARUS TINGGI,G1,D3 Teknik Elektro/Teknik Listrik,1,D3,Rekrut 2024,Distribusi,1,0.85
4006,2024,HOLDING,UID Riau & Kepri,,JUNIOR TECHNICIAN PENGATURAN OPERASI,JUNIOR TECHNICIAN,PENGATURAN OPERASI,G1,D3 Teknik Kimia/Teknik Lingkungan,1,D3,Rekrut 2024,Perencanaan Sistem,1,0.85
4007,2024,HOLDING,UID Banten,,JUNIOR TECHNICIAN TEKNIK LAYANAN PELANGGAN,JUNIOR TECHNICIAN,TEKNIK LAYANAN PELANGGAN,G1,D3 Teknik Elektro/Teknik Listrik,1,D3,Rekrut 2024,Distribusi,1,0.846
4008,2024,HOLDING,UIW Maluku&Malut,,JUNIOR TECHNICIAN OPERASI DISTRIBUSI,JUNIOR TECHNICIAN,OPERASI DISTRIBUSI,G1,D3 Teknik Elektro/Teknik Listrik,1,D3,3T,Distribusi,1,0.817
4009,2024,HOLDING,UIW Maluku&Malut,,JUNIOR TECHNICIAN PEMELIHARAAN JARINGAN TRANSMISI DAN GARDU INDUK,JUNIOR TECHNICIAN,PEMELIHARAAN JARINGAN TRANSMISI DAN GARDU INDUK,G1,D3 Teknik Elektro/Teknik Listrik,1,D3,3T,Transmisi dan Gardu Induk,1,0.817
4010,2024,HOLDING,UID Lampung,,JUNIOR TECHNICIAN PENGATURAN OPERASI,JUNIOR TECHNICIAN,PENGATURAN OPERASI,G1,D3 Teknik Kimia/Teknik Lingkungan,1,D3,Rekrut 2024,Perencanaan Sistem,1,0.804
4011,2024,HOLDING,UID Lampung,,JUNIOR TECHNICIAN TEKNIK LAYANAN PELANGGAN,JUNIOR TECHNICIAN,TEKNIK LAYANAN PELANGGAN,G1,D3 Teknik Elektro/Teknik Listrik,1,D3,Rekrut 2024,Distribusi,1,0.804
4012,2024,HOLDING,UID Bali,,JUNIOR TECHNICIAN PENGATURAN OPERASI,JUNIOR TECHNICIAN,PENGATURAN OPERASI,G1,D3 Teknik Kimia/Teknik Lingkungan,1,D3,Rekrut 2024,Perencanaan Sistem,1,0.8
4013,2024,HOLDING,UIP JBB,,JUNIOR OFFICER LOGISTIK,JUNIOR OFFICER,LOGISTIK,G1,D3 Logistik/Supply Chain Management,1,D3,Rekrut 2024,Manajemen Konstruksi dan Pengadaan,1,0.781
4014,2024,HOLDING,UIP Sumatera Bag Utara,,JUNIOR OFFICER PENGADAAN TANAH DAN PENGENDALIAN ROW,JUNIOR OFFICER,PENGADAAN TANAH DAN PENGENDALIAN ROW,G1,D3 Logistik/Supply Chain Management,1,D3,Rekrut 2024,Manajemen Konstruksi dan Pengadaan,1,0.781
4015,2024,HOLDING,UID Jakarta Raya,,JUNIOR OFFICER ACCOUNT EXECUTIVE,JUNIOR OFFICER,ACCOUNT EXECUTIVE,G1,D3 Komunikasi/Hubungan Masyarakat,1,D3,Rekrut 2024,Komunikasi dan Umum,1,0.778
4016,2024,HOLDING,UID Jakarta Raya,,JUNIOR OFFICER ADMINISTRASI DAN PELAYANAN PELANGGAN,JUNIOR OFFICER,ADMINISTRASI DAN PELAYANAN PELANGGAN,G1,D3 Manajemen Pemasaran/Digital Marketing Dan Analytics,1,D3,Rekrut 2024,Niaga dan Pemasaran,1,0.778
4017,2024,HOLDING,UID Jakarta Raya,,JUNIOR OFFICER PENGELOLAAN PIUTANG,JUNIOR OFFICER,PENGELOLAAN PIUTANG,G1,D3 Teknik Industri/Teknik Material,1,D3,Rekrut 2024,Perencanaan dan Kinerja,1,0.778
4018,2024,HOLDING,UID Kaltimra,,JUNIOR TECHNICIAN PDKB,JUNIOR TECHNICIAN,PDKB,G1,D3 Teknik Elektro/Teknik Listrik,1,D3,3T,Distribusi,1,0.776
4019,2024,HOLDING,Pusat Pengatur Beban,,JUNIOR TECHNICIAN DATA DISTURBANCE FAULT RECORDER (DFR) DAN PHASOR MEASUREMENT UNIT (PMU),JUNIOR TECHNICIAN,DATA DISTURBANCE FAULT RECORDER (DFR) DAN PHASOR MEASUREMENT UNIT (PMU),G1,D3 Data Science/Teknik Informatika,1,D3,Rekrut 2024,Teknologi Informasi,1,0.721
4020,2024,HOLDING,Pusat Pengatur Beban,,JUNIOR TECHNICIAN OPERASI REAL TIME C,JUNIOR TECHNICIAN,OPERASI REAL TIME C,G1,D3 Teknik Elektro/Teknik Listrik,1,D3,Rekrut 2024,Distribusi,1,0.721
4021,2024,HOLDING,UID Sulselrabar,,JUNIOR TECHNICIAN PENGATURAN OPERASI,JUNIOR TECHNICIAN,PENGATURAN OPERASI,G1,D3 Teknik Kimia/Teknik Lingkungan,1,D3,3T,Perencanaan Sistem,1,0.715
4022,2024,HOLDING,UIP Kalimantan Bag Timur,,JUNIOR OFFICER PERIZINAN,JUNIOR OFFICER,PERIZINAN,G1,D3 Komunikasi/Hubungan Masyarakat,1,D3,3T,Komunikasi dan Umum,1,0.713
4023,2024,HOLDING,UIP JBT,,JUNIOR OFFICER KEUANGAN,JUNIOR OFFICER,KEUANGAN,G1,D3 Akuntansi/Administrasi Fiskal,1,D3,Rekrut 2024,Keuangan dan Akuntansi,1,0.691
4024,2024,HOLDING,UIP JBT,,JUNIOR OFFICER PENGADAAN TANAH DAN PENGENDALIAN ROW,JUNIOR OFFICER,PENGADAAN TANAH DAN PENGENDALIAN ROW,G1,D3 Logistik/Supply Chain Management,1,D3,Rekrut 2024,Manajemen Konstruksi dan Pengadaan,1,0.691
4025,2024,HOLDING,UID Lampung,,JUNIOR TECHNICIAN PDKB,JUNIOR TECHNICIAN,PDKB,G1,D3 Teknik Elektro/Teknik Listrik,1,D3,Rekrut 2024,Distribusi,1,0.689
4026,2024,HOLDING,PUSHARLIS,,JUNIOR OFFICER ADMINISTRASI UMUM,JUNIOR OFFICER,ADMINISTRASI UMUM,G1,D3 Komunikasi/Hubungan Masyarakat,1,D3,Rekrut 2024,Komunikasi dan Umum,1,0.686
4027,2024,HOLDING,UIK Tanjung Jati B,,JUNIOR OFFICER ADMINISTRASI DAN UMUM,JUNIOR OFFICER,ADMINISTRASI DAN UMUM,G1,D3 Komunikasi/Hubungan Masyarakat,1,D3,Rekrut 2024,Komunikasi dan Umum,1,0.686
4028,2024,HOLDING,UIK Tanjung Jati B,,JUNIOR OFFICER KESELAMATAN DAN KESEHATAN KERJA,JUNIOR OFFICER,KESELAMATAN DAN KESEHATAN KERJA,G1,D3 Keselamatan Dan Kesehatan Kerja/Kesehatan Masyarakat K3,1,D3,Rekrut 2024,K3 dan Lingkungan,1,0.686
4029,2024,HOLDING,UID Sumbar,,JUNIOR TECHNICIAN PDKB,JUNIOR TECHNICIAN,PDKB,G1,D3 Teknik Elektro/Teknik Listrik,1,D3,Rekrut 2024,Distribusi,1,0.681
4030,2024,HOLDING,UID Jakarta Raya,,"JUNIOR OFFICER KESELAMATAN, KESEHATAN KERJA, LINGKUNGAN DAN KEAMANAN",JUNIOR OFFICER,"KESELAMATAN, KESEHATAN KERJA, LINGKUNGAN DAN KEAMANAN",G1,D3 Keselamatan Dan Kesehatan Kerja/Kesehatan Masyarakat K3,1,D3,Rekrut 2024,K3 dan Lingkungan,1,0.68
4031,2024,HOLDING,UID Jakarta Raya,,JUNIOR OFFICER LOGISTIK,JUNIOR OFFICER,LOGISTIK,G1,D3 Logistik/Supply Chain Management,1,D3,Rekrut 2024,Manajemen Konstruksi dan Pengadaan,1,0.68
4032,2024,HOLDING,UID Jakarta Raya,,JUNIOR OFFICER PEMBACAAN METER,JUNIOR OFFICER,PEMBACAAN METER,G1,D3 Teknik Elektro/Teknik Listrik,1,D3,Rekrut 2024,Distribusi,1,0.68
4033,2024,HOLDING,UID Jakarta Raya,,JUNIOR TECHNICIAN PEMELIHARAAN DISTRIBUSI,JUNIOR TECHNICIAN,PEMELIHARAAN DISTRIBUSI,G1,D3 Teknik Elektro/Teknik Listrik,1,D3,Rekrut 2024,Distribusi,1,0.68
4034,2024,HOLDING,UID Banten,,JUNIOR TECHNICIAN TRANSAKSI ENERGI LAYANAN PELANGGAN,JUNIOR TECHNICIAN,TRANSAKSI ENERGI LAYANAN PELANGGAN,G1,D3 Teknik Elektro/Teknik Listrik,1,D3,Rekrut 2024,Distribusi,1,0.677
4035,2024,HOLDING,UIT JBB,,JUNIOR TECHNICIAN PDKB GI/GITET,JUNIOR TECHNICIAN,PDKB GI/GITET,G1,D3 Teknik Elektro/Teknik Listrik,1,D3,Rekrut 2024,Transmisi dan Gardu Induk,1,0.66
4036,2024,HOLDING,UIW Maluku&Malut,,JUNIOR OFFICER PELAKSANA PENGADAAN,JUNIOR OFFICER,PELAKSANA PENGADAAN,G1,D3 Logistik/Supply Chain Management,1,D3,3T,Manajemen Konstruksi dan Pengadaan,1,0.654
4037,2024,HOLDING,UIT JBT,,"JUNIOR TECHNICIAN PEMELIHARAAN PROTEKSI, METER, DAN OTOMASI TRANSMISI DAN GARDU INDUK",JUNIOR TECHNICIAN,"PEMELIHARAAN PROTEKSI, METER, DAN OTOMASI TRANSMISI DAN GARDU INDUK",G1,D3 Teknik Elektro/Teknik Listrik,1,D3,Rekrut 2024,Transmisi dan Gardu Induk,1,0.653
4038,2024,HOLDING,UIW NusaTenggaraTimur,,JUNIOR TECHNICIAN PEMELIHARAAN JARINGAN TRANSMISI,JUNIOR TECHNICIAN,PEMELIHARAAN JARINGAN TRANSMISI,G1,D3 Teknik Elektro/Teknik Listrik,1,D3,3T,Transmisi dan Gardu Induk,1,0.651
4039,2024,HOLDING,UIT JBTB,,JUNIOR TECHNICIAN PDKB GI/GITET,JUNIOR TECHNICIAN,PDKB GI/GITET,G1,D3 Teknik Elektro/Teknik Listrik,1,D3,Rekrut 2024,Transmisi dan Gardu Induk,1,0.627
4040,2024,HOLDING,UIW Papua&Papua Barat,,JUNIOR TECHNICIAN PEMELIHARAAN JARINGAN TRANSMISI DAN GARDU INDUK,JUNIOR TECHNICIAN,PEMELIHARAAN JARINGAN TRANSMISI DAN GARDU INDUK,G1,D3 Teknik Elektro/Teknik Listrik,1,D3,3T,Transmisi dan Gardu Induk,1,0.622
4041,2024,HOLDING,UIP Sulawesi,,JUNIOR OFFICER PENGADAAN TANAH DAN PENGENDALIAN ROW,JUNIOR OFFICER,PENGADAAN TANAH DAN PENGENDALIAN ROW,G1,D3 Logistik/Supply Chain Management,1,D3,3T,Manajemen Konstruksi dan Pengadaan,1,0.62
4042,2024,HOLDING,UIP Sulawesi,,JUNIOR TECHNICIAN PROYEK,JUNIOR TECHNICIAN,PROYEK,G1,D3 Logistik/Supply Chain Management,1,D3,3T,Manajemen Konstruksi dan Pengadaan,1,0.62
4043,2024,HOLDING,UIP Sulawesi,,JUNIOR TECHNICIAN TEKNIK ELEKTRIKAL,JUNIOR TECHNICIAN,TEKNIK ELEKTRIKAL,G1,D3 Teknik Elektro/Teknik Listrik,1,D3,3T,Distribusi,1,0.62
4044,2024,HOLDING,UIP3B Kalimantan,,"JUNIOR TECHNICIAN PEMELIHARAAN PROTEKSI, METER, DAN OTOMASI",JUNIOR TECHNICIAN,"PEMELIHARAAN PROTEKSI, METER, DAN OTOMASI",G1,D3 Teknik Elektro/Teknik Listrik,1,D3,3T,Proteksi dan Kontrol,1,0.616
4045,2024,HOLDING,UIW Bangka Belitung,,JUNIOR TECHNICIAN PDKB,JUNIOR TECHNICIAN,PDKB,G1,D3 Teknik Elektro/Teknik Listrik,1,D3,Rekrut 2024,Distribusi,1,0.614
4046,2024,HOLDING,UID Bali,,JUNIOR TECHNICIAN TRANSAKSI ENERGI LAYANAN PELANGGAN,JUNIOR TECHNICIAN,TRANSAKSI ENERGI LAYANAN PELANGGAN,G1,D3 Teknik Elektro/Teknik Listrik,1,D3,Rekrut 2024,Distribusi,1,0.6
4047,2024,HOLDING,UIP3B Sulawesi,,JUNIOR TECHNICIAN PDKB SUTT/SUTET,JUNIOR TECHNICIAN,PDKB SUTT/SUTET,G1,D3 Teknik Elektro/Teknik Listrik,1,D3,3T,Transmisi dan Gardu Induk,1,0.599
4048,2024,HOLDING,UIT JBT,,JUNIOR OFFICER ADMINISTRASI UMUM,JUNIOR OFFICER,ADMINISTRASI UMUM,G1,D3 Komunikasi/Hubungan Masyarakat,1,D3,Rekrut 2024,Komunikasi dan Umum,1,0.599
4049,2024,HOLDING,UIP Sumatera Bag Tengah,,JUNIOR OFFICER ADMINISTRASI DAN UMUM,JUNIOR OFFICER,ADMINISTRASI DAN UMUM,G1,D3 Komunikasi/Hubungan Masyarakat,1,D3,Rekrut 2024,Komunikasi dan Umum,1,0.593
4050,2024,HOLDING,UIP Sumatera Bag Utara,,JUNIOR OFFICER ADMINISTRASI DAN UMUM,JUNIOR OFFICER,ADMINISTRASI DAN UMUM,G1,D3 Komunikasi/Hubungan Masyarakat,1,D3,Rekrut 2024,Komunikasi dan Umum,1,0.586
4051,2024,HOLDING,UID Sumbar,,JUNIOR TECHNICIAN PENGATURAN OPERASI,JUNIOR TECHNICIAN,PENGATURAN OPERASI,G1,D3 Teknik Kimia/Teknik Lingkungan,1,D3,Rekrut 2024,Perencanaan Sistem,1,0.584
4052,2024,HOLDING,UIP3B Sulawesi,,"JUNIOR TECHNICIAN PEMELIHARAAN PROTEKSI, METER, DAN OTOMASI",JUNIOR TECHNICIAN,"PEMELIHARAAN PROTEKSI, METER, DAN OTOMASI",G1,D3 Teknik Elektro/Teknik Listrik,1,D3,3T,Proteksi dan Kontrol,1,0.569
4053,2024,HOLDING,UID Kaltimra,,JUNIOR TECHNICIAN OPERASI DAN PEMELIHARAAN DISTRIBUSI,JUNIOR TECHNICIAN,OPERASI DAN PEMELIHARAAN DISTRIBUSI,G1,D3 Teknik Elektro/Teknik Listrik,1,D3,3T,Distribusi,1,0.564
4054,2024,HOLDING,P3B Sumatera,,JUNIOR OFFICER ADMINISTRASI DAN UMUM,JUNIOR OFFICER,ADMINISTRASI DAN UMUM,G1,D3 Komunikasi/Hubungan Masyarakat,1,D3,Rekrut 2024,Komunikasi dan Umum,1,0.56
4055,2024,HOLDING,UIT JBB,,JUNIOR OFFICER ADMINISTRASI DAN UMUM,JUNIOR OFFICER,ADMINISTRASI DAN UMUM,G1,D3 Komunikasi/Hubungan Masyarakat,1,D3,Rekrut 2024,Komunikasi dan Umum,1,0.558
4056,2024,HOLDING,UIW NusaTenggaraTimur,,JUNIOR TECHNICIAN PEMELIHARAAN GARDU INDUK,JUNIOR TECHNICIAN,PEMELIHARAAN GARDU INDUK,G1,D3 Teknik Elektro/Teknik Listrik,1,D3,3T,Transmisi dan Gardu Induk,1,0.558
4057,2024,HOLDING,UIP JBTB,,JUNIOR OFFICER LOGISTIK,JUNIOR OFFICER,LOGISTIK,G1,D3 Logistik/Supply Chain Management,1,D3,Rekrut 2024,Manajemen Konstruksi dan Pengadaan,1,0.554
4058,2024,HOLDING,UIP JBTB,,JUNIOR TECHNICIAN PENGENDALIAN KONTRAK DAN PELAPORAN,JUNIOR TECHNICIAN,PENGENDALIAN KONTRAK DAN PELAPORAN,G1,D3 Logistik/Supply Chain Management,1,D3,Rekrut 2024,Manajemen Konstruksi dan Pengadaan,1,0.554
4059,2024,HOLDING,UIT JBB,,"JUNIOR TECHNICIAN PEMELIHARAAN PROTEKSI, METER, DAN OTOMASI TRANSMISI DAN GARDU INDUK",JUNIOR TECHNICIAN,"PEMELIHARAAN PROTEKSI, METER, DAN OTOMASI TRANSMISI DAN GARDU INDUK",G1,D3 Teknik Elektro/Teknik Listrik,1,D3,Rekrut 2024,Transmisi dan Gardu Induk,1,2.131
4060,2024,HOLDING,UIW Maluku&Malut,,JUNIOR TECHNICIAN PDKB,JUNIOR TECHNICIAN,PDKB,G1,D3 Teknik Elektro/Teknik Listrik,1,D3,3T,Distribusi,1,2.125
4061,2024,HOLDING,UID Kalselteng,,JUNIOR OFFICER PELAYANAN PELANGGAN,JUNIOR OFFICER,PELAYANAN PELANGGAN,G1,D3 Manajemen Pemasaran/Digital Marketing Dan Analytics,1,D3,3T,Niaga dan Pemasaran,1,2.123
4062,2024,HOLDING,UID Kaltimra,,JUNIOR TECHNICIAN TRANSAKSI ENERGI LAYANAN PELANGGAN,JUNIOR TECHNICIAN,TRANSAKSI ENERGI LAYANAN PELANGGAN,G1,D3 Teknik Elektro/Teknik Listrik,1,D3,3T,Distribusi,1,2.115
4063,2024,HOLDING,UID Sumut,,JUNIOR TECHNICIAN TRANSAKSI ENERGI LAYANAN PELANGGAN,JUNIOR TECHNICIAN,TRANSAKSI ENERGI LAYANAN PELANGGAN,G1,D3 Teknik Elektro/Teknik Listrik,1,D3,Rekrut 2024,Distribusi,1,2.112
4064,2024,HOLDING,PUSDIKLAT,,JUNIOR OFFICER ADMINITRASI DAN UMUM,JUNIOR OFFICER,ADMINITRASI DAN UMUM,G1,D3 Komunikasi/Hubungan Masyarakat,1,D3,Rekrut 2024,Komunikasi dan Umum,1,2.076
4065,2024,HOLDING,UID Lampung,,JUNIOR TECHNICIAN TRANSAKSI ENERGI LAYANAN PELANGGAN,JUNIOR TECHNICIAN,TRANSAKSI ENERGI LAYANAN PELANGGAN,G1,D3 Teknik Elektro/Teknik Listrik,1,D3,Rekrut 2024,Distribusi,1,2.068
4066,2024,HOLDING,Kantor Pusat,,JUNIOR OFFICER ADMINISTRASI MANAJEMEN DIGITAL,JUNIOR OFFICER,ADMINISTRASI MANAJEMEN DIGITAL,G1,D3 Data Science/Teknik Informatika,1,D3,Rekrut 2024,Teknologi Informasi,1,2.049
4067,2024,HOLDING,Kantor Pusat,,JUNIOR OFFICER ADMINISTRASI STRATEGI HUMAN CAPITAL,JUNIOR OFFICER,ADMINISTRASI STRATEGI HUMAN CAPITAL,G1,D3 Psikologi/Kepegawaian,1,D3,Rekrut 2024,Sumber Daya Manusia,1,2.049
4068,2024,HOLDING,Kantor Pusat,,JUNIOR OFFICER DANA PENSIUN DAN JAMINAN SOSIAL,JUNIOR OFFICER,DANA PENSIUN DAN JAMINAN SOSIAL,G1,D3 Komunikasi/Hubungan Masyarakat,1,D3,Rekrut 2024,Komunikasi dan Umum,1,2.049
4069,2024,HOLDING,Kantor Pusat,,JUNIOR OFFICER HUBUNGAN PEMERINTAHAN,JUNIOR OFFICER,HUBUNGAN PEMERINTAHAN,G1,D3 Komunikasi/Hubungan Masyarakat,1,D3,Rekrut 2024,Komunikasi dan Umum,1,2.049
4070,2024,HOLDING,Kantor Pusat,,JUNIOR OFFICER PELAYANAN HUMAN CAPITAL BALIKPAPAN,JUNIOR OFFICER,PELAYANAN HUMAN CAPITAL BALIKPAPAN,G1,D3 Psikologi/Kepegawaian,1,D3,Rekrut 2024,Sumber Daya Manusia,1,2.049
4071,2024,HOLDING,Kantor Pusat,,JUNIOR OFFICER PELAYANAN HUMAN CAPITAL BANJARBARU,JUNIOR OFFICER,PELAYANAN HUMAN CAPITAL BANJARBARU,G1,D3 Psikologi/Kepegawaian,1,D3,Rekrut 2024,Sumber Daya Manusia,1,2.049
4072,2024,HOLDING,Kantor Pusat,,JUNIOR OFFICER PELAYANAN HUMAN CAPITAL DEPOK,JUNIOR OFFICER,PELAYANAN HUMAN CAPITAL DEPOK,G1,D3 Psikologi/Kepegawaian,1,D3,Rekrut 2024,Sumber Daya Manusia,1,2.049
4073,2024,HOLDING,Kantor Pusat,,JUNIOR OFFICER PELAYANAN HUMAN CAPITAL KANTOR PUSAT,JUNIOR OFFICER,PELAYANAN HUMAN CAPITAL KANTOR PUSAT,G1,D3 Psikologi/Kepegawaian,1,D3,Rekrut 2024,Sumber Daya Manusia,1,2.049
4074,2024,HOLDING,Kantor Pusat,,JUNIOR OFFICER PELAYANAN HUMAN CAPITAL KUPANG,JUNIOR OFFICER,PELAYANAN HUMAN CAPITAL KUPANG,G1,D3 Psikologi/Kepegawaian,1,D3,Rekrut 2024,Sumber Daya Manusia,1,2.049
4075,2024,HOLDING,Kantor Pusat,,JUNIOR OFFICER PELAYANAN HUMAN CAPITAL MAKASSAR,JUNIOR OFFICER,PELAYANAN HUMAN CAPITAL MAKASSAR,G1,D3 Psikologi/Kepegawaian,1,D3,Rekrut 2024,Sumber Daya Manusia,1,2.049
4076,2024,HOLDING,Kantor Pusat,,JUNIOR OFFICER PELAYANAN HUMAN CAPITAL PADANG,JUNIOR OFFICER,PELAYANAN HUMAN CAPITAL PADANG,G1,D3 Psikologi/Kepegawaian,1,D3,Rekrut 2024,Sumber Daya Manusia,1,2.049
4077,2024,HOLDING,Kantor Pusat,,JUNIOR OFFICER PELAYANAN HUMAN CAPITAL PALEMBANG,JUNIOR OFFICER,PELAYANAN HUMAN CAPITAL PALEMBANG,G1,D3 Psikologi/Kepegawaian,1,D3,Rekrut 2024,Sumber Daya Manusia,1,2.049
4078,2024,HOLDING,Kantor Pusat,,JUNIOR OFFICER PELAYANAN HUMAN CAPITAL PEKANBARU,JUNIOR OFFICER,PELAYANAN HUMAN CAPITAL PEKANBARU,G1,D3 Psikologi/Kepegawaian,1,D3,Rekrut 2024,Sumber Daya Manusia,1,2.049
4079,2024,HOLDING,Kantor Pusat,,JUNIOR OFFICER PELAYANAN HUMAN CAPITAL PONTIANAK,JUNIOR OFFICER,PELAYANAN HUMAN CAPITAL PONTIANAK,G1,D3 Psikologi/Kepegawaian,1,D3,Rekrut 2024,Sumber Daya Manusia,1,2.049
4080,2024,HOLDING,Kantor Pusat,,JUNIOR OFFICER PEMBAYARAN UNIT,JUNIOR OFFICER,PEMBAYARAN UNIT,G1,D3 Komunikasi/Hubungan Masyarakat,1,D3,Rekrut 2024,Komunikasi dan Umum,1,2.049
4081,2024,HOLDING,Kantor Pusat,,JUNIOR OFFICER PENGELOLAAN KENDARAAN,JUNIOR OFFICER,PENGELOLAAN KENDARAAN,G1,D3 Teknik Industri/Teknik Material,1,D3,Rekrut 2024,Perencanaan dan Kinerja,1,2.049
4082,2024,HOLDING,Kantor Pusat,,JUNIOR OFFICER PENYETORAN PAJAK,JUNIOR OFFICER,PENYETORAN PAJAK,G1,D3 Akuntansi/Administrasi Fiskal,1,D3,Rekrut 2024,Keuangan dan Akuntansi,1,2.049
4083,2024,HOLDING,Kantor Pusat,,JUNIOR OFFICER PRIVATE OFFICE,JUNIOR OFFICER,PRIVATE OFFICE,G1,D3 Komunikasi/Hubungan Masyarakat,1,D3,Rekrut 2024,Komunikasi dan Umum,1,2.049
4084,2024,HOLDING,Kantor Pusat,,JUNIOR OFFICER VERIFIKASI ENERGI PRIMER,JUNIOR OFFICER,VERIFIKASI ENERGI PRIMER,G1,D3 Teknik Mesin/Konversi Energi,1,D3,Rekrut 2024,Pembangkitan,1,2.049
4085,2024,HOLDING,UID Banten,,JUNIOR TECHNICIAN PDKB,JUNIOR TECHNICIAN,PDKB,G1,D3 Teknik Elektro/Teknik Listrik,1,D3,Rekrut 2024,Distribusi,1,2.03
4086,2024,HOLDING,UID Kalselteng,,JUNIOR TECHNICIAN PDKB,JUNIOR TECHNICIAN,PDKB,G1,D3 Teknik Elektro/Teknik Listrik,1,D3,3T,Distribusi,1,2.022
4087,2024,HOLDING,UID Bali,,JUNIOR TECHNICIAN TEKNIK LAYANAN PELANGGAN,JUNIOR TECHNICIAN,TEKNIK LAYANAN PELANGGAN,G1,D3 Teknik Elektro/Teknik Listrik,1,D3,Rekrut 2024,Distribusi,1,2.001
4088,2024,HOLDING,UID Sulselrabar,,JUNIOR TECHNICIAN TRANSAKSI ENERGI LAYANAN PELANGGAN,JUNIOR TECHNICIAN,TRANSAKSI ENERGI LAYANAN PELANGGAN,G1,D3 Teknik Elektro/Teknik Listrik,1,D3,3T,Distribusi,1,1.996
4089,2024,HOLDING,UID Aceh,,JUNIOR TECHNICIAN TEKNIK LAYANAN PELANGGAN,JUNIOR TECHNICIAN,TEKNIK LAYANAN PELANGGAN,G1,D3 Teknik Elektro/Teknik Listrik,1,D3,3T,Distribusi,1,1.976
4090,2024,HOLDING,UIT JBTB,,JUNIOR TECHNICIAN PEMELIHARAAN GARDU INDUK,JUNIOR TECHNICIAN,PEMELIHARAAN GARDU INDUK,G1,D3 Teknik Elektro/Teknik Listrik,1,D3,Rekrut 2024,Transmisi dan Gardu Induk,1,1.96
4091,2024,HOLDING,P3B Sumatera,,JUNIOR TECHNICIAN PEMELIHARAAN GARDU INDUK,JUNIOR TECHNICIAN,PEMELIHARAAN GARDU INDUK,G1,D3 Teknik Elektro/Teknik Listrik,1,D3,Rekrut 2024,Transmisi dan Gardu Induk,1,1.924
4092,2024,HOLDING,UID S2JB,,JUNIOR OFFICER PELAYANAN PELANGGAN,JUNIOR OFFICER,PELAYANAN PELANGGAN,G1,D3 Manajemen Pemasaran/Digital Marketing Dan Analytics,1,D3,3T,Niaga dan Pemasaran,1,1.914
4093,2024,HOLDING,UID Riau & Kepri,,JUNIOR OFFICER PELAYANAN PELANGGAN,JUNIOR OFFICER,PELAYANAN PELANGGAN,G1,D3 Manajemen Pemasaran/Digital Marketing Dan Analytics,1,D3,Rekrut 2024,Niaga dan Pemasaran,1,1.882
4094,2024,HOLDING,UID Sumbar,,JUNIOR TECHNICIAN TEKNIK LAYANAN PELANGGAN,JUNIOR TECHNICIAN,TEKNIK LAYANAN PELANGGAN,G1,D3 Teknik Elektro/Teknik Listrik,1,D3,Rekrut 2024,Distribusi,1,1.849
4095,2024,HOLDING,UID Kalselteng,,JUNIOR TECHNICIAN PENGATURAN OPERASI,JUNIOR TECHNICIAN,PENGATURAN OPERASI,G1,D3 Teknik Kimia/Teknik Lingkungan,1,D3,3T,Perencanaan Sistem,1,1.82
4096,2024,HOLDING,UID Sulselrabar,,JUNIOR TECHNICIAN PDKB,JUNIOR TECHNICIAN,PDKB,G1,D3 Teknik Elektro/Teknik Listrik,1,D3,3T,Distribusi,1,1.787
4097,2024,HOLDING,UIP Kalimantan Bag Timur,,JUNIOR OFFICER ADMINISTRASI DAN UMUM,JUNIOR OFFICER,ADMINISTRASI DAN UMUM,G1,D3 Komunikasi/Hubungan Masyarakat,1,D3,3T,Komunikasi dan Umum,1,1.783
4098,2024,HOLDING,UID Riau & Kepri,,JUNIOR TECHNICIAN TEKNIK LAYANAN PELANGGAN,JUNIOR TECHNICIAN,TEKNIK LAYANAN PELANGGAN,G1,D3 Teknik Elektro/Teknik Listrik,1,D3,Rekrut 2024,Distribusi,1,1.761
4099,2024,HOLDING,UIT JBB,,JUNIOR TECHNICIAN PEMELIHARAAN JARINGAN TRANSMISI,JUNIOR TECHNICIAN,PEMELIHARAAN JARINGAN TRANSMISI,G1,D3 Teknik Elektro/Teknik Listrik,1,D3,Rekrut 2024,Transmisi dan Gardu Induk,1,1.725
4100,2024,HOLDING,UIT JBTB,,JUNIOR TECHNICIAN PDKB SUTT/SUTET,JUNIOR TECHNICIAN,PDKB SUTT/SUTET,G1,D3 Teknik Elektro/Teknik Listrik,1,D3,Rekrut 2024,Transmisi dan Gardu Induk,1,1.724
4101,2024,HOLDING,UID Banten,,JUNIOR OFFICER PELAYANAN PELANGGAN,JUNIOR OFFICER,PELAYANAN PELANGGAN,G1,D3 Manajemen Pemasaran/Digital Marketing Dan Analytics,1,D3,Rekrut 2024,Niaga dan Pemasaran,1,1.691
4102,2024,HOLDING,UID Banten,,JUNIOR TECHNICIAN OPERASI DISTRIBUSI,JUNIOR TECHNICIAN,OPERASI DISTRIBUSI,G1,D3 Teknik Elektro/Teknik Listrik,1,D3,Rekrut 2024,Distribusi,1,1.691
4103,2024,HOLDING,UID Banten,,JUNIOR TECHNICIAN PENGATURAN OPERASI,JUNIOR TECHNICIAN,PENGATURAN OPERASI,G1,D3 Teknik Kimia/Teknik Lingkungan,1,D3,Rekrut 2024,Perencanaan Sistem,1,1.691
4104,2024,HOLDING,UIP Sumatera Bag Utara,,JUNIOR TECHNICIAN KONSTRUKSI,JUNIOR TECHNICIAN,KONSTRUKSI,G1,D3 Logistik/Supply Chain Management,1,D3,Rekrut 2024,Manajemen Konstruksi dan Pengadaan,1,1.66
4105,2024,HOLDING,UIW NusaTenggaraTimur,,JUNIOR TECHNICIAN TEKNIK LAYANAN PELANGGAN,JUNIOR TECHNICIAN,TEKNIK LAYANAN PELANGGAN,G1,D3 Teknik Elektro/Teknik Listrik,1,D3,3T,Distribusi,1,1.627
4106,2024,HOLDING,UID S2JB,,JUNIOR TECHNICIAN TRANSAKSI ENERGI LAYANAN PELANGGAN,JUNIOR TECHNICIAN,TRANSAKSI ENERGI LAYANAN PELANGGAN,G1,D3 Teknik Elektro/Teknik Listrik,1,D3,3T,Distribusi,1,1.62
4107,2024,HOLDING,UID Sumbar,,JUNIOR OFFICER PELAYANAN PELANGGAN,JUNIOR OFFICER,PELAYANAN PELANGGAN,G1,D3 Manajemen Pemasaran/Digital Marketing Dan Analytics,1,D3,Rekrut 2024,Niaga dan Pemasaran,1,1.606
4108,2024,HOLDING,UID Bali,,JUNIOR OFFICER PELAYANAN PELANGGAN,JUNIOR OFFICER,PELAYANAN PELANGGAN,G1,D3 Manajemen Pemasaran/Digital Marketing Dan Analytics,1,D3,Rekrut 2024,Niaga dan Pemasaran,1,1.601
4109,2024,HOLDING,UID Aceh,,JUNIOR TECHNICIAN TRANSAKSI ENERGI LAYANAN PELANGGAN,JUNIOR TECHNICIAN,TRANSAKSI ENERGI LAYANAN PELANGGAN,G1,D3 Teknik Elektro/Teknik Listrik,1,D3,3T,Distribusi,1,1.6
4110,2024,HOLDING,UIW Maluku&Malut,,SENIOR OFFICER PERFORMANCE ASSISTANT TO MANAGER,SENIOR OFFICER,PERFORMANCE ASSISTANT TO MANAGER,G3,S2 Komunikasi/Hubungan Masyarakat,1,S2,3T,Komunikasi dan Umum,3,1.098
4111,2024,HOLDING,UID Jawa Timur,,SENIOR OFFICER PERFORMANCE ASSISTANT TO MANAGER,SENIOR OFFICER,PERFORMANCE ASSISTANT TO MANAGER,G3,S2 Komunikasi/Hubungan Masyarakat,1,S2,Rekrut 2024,Komunikasi dan Umum,3,1.028
4112,2024,HOLDING,P3B Sumatera,,SENIOR OFFICER PERFORMANCE ASSISTANT TO MANAGER,SENIOR OFFICER,PERFORMANCE ASSISTANT TO MANAGER,G3,S2 Komunikasi/Hubungan Masyarakat,1,S2,Rekrut 2024,Komunikasi dan Umum,3,0.918
4113,2024,HOLDING,UID Jawa Barat,,SENIOR OFFICER PERFORMANCE ASSISTANT to MANAGER,SENIOR OFFICER,PERFORMANCE ASSISTANT to MANAGER,G3,S2 Komunikasi/Hubungan Masyarakat,1,S2,Rekrut 2024,Komunikasi dan Umum,3,0.895
4114,2024,HOLDING,UID Jakarta Raya,,SENIOR OFFICER PERFORMANCE ASSISTANT TO MANAGER,SENIOR OFFICER,PERFORMANCE ASSISTANT TO MANAGER,G3,S2 Komunikasi/Hubungan Masyarakat,1,S2,Rekrut 2024,Komunikasi dan Umum,3,0.859
4115,2024,HOLDING,UID Jawa Tengah & DIY,,SENIOR OFFICER PERFORMANCE ASSISTANT TO MANAGER,SENIOR OFFICER,PERFORMANCE ASSISTANT TO MANAGER,G3,S2 Komunikasi/Hubungan Masyarakat,1,S2,Rekrut 2024,Komunikasi dan Umum,3,0.743
4116,2024,HOLDING,UIT JBB,,SENIOR OFFICER PERFORMANCE ASSISTANT TO MANAGER,SENIOR OFFICER,PERFORMANCE ASSISTANT TO MANAGER,G3,S2 Komunikasi/Hubungan Masyarakat,1,S2,Rekrut 2024,Komunikasi dan Umum,3,0.711
4117,2024,HOLDING,UIP Maluku dan Papua,,SENIOR OFFICER PERFORMANCE ASSISTANT TO MANAGER,SENIOR OFFICER,PERFORMANCE ASSISTANT TO MANAGER,G3,S2 Komunikasi/Hubungan Masyarakat,1,S2,3T,Komunikasi dan Umum,3,0.688
4118,2024,HOLDING,UID Kalselteng,,SENIOR OFFICER PERFORMANCE ASSISTANT TO MANAGER,SENIOR OFFICER,PERFORMANCE ASSISTANT TO MANAGER,G3,S2 Komunikasi/Hubungan Masyarakat,1,S2,3T,Komunikasi dan Umum,3,0.618
4119,2024,HOLDING,UIT JBTB,,SENIOR OFFICER PERFORMANCE ASSISTANT TO MANAGER,SENIOR OFFICER,PERFORMANCE ASSISTANT TO MANAGER,G3,S2 Komunikasi/Hubungan Masyarakat,1,S2,Rekrut 2024,Komunikasi dan Umum,3,0.591
4120,2024,HOLDING,UIT JBT,,SENIOR OFFICER PERFORMANCE ASSISTANT TO MANAGER,SENIOR OFFICER,PERFORMANCE ASSISTANT TO MANAGER,G3,S2 Komunikasi/Hubungan Masyarakat,1,S2,Rekrut 2024,Komunikasi dan Umum,3,0.552
4121,2024,HOLDING,UID Jawa Barat,,SENIOR OFFICER PERFORMANCE ASSISTANT TO MANAGER,SENIOR OFFICER,PERFORMANCE ASSISTANT TO MANAGER,G3,S2 Komunikasi/Hubungan Masyarakat,1,S2,Rekrut 2024,Komunikasi dan Umum,3,0.55
4122,2024,HOLDING,UID Kalbar,,SENIOR OFFICER PERFORMANCE ASSISTANT TO MANAGER,SENIOR OFFICER,PERFORMANCE ASSISTANT TO MANAGER,G3,S2 Komunikasi/Hubungan Masyarakat,1,S2,3T,Komunikasi dan Umum,3,0.524
4123,2024,HOLDING,UID Banten,,SENIOR OFFICER PERFORMANCE ASSISTANT TO MANAGER,SENIOR OFFICER,PERFORMANCE ASSISTANT TO MANAGER,G3,S2 Komunikasi/Hubungan Masyarakat,1,S2,Rekrut 2024,Komunikasi dan Umum,3,0.511
4124,2024,HOLDING,UID Jawa Timur,,SENIOR OFFICER PERFORMANCE ASSISTANT to MANAGER,SENIOR OFFICER,PERFORMANCE ASSISTANT to MANAGER,G3,S2 Komunikasi/Hubungan Masyarakat,1,S2,Rekrut 2024,Komunikasi dan Umum,3,0.479
4125,2024,HOLDING,Kantor Pusat,,SENIOR OFFICER VERIFIKASI,SENIOR OFFICER,VERIFIKASI,G3,S2 Akuntansi/Administrasi Fiskal,1,S2,Rekrut 2024,Keuangan dan Akuntansi,3,0.477
4126,2024,HOLDING,UID Jawa Timur,,SENIOR OFFICER KINERJA DAN ADMINISTRASI LAYANAN PELANGGAN,SENIOR OFFICER,KINERJA DAN ADMINISTRASI LAYANAN PELANGGAN,G3,S2 Manajemen Pemasaran/Digital Marketing Dan Analytics,1,S2,Rekrut 2024,Niaga dan Pemasaran,3,0.472
4127,2024,HOLDING,UIP3B Kalimantan,,SENIOR OFFICER PERFORMANCE ASSISTANT TO MANAGER,SENIOR OFFICER,PERFORMANCE ASSISTANT TO MANAGER,G3,S2 Komunikasi/Hubungan Masyarakat,1,S2,3T,Komunikasi dan Umum,3,0.46
4128,2024,HOLDING,UIW Papua&Papua Barat,,SENIOR OFFICER PERFORMANCE ASSISTANT TO MANAGER,SENIOR OFFICER,PERFORMANCE ASSISTANT TO MANAGER,G3,S2 Komunikasi/Hubungan Masyarakat,1,S2,3T,Komunikasi dan Umum,3,0.446
4129,2024,HOLDING,UIT JBT,,SENIOR OFFICER KINERJA DAN ADMINISTRASI TRANSMISI DAN GARDU INDUK,SENIOR OFFICER,KINERJA DAN ADMINISTRASI TRANSMISI DAN GARDU INDUK,G3,S2 Teknik Elektro/Teknik Listrik,1,S2,Rekrut 2024,Transmisi dan Gardu Induk,3,0.421
4130,2024,HOLDING,UID S2JB,,SENIOR OFFICER PERFORMANCE ASSISTANT TO MANAGER,SENIOR OFFICER,PERFORMANCE ASSISTANT TO MANAGER,G3,S2 Komunikasi/Hubungan Masyarakat,1,S2,3T,Komunikasi dan Umum,3,0.411
4131,2024,HOLDING,PUSMANPRO,,SENIOR OFFICER PERFORMANCE ASSISTANT TO MANAGER,SENIOR OFFICER,PERFORMANCE ASSISTANT TO MANAGER,G3,S2 Komunikasi/Hubungan Masyarakat,1,S2,Rekrut 2024,Komunikasi dan Umum,3,0.379
4132,2024,HOLDING,UID Sumut,,SENIOR OFFICER PERFORMANCE ASSISTANT TO MANAGER,SENIOR OFFICER,PERFORMANCE ASSISTANT TO MANAGER,G3,S2 Komunikasi/Hubungan Masyarakat,1,S2,Rekrut 2024,Komunikasi dan Umum,3,0.376
4133,2024,HOLDING,P3B Sumatera,,SENIOR OFFICER KINERJA KONSTRUKSI DAN PENYALURAN,SENIOR OFFICER,KINERJA KONSTRUKSI DAN PENYALURAN,G3,S2 Teknik Elektro/Teknik Listrik,1,S2,Rekrut 2024,Transmisi dan Gardu Induk,3,0.331
4134,2024,HOLDING,UIW Maluku&Malut,,SENIOR OFFICER KINERJA JARINGAN DAN KONSTRUKSI DISTRIBUSI,SENIOR OFFICER,KINERJA JARINGAN DAN KONSTRUKSI DISTRIBUSI,G3,S2 Teknik Elektro/Teknik Listrik,1,S2,3T,Distribusi,3,0.305
4135,2024,HOLDING,Pusat Pengatur Beban,,SENIOR OFFICER PERFORMANCE ASSISTANT TO MANAGER,SENIOR OFFICER,PERFORMANCE ASSISTANT TO MANAGER,G3,S2 Komunikasi/Hubungan Masyarakat,1,S2,Rekrut 2024,Komunikasi dan Umum,3,0.302
4136,2024,HOLDING,UIW NusaTenggaraTimur,,SENIOR OFFICER PERFORMANCE ASSISTANT TO MANAGER,SENIOR OFFICER,PERFORMANCE ASSISTANT TO MANAGER,G3,S2 Komunikasi/Hubungan Masyarakat,1,S2,3T,Komunikasi dan Umum,3,0.275
4137,2024,HOLDING,UID Bali,,SENIOR OFFICER PERFORMANCE ASSISTANT TO MANAGER,SENIOR OFFICER,PERFORMANCE ASSISTANT TO MANAGER,G3,S2 Komunikasi/Hubungan Masyarakat,1,S2,Rekrut 2024,Komunikasi dan Umum,3,0.27
4138,2024,HOLDING,UID Jawa Barat,,SENIOR OFFICER KINERJA DAN ADMINISTRASI LAYANAN PELANGGAN,SENIOR OFFICER,KINERJA DAN ADMINISTRASI LAYANAN PELANGGAN,G3,S2 Manajemen Pemasaran/Digital Marketing Dan Analytics,1,S2,Rekrut 2024,Niaga dan Pemasaran,3,0.269
4139,2024,HOLDING,UID Kaltimra,,SENIOR OFFICER PERFORMANCE ASSISTANT TO MANAGER,SENIOR OFFICER,PERFORMANCE ASSISTANT TO MANAGER,G3,S2 Komunikasi/Hubungan Masyarakat,1,S2,3T,Komunikasi dan Umum,3,0.254
4140,2024,HOLDING,UIT JBB,,SENIOR OFFICER KINERJA DAN ADMINISTRASI TRANSMISI DAN GARDU INDUK,SENIOR OFFICER,KINERJA DAN ADMINISTRASI TRANSMISI DAN GARDU INDUK,G3,S2 Teknik Elektro/Teknik Listrik,1,S2,Rekrut 2024,Transmisi dan Gardu Induk,3,0.246
4141,2024,HOLDING,UIW Papua&Papua Barat,,SENIOR OFFICER KINERJA,SENIOR OFFICER,KINERJA,G3,S2 Teknik Industri/Teknik Material,1,S2,3T,Perencanaan dan Kinerja,3,0.238
4142,2024,HOLDING,UIW Papua&Papua Barat,,SENIOR OFFICER KINERJA NIAGA DAN PEMASARAN,SENIOR OFFICER,KINERJA NIAGA DAN PEMASARAN,G3,S2 Manajemen Pemasaran/Digital Marketing Dan Analytics,1,S2,3T,Niaga dan Pemasaran,3,0.238
4143,2024,HOLDING,UID Aceh,,SENIOR OFFICER PERFORMANCE ASSISTANT TO MANAGER,SENIOR OFFICER,PERFORMANCE ASSISTANT TO MANAGER,G3,S2 Komunikasi/Hubungan Masyarakat,1,S2,3T,Komunikasi dan Umum,3,0.215
4144,2024,HOLDING,UID Suluttenggo,,SENIOR OFFICER PERFORMANCE ASSISTANT TO MANAGER,SENIOR OFFICER,PERFORMANCE ASSISTANT TO MANAGER,G3,S2 Komunikasi/Hubungan Masyarakat,1,S2,3T,Komunikasi dan Umum,3,0.214
4145,2024,HOLDING,UIW Papua&Papua Barat,,SENIOR OFFICER KINERJA JARINGAN DAN KONSTRUKSI,SENIOR OFFICER,KINERJA JARINGAN DAN KONSTRUKSI,G3,S2 Teknik Elektro/Teknik Listrik,1,S2,3T,Distribusi,3,0.208
4146,2025,HOLDING,UID Jawa Timur,,OFFICER KINERJA DAN ADMINISTRASI LAYANAN PELANGGAN,OFFICER,KINERJA DAN ADMINISTRASI LAYANAN PELANGGAN,G2,S1 Manajemen Pemasaran/Digital Marketing Dan Analytics,9,S1,Rekrut 2025,Niaga dan Pemasaran,2,10.536
4147,2025,HOLDING,Kantor Pusat,,JUNIOR OFFICER SEKRETARIS DIREKSI,JUNIOR OFFICER,SEKRETARIS DIREKSI,G1,D3 Komunikasi/Hubungan Masyarakat,8,D3,Rekrut 2025,Komunikasi dan Umum,1,9.038
4148,2025,HOLDING,UIW Maluku&Malut,,OFFICER KINERJA DAN ADMINISTRASI LAYANAN PELANGGAN,OFFICER,KINERJA DAN ADMINISTRASI LAYANAN PELANGGAN,G2,S1 Manajemen Pemasaran/Digital Marketing Dan Analytics,7,S1,3T,Niaga dan Pemasaran,2,7.413
4149,2025,HOLDING,UIT JBT,,TECHNICIAN PENGENDALIAN OPERASI DAN PEMELIHARAAN TRANSMISI DAN GARDU INDUK,TECHNICIAN,PENGENDALIAN OPERASI DAN PEMELIHARAAN TRANSMISI DAN GARDU INDUK,G2,S1 Teknik Elektro/Teknik Listrik,7,S1,Rekrut 2025,Transmisi dan Gardu Induk,2,8.579
4150,2025,HOLDING,Kantor Pusat,,JUNIOR OFFICER PROTOKOLER DIREKSI,JUNIOR OFFICER,PROTOKOLER DIREKSI,G1,D3 Komunikasi/Hubungan Masyarakat,7,D3,Rekrut 2025,Komunikasi dan Umum,1,7.532
4151,2025,HOLDING,UID Jawa Barat,,OFFICER KINERJA DAN ADMINISTRASI LAYANAN PELANGGAN,OFFICER,KINERJA DAN ADMINISTRASI LAYANAN PELANGGAN,G2,S1 Manajemen Pemasaran/Digital Marketing Dan Analytics,6,S1,Rekrut 2025,Niaga dan Pemasaran,2,7.235
4152,2025,HOLDING,UIT JBTB,,TECHNICIAN PENGENDALIAN OPERASI DAN PEMELIHARAAN TRANSMISI DAN GARDU INDUK,TECHNICIAN,PENGENDALIAN OPERASI DAN PEMELIHARAAN TRANSMISI DAN GARDU INDUK,G2,S1 Teknik Elektro/Teknik Listrik,5,S1,Rekrut 2025,Transmisi dan Gardu Induk,2,5.771
4153,2025,HOLDING,UID Jawa Timur,,TECHNICIAN PDKB,TECHNICIAN,PDKB,G2,S1 Teknik Elektro/Teknik Listrik,5,S1,Rekrut 2025,Distribusi,2,5.77
4154,2025,HOLDING,PUSMANPRO,,TECHNICIAN MANAJEMEN KONSTRUKSI JARINGAN,TECHNICIAN,MANAJEMEN KONSTRUKSI JARINGAN,G2,S1 Teknik Elektro/Teknik Listrik,5,S1,Rekrut 2025,Distribusi,2,5.616
4155,2025,HOLDING,UID Jawa Tengah & DIY,,OFFICER KINERJA DAN ADMINISTRASI LAYANAN PELANGGAN,OFFICER,KINERJA DAN ADMINISTRASI LAYANAN PELANGGAN,G2,S1 Manajemen Pemasaran/Digital Marketing Dan Analytics,5,S1,Rekrut 2025,Niaga dan Pemasaran,2,5.518
4156,2025,HOLDING,UID Jawa Barat,,JUNIOR TECHNICIAN TEKNIK LAYANAN PELANGGAN,JUNIOR TECHNICIAN,TEKNIK LAYANAN PELANGGAN,G1,D3 Teknik Elektro/Teknik Listrik,5,D3,Rekrut 2025,Distribusi,1,5.866
4157,2025,HOLDING,P3B Sumatera,,JUNIOR TECHNICIAN JARINGAN TRANSMISI DAN GARDU INDUK,JUNIOR TECHNICIAN,JARINGAN TRANSMISI DAN GARDU INDUK,G1,D3 Teknik Elektro/Teknik Listrik,5,D3,Rekrut 2025,Transmisi dan Gardu Induk,1,5.832
4158,2025,HOLDING,UID Jawa Timur,,JUNIOR TECHNICIAN TEKNIK LAYANAN PELANGGAN,JUNIOR TECHNICIAN,TEKNIK LAYANAN PELANGGAN,G1,D3 Teknik Elektro/Teknik Listrik,5,D3,Rekrut 2025,Distribusi,1,5.393
4159,2025,HOLDING,UID Jawa Barat,,OFFICER LOGISTIK LAYANAN PELANGGAN,OFFICER,LOGISTIK LAYANAN PELANGGAN,G2,S1 Logistik/Supply Chain Management,4,S1,Rekrut 2025,Manajemen Konstruksi dan Pengadaan,2,4.393
4160,2025,HOLDING,UID Jawa Timur,,OFFICER KINERJA KEUANGAN DAN UMUM,OFFICER,KINERJA KEUANGAN DAN UMUM,G2,S1 Akuntansi/Administrasi Fiskal,4,S1,Rekrut 2025,Keuangan dan Akuntansi,2,4.265
4161,2025,HOLDING,UID Bali,,TECHNICIAN PDKB,TECHNICIAN,PDKB,G2,S1 Teknik Elektro/Teknik Listrik,4,S1,Rekrut 2025,Distribusi,2,4.107
4162,2025,HOLDING,UID Sulselrabar,,OFFICER KINERJA DAN ADMINISTRASI LAYANAN PELANGGAN,OFFICER,KINERJA DAN ADMINISTRASI LAYANAN PELANGGAN,G2,S1 Manajemen Pemasaran/Digital Marketing Dan Analytics,4,S1,3T,Niaga dan Pemasaran,2,3.934
4163,2025,HOLDING,P3B Sumatera,,TECHNICIAN PENGENDALIAN OPERASI DAN PEMELIHARAAN TRANSMISI DAN GARDU INDUK,TECHNICIAN,PENGENDALIAN OPERASI DAN PEMELIHARAAN TRANSMISI DAN GARDU INDUK,G2,S1 Teknik Elektro/Teknik Listrik,4,S1,Rekrut 2025,Transmisi dan Gardu Induk,2,4.724
4164,2025,HOLDING,UID Jawa Barat,,JUNIOR TECHNICIAN TRANSAKSI ENERGI LAYANAN PELANGGAN,JUNIOR TECHNICIAN,TRANSAKSI ENERGI LAYANAN PELANGGAN,G1,D3 Teknik Elektro/Teknik Listrik,4,D3,Rekrut 2025,Distribusi,1,4.692
4165,2025,HOLDING,Kantor Pusat,,JUNIOR OFFICER PELAYANAN HUMAN CAPITAL SURABAYA,JUNIOR OFFICER,PELAYANAN HUMAN CAPITAL SURABAYA,G1,D3 Psikologi/Kepegawaian,4,D3,Rekrut 2025,Sumber Daya Manusia,1,4.519
4166,2025,HOLDING,UID Jawa Barat,,JUNIOR TECHNICIAN PDKB,JUNIOR TECHNICIAN,PDKB,G1,D3 Teknik Elektro/Teknik Listrik,4,D3,Rekrut 2025,Distribusi,1,4.326
4167,2025,HOLDING,UID Jawa Timur,,JUNIOR TECHNICIAN TRANSAKSI ENERGI LAYANAN PELANGGAN,JUNIOR TECHNICIAN,TRANSAKSI ENERGI LAYANAN PELANGGAN,G1,D3 Teknik Elektro/Teknik Listrik,4,D3,Rekrut 2025,Distribusi,1,4.064
4168,2025,HOLDING,UIT JBT,,JUNIOR TECHNICIAN JARINGAN TRANSMISI DAN GARDU INDUK,JUNIOR TECHNICIAN,JARINGAN TRANSMISI DAN GARDU INDUK,G1,D3 Teknik Elektro/Teknik Listrik,4,D3,Rekrut 2025,Transmisi dan Gardu Induk,1,4.026
4169,2025,HOLDING,UID Jawa Timur,,JUNIOR TECHNICIAN PDKB,JUNIOR TECHNICIAN,PDKB,G1,D3 Teknik Elektro/Teknik Listrik,4,D3,Rekrut 2025,Distribusi,1,4.924
4170,2025,HOLDING,UID Jawa Barat,,TECHNICIAN PENGELOLAAN KONSTRUKSI DISTRIBUSI,TECHNICIAN,PENGELOLAAN KONSTRUKSI DISTRIBUSI,G2,S1 Teknik Elektro/Teknik Listrik,3,S1,Rekrut 2025,Distribusi,2,3.532
4171,2025,HOLDING,Kantor Pusat,,OFFICER VERIFIKASI,OFFICER,VERIFIKASI,G2,S1 Akuntansi/Administrasi Fiskal,3,S1,Rekrut 2025,Keuangan dan Akuntansi,2,3.462
4172,2025,HOLDING,Kantor Pusat,,OFFICER HUKUM,OFFICER,HUKUM,G2,S1 Hukum/Public Policy,3,S1,Rekrut 2025,Hukum dan Kepatuhan,2,3.393
4173,2025,HOLDING,UID Jawa Barat,,TECHNICIAN PDKB,TECHNICIAN,PDKB,G2,S1 Teknik Elektro/Teknik Listrik,3,S1,Rekrut 2025,Distribusi,2,3.359
4174,2025,HOLDING,UIT JBB,,OFFICER KINERJA,OFFICER,KINERJA,G2,S1 Teknik Industri/Teknik Material,3,S1,Rekrut 2025,Perencanaan dan Kinerja,2,3.184
4175,2025,HOLDING,UID Jakarta Raya,,OFFICER KINERJA KONSTRUKSI DISTRIBUSI,OFFICER,KINERJA KONSTRUKSI DISTRIBUSI,G2,S1 Teknik Elektro/Teknik Listrik,3,S1,Rekrut 2025,Distribusi,2,3.114
4176,2025,HOLDING,UID Jawa Barat,,OFFICER KINERJA KEUANGAN DAN UMUM,OFFICER,KINERJA KEUANGAN DAN UMUM,G2,S1 Akuntansi/Administrasi Fiskal,3,S1,Rekrut 2025,Keuangan dan Akuntansi,2,3.101
4177,2025,HOLDING,UID Sumbar,,OFFICER KINERJA DAN ADMINISTRASI LAYANAN PELANGGAN,OFFICER,KINERJA DAN ADMINISTRASI LAYANAN PELANGGAN,G2,S1 Manajemen Pemasaran/Digital Marketing Dan Analytics,3,S1,Rekrut 2025,Niaga dan Pemasaran,2,3.068
4178,2025,HOLDING,UID Jawa Tengah & DIY,,TECHNICIAN PDKB,TECHNICIAN,PDKB,G2,S1 Teknik Elektro/Teknik Listrik,3,S1,Rekrut 2025,Distribusi,2,3.042
4179,2025,HOLDING,UID Suluttenggo,,OFFICER KINERJA DAN ADMINISTRASI LAYANAN PELANGGAN,OFFICER,KINERJA DAN ADMINISTRASI LAYANAN PELANGGAN,G2,S1 Manajemen Pemasaran/Digital Marketing Dan Analytics,3,S1,3T,Niaga dan Pemasaran,2,2.921
4180,2025,HOLDING,P3B Sumatera,,OFFICER KINERJA DAN PERENCANAAN,OFFICER,KINERJA DAN PERENCANAAN,G2,S1 Teknik Industri/Teknik Material,3,S1,Rekrut 2025,Perencanaan dan Kinerja,2,2.921
4181,2025,HOLDING,UIT JBT,,OFFICER KINERJA,OFFICER,KINERJA,G2,S1 Teknik Industri/Teknik Material,3,S1,Rekrut 2025,Perencanaan dan Kinerja,2,2.879
4182,2025,HOLDING,UID Kaltimra,,OFFICER KINERJA DAN ADMINISTRASI LAYANAN PELANGGAN,OFFICER,KINERJA DAN ADMINISTRASI LAYANAN PELANGGAN,G2,S1 Manajemen Pemasaran/Digital Marketing Dan Analytics,3,S1,3T,Niaga dan Pemasaran,2,2.807
4183,2025,HOLDING,UID S2JB,,OFFICER KINERJA DAN ADMINISTRASI LAYANAN PELANGGAN,OFFICER,KINERJA DAN ADMINISTRASI LAYANAN PELANGGAN,G2,S1 Manajemen Pemasaran/Digital Marketing Dan Analytics,3,S1,3T,Niaga dan Pemasaran,2,3.795
4184,2025,HOLDING,UIT JBB,,TECHNICIAN PENGENDALIAN OPERASI DAN PEMELIHARAAN TRANSMISI DAN GARDU INDUK,TECHNICIAN,PENGENDALIAN OPERASI DAN PEMELIHARAAN TRANSMISI DAN GARDU INDUK,G2,S1 Teknik Elektro/Teknik Listrik,3,S1,Rekrut 2025,Transmisi dan Gardu Induk,2,3.674
4185,2025,HOLDING,UID Jakarta Raya,,OFFICER KINERJA JARINGAN DISTRIBUSI,OFFICER,KINERJA JARINGAN DISTRIBUSI,G2,S1 Teknik Elektro/Teknik Listrik,3,S1,Rekrut 2025,Distribusi,2,3.633
4186,2025,HOLDING,UID Sumut,,OFFICER KINERJA DAN ADMINISTRASI LAYANAN PELANGGAN,OFFICER,KINERJA DAN ADMINISTRASI LAYANAN PELANGGAN,G2,S1 Manajemen Pemasaran/Digital Marketing Dan Analytics,3,S1,Rekrut 2025,Niaga dan Pemasaran,2,3.589
4187,2025,HOLDING,UID Jawa Tengah & DIY,,JUNIOR TECHNICIAN TEKNIK LAYANAN PELANGGAN,JUNIOR TECHNICIAN,TEKNIK LAYANAN PELANGGAN,G1,D3 Teknik Elektro/Teknik Listrik,3,D3,Rekrut 2025,Distribusi,1,3.453
4188,2025,HOLDING,UID Jawa Barat,,JUNIOR OFFICER PELAYANAN PELANGGAN,JUNIOR OFFICER,PELAYANAN PELANGGAN,G1,D3 Manajemen Pemasaran/Digital Marketing Dan Analytics,3,D3,Rekrut 2025,Niaga dan Pemasaran,1,3.446
4189,2025,HOLDING,UIT JBB,,JUNIOR TECHNICIAN JARINGAN TRANSMISI DAN GARDU INDUK,JUNIOR TECHNICIAN,JARINGAN TRANSMISI DAN GARDU INDUK,G1,D3 Teknik Elektro/Teknik Listrik,3,D3,Rekrut 2025,Transmisi dan Gardu Induk,1,3.382
4190,2025,HOLDING,UID S2JB,,JUNIOR TECHNICIAN PDKB,JUNIOR TECHNICIAN,PDKB,G1,D3 Teknik Elektro/Teknik Listrik,3,D3,3T,Distribusi,1,3.032
4191,2025,HOLDING,Kantor Pusat,,JUNIOR OFFICER PELAYANAN HUMAN CAPITAL AMBON,JUNIOR OFFICER,PELAYANAN HUMAN CAPITAL AMBON,G1,D3 Psikologi/Kepegawaian,3,D3,Rekrut 2025,Sumber Daya Manusia,1,3.013
4192,2025,HOLDING,UIW Maluku&Malut,,JUNIOR TECHNICIAN TEKNIK LAYANAN PELANGGAN,JUNIOR TECHNICIAN,TEKNIK LAYANAN PELANGGAN,G1,D3 Teknik Elektro/Teknik Listrik,3,D3,3T,Distribusi,1,3.726
4193,2025,HOLDING,UID Jakarta Raya,,JUNIOR TECHNICIAN OPERASI DISTRIBUSI,JUNIOR TECHNICIAN,OPERASI DISTRIBUSI,G1,D3 Teknik Elektro/Teknik Listrik,3,D3,Rekrut 2025,Distribusi,1,3.724
4194,2025,HOLDING,UID Jawa Tengah & DIY,,OFFICER KINERJA KEUANGAN DAN UMUM,OFFICER,KINERJA KEUANGAN DAN UMUM,G2,S1 Akuntansi/Administrasi Fiskal,2,S1,Rekrut 2025,Keuangan dan Akuntansi,2,2.264
4195,2025,HOLDING,UID Jakarta Raya,,OFFICER KINERJA TRANSAKSI ENERGI LISTRIK,OFFICER,KINERJA TRANSAKSI ENERGI LISTRIK,G2,S1 Teknik Elektro/Teknik Listrik,2,S1,Rekrut 2025,Distribusi,2,2.249
4196,2025,HOLDING,Pusat Pengatur Beban,,OFFICER KINERJA FASILITAS OPERASI,OFFICER,KINERJA FASILITAS OPERASI,G2,S1 Komunikasi/Hubungan Masyarakat,2,S1,Rekrut 2025,Komunikasi dan Umum,2,2.248
4197,2025,HOLDING,UID Jawa Barat,,TECHNICIAN TEKNIK LAYANAN PELANGGAN,TECHNICIAN,TEKNIK LAYANAN PELANGGAN,G2,S1 Teknik Elektro/Teknik Listrik,2,S1,Rekrut 2025,Distribusi,2,2.153
4198,2025,HOLDING,P3B Sumatera,,OFFICER KINERJA KONSTRUKSI DAN PENYALURAN,OFFICER,KINERJA KONSTRUKSI DAN PENYALURAN,G2,S1 Teknik Elektro/Teknik Listrik,2,S1,Rekrut 2025,Transmisi dan Gardu Induk,2,2.147
4199,2025,HOLDING,UID Kalselteng,,TECHNICIAN TEKNISI PDKB,TECHNICIAN,TEKNISI PDKB,G2,S1 Teknik Elektro/Teknik Listrik,2,S1,3T,Distribusi,2,2.058
4200,2025,HOLDING,PUSMANPRO,,TECHNICIAN MANAJEMEN KONSTRUKSI PEMBANGKITAN,TECHNICIAN,MANAJEMEN KONSTRUKSI PEMBANGKITAN,G2,S1 Teknik Mesin/Konversi Energi,2,S1,Rekrut 2025,Pembangkitan,2,1.999
4201,2025,HOLDING,UID Jakarta Raya,,OFFICER KINERJA,OFFICER,KINERJA,G2,S1 Teknik Industri/Teknik Material,2,S1,Rekrut 2025,Perencanaan dan Kinerja,2,1.989
4202,2025,HOLDING,UID Jawa Barat,,OFFICER KINERJA,OFFICER,KINERJA,G2,S1 Teknik Industri/Teknik Material,2,S1,Rekrut 2025,Perencanaan dan Kinerja,2,1.981
4203,2025,HOLDING,UID Jawa Barat,,OFFICER KINERJA TRANSAKSI ENERGI LISTRIK,OFFICER,KINERJA TRANSAKSI ENERGI LISTRIK,G2,S1 Teknik Elektro/Teknik Listrik,2,S1,Rekrut 2025,Distribusi,2,1.981
4204,2025,HOLDING,UID Sumut,,OFFICER LOGISTIK LAYANAN PELANGGAN,OFFICER,LOGISTIK LAYANAN PELANGGAN,G2,S1 Logistik/Supply Chain Management,2,S1,Rekrut 2025,Manajemen Konstruksi dan Pengadaan,2,1.968
4205,2025,HOLDING,UIT JBTB,,OFFICER KINERJA,OFFICER,KINERJA,G2,S1 Teknik Industri/Teknik Material,2,S1,Rekrut 2025,Perencanaan dan Kinerja,2,1.951
4206,2025,HOLDING,UID Jawa Tengah & DIY,,OFFICER LOGISTIK LAYANAN PELANGGAN,OFFICER,LOGISTIK LAYANAN PELANGGAN,G2,S1 Logistik/Supply Chain Management,2,S1,Rekrut 2025,Manajemen Konstruksi dan Pengadaan,2,1.91
4207,2025,HOLDING,UID Jawa Tengah & DIY,,TECHNICIAN PENGELOLAAN KONSTRUKSI DISTRIBUSI,TECHNICIAN,PENGELOLAAN KONSTRUKSI DISTRIBUSI,G2,S1 Teknik Elektro/Teknik Listrik,2,S1,Rekrut 2025,Distribusi,2,1.91
4208,2025,HOLDING,UID Jawa Timur,,OFFICER KINERJA JARINGAN DISTRIBUSI,OFFICER,KINERJA JARINGAN DISTRIBUSI,G2,S1 Teknik Elektro/Teknik Listrik,2,S1,Rekrut 2025,Distribusi,2,1.881
4209,2025,HOLDING,UID Jawa Timur,,OFFICER PRIORITY ACCOUNT EXECUTIVE,OFFICER,PRIORITY ACCOUNT EXECUTIVE,G2,S1 Komunikasi/Hubungan Masyarakat,2,S1,Rekrut 2025,Komunikasi dan Umum,2,1.881
4210,2025,HOLDING,UID Kaltimra,,TECHNICIAN PDKB,TECHNICIAN,PDKB,G2,S1 Teknik Elektro/Teknik Listrik,2,S1,3T,Distribusi,2,1.839
4211,2025,HOLDING,UID S2JB,,OFFICER KINERJA JARINGAN DAN KONSTRUKSI DISTRIBUSI,OFFICER,KINERJA JARINGAN DAN KONSTRUKSI DISTRIBUSI,G2,S1 Teknik Elektro/Teknik Listrik,2,S1,3T,Distribusi,2,1.834
4212,2025,HOLDING,UIW Papua&Papua Barat,,TECHNICIAN PENGENDALIAN OPERASI DAN PEMELIHARAAN PUSAT LISTRIK,TECHNICIAN,PENGENDALIAN OPERASI DAN PEMELIHARAAN PUSAT LISTRIK,G2,S1 Teknik Mesin/Konversi Energi,2,S1,3T,Pembangkitan,2,1.819
4213,2025,HOLDING,UID S2JB,,OFFICER KINERJA KEUANGAN DAN UMUM,OFFICER,KINERJA KEUANGAN DAN UMUM,G2,S1 Akuntansi/Administrasi Fiskal,2,S1,3T,Keuangan dan Akuntansi,2,1.771
4214,2025,HOLDING,UID Sumut,,OFFICER KINERJA KEUANGAN DAN UMUM,OFFICER,KINERJA KEUANGAN DAN UMUM,G2,S1 Akuntansi/Administrasi Fiskal,2,S1,Rekrut 2025,Keuangan dan Akuntansi,2,1.737
4215,2025,HOLDING,Kantor Pusat,,OFFICER PEMBAYARAN UNIT,OFFICER,PEMBAYARAN UNIT,G2,S1 Komunikasi/Hubungan Masyarakat,2,S1,Rekrut 2025,Komunikasi dan Umum,2,1.731
4216,2025,HOLDING,UIT JBB,,TECHNICIAN PEMELIHARAAN GARDU INDUK,TECHNICIAN,PEMELIHARAAN GARDU INDUK,G2,S1 Teknik Elektro/Teknik Listrik,2,S1,Rekrut 2025,Transmisi dan Gardu Induk,2,1.715
4217,2025,HOLDING,UID Lampung,,OFFICER KINERJA DAN ADMINISTRASI LAYANAN PELANGGAN,OFFICER,KINERJA DAN ADMINISTRASI LAYANAN PELANGGAN,G2,S1 Manajemen Pemasaran/Digital Marketing Dan Analytics,2,S1,Rekrut 2025,Niaga dan Pemasaran,2,1.703
4218,2025,HOLDING,UIP JBT,,OFFICER PENGENDALIAN PROYEK,OFFICER,PENGENDALIAN PROYEK,G2,S1 Logistik/Supply Chain Management,2,S1,Rekrut 2025,Manajemen Konstruksi dan Pengadaan,2,1.692
4219,2025,HOLDING,UID Jawa Tengah & DIY,,OFFICER KINERJA TRANSAKSI ENERGI LISTRIK,OFFICER,KINERJA TRANSAKSI ENERGI LISTRIK,G2,S1 Teknik Elektro/Teknik Listrik,2,S1,Rekrut 2025,Distribusi,2,1.627
4220,2025,HOLDING,UID Riau & Kepri,,OFFICER KINERJA DAN ADMINISTRASI LAYANAN PELANGGAN,OFFICER,KINERJA DAN ADMINISTRASI LAYANAN PELANGGAN,G2,S1 Manajemen Pemasaran/Digital Marketing Dan Analytics,2,S1,Rekrut 2025,Niaga dan Pemasaran,2,1.586
4221,2025,HOLDING,UID Sulselrabar,,OFFICER KINERJA KEUANGAN DAN UMUM,OFFICER,KINERJA KEUANGAN DAN UMUM,G2,S1 Akuntansi/Administrasi Fiskal,2,S1,3T,Keuangan dan Akuntansi,2,1.585
4222,2025,HOLDING,UIP JBB,,OFFICER PENGENDALIAN PROYEK,OFFICER,PENGENDALIAN PROYEK,G2,S1 Logistik/Supply Chain Management,2,S1,Rekrut 2025,Manajemen Konstruksi dan Pengadaan,2,1.553
4223,2025,HOLDING,PUSHARLIS,,TECHNICIAN PRODUKSI,TECHNICIAN,PRODUKSI,G2,S1 Teknik Elektro/Teknik Listrik,2,S1,Rekrut 2025,Distribusi,2,1.539
4224,2025,HOLDING,UID Sumbar,,OFFICER LOGISTIK LAYANAN PELANGGAN,OFFICER,LOGISTIK LAYANAN PELANGGAN,G2,S1 Logistik/Supply Chain Management,2,S1,Rekrut 2025,Manajemen Konstruksi dan Pengadaan,2,1.507
4225,2025,HOLDING,UID Jakarta Raya,,OFFICER KINERJA KEUANGAN DAN UMUM,OFFICER,KINERJA KEUANGAN DAN UMUM,G2,S1 Akuntansi/Administrasi Fiskal,2,S1,Rekrut 2025,Keuangan dan Akuntansi,2,2.681
4226,2025,HOLDING,UID Jakarta Raya,,OFFICER PRIORITY ACCOUNT EXECUTIVE,OFFICER,PRIORITY ACCOUNT EXECUTIVE,G2,S1 Komunikasi/Hubungan Masyarakat,2,S1,Rekrut 2025,Komunikasi dan Umum,2,2.595
4227,2025,HOLDING,UID Jawa Barat,,OFFICER KINERJA JARINGAN DISTRIBUSI,OFFICER,KINERJA JARINGAN DISTRIBUSI,G2,S1 Teknik Elektro/Teknik Listrik,2,S1,Rekrut 2025,Distribusi,2,2.584
4228,2025,HOLDING,UIW Papua&Papua Barat,,OFFICER KINERJA DAN ADMINISTRASI LAYANAN PELANGGAN,OFFICER,KINERJA DAN ADMINISTRASI LAYANAN PELANGGAN,G2,S1 Manajemen Pemasaran/Digital Marketing Dan Analytics,2,S1,3T,Niaga dan Pemasaran,2,2.526
4229,2025,HOLDING,UID Jawa Timur,,OFFICER KINERJA,OFFICER,KINERJA,G2,S1 Teknik Industri/Teknik Material,2,S1,Rekrut 2025,Perencanaan dan Kinerja,2,2.509
4230,2025,HOLDING,P3B Sumatera,,OFFICER KINERJA KEUANGAN DAN UMUM,OFFICER,KINERJA KEUANGAN DAN UMUM,G2,S1 Akuntansi/Administrasi Fiskal,2,S1,Rekrut 2025,Keuangan dan Akuntansi,2,2.405
4231,2025,HOLDING,UID Jawa Timur,,OFFICER KINERJA TRANSAKSI ENERGI LISTRIK,OFFICER,KINERJA TRANSAKSI ENERGI LISTRIK,G2,S1 Teknik Elektro/Teknik Listrik,2,S1,Rekrut 2025,Distribusi,2,2.383
4232,2025,HOLDING,UID Jawa Timur,,TECHNICIAN PENGELOLAAN KONSTRUKSI DISTRIBUSI,TECHNICIAN,PENGELOLAAN KONSTRUKSI DISTRIBUSI,G2,S1 Teknik Elektro/Teknik Listrik,2,S1,Rekrut 2025,Distribusi,2,2.383
4233,2025,HOLDING,UID Jawa Tengah & DIY,,JUNIOR OFFICER PELAYANAN PELANGGAN,JUNIOR OFFICER,PELAYANAN PELANGGAN,G1,D3 Manajemen Pemasaran/Digital Marketing Dan Analytics,2,D3,Rekrut 2025,Niaga dan Pemasaran,1,2.355
4234,2025,HOLDING,UIW Papua&Papua Barat,,JUNIOR TECHNICIAN TEKNIK LAYANAN PELANGGAN,JUNIOR TECHNICIAN,TEKNIK LAYANAN PELANGGAN,G1,D3 Teknik Elektro/Teknik Listrik,2,D3,3T,Distribusi,1,2.351
4235,2025,HOLDING,UID Kalselteng,,JUNIOR TECHNICIAN TEKNIK LAYANAN PELANGGAN,JUNIOR TECHNICIAN,TEKNIK LAYANAN PELANGGAN,G1,D3 Teknik Elektro/Teknik Listrik,2,D3,3T,Distribusi,1,2.269
4236,2025,HOLDING,UID Kalselteng,,JUNIOR TECHNICIAN TRANSAKSI ENERGI LAYANAN PELANGGAN,JUNIOR TECHNICIAN,TRANSAKSI ENERGI LAYANAN PELANGGAN,G1,D3 Teknik Elektro/Teknik Listrik,2,D3,3T,Distribusi,1,2.269
4237,2025,HOLDING,UID Sulselrabar,,JUNIOR TECHNICIAN TEKNIK LAYANAN PELANGGAN,JUNIOR TECHNICIAN,TEKNIK LAYANAN PELANGGAN,G1,D3 Teknik Elektro/Teknik Listrik,2,D3,3T,Distribusi,1,2.237
4238,2025,HOLDING,UID Bali,,JUNIOR TECHNICIAN PDKB,JUNIOR TECHNICIAN,PDKB,G1,D3 Teknik Elektro/Teknik Listrik,2,D3,Rekrut 2025,Distribusi,1,2.224
4239,2025,HOLDING,UIP JBTB,,JUNIOR OFFICER ADMINISTRASI DAN UMUM,JUNIOR OFFICER,ADMINISTRASI DAN UMUM,G1,D3 Komunikasi/Hubungan Masyarakat,2,D3,Rekrut 2025,Komunikasi dan Umum,1,2.224
4240,2025,HOLDING,UIW Maluku&Malut,,JUNIOR TECHNICIAN TRANSAKSI ENERGI LAYANAN PELANGGAN,JUNIOR TECHNICIAN,TRANSAKSI ENERGI LAYANAN PELANGGAN,G1,D3 Teknik Elektro/Teknik Listrik,2,D3,3T,Distribusi,1,2.218
4241,2025,HOLDING,UID Sumut,,JUNIOR TECHNICIAN PDKB,JUNIOR TECHNICIAN,PDKB,G1,D3 Teknik Elektro/Teknik Listrik,2,D3,Rekrut 2025,Distribusi,1,2.169
4242,2025,HOLDING,PUSMANPRO,,"JUNIOR OFFICER KESELAMATAN, KESEHATAN KERJA, LINGKUNGAN, DAN KEAMANAN",JUNIOR OFFICER,"KESELAMATAN, KESEHATAN KERJA, LINGKUNGAN, DAN KEAMANAN",G1,D3 Keselamatan Dan Kesehatan Kerja/Kesehatan Masyarakat K3,2,D3,Rekrut 2025,K3 dan Lingkungan,1,2.138
4243,2025,HOLDING,PUSMANPRO,,JUNIOR TECHNICIAN MANAJEMEN KONSTRUKSI LISTRIK,JUNIOR TECHNICIAN,MANAJEMEN KONSTRUKSI LISTRIK,G1,D3 Logistik/Supply Chain Management,2,D3,Rekrut 2025,Manajemen Konstruksi dan Pengadaan,1,2.138
4244,2025,HOLDING,UID Jawa Timur,,JUNIOR OFFICER PELAYANAN PELANGGAN,JUNIOR OFFICER,PELAYANAN PELANGGAN,G1,D3 Manajemen Pemasaran/Digital Marketing Dan Analytics,2,D3,Rekrut 2025,Niaga dan Pemasaran,1,2.11
4245,2025,HOLDING,UID Jawa Timur,,JUNIOR TECHNICIAN PENGATURAN OPERASI,JUNIOR TECHNICIAN,PENGATURAN OPERASI,G1,D3 Teknik Kimia/Teknik Lingkungan,2,D3,Rekrut 2025,Perencanaan Sistem,1,2.11
4246,2025,HOLDING,UID Sumut,,JUNIOR TECHNICIAN TEKNIK LAYANAN PELANGGAN,JUNIOR TECHNICIAN,TEKNIK LAYANAN PELANGGAN,G1,D3 Teknik Elektro/Teknik Listrik,2,D3,Rekrut 2025,Distribusi,1,2.042
4247,2025,HOLDING,UID Jawa Tengah & DIY,,JUNIOR TECHNICIAN PDKB,JUNIOR TECHNICIAN,PDKB,G1,D3 Teknik Elektro/Teknik Listrik,2,D3,Rekrut 2025,Distribusi,1,2.041
4248,2025,HOLDING,UIT JBT,,JUNIOR TECHNICIAN JARINGAN TRANSMISI DAN GARDU INDUK TEGANGAN EKSTRA TINGGI,JUNIOR TECHNICIAN,JARINGAN TRANSMISI DAN GARDU INDUK TEGANGAN EKSTRA TINGGI,G1,D3 Teknik Elektro/Teknik Listrik,2,D3,Rekrut 2025,Transmisi dan Gardu Induk,1,2.013
4249,2025,HOLDING,UID Sumut,,JUNIOR OFFICER PELAYANAN PELANGGAN,JUNIOR OFFICER,PELAYANAN PELANGGAN,G1,D3 Manajemen Pemasaran/Digital Marketing Dan Analytics,2,D3,Rekrut 2025,Niaga dan Pemasaran,1,1.978
4250,2025,HOLDING,UIT JBB,,JUNIOR TECHNICIAN PEMELIHARAAN GARDU INDUK,JUNIOR TECHNICIAN,PEMELIHARAAN GARDU INDUK,G1,D3 Teknik Elektro/Teknik Listrik,2,D3,Rekrut 2025,Transmisi dan Gardu Induk,1,1.967
4251,2025,HOLDING,UID Suluttenggo,,JUNIOR TECHNICIAN TRANSAKSI ENERGI LAYANAN PELANGGAN,JUNIOR TECHNICIAN,TRANSAKSI ENERGI LAYANAN PELANGGAN,G1,D3 Teknik Elektro/Teknik Listrik,2,D3,3T,Distribusi,1,1.918
4252,2025,HOLDING,UIW Papua&Papua Barat,,JUNIOR OFFICER PELAYANAN PELANGGAN,JUNIOR OFFICER,PELAYANAN PELANGGAN,G1,D3 Manajemen Pemasaran/Digital Marketing Dan Analytics,2,D3,3T,Niaga dan Pemasaran,1,1.917
4253,2025,HOLDING,UID Sumut,,JUNIOR TECHNICIAN TRANSAKSI ENERGI LAYANAN PELANGGAN,JUNIOR TECHNICIAN,TRANSAKSI ENERGI LAYANAN PELANGGAN,G1,D3 Teknik Elektro/Teknik Listrik,2,D3,Rekrut 2025,Distribusi,1,1.914
4254,2025,HOLDING,PUSDIKLAT,,JUNIOR OFFICER ADMINITRASI DAN UMUM,JUNIOR OFFICER,ADMINITRASI DAN UMUM,G1,D3 Komunikasi/Hubungan Masyarakat,2,D3,Rekrut 2025,Komunikasi dan Umum,1,1.877
4255,2025,HOLDING,UIP JBT,,JUNIOR OFFICER ADMINISTRASI DAN UMUM,JUNIOR OFFICER,ADMINISTRASI DAN UMUM,G1,D3 Komunikasi/Hubungan Masyarakat,2,D3,Rekrut 2025,Komunikasi dan Umum,1,1.744
4256,2025,HOLDING,UID Kalbar,,JUNIOR TECHNICIAN TEKNIK LAYANAN PELANGGAN,JUNIOR TECHNICIAN,TEKNIK LAYANAN PELANGGAN,G1,D3 Teknik Elektro/Teknik Listrik,2,D3,3T,Distribusi,1,1.719
4257,2025,HOLDING,UID Aceh,,JUNIOR TECHNICIAN TEKNIK LAYANAN PELANGGAN,JUNIOR TECHNICIAN,TEKNIK LAYANAN PELANGGAN,G1,D3 Teknik Elektro/Teknik Listrik,2,D3,3T,Distribusi,1,1.71
4258,2025,HOLDING,UID Sulselrabar,,JUNIOR TECHNICIAN TRANSAKSI ENERGI LAYANAN PELANGGAN,JUNIOR TECHNICIAN,TRANSAKSI ENERGI LAYANAN PELANGGAN,G1,D3 Teknik Elektro/Teknik Listrik,2,D3,3T,Distribusi,1,1.703
4259,2025,HOLDING,P3B Sumatera,,JUNIOR TECHNICIAN PEMELIHARAAN JARINGAN TRANSMISI,JUNIOR TECHNICIAN,PEMELIHARAAN JARINGAN TRANSMISI,G1,D3 Teknik Elektro/Teknik Listrik,2,D3,Rekrut 2025,Transmisi dan Gardu Induk,1,1.7
4260,2025,HOLDING,P3B Sumatera,,JUNIOR TECHNICIAN JARINGAN TRANSMISI DAN GARDU INDUK TEGANGAN EKSTRA TINGGI,JUNIOR TECHNICIAN,JARINGAN TRANSMISI DAN GARDU INDUK TEGANGAN EKSTRA TINGGI,G1,D3 Teknik Elektro/Teknik Listrik,2,D3,Rekrut 2025,Transmisi dan Gardu Induk,1,1.676
4261,2025,HOLDING,UIW Papua&Papua Barat,,JUNIOR TECHNICIAN TRANSAKSI ENERGI LAYANAN PELANGGAN,JUNIOR TECHNICIAN,TRANSAKSI ENERGI LAYANAN PELANGGAN,G1,D3 Teknik Elektro/Teknik Listrik,2,D3,3T,Distribusi,1,1.664
4262,2025,HOLDING,UID Lampung,,JUNIOR TECHNICIAN TRANSAKSI ENERGI LAYANAN PELANGGAN,JUNIOR TECHNICIAN,TRANSAKSI ENERGI LAYANAN PELANGGAN,G1,D3 Teknik Elektro/Teknik Listrik,2,D3,Rekrut 2025,Distribusi,1,1.636
4263,2025,HOLDING,UID Kalbar,,JUNIOR OFFICER PELAYANAN PELANGGAN,JUNIOR OFFICER,PELAYANAN PELANGGAN,G1,D3 Manajemen Pemasaran/Digital Marketing Dan Analytics,2,D3,3T,Niaga dan Pemasaran,1,1.587
4264,2025,HOLDING,UID Suluttenggo,,JUNIOR TECHNICIAN TEKNIK LAYANAN PELANGGAN,JUNIOR TECHNICIAN,TEKNIK LAYANAN PELANGGAN,G1,D3 Teknik Elektro/Teknik Listrik,2,D3,3T,Distribusi,1,2.465
4265,2025,HOLDING,UID Jawa Tengah & DIY,,JUNIOR TECHNICIAN TRANSAKSI ENERGI LAYANAN PELANGGAN,JUNIOR TECHNICIAN,TRANSAKSI ENERGI LAYANAN PELANGGAN,G1,D3 Teknik Elektro/Teknik Listrik,2,D3,Rekrut 2025,Distribusi,1,2.459
4266,2025,HOLDING,UIT JBTB,,JUNIOR TECHNICIAN JARINGAN TRANSMISI DAN GARDU INDUK,JUNIOR TECHNICIAN,JARINGAN TRANSMISI DAN GARDU INDUK,G1,D3 Teknik Elektro/Teknik Listrik,2,D3,Rekrut 2025,Transmisi dan Gardu Induk,1,2.422
4267,2025,HOLDING,PUSERTIF,,TECHNICIAN KOMISIONING SISTEM PEMBANGKIT,TECHNICIAN,KOMISIONING SISTEM PEMBANGKIT,G2,S1 Teknik Mesin/Konversi Energi,1,S1,Rekrut 2025,Pembangkitan,2,1.169
4268,2025,HOLDING,UIT JBTB,,OFFICER KINERJA KONSTRUKSI,OFFICER,KINERJA KONSTRUKSI,G2,S1 Logistik/Supply Chain Management,1,S1,Rekrut 2025,Manajemen Konstruksi dan Pengadaan,2,1.138
4269,2025,HOLDING,UIP JBTB,,"OFFICER KEUANGAN, PERIZINAN, PERTANAHAN DAN UMUM",OFFICER,"KEUANGAN, PERIZINAN, PERTANAHAN DAN UMUM",G2,S1 Logistik/Supply Chain Management,1,S1,Rekrut 2025,Manajemen Konstruksi dan Pengadaan,2,1.13
4270,2025,HOLDING,UID Jawa Timur,,TECHNICIAN PENGATURAN OPERASI,TECHNICIAN,PENGATURAN OPERASI,G2,S1 Teknik Kimia/Teknik Lingkungan,1,S1,Rekrut 2025,Perencanaan Sistem,2,1.129
4271,2025,HOLDING,UID Banten,,OFFICER PRIORITY ACCOUNT EXECUTIVE,OFFICER,PRIORITY ACCOUNT EXECUTIVE,G2,S1 Komunikasi/Hubungan Masyarakat,1,S1,Rekrut 2025,Komunikasi dan Umum,2,1.124
4272,2025,HOLDING,UID Jawa Barat,,TECHNICIAN TEKNISI PDKB,TECHNICIAN,TEKNISI PDKB,G2,S1 Teknik Elektro/Teknik Listrik,1,S1,Rekrut 2025,Distribusi,2,1.12
4273,2025,HOLDING,UIT JBT,,OFFICER KINERJA KONSTRUKSI,OFFICER,KINERJA KONSTRUKSI,G2,S1 Logistik/Supply Chain Management,1,S1,Rekrut 2025,Manajemen Konstruksi dan Pengadaan,2,1.116
4274,2025,HOLDING,UID Suluttenggo,,OFFICER KINERJA KEUANGAN DAN UMUM,OFFICER,KINERJA KEUANGAN DAN UMUM,G2,S1 Akuntansi/Administrasi Fiskal,1,S1,3T,Keuangan dan Akuntansi,2,1.105
4275,2025,HOLDING,UID Aceh,,OFFICER LOGISTIK LAYANAN PELANGGAN,OFFICER,LOGISTIK LAYANAN PELANGGAN,G2,S1 Logistik/Supply Chain Management,1,S1,3T,Manajemen Konstruksi dan Pengadaan,2,1.091
4276,2025,HOLDING,UID Kalselteng,,OFFICER KINERJA JARINGAN DAN KONSTRUKSI DISTRIBUSI,OFFICER,KINERJA JARINGAN DAN KONSTRUKSI DISTRIBUSI,G2,S1 Teknik Elektro/Teknik Listrik,1,S1,3T,Distribusi,2,1.09
4277,2025,HOLDING,UIP3B Kalimantan,,OFFICER KINERJA KEUANGAN DAN UMUM,OFFICER,KINERJA KEUANGAN DAN UMUM,G2,S1 Akuntansi/Administrasi Fiskal,1,S1,3T,Keuangan dan Akuntansi,2,1.074
4278,2025,HOLDING,UID Kaltimra,,OFFICER KINERJA KEUANGAN DAN UMUM,OFFICER,KINERJA KEUANGAN DAN UMUM,G2,S1 Akuntansi/Administrasi Fiskal,1,S1,3T,Keuangan dan Akuntansi,2,1.065
4279,2025,HOLDING,UID Kalbar,,OFFICER KINERJA JARINGAN DAN KONSTRUKSI DISTRIBUSI,OFFICER,KINERJA JARINGAN DAN KONSTRUKSI DISTRIBUSI,G2,S1 Teknik Elektro/Teknik Listrik,1,S1,3T,Distribusi,2,1.053
4280,2025,HOLDING,UID Sumut,,OFFICER KINERJA TRANSAKSI ENERGI LISTRIK,OFFICER,KINERJA TRANSAKSI ENERGI LISTRIK,G2,S1 Teknik Elektro/Teknik Listrik,1,S1,Rekrut 2025,Distribusi,2,1.042
4281,2025,HOLDING,Kantor Pusat,,OFFICER ANGGARAN,OFFICER,ANGGARAN,G2,S1 Akuntansi/Administrasi Fiskal,1,S1,Rekrut 2025,Keuangan dan Akuntansi,2,1.039
4282,2025,HOLDING,UID Sulselrabar,,OFFICER KINERJA,OFFICER,KINERJA,G2,S1 Teknik Industri/Teknik Material,1,S1,3T,Perencanaan dan Kinerja,2,1.038
4283,2025,HOLDING,UID Jawa Barat,,OFFICER ADMINISTRASI DAN UMUM,OFFICER,ADMINISTRASI DAN UMUM,G2,S1 Komunikasi/Hubungan Masyarakat,1,S1,Rekrut 2025,Komunikasi dan Umum,2,1.034
4284,2025,HOLDING,P3B Sumatera,,OFFICER ENJINIRING,OFFICER,ENJINIRING,G2,S1 Teknik Kimia/Teknik Lingkungan,1,S1,Rekrut 2025,Perencanaan Sistem,2,1.031
4285,2025,HOLDING,UID Aceh,,OFFICER KINERJA DAN ADMINISTRASI LAYANAN PELANGGAN,OFFICER,KINERJA DAN ADMINISTRASI LAYANAN PELANGGAN,G2,S1 Manajemen Pemasaran/Digital Marketing Dan Analytics,1,S1,3T,Niaga dan Pemasaran,2,1.03
4286,2025,HOLDING,UID Aceh,,TECHNICIAN PDKB,TECHNICIAN,PDKB,G2,S1 Teknik Elektro/Teknik Listrik,1,S1,3T,Distribusi,2,1.03
4287,2025,HOLDING,UIP Kalimantan Bag Timur,,OFFICER PERIZINAN DAN PERTANAHAN,OFFICER,PERIZINAN DAN PERTANAHAN,G2,S1 Logistik/Supply Chain Management,1,S1,3T,Manajemen Konstruksi dan Pengadaan,2,1.03
4288,2025,HOLDING,UID Suluttenggo,,TECHNICIAN PDKB,TECHNICIAN,PDKB,G2,S1 Teknik Elektro/Teknik Listrik,1,S1,3T,Distribusi,2,1.026
4289,2025,HOLDING,UID Jawa Tengah & DIY,,OFFICER PRIORITY ACCOUNT EXECUTIVE,OFFICER,PRIORITY ACCOUNT EXECUTIVE,G2,S1 Komunikasi/Hubungan Masyarakat,1,S1,Rekrut 2025,Komunikasi dan Umum,2,0.99
4290,2025,HOLDING,UIW Maluku&Malut,,OFFICER ADMINISTRASI DAN UMUM,OFFICER,ADMINISTRASI DAN UMUM,G2,S1 Komunikasi/Hubungan Masyarakat,1,S1,3T,Komunikasi dan Umum,2,0.988
4291,2025,HOLDING,UIW Maluku&Malut,,OFFICER KINERJA,OFFICER,KINERJA,G2,S1 Teknik Industri/Teknik Material,1,S1,3T,Perencanaan dan Kinerja,2,0.988
4292,2025,HOLDING,UIW Maluku&Malut,,OFFICER PERENCANAAN SISTEM KELISTRIKAN,OFFICER,PERENCANAAN SISTEM KELISTRIKAN,G2,S1 Teknik Kimia/Teknik Lingkungan,1,S1,3T,Perencanaan Sistem,2,0.988
4293,2025,HOLDING,UIW Maluku&Malut,,TECHNICIAN PENGENDALIAN OPERASI SISTEM,TECHNICIAN,PENGENDALIAN OPERASI SISTEM,G2,S1 Teknik Kimia/Teknik Lingkungan,1,S1,3T,Perencanaan Sistem,2,0.988
4294,2025,HOLDING,UIT JBB,,OFFICER ENJINIRING,OFFICER,ENJINIRING,G2,S1 Teknik Kimia/Teknik Lingkungan,1,S1,Rekrut 2025,Perencanaan Sistem,2,0.98
4295,2025,HOLDING,UIP Maluku dan Papua,,TECHNICIAN PENGENDALIAN KONSTRUKSI,TECHNICIAN,PENGENDALIAN KONSTRUKSI,G2,S1 Logistik/Supply Chain Management,1,S1,3T,Manajemen Konstruksi dan Pengadaan,2,0.978
4296,2025,HOLDING,UID Aceh,,OFFICER KINERJA JARINGAN DAN KONSTRUKSI DISTRIBUSI,OFFICER,KINERJA JARINGAN DAN KONSTRUKSI DISTRIBUSI,G2,S1 Teknik Elektro/Teknik Listrik,1,S1,3T,Distribusi,2,0.97
4297,2025,HOLDING,UID Aceh,,OFFICER KINERJA KEUANGAN DAN UMUM,OFFICER,KINERJA KEUANGAN DAN UMUM,G2,S1 Akuntansi/Administrasi Fiskal,1,S1,3T,Keuangan dan Akuntansi,2,0.97
4298,2025,HOLDING,UID Kalselteng,,OFFICER KINERJA KEUANGAN DAN UMUM,OFFICER,KINERJA KEUANGAN DAN UMUM,G2,S1 Akuntansi/Administrasi Fiskal,1,S1,3T,Keuangan dan Akuntansi,2,0.969
4299,2025,HOLDING,UIP JBB,,TECHNICIAN PENGENDALIAN KONSTRUKSI,TECHNICIAN,PENGENDALIAN KONSTRUKSI,G2,S1 Logistik/Supply Chain Management,1,S1,Rekrut 2025,Manajemen Konstruksi dan Pengadaan,2,0.961
4300,2025,HOLDING,UIP3B Kalimantan,,TECHNICIAN PDKB GI/GITET,TECHNICIAN,PDKB GI/GITET,G2,S1 Teknik Elektro/Teknik Listrik,1,S1,3T,Transmisi dan Gardu Induk,2,0.955
4301,2025,HOLDING,UID S2JB,,OFFICER KINERJA TRANSAKSI ENERGI LISTRIK,OFFICER,KINERJA TRANSAKSI ENERGI LISTRIK,G2,S1 Teknik Elektro/Teknik Listrik,1,S1,3T,Distribusi,2,0.949
4302,2025,HOLDING,PUSDIKLAT,,OFFICER PENYELENGGARAAN PEMBELAJARAN,OFFICER,PENYELENGGARAAN PEMBELAJARAN,G2,S1 Psikologi/Kepegawaian,1,S1,Rekrut 2025,Sumber Daya Manusia,2,0.948
4303,2025,HOLDING,UID Suluttenggo,,TECHNICIAN PENGELOLAAN KONSTRUKSI DISTRIBUSI,TECHNICIAN,PENGELOLAAN KONSTRUKSI DISTRIBUSI,G2,S1 Teknik Elektro/Teknik Listrik,1,S1,3T,Distribusi,2,0.947
4304,2025,HOLDING,UID Banten,,OFFICER KINERJA,OFFICER,KINERJA,G2,S1 Teknik Industri/Teknik Material,1,S1,Rekrut 2025,Perencanaan dan Kinerja,2,0.946
4305,2025,HOLDING,UID Banten,,OFFICER KINERJA TRANSAKSI ENERGI LISTRIK,OFFICER,KINERJA TRANSAKSI ENERGI LISTRIK,G2,S1 Teknik Elektro/Teknik Listrik,1,S1,Rekrut 2025,Distribusi,2,0.946
4306,2025,HOLDING,P3B Sumatera,,OFFICER KINERJA OPERASI SISTEM,OFFICER,KINERJA OPERASI SISTEM,G2,S1 Teknik Kimia/Teknik Lingkungan,1,S1,Rekrut 2025,Perencanaan Sistem,2,0.945
4307,2025,HOLDING,UIW NusaTenggara Barat,,TECHNICIAN OPERASI PUSAT LISTRIK,TECHNICIAN,OPERASI PUSAT LISTRIK,G2,S1 Teknik Mesin/Konversi Energi,1,S1,3T,Pembangkitan,2,0.945
4308,2025,HOLDING,UIP Kalimantan Bag Timur,,TECHNICIAN PENGENDALIAN KONSTRUKSI,TECHNICIAN,PENGENDALIAN KONSTRUKSI,G2,S1 Logistik/Supply Chain Management,1,S1,3T,Manajemen Konstruksi dan Pengadaan,2,0.927
4309,2025,HOLDING,UID Sumut,,OFFICER KINERJA,OFFICER,KINERJA,G2,S1 Teknik Industri/Teknik Material,1,S1,Rekrut 2025,Perencanaan dan Kinerja,2,0.926
4310,2025,HOLDING,UIW Papua&Papua Barat,,OFFICER KINERJA JARINGAN DAN KONSTRUKSI,OFFICER,KINERJA JARINGAN DAN KONSTRUKSI,G2,S1 Teknik Elektro/Teknik Listrik,1,S1,3T,Distribusi,2,0.909
4311,2025,HOLDING,UIW Papua&Papua Barat,,OFFICER KINERJA TRANSAKSI ENERGI LISTRIK,OFFICER,KINERJA TRANSAKSI ENERGI LISTRIK,G2,S1 Teknik Elektro/Teknik Listrik,1,S1,3T,Distribusi,2,0.909
4312,2025,HOLDING,UID Jawa Timur,,OFFICER LOGISTIK LAYANAN PELANGGAN,OFFICER,LOGISTIK LAYANAN PELANGGAN,G2,S1 Logistik/Supply Chain Management,1,S1,Rekrut 2025,Manajemen Konstruksi dan Pengadaan,2,0.878
4313,2025,HOLDING,UID Jawa Timur,,OFFICER PELAKSANA PENGADAAN,OFFICER,PELAKSANA PENGADAAN,G2,S1 Logistik/Supply Chain Management,1,S1,Rekrut 2025,Manajemen Konstruksi dan Pengadaan,2,0.878
4314,2025,HOLDING,UID Kalbar,,TECHNICIAN PDKB,TECHNICIAN,PDKB,G2,S1 Teknik Elektro/Teknik Listrik,1,S1,3T,Distribusi,2,0.878
4315,2025,HOLDING,UID Kaltimra,,OFFICER KINERJA,OFFICER,KINERJA,G2,S1 Teknik Industri/Teknik Material,1,S1,3T,Perencanaan dan Kinerja,2,0.871
4316,2025,HOLDING,UID Suluttenggo,,TECHNICIAN OPERASI DISTRIBUSI,TECHNICIAN,OPERASI DISTRIBUSI,G2,S1 Teknik Elektro/Teknik Listrik,1,S1,3T,Distribusi,2,0.868
4317,2025,HOLDING,PUSHARLIS,,TECHNICIAN PRODUKSI MEKANIKAL,TECHNICIAN,PRODUKSI MEKANIKAL,G2,S1 Teknik Elektro/Teknik Listrik,1,S1,Rekrut 2025,Distribusi,2,0.866
4318,2025,HOLDING,UID Jakarta Raya,,TECHNICIAN PEMELIHARAAN DISTRIBUSI,TECHNICIAN,PEMELIHARAAN DISTRIBUSI,G2,S1 Teknik Elektro/Teknik Listrik,1,S1,Rekrut 2025,Distribusi,2,0.865
4319,2025,HOLDING,UIP Sumatera Bag Tengah,,TECHNICIAN PENGENDALIAN KONSTRUKSI,TECHNICIAN,PENGENDALIAN KONSTRUKSI,G2,S1 Logistik/Supply Chain Management,1,S1,Rekrut 2025,Manajemen Konstruksi dan Pengadaan,2,0.863
4320,2025,HOLDING,UID Jawa Barat,,OFFICER PELAYANAN PELANGGAN,OFFICER,PELAYANAN PELANGGAN,G2,S1 Manajemen Pemasaran/Digital Marketing Dan Analytics,1,S1,Rekrut 2025,Niaga dan Pemasaran,2,0.861
4321,2025,HOLDING,UID Jawa Barat,,TECHNICIAN OPERASI DISTRIBUSI,TECHNICIAN,OPERASI DISTRIBUSI,G2,S1 Teknik Elektro/Teknik Listrik,1,S1,Rekrut 2025,Distribusi,2,0.861
4322,2025,HOLDING,UID Sumbar,,OFFICER KINERJA JARINGAN DAN KONSTRUKSI,OFFICER,KINERJA JARINGAN DAN KONSTRUKSI,G2,S1 Teknik Elektro/Teknik Listrik,1,S1,Rekrut 2025,Distribusi,2,0.861
4323,2025,HOLDING,UID Sumbar,,OFFICER KINERJA KEUANGAN DAN UMUM,OFFICER,KINERJA KEUANGAN DAN UMUM,G2,S1 Akuntansi/Administrasi Fiskal,1,S1,Rekrut 2025,Keuangan dan Akuntansi,2,0.861
4324,2025,HOLDING,P3B Sumatera,,OFFICER KINERJA FASILITAS OPERASI,OFFICER,KINERJA FASILITAS OPERASI,G2,S1 Komunikasi/Hubungan Masyarakat,1,S1,Rekrut 2025,Komunikasi dan Umum,2,0.859
4325,2025,HOLDING,UID Kalselteng,,TECHNICIAN OPERASI DISTRIBUSI,TECHNICIAN,OPERASI DISTRIBUSI,G2,S1 Teknik Elektro/Teknik Listrik,1,S1,3T,Distribusi,2,0.848
4326,2025,HOLDING,UID Lampung,,OFFICER KINERJA KEUANGAN DAN UMUM,OFFICER,KINERJA KEUANGAN DAN UMUM,G2,S1 Akuntansi/Administrasi Fiskal,1,S1,Rekrut 2025,Keuangan dan Akuntansi,2,0.822
4327,2025,HOLDING,UID Lampung,,OFFICER LOGISTIK LAYANAN PELANGGAN,OFFICER,LOGISTIK LAYANAN PELANGGAN,G2,S1 Logistik/Supply Chain Management,1,S1,Rekrut 2025,Manajemen Konstruksi dan Pengadaan,2,0.822
4328,2025,HOLDING,UID Lampung,,TECHNICIAN PDKB,TECHNICIAN,PDKB,G2,S1 Teknik Elektro/Teknik Listrik,1,S1,Rekrut 2025,Distribusi,2,0.822
4329,2025,HOLDING,UID S2JB,,OFFICER PRIORITY ACCOUNT EXECUTIVE,OFFICER,PRIORITY ACCOUNT EXECUTIVE,G2,S1 Komunikasi/Hubungan Masyarakat,1,S1,3T,Komunikasi dan Umum,2,0.822
4330,2025,HOLDING,UID Sulselrabar,,OFFICER KINERJA TRANSAKSI ENERGI LISTRIK,OFFICER,KINERJA TRANSAKSI ENERGI LISTRIK,G2,S1 Teknik Elektro/Teknik Listrik,1,S1,3T,Distribusi,2,0.82
4331,2025,HOLDING,UID Sulselrabar,,TECHNICIAN PDKB,TECHNICIAN,PDKB,G2,S1 Teknik Elektro/Teknik Listrik,1,S1,3T,Distribusi,2,0.82
4332,2025,HOLDING,UIW NusaTenggara Barat,,OFFICER KINERJA KEUANGAN DAN UMUM,OFFICER,KINERJA KEUANGAN DAN UMUM,G2,S1 Akuntansi/Administrasi Fiskal,1,S1,3T,Keuangan dan Akuntansi,2,0.819
4333,2025,HOLDING,UIP JBT,,"OFFICER KEUANGAN, PERIZINAN, PERTANAHAN DAN UMUM",OFFICER,"KEUANGAN, PERIZINAN, PERTANAHAN DAN UMUM",G2,S1 Logistik/Supply Chain Management,1,S1,Rekrut 2025,Manajemen Konstruksi dan Pengadaan,2,0.817
4334,2025,HOLDING,UIT JBTB,,OFFICER ENJINIRING,OFFICER,ENJINIRING,G2,S1 Teknik Kimia/Teknik Lingkungan,1,S1,Rekrut 2025,Perencanaan Sistem,2,0.813
4335,2025,HOLDING,UIT JBTB,,OFFICER PELAKSANA PENGADAAN,OFFICER,PELAKSANA PENGADAAN,G2,S1 Logistik/Supply Chain Management,1,S1,Rekrut 2025,Manajemen Konstruksi dan Pengadaan,2,0.813
4336,2025,HOLDING,PUSDIKLAT,,OFFICER EVALUASI DAN PENGENDALIAN MUTU DAN KINERJA,OFFICER,EVALUASI DAN PENGENDALIAN MUTU DAN KINERJA,G2,S1 Teknik Industri/Teknik Material,1,S1,Rekrut 2025,Perencanaan dan Kinerja,2,0.812
4337,2025,HOLDING,UIW Papua&Papua Barat,,OFFICER KINERJA KEUANGAN DAN UMUM,OFFICER,KINERJA KEUANGAN DAN UMUM,G2,S1 Akuntansi/Administrasi Fiskal,1,S1,3T,Keuangan dan Akuntansi,2,0.808
4338,2025,HOLDING,UIP Sumatera Bag Utara,,OFFICER PENGENDALIAN PROYEK,OFFICER,PENGENDALIAN PROYEK,G2,S1 Logistik/Supply Chain Management,1,S1,Rekrut 2025,Manajemen Konstruksi dan Pengadaan,2,0.794
4339,2025,HOLDING,UID Riau & Kepri,,TECHNICIAN PDKB,TECHNICIAN,PDKB,G2,S1 Teknik Elektro/Teknik Listrik,1,S1,Rekrut 2025,Distribusi,2,0.793
4340,2025,HOLDING,UID Kalbar,,OFFICER KINERJA TRANSAKSI ENERGI LISTRIK,OFFICER,KINERJA TRANSAKSI ENERGI LISTRIK,G2,S1 Teknik Elektro/Teknik Listrik,1,S1,3T,Distribusi,2,0.79
4341,2025,HOLDING,UID Suluttenggo,,TECHNICIAN PEMELIHARAAN DISTRIBUSI,TECHNICIAN,PEMELIHARAAN DISTRIBUSI,G2,S1 Teknik Elektro/Teknik Listrik,1,S1,3T,Distribusi,2,0.79
4342,2025,HOLDING,UIP Kalimantan Bag Barat,,TECHNICIAN PENGENDALIAN KONSTRUKSI,TECHNICIAN,PENGENDALIAN KONSTRUKSI,G2,S1 Logistik/Supply Chain Management,1,S1,3T,Manajemen Konstruksi dan Pengadaan,2,0.782
4343,2025,HOLDING,UID Jakarta Raya,,TECHNICIAN PENGENDALIAN KONSTRUKSI DISTRIBUSI,TECHNICIAN,PENGENDALIAN KONSTRUKSI DISTRIBUSI,G2,S1 Teknik Elektro/Teknik Listrik,1,S1,Rekrut 2025,Distribusi,2,0.778
4344,2025,HOLDING,UID Jawa Barat,,OFFICER KINERJA NIAGA DAN PEMASARAN,OFFICER,KINERJA NIAGA DAN PEMASARAN,G2,S1 Manajemen Pemasaran/Digital Marketing Dan Analytics,1,S1,Rekrut 2025,Niaga dan Pemasaran,2,0.775
4345,2025,HOLDING,UID Jawa Barat,,TECHNICIAN PENGATURAN OPERASI,TECHNICIAN,PENGATURAN OPERASI,G2,S1 Teknik Kimia/Teknik Lingkungan,1,S1,Rekrut 2025,Perencanaan Sistem,2,0.775
4346,2025,HOLDING,P3B Sumatera,,TECHNICIAN PEMELIHARAAN GARDU INDUK,TECHNICIAN,PEMELIHARAAN GARDU INDUK,G2,S1 Teknik Elektro/Teknik Listrik,1,S1,Rekrut 2025,Transmisi dan Gardu Induk,2,0.773
4347,2025,HOLDING,UID Sulselrabar,,OFFICER KINERJA JARINGAN DAN KONSTRUKSI DISTRIBUSI,OFFICER,KINERJA JARINGAN DAN KONSTRUKSI DISTRIBUSI,G2,S1 Teknik Elektro/Teknik Listrik,1,S1,3T,Distribusi,2,0.765
4348,2025,HOLDING,UID Lampung,,OFFICER KINERJA JARINGAN DAN KONSTRUKSI DISTRIBUSI,OFFICER,KINERJA JARINGAN DAN KONSTRUKSI DISTRIBUSI,G2,S1 Teknik Elektro/Teknik Listrik,1,S1,Rekrut 2025,Distribusi,2,0.763
4349,2025,HOLDING,UIP JBT,,TECHNICIAN PROJECT SITE,TECHNICIAN,PROJECT SITE,G2,S1 Teknik Elektro/Teknik Listrik,1,S1,Rekrut 2025,Distribusi,2,0.758
4350,2025,HOLDING,UIW NusaTenggara Barat,,TECHNICIAN PEMELIHARAAN PUSAT LISTRIK,TECHNICIAN,PEMELIHARAAN PUSAT LISTRIK,G2,S1 Teknik Mesin/Konversi Energi,1,S1,3T,Pembangkitan,2,0.756
4351,2025,HOLDING,UID Jawa Timur,,OFFICER ADMINISTRASI DAN UMUM,OFFICER,ADMINISTRASI DAN UMUM,G2,S1 Komunikasi/Hubungan Masyarakat,1,S1,Rekrut 2025,Komunikasi dan Umum,2,0.753
4352,2025,HOLDING,UID Jawa Timur,,TECHNICIAN PEMELIHARAAN DISTRIBUSI,TECHNICIAN,PEMELIHARAAN DISTRIBUSI,G2,S1 Teknik Elektro/Teknik Listrik,1,S1,Rekrut 2025,Distribusi,2,0.753
4353,2025,HOLDING,UIW Maluku&Malut,,OFFICER PERENCANAAN DAN EVALUASI SISTEM DISTRIBUSI,OFFICER,PERENCANAAN DAN EVALUASI SISTEM DISTRIBUSI,G2,S1 Teknik Kimia/Teknik Lingkungan,1,S1,3T,Perencanaan Sistem,2,0.741
4354,2025,HOLDING,UIW Maluku&Malut,,OFFICER PERENCANAAN PENGUSAHAAN DAN KINERJA,OFFICER,PERENCANAAN PENGUSAHAAN DAN KINERJA,G2,S1 Teknik Industri/Teknik Material,1,S1,3T,Perencanaan dan Kinerja,2,0.741
4355,2025,HOLDING,UIW Maluku&Malut,,OFFICER STRATEGI PEMASARAN,OFFICER,STRATEGI PEMASARAN,G2,S1 Manajemen Pemasaran/Digital Marketing Dan Analytics,1,S1,3T,Niaga dan Pemasaran,2,0.741
4356,2025,HOLDING,UIW Maluku&Malut,,TECHNICIAN PENGENDALIAN OPERASI DAN PEMELIHARAAN PUSAT LISTRIK,TECHNICIAN,PENGENDALIAN OPERASI DAN PEMELIHARAAN PUSAT LISTRIK,G2,S1 Teknik Mesin/Konversi Energi,1,S1,3T,Pembangkitan,2,0.741
4357,2025,HOLDING,UIW Maluku&Malut,,TECHNICIAN PENGENDALIAN OPERASI DAN PEMELIHARAAN TRANSMISI DAN GARDU INDUK,TECHNICIAN,PENGENDALIAN OPERASI DAN PEMELIHARAAN TRANSMISI DAN GARDU INDUK,G2,S1 Teknik Elektro/Teknik Listrik,1,S1,3T,Transmisi dan Gardu Induk,2,0.741
4358,2025,HOLDING,UIW Maluku&Malut,,TECHNICIAN PENGENDALIAN SUSUT,TECHNICIAN,PENGENDALIAN SUSUT,G2,S1 Teknik Elektro/Teknik Listrik,1,S1,3T,Distribusi,2,0.741
4359,2025,HOLDING,UIT JBB,,OFFICER PELAKSANA PENGADAAN,OFFICER,PELAKSANA PENGADAAN,G2,S1 Logistik/Supply Chain Management,1,S1,Rekrut 2025,Manajemen Konstruksi dan Pengadaan,2,0.735
4360,2025,HOLDING,UIT JBB,,TECHNICIAN JARINGAN TRANSMISI DAN GARDU INDUK,TECHNICIAN,JARINGAN TRANSMISI DAN GARDU INDUK,G2,S1 Teknik Elektro/Teknik Listrik,1,S1,Rekrut 2025,Transmisi dan Gardu Induk,2,0.735
4361,2025,HOLDING,UIT JBTB,,"OFFICER ASESMEN, DIAGNOSA DAN PENGELOLAAN DATA",OFFICER,"ASESMEN, DIAGNOSA DAN PENGELOLAAN DATA",G2,S1 Psikologi/Kepegawaian,1,S1,Rekrut 2025,Sumber Daya Manusia,2,0.732
4362,2025,HOLDING,UIT JBTB,,TECHNICIAN JARINGAN TRANSMISI DAN GARDU INDUK,TECHNICIAN,JARINGAN TRANSMISI DAN GARDU INDUK,G2,S1 Teknik Elektro/Teknik Listrik,1,S1,Rekrut 2025,Transmisi dan Gardu Induk,2,0.732
4363,2025,HOLDING,UIT JBTB,,"TECHNICIAN PEMELIHARAAN PROTEKSI, METER, DAN OTOMASI TRANSMISI DAN GARDUINDUK",TECHNICIAN,"PEMELIHARAAN PROTEKSI, METER, DAN OTOMASI TRANSMISI DAN GARDUINDUK",G2,S1 Teknik Elektro/Teknik Listrik,1,S1,Rekrut 2025,Transmisi dan Gardu Induk,2,0.732
4364,2025,HOLDING,UID Kalselteng,,OFFICER PRIORITY ACCOUNT EXECUTIVE,OFFICER,PRIORITY ACCOUNT EXECUTIVE,G2,S1 Komunikasi/Hubungan Masyarakat,1,S1,3T,Komunikasi dan Umum,2,0.726
4365,2025,HOLDING,UIP Kalimantan Bag Timur,,OFFICER PENGENDALIAN PROYEK,OFFICER,PENGENDALIAN PROYEK,G2,S1 Logistik/Supply Chain Management,1,S1,3T,Manajemen Konstruksi dan Pengadaan,2,0.721
4366,2025,HOLDING,UID Suluttenggo,,OFFICER KINERJA TRANSAKSI ENERGI LISTRIK,OFFICER,KINERJA TRANSAKSI ENERGI LISTRIK,G2,S1 Teknik Elektro/Teknik Listrik,1,S1,3T,Distribusi,2,0.711
4367,2025,HOLDING,UID Suluttenggo,,OFFICER NIAGA DAN PELAYANAN PELANGGAN,OFFICER,NIAGA DAN PELAYANAN PELANGGAN,G2,S1 Manajemen Pemasaran/Digital Marketing Dan Analytics,1,S1,3T,Niaga dan Pemasaran,2,0.711
4368,2025,HOLDING,UIP Sulawesi,,TECHNICIAN PENGENDALIAN KONSTRUKSI,TECHNICIAN,PENGENDALIAN KONSTRUKSI,G2,S1 Logistik/Supply Chain Management,1,S1,3T,Manajemen Konstruksi dan Pengadaan,2,0.709
4369,2025,HOLDING,UIW Papua&Papua Barat,,OFFICER NIAGA DAN PELAYANAN PELANGGAN,OFFICER,NIAGA DAN PELAYANAN PELANGGAN,G2,S1 Manajemen Pemasaran/Digital Marketing Dan Analytics,1,S1,3T,Niaga dan Pemasaran,2,0.707
4370,2025,HOLDING,UIW Papua&Papua Barat,,OFFICER PERENCANAAN DAN EVALUASI SISTEM DISTRIBUSI,OFFICER,PERENCANAAN DAN EVALUASI SISTEM DISTRIBUSI,G2,S1 Teknik Kimia/Teknik Lingkungan,1,S1,3T,Perencanaan Sistem,2,0.707
4371,2025,HOLDING,UIW Papua&Papua Barat,,TECHNICIAN PEMELIHARAAN DISTRIBUSI,TECHNICIAN,PEMELIHARAAN DISTRIBUSI,G2,S1 Teknik Elektro/Teknik Listrik,1,S1,3T,Distribusi,2,0.707
4372,2025,HOLDING,UID Lampung,,OFFICER KINERJA,OFFICER,KINERJA,G2,S1 Teknik Industri/Teknik Material,1,S1,Rekrut 2025,Perencanaan dan Kinerja,2,0.704
4373,2025,HOLDING,UID Kalbar,,OFFICER ADMINISTRASI DAN UMUM,OFFICER,ADMINISTRASI DAN UMUM,G2,S1 Komunikasi/Hubungan Masyarakat,1,S1,3T,Komunikasi dan Umum,2,0.702
4374,2025,HOLDING,UID Sumut,,OFFICER PRIORITY ACCOUNT EXECUTIVE,OFFICER,PRIORITY ACCOUNT EXECUTIVE,G2,S1 Komunikasi/Hubungan Masyarakat,1,S1,Rekrut 2025,Komunikasi dan Umum,2,0.695
4375,2025,HOLDING,Kantor Pusat,,OFFICER ADMINISTRASI EKSEKUTIF DIREKSI,OFFICER,ADMINISTRASI EKSEKUTIF DIREKSI,G2,S1 Komunikasi/Hubungan Masyarakat,1,S1,Rekrut 2025,Komunikasi dan Umum,2,0.692
4376,2025,HOLDING,Kantor Pusat,,"OFFICER RISIKO KONSTRUKSI SUMATERA, KALIMANTAN, DAN SULAWESI",OFFICER,"RISIKO KONSTRUKSI SUMATERA, KALIMANTAN, DAN SULAWESI",G2,S1 Logistik/Supply Chain Management,1,S1,Rekrut 2025,Manajemen Konstruksi dan Pengadaan,2,0.692
4377,2025,HOLDING,Kantor Pusat,,OFFICER VERIFIKASI INVESTASI,OFFICER,VERIFIKASI INVESTASI,G2,S1 Akuntansi/Administrasi Fiskal,1,S1,Rekrut 2025,Keuangan dan Akuntansi,2,0.692
4378,2025,HOLDING,UID Jakarta Raya,,OFFICER KINERJA NIAGA,OFFICER,KINERJA NIAGA,G2,S1 Manajemen Pemasaran/Digital Marketing Dan Analytics,1,S1,Rekrut 2025,Niaga dan Pemasaran,2,0.692
4379,2025,HOLDING,UID Jawa Barat,,OFFICER PRIORITY ACCOUNT EXECUTIVE,OFFICER,PRIORITY ACCOUNT EXECUTIVE,G2,S1 Komunikasi/Hubungan Masyarakat,1,S1,Rekrut 2025,Komunikasi dan Umum,2,0.689
4380,2025,HOLDING,P3B Sumatera,,OFFICER ADMINISTRASI DAN UMUM,OFFICER,ADMINISTRASI DAN UMUM,G2,S1 Komunikasi/Hubungan Masyarakat,1,S1,Rekrut 2025,Komunikasi dan Umum,2,0.687
4381,2025,HOLDING,P3B Sumatera,,"OFFICER ASESMEN, DIAGNOSA DAN PENGOLAHAN DATA",OFFICER,"ASESMEN, DIAGNOSA DAN PENGOLAHAN DATA",G2,S1 Psikologi/Kepegawaian,1,S1,Rekrut 2025,Sumber Daya Manusia,2,0.687
4382,2025,HOLDING,P3B Sumatera,,OFFICER LINGKUNGAN,OFFICER,LINGKUNGAN,G2,S1 Keselamatan Dan Kesehatan Kerja/Kesehatan Masyarakat K3,1,S1,Rekrut 2025,K3 dan Lingkungan,2,0.687
4383,2025,HOLDING,P3B Sumatera,,OFFICER PELAKSANA PENGADAAN,OFFICER,PELAKSANA PENGADAAN,G2,S1 Logistik/Supply Chain Management,1,S1,Rekrut 2025,Manajemen Konstruksi dan Pengadaan,2,0.687
4384,2025,HOLDING,PUSDIKLAT,,"OFFICER PENGEMBANGAN, MUTU DAN KINERJA",OFFICER,"PENGEMBANGAN, MUTU DAN KINERJA",G2,S1 Teknik Industri/Teknik Material,1,S1,Rekrut 2025,Perencanaan dan Kinerja,2,0.677
4385,2025,HOLDING,Pusat Pengatur Beban,,OFFICER KINERJA,OFFICER,KINERJA,G2,S1 Teknik Industri/Teknik Material,1,S1,Rekrut 2025,Perencanaan dan Kinerja,2,0.674
4386,2025,HOLDING,UID Aceh,,OFFICER KINERJA TRANSAKSI ENERGI LISTRIK,OFFICER,KINERJA TRANSAKSI ENERGI LISTRIK,G2,S1 Teknik Elektro/Teknik Listrik,1,S1,3T,Distribusi,2,0.667
4387,2025,HOLDING,UIP JBTB,,TECHNICIAN PENGENDALIAN KONSTRUKSI,TECHNICIAN,PENGENDALIAN KONSTRUKSI,G2,S1 Logistik/Supply Chain Management,1,S1,Rekrut 2025,Manajemen Konstruksi dan Pengadaan,2,0.659
4388,2025,HOLDING,UID Banten,,TECHNICIAN OPERASI DISTRIBUSI,TECHNICIAN,OPERASI DISTRIBUSI,G2,S1 Teknik Elektro/Teknik Listrik,1,S1,Rekrut 2025,Distribusi,2,0.651
4389,2025,HOLDING,UIT JBT,,OFFICER ENJINIRING,OFFICER,ENJINIRING,G2,S1 Teknik Kimia/Teknik Lingkungan,1,S1,Rekrut 2025,Perencanaan Sistem,2,0.646
4390,2025,HOLDING,UIW NusaTenggaraTimur,,OFFICER KINERJA DAN ADMINISTRASI LAYANAN PELANGGAN,OFFICER,KINERJA DAN ADMINISTRASI LAYANAN PELANGGAN,G2,S1 Manajemen Pemasaran/Digital Marketing Dan Analytics,1,S1,3T,Niaga dan Pemasaran,2,0.644
4391,2025,HOLDING,UIW NusaTenggaraTimur,,TECHNICIAN PENGENDALIAN OPERASI DAN PEMELIHARAAN TRANSMISI DAN GARDU INDUK,TECHNICIAN,PENGENDALIAN OPERASI DAN PEMELIHARAAN TRANSMISI DAN GARDU INDUK,G2,S1 Teknik Elektro/Teknik Listrik,1,S1,3T,Transmisi dan Gardu Induk,2,0.644
4392,2025,HOLDING,UID Jawa Tengah & DIY,,OFFICER ADMINISTRASI DAN UMUM,OFFICER,ADMINISTRASI DAN UMUM,G2,S1 Komunikasi/Hubungan Masyarakat,1,S1,Rekrut 2025,Komunikasi dan Umum,2,0.637
4393,2025,HOLDING,UID Riau & Kepri,,OFFICER ADMINISTRASI DAN UMUM,OFFICER,ADMINISTRASI DAN UMUM,G2,S1 Komunikasi/Hubungan Masyarakat,1,S1,Rekrut 2025,Komunikasi dan Umum,2,0.634
4394,2025,HOLDING,UID Riau & Kepri,,OFFICER KINERJA,OFFICER,KINERJA,G2,S1 Teknik Industri/Teknik Material,1,S1,Rekrut 2025,Perencanaan dan Kinerja,2,0.634
4395,2025,HOLDING,UID Riau & Kepri,,OFFICER PELAKSANA PENGADAAN,OFFICER,PELAKSANA PENGADAAN,G2,S1 Logistik/Supply Chain Management,1,S1,Rekrut 2025,Manajemen Konstruksi dan Pengadaan,2,0.634
4396,2025,HOLDING,UID Bali,,OFFICER KINERJA JARINGAN DISTRIBUSI,OFFICER,KINERJA JARINGAN DISTRIBUSI,G2,S1 Teknik Elektro/Teknik Listrik,1,S1,Rekrut 2025,Distribusi,2,0.632
4397,2025,HOLDING,UID Bali,,OFFICER KINERJA KEUANGAN DAN UMUM,OFFICER,KINERJA KEUANGAN DAN UMUM,G2,S1 Akuntansi/Administrasi Fiskal,1,S1,Rekrut 2025,Keuangan dan Akuntansi,2,0.632
4398,2025,HOLDING,UID Bali,,OFFICER KINERJA TRANSAKSI ENERGI LISTRIK,OFFICER,KINERJA TRANSAKSI ENERGI LISTRIK,G2,S1 Teknik Elektro/Teknik Listrik,1,S1,Rekrut 2025,Distribusi,2,0.632
4399,2025,HOLDING,UID Bali,,TECHNICIAN PENGELOLAAN KONSTRUKSI DISTRIBUSI,TECHNICIAN,PENGELOLAAN KONSTRUKSI DISTRIBUSI,G2,S1 Teknik Elektro/Teknik Listrik,1,S1,Rekrut 2025,Distribusi,2,0.632
4400,2025,HOLDING,UID S2JB,,TECHNICIAN PDKB,TECHNICIAN,PDKB,G2,S1 Teknik Elektro/Teknik Listrik,1,S1,3T,Distribusi,2,0.632
4401,2025,HOLDING,UID Jawa Timur,,OFFICER KEUANGAN DAN ANGGARAN,OFFICER,KEUANGAN DAN ANGGARAN,G2,S1 Akuntansi/Administrasi Fiskal,1,S1,Rekrut 2025,Keuangan dan Akuntansi,2,0.627
4402,2025,HOLDING,UID Jawa Timur,,TECHNICIAN OPERASI DISTRIBUSI,TECHNICIAN,OPERASI DISTRIBUSI,G2,S1 Teknik Elektro/Teknik Listrik,1,S1,Rekrut 2025,Distribusi,2,0.627
4403,2025,HOLDING,PUSHARLIS,,OFFICER KEUANGAN DAN AKUNTANSI,OFFICER,KEUANGAN DAN AKUNTANSI,G2,S1 Akuntansi/Administrasi Fiskal,1,S1,Rekrut 2025,Keuangan dan Akuntansi,2,0.625
4404,2025,HOLDING,Kantor Pusat,,OFFICER AUDIT TRANSMISI DAN DISTRIBUSI 2A,OFFICER,AUDIT TRANSMISI DAN DISTRIBUSI 2A,G2,S1 Teknik Elektro/Teknik Listrik,1,S1,Rekrut 2025,Transmisi dan Gardu Induk,2,0.623
4405,2025,HOLDING,Kantor Pusat,,OFFICER PELAKSANA PENGADAAN TRANSMISI DAN GARDU INDUK,OFFICER,PELAKSANA PENGADAAN TRANSMISI DAN GARDU INDUK,G2,S1 Teknik Elektro/Teknik Listrik,1,S1,Rekrut 2025,Transmisi dan Gardu Induk,2,0.623
4406,2025,HOLDING,Kantor Pusat,,OFFICER PROGRAM PERUBAHAN,OFFICER,PROGRAM PERUBAHAN,G2,S1 Komunikasi/Hubungan Masyarakat,1,S1,Rekrut 2025,Komunikasi dan Umum,2,0.623
4407,2025,HOLDING,UIT JBB,,OFFICER KINERJA KONSTRUKSI,OFFICER,KINERJA KONSTRUKSI,G2,S1 Logistik/Supply Chain Management,1,S1,Rekrut 2025,Manajemen Konstruksi dan Pengadaan,2,0.612
4408,2025,HOLDING,UIT JBB,,OFFICER PERENCANAAN PENGUSAHAAN,OFFICER,PERENCANAAN PENGUSAHAAN,G2,S1 Teknik Industri/Teknik Material,1,S1,Rekrut 2025,Perencanaan dan Kinerja,2,0.612
4409,2025,HOLDING,UIT JBB,,TECHNICIAN PDKB GI/GITET,TECHNICIAN,PDKB GI/GITET,G2,S1 Teknik Elektro/Teknik Listrik,1,S1,Rekrut 2025,Transmisi dan Gardu Induk,2,0.612
4410,2025,HOLDING,UIT JBB,,TECHNICIAN PDKB SUTT/SUTET,TECHNICIAN,PDKB SUTT/SUTET,G2,S1 Teknik Elektro/Teknik Listrik,1,S1,Rekrut 2025,Transmisi dan Gardu Induk,2,0.612
4411,2025,HOLDING,UIT JBB,,TECHNICIAN PEMELIHARAAN JARINGAN TRANSMISI,TECHNICIAN,PEMELIHARAAN JARINGAN TRANSMISI,G2,S1 Teknik Elektro/Teknik Listrik,1,S1,Rekrut 2025,Transmisi dan Gardu Induk,2,0.612
4412,2025,HOLDING,UID Aceh,,OFFICER KINERJA,OFFICER,KINERJA,G2,S1 Teknik Industri/Teknik Material,1,S1,3T,Perencanaan dan Kinerja,2,0.606
4413,2025,HOLDING,UID Jakarta Raya,,OFFICER KINERJA FASILITAS OPERASI,OFFICER,KINERJA FASILITAS OPERASI,G2,S1 Komunikasi/Hubungan Masyarakat,1,S1,Rekrut 2025,Komunikasi dan Umum,2,0.605
4414,2025,HOLDING,UID Jakarta Raya,,OFFICER KINERJA OPERASI SISTEM DISTRIBUSI,OFFICER,KINERJA OPERASI SISTEM DISTRIBUSI,G2,S1 Teknik Kimia/Teknik Lingkungan,1,S1,Rekrut 2025,Perencanaan Sistem,2,0.605
4415,2025,HOLDING,UID Jakarta Raya,,OFFICER PELAKSANA PENGADAAN,OFFICER,PELAKSANA PENGADAAN,G2,S1 Logistik/Supply Chain Management,1,S1,Rekrut 2025,Manajemen Konstruksi dan Pengadaan,2,0.605
4416,2025,HOLDING,UID Kalselteng,,OFFICER ADMINISTRASI DAN UMUM,OFFICER,ADMINISTRASI DAN UMUM,G2,S1 Komunikasi/Hubungan Masyarakat,1,S1,3T,Komunikasi dan Umum,2,0.605
4417,2025,HOLDING,UID Jawa Barat,,"OFFICER KESELAMATAN, KESEHATAN KERJA, LINGKUNGAN DAN KEAMANAN",OFFICER,"KESELAMATAN, KESEHATAN KERJA, LINGKUNGAN DAN KEAMANAN",G2,S1 Keselamatan Dan Kesehatan Kerja/Kesehatan Masyarakat K3,1,S1,Rekrut 2025,K3 dan Lingkungan,2,0.603
4418,2025,HOLDING,UID Jawa Barat,,OFFICER KINERJA FASILITAS OPERASI,OFFICER,KINERJA FASILITAS OPERASI,G2,S1 Komunikasi/Hubungan Masyarakat,1,S1,Rekrut 2025,Komunikasi dan Umum,2,0.603
4419,2025,HOLDING,P3B Sumatera,,OFFICER PENGENDALIAN DAN PEMELIHARAAN ASET,OFFICER,PENGENDALIAN DAN PEMELIHARAAN ASET,G2,S1 Teknik Industri/Teknik Material,1,S1,Rekrut 2025,Perencanaan dan Kinerja,2,0.601
4420,2025,HOLDING,P3B Sumatera,,OFFICER PENGENDALIAN KONSTRUKSI DAN ADMINISTRASI KONTRAK,OFFICER,PENGENDALIAN KONSTRUKSI DAN ADMINISTRASI KONTRAK,G2,S1 Logistik/Supply Chain Management,1,S1,Rekrut 2025,Manajemen Konstruksi dan Pengadaan,2,0.601
4421,2025,HOLDING,UIP3B Kalimantan,,TECHNICIAN PDKB SUTT/SUTET,TECHNICIAN,PDKB SUTT/SUTET,G2,S1 Teknik Elektro/Teknik Listrik,1,S1,3T,Transmisi dan Gardu Induk,2,0.597
4422,2025,HOLDING,UID Sumbar,,OFFICER KINERJA,OFFICER,KINERJA,G2,S1 Teknik Industri/Teknik Material,1,S1,Rekrut 2025,Perencanaan dan Kinerja,2,0.592
4423,2025,HOLDING,UID Banten,,TECHNICIAN PENGELOLAAN KONSTRUKSI DISTRIBUSI,TECHNICIAN,PENGELOLAAN KONSTRUKSI DISTRIBUSI,G2,S1 Teknik Elektro/Teknik Listrik,1,S1,Rekrut 2025,Distribusi,2,0.591
4424,2025,HOLDING,UIP JBB,,OFFICER ADMINISTRASI DAN UMUM,OFFICER,ADMINISTRASI DAN UMUM,G2,S1 Komunikasi/Hubungan Masyarakat,1,S1,Rekrut 2025,Komunikasi dan Umum,2,0.591
4425,2025,HOLDING,UID Lampung,,OFFICER KINERJA TRANSAKSI ENERGI LISTRIK,OFFICER,KINERJA TRANSAKSI ENERGI LISTRIK,G2,S1 Teknik Elektro/Teknik Listrik,1,S1,Rekrut 2025,Distribusi,2,0.587
4426,2025,HOLDING,UIP JBT,,OFFICER PERIZINAN DAN PERTANAHAN,OFFICER,PERIZINAN DAN PERTANAHAN,G2,S1 Logistik/Supply Chain Management,1,S1,Rekrut 2025,Manajemen Konstruksi dan Pengadaan,2,0.583
4427,2025,HOLDING,UID Sumut,,OFFICER LOGISTIK,OFFICER,LOGISTIK,G2,S1 Logistik/Supply Chain Management,1,S1,Rekrut 2025,Manajemen Konstruksi dan Pengadaan,2,0.579
4428,2025,HOLDING,UIP Sumatera Bag Selatan,,OFFICER PENGENDALIAN PROYEK,OFFICER,PENGENDALIAN PROYEK,G2,S1 Logistik/Supply Chain Management,1,S1,Rekrut 2025,Manajemen Konstruksi dan Pengadaan,2,0.575
4429,2025,HOLDING,UID Jawa Tengah & DIY,,TECHNICIAN TEKNIK LAYANAN PELANGGAN,TECHNICIAN,TEKNIK LAYANAN PELANGGAN,G2,S1 Teknik Elektro/Teknik Listrik,1,S1,Rekrut 2025,Distribusi,2,0.566
4430,2025,HOLDING,Pusat Pengatur Beban,,OFFICER KINERJA OPERASI SISTEM,OFFICER,KINERJA OPERASI SISTEM,G2,S1 Teknik Kimia/Teknik Lingkungan,1,S1,Rekrut 2025,Perencanaan Sistem,2,0.562
4431,2025,HOLDING,Pusat Pengatur Beban,,TECHNICIAN TELEKOMUNIKASI,TECHNICIAN,TELEKOMUNIKASI,G2,S1 Teknik Elektro/Teknik Listrik,1,S1,Rekrut 2025,Proteksi dan Kontrol,2,0.562
4432,2025,HOLDING,PUSERTIF,,TECHNICIAN PENGELOLAAN INSPEKSI TRANSMISI DAN GARDU INDUK,TECHNICIAN,PENGELOLAAN INSPEKSI TRANSMISI DAN GARDU INDUK,G2,S1 Teknik Elektro/Teknik Listrik,1,S1,Rekrut 2025,Transmisi dan Gardu Induk,2,0.557
4433,2025,HOLDING,PUSLITBANG,,"OFFICER ASET PROPERTI, KOMUNIKASI DAN UMUM",OFFICER,"ASET PROPERTI, KOMUNIKASI DAN UMUM",G2,S1 Komunikasi/Hubungan Masyarakat,1,S1,Rekrut 2025,Komunikasi dan Umum,2,0.555
4434,2025,HOLDING,Kantor Pusat,,OFFICER AUDIT TRANSMISI DAN DISTRIBUSI 1A,OFFICER,AUDIT TRANSMISI DAN DISTRIBUSI 1A,G2,S1 Teknik Elektro/Teknik Listrik,1,S1,Rekrut 2025,Transmisi dan Gardu Induk,2,0.554
4435,2025,HOLDING,Kantor Pusat,,OFFICER AUDIT TRANSMISI DAN DISTRIBUSI 1B,OFFICER,AUDIT TRANSMISI DAN DISTRIBUSI 1B,G2,S1 Teknik Elektro/Teknik Listrik,1,S1,Rekrut 2025,Transmisi dan Gardu Induk,2,0.554
4436,2025,HOLDING,Kantor Pusat,,OFFICER PELAKSANA PENGADAAN MATERIAL TERPUSAT,OFFICER,PELAKSANA PENGADAAN MATERIAL TERPUSAT,G2,S1 Logistik/Supply Chain Management,1,S1,Rekrut 2025,Manajemen Konstruksi dan Pengadaan,2,0.554
4437,2025,HOLDING,Kantor Pusat,,OFFICER PENEMUAN DAN KUALIFIKASI VENDOR,OFFICER,PENEMUAN DAN KUALIFIKASI VENDOR,G2,S1 Komunikasi/Hubungan Masyarakat,1,S1,Rekrut 2025,Komunikasi dan Umum,2,0.554
4438,2025,HOLDING,Kantor Pusat,,"OFFICER RISIKO TRANSMISI SUMATERA, JAWA, MADURA, DAN BALI",OFFICER,"RISIKO TRANSMISI SUMATERA, JAWA, MADURA, DAN BALI",G2,S1 Teknik Elektro/Teknik Listrik,1,S1,Rekrut 2025,Transmisi dan Gardu Induk,2,0.554
4439,2025,HOLDING,UID Suluttenggo,,OFFICER KINERJA,OFFICER,KINERJA,G2,S1 Teknik Industri/Teknik Material,1,S1,3T,Perencanaan dan Kinerja,2,0.553
4440,2025,HOLDING,UID Suluttenggo,,OFFICER PELAKSANA PENGADAAN,OFFICER,PELAKSANA PENGADAAN,G2,S1 Logistik/Supply Chain Management,1,S1,3T,Manajemen Konstruksi dan Pengadaan,2,0.553
4441,2025,HOLDING,UID Sulselrabar,,OFFICER KINERJA NIAGA DAN PEMASARAN,OFFICER,KINERJA NIAGA DAN PEMASARAN,G2,S1 Manajemen Pemasaran/Digital Marketing Dan Analytics,1,S1,3T,Niaga dan Pemasaran,2,0.546
4442,2025,HOLDING,PUSDIKLAT,,OFFICER PENYELENGGARAAN PEMBELAJARAN NON TEKNIK,OFFICER,PENYELENGGARAAN PEMBELAJARAN NON TEKNIK,G2,S1 Psikologi/Kepegawaian,1,S1,Rekrut 2025,Sumber Daya Manusia,2,0.541
4443,2025,HOLDING,UIW Bangka Belitung,,OFFICER KINERJA KEUANGAN DAN UMUM,OFFICER,KINERJA KEUANGAN DAN UMUM,G2,S1 Akuntansi/Administrasi Fiskal,1,S1,Rekrut 2025,Keuangan dan Akuntansi,2,0.538
4444,2025,HOLDING,UIW NusaTenggaraTimur,,OFFICER ADMINISTRASI DAN UMUM,OFFICER,ADMINISTRASI DAN UMUM,G2,S1 Komunikasi/Hubungan Masyarakat,1,S1,3T,Komunikasi dan Umum,2,0.537
4445,2025,HOLDING,UIW NusaTenggaraTimur,,OFFICER KINERJA KEUANGAN DAN UMUM,OFFICER,KINERJA KEUANGAN DAN UMUM,G2,S1 Akuntansi/Administrasi Fiskal,1,S1,3T,Keuangan dan Akuntansi,2,0.537
4446,2025,HOLDING,UIW NusaTenggaraTimur,,OFFICER PELAKSANA PENGADAAN,OFFICER,PELAKSANA PENGADAAN,G2,S1 Logistik/Supply Chain Management,1,S1,3T,Manajemen Konstruksi dan Pengadaan,2,0.537
4447,2025,HOLDING,UIW NusaTenggaraTimur,,TECHNICIAN KONSTRUKSI LISTRIK PERDESAAN,TECHNICIAN,KONSTRUKSI LISTRIK PERDESAAN,G2,S1 Teknik Elektro/Teknik Listrik,1,S1,3T,Distribusi,2,0.537
4448,2025,HOLDING,UIW NusaTenggaraTimur,,TECHNICIAN PENGELOLAAN KONSTRUKSI DISTRIBUSI,TECHNICIAN,PENGELOLAAN KONSTRUKSI DISTRIBUSI,G2,S1 Teknik Elektro/Teknik Listrik,1,S1,3T,Distribusi,2,0.537
4449,2025,HOLDING,UID Banten,,OFFICER KINERJA KEUANGAN DAN UMUM,OFFICER,KINERJA KEUANGAN DAN UMUM,G2,S1 Akuntansi/Administrasi Fiskal,1,S1,Rekrut 2025,Keuangan dan Akuntansi,2,0.532
4450,2025,HOLDING,UID Banten,,OFFICER LOGISTIK LAYANAN PELANGGAN,OFFICER,LOGISTIK LAYANAN PELANGGAN,G2,S1 Logistik/Supply Chain Management,1,S1,Rekrut 2025,Manajemen Konstruksi dan Pengadaan,2,0.532
4451,2025,HOLDING,PUSHARLIS,,TECHNICIAN PERENCANAAN DAN PENGENDALIAN PRODUKSI,TECHNICIAN,PERENCANAAN DAN PENGENDALIAN PRODUKSI,G2,S1 Teknik Industri/Teknik Material,1,S1,Rekrut 2025,Perencanaan dan Kinerja,2,0.529
4452,2025,HOLDING,UIT JBT,,OFFICER ADMINISTRASI DAN UMUM,OFFICER,ADMINISTRASI DAN UMUM,G2,S1 Komunikasi/Hubungan Masyarakat,1,S1,Rekrut 2025,Komunikasi dan Umum,2,0.529
4453,2025,HOLDING,UID Kalbar,,OFFICER LOGISTIK LAYANAN PELANGGAN,OFFICER,LOGISTIK LAYANAN PELANGGAN,G2,S1 Logistik/Supply Chain Management,1,S1,3T,Manajemen Konstruksi dan Pengadaan,2,0.527
4454,2025,HOLDING,UID Kalbar,,OFFICER PELAKSANA PENGADAAN,OFFICER,PELAKSANA PENGADAAN,G2,S1 Logistik/Supply Chain Management,1,S1,3T,Manajemen Konstruksi dan Pengadaan,2,0.527
4455,2025,HOLDING,UID Sumut,,OFFICER ADMINISTRASI DAN UMUM,OFFICER,ADMINISTRASI DAN UMUM,G2,S1 Komunikasi/Hubungan Masyarakat,1,S1,Rekrut 2025,Komunikasi dan Umum,2,0.521
4456,2025,HOLDING,UID Sumut,,OFFICER KINERJA NIAGA DAN PEMASARAN,OFFICER,KINERJA NIAGA DAN PEMASARAN,G2,S1 Manajemen Pemasaran/Digital Marketing Dan Analytics,1,S1,Rekrut 2025,Niaga dan Pemasaran,2,0.521
4457,2025,HOLDING,UIP Sulawesi,,OFFICER PERIZINAN DAN PERTANAHAN,OFFICER,PERIZINAN DAN PERTANAHAN,G2,S1 Logistik/Supply Chain Management,1,S1,3T,Manajemen Konstruksi dan Pengadaan,2,0.52
4458,2025,HOLDING,UID Jakarta Raya,,OFFICER ADMINISTRASI DAN PELAYANAN PELANGGAN,OFFICER,ADMINISTRASI DAN PELAYANAN PELANGGAN,G2,S1 Manajemen Pemasaran/Digital Marketing Dan Analytics,1,S1,Rekrut 2025,Niaga dan Pemasaran,2,0.519
4459,2025,HOLDING,UID Jakarta Raya,,OFFICER ADMINISTRASI DAN UMUM,OFFICER,ADMINISTRASI DAN UMUM,G2,S1 Komunikasi/Hubungan Masyarakat,1,S1,Rekrut 2025,Komunikasi dan Umum,2,0.519
4460,2025,HOLDING,UID Jakarta Raya,,OFFICER PENGELOLAAN PIUTANG,OFFICER,PENGELOLAAN PIUTANG,G2,S1 Teknik Industri/Teknik Material,1,S1,Rekrut 2025,Perencanaan dan Kinerja,2,0.519
4461,2025,HOLDING,UID Jakarta Raya,,TECHNICIAN PEMELIHARAAN APP,TECHNICIAN,PEMELIHARAAN APP,G2,S1 Teknik Elektro/Teknik Listrik,1,S1,Rekrut 2025,Distribusi,2,0.519
4462,2025,HOLDING,UIP JBB,,OFFICER PENGENDALIAN KONTRAK DAN RISIKO PROYEK,OFFICER,PENGENDALIAN KONTRAK DAN RISIKO PROYEK,G2,S1 Logistik/Supply Chain Management,1,S1,Rekrut 2025,Manajemen Konstruksi dan Pengadaan,2,0.518
4463,2025,HOLDING,UID Jawa Barat,,OFFICER PELAKSANA PENGADAAN,OFFICER,PELAKSANA PENGADAAN,G2,S1 Logistik/Supply Chain Management,1,S1,Rekrut 2025,Manajemen Konstruksi dan Pengadaan,2,0.517
4464,2025,HOLDING,UID S2JB,,OFFICER PELAKSANA PENGADAAN,OFFICER,PELAKSANA PENGADAAN,G2,S1 Logistik/Supply Chain Management,1,S1,3T,Manajemen Konstruksi dan Pengadaan,2,0.506
4465,2025,HOLDING,Pusat Pengatur Beban,,OFFICER KEUANGAN DAN AKUNTANSI,OFFICER,KEUANGAN DAN AKUNTANSI,G2,S1 Akuntansi/Administrasi Fiskal,1,S1,Rekrut 2025,Keuangan dan Akuntansi,2,0.506
4466,2025,HOLDING,Pusat Pengatur Beban,,OFFICER KOMUNIKASI,OFFICER,KOMUNIKASI,G2,S1 Komunikasi/Hubungan Masyarakat,1,S1,Rekrut 2025,Komunikasi dan Umum,2,0.506
4467,2025,HOLDING,UIP Sumatera Bag Utara,,OFFICER ADMINISTRASI DAN UMUM,OFFICER,ADMINISTRASI DAN UMUM,G2,S1 Komunikasi/Hubungan Masyarakat,1,S1,Rekrut 2025,Komunikasi dan Umum,2,0.505
4468,2025,HOLDING,UIW Papua&Papua Barat,,OFFICER ADMINISTRASI DAN UMUM,OFFICER,ADMINISTRASI DAN UMUM,G2,S1 Komunikasi/Hubungan Masyarakat,1,S1,3T,Komunikasi dan Umum,2,0.505
4469,2025,HOLDING,UIW Papua&Papua Barat,,OFFICER PELAKSANA PENGADAAN,OFFICER,PELAKSANA PENGADAAN,G2,S1 Logistik/Supply Chain Management,1,S1,3T,Manajemen Konstruksi dan Pengadaan,2,0.505
4470,2025,HOLDING,UIW NusaTenggara Barat,,TECHNICIAN PDKB,TECHNICIAN,PDKB,G2,S1 Teknik Elektro/Teknik Listrik,1,S1,3T,Distribusi,2,0.504
4471,2025,HOLDING,UIW NusaTenggara Barat,,TECHNICIAN PEMELIHARAAN GARDU INDUK,TECHNICIAN,PEMELIHARAAN GARDU INDUK,G2,S1 Teknik Elektro/Teknik Listrik,1,S1,3T,Transmisi dan Gardu Induk,2,0.504
4472,2025,HOLDING,PUSERTIF,,TECHNICIAN PENGELOLAAN INSPEKSI DISTRIBUSI,TECHNICIAN,PENGELOLAAN INSPEKSI DISTRIBUSI,G2,S1 Teknik Elektro/Teknik Listrik,1,S1,Rekrut 2025,Distribusi,2,0.501
4473,2025,HOLDING,PUSERTIF,,TECHNICIAN PENGELOLAAN PENGUJIAN PRODUK TEGANGAN RENDAH,TECHNICIAN,PENGELOLAAN PENGUJIAN PRODUK TEGANGAN RENDAH,G2,S1 Teknik Industri/Teknik Material,1,S1,Rekrut 2025,Perencanaan dan Kinerja,2,0.501
4474,2025,HOLDING,UID Jawa Tengah & DIY,,OFFICER KINERJA PEMELIHARAAN,OFFICER,KINERJA PEMELIHARAAN,G2,S1 Teknik Industri/Teknik Material,1,S1,Rekrut 2025,Perencanaan dan Kinerja,2,0.495
4475,2025,HOLDING,UIW Maluku&Malut,,OFFICER ENJINIRING PEMBANGKITAN,OFFICER,ENJINIRING PEMBANGKITAN,G2,S1 Teknik Mesin/Konversi Energi,1,S1,3T,Pembangkitan,2,0.494
4476,2025,HOLDING,UIW Maluku&Malut,,"OFFICER KESELAMATAN, KESEHATAN KERJA, LINGKUNGAN DAN KEAMANAN",OFFICER,"KESELAMATAN, KESEHATAN KERJA, LINGKUNGAN DAN KEAMANAN",G2,S1 Keselamatan Dan Kesehatan Kerja/Kesehatan Masyarakat K3,1,S1,3T,K3 dan Lingkungan,2,0.494
4477,2025,HOLDING,UIW Maluku&Malut,,OFFICER KEUANGAN DAN ANGGARAN,OFFICER,KEUANGAN DAN ANGGARAN,G2,S1 Akuntansi/Administrasi Fiskal,1,S1,3T,Keuangan dan Akuntansi,2,0.494
4478,2025,HOLDING,UIW Maluku&Malut,,OFFICER KINERJA TRANSAKSI ENERGI LISTRIK,OFFICER,KINERJA TRANSAKSI ENERGI LISTRIK,G2,S1 Teknik Elektro/Teknik Listrik,1,S1,3T,Distribusi,2,0.494
4479,2025,HOLDING,UIW Maluku&Malut,,OFFICER NIAGA DAN PELAYANAN PELANGGAN,OFFICER,NIAGA DAN PELAYANAN PELANGGAN,G2,S1 Manajemen Pemasaran/Digital Marketing Dan Analytics,1,S1,3T,Niaga dan Pemasaran,2,0.494
4480,2025,HOLDING,UIW Maluku&Malut,,OFFICER PELAKSANA PENGADAAN,OFFICER,PELAKSANA PENGADAAN,G2,S1 Logistik/Supply Chain Management,1,S1,3T,Manajemen Konstruksi dan Pengadaan,2,0.494
4481,2025,HOLDING,UIW Maluku&Malut,,OFFICER PERENCANAAN DAN PENGELOLAAN ASET DISTRIBUSI,OFFICER,PERENCANAAN DAN PENGELOLAAN ASET DISTRIBUSI,G2,S1 Teknik Elektro/Teknik Listrik,1,S1,3T,Distribusi,2,0.494
4482,2025,HOLDING,UIW Maluku&Malut,,OFFICER TJSL,OFFICER,TJSL,G2,S1 Komunikasi/Hubungan Masyarakat,1,S1,3T,Komunikasi dan Umum,2,0.494
4483,2025,HOLDING,UIW Maluku&Malut,,TECHNICIAN PEMELIHARAAN METER TRANSAKSI,TECHNICIAN,PEMELIHARAAN METER TRANSAKSI,G2,S1 Teknik Elektro/Teknik Listrik,1,S1,3T,Distribusi,2,0.494
4484,2025,HOLDING,UIW Maluku&Malut,,TECHNICIAN PERENCANAAN OPERASI DAN PEMELIHARAAN PEMBANGKIT,TECHNICIAN,PERENCANAAN OPERASI DAN PEMELIHARAAN PEMBANGKIT,G2,S1 Teknik Mesin/Konversi Energi,1,S1,3T,Pembangkitan,2,0.494
4485,2025,HOLDING,UIW Maluku&Malut,,TECHNICIAN SCADA DAN TELEKOMUNIKASI,TECHNICIAN,SCADA DAN TELEKOMUNIKASI,G2,S1 Teknik Elektro/Teknik Listrik,1,S1,3T,Proteksi dan Kontrol,2,0.494
4486,2025,HOLDING,UID Sulselrabar,,OFFICER PELAKSANA PENGADAAN,OFFICER,PELAKSANA PENGADAAN,G2,S1 Logistik/Supply Chain Management,1,S1,3T,Manajemen Konstruksi dan Pengadaan,2,0.492
4487,2025,HOLDING,UIT JBB,,"OFFICER KESELAMATAN, KESEHATAN KERJA DAN KEAMANAN",OFFICER,"KESELAMATAN, KESEHATAN KERJA DAN KEAMANAN",G2,S1 Keselamatan Dan Kesehatan Kerja/Kesehatan Masyarakat K3,1,S1,Rekrut 2025,K3 dan Lingkungan,2,0.49
4488,2025,HOLDING,UIT JBB,,OFFICER KEUANGAN DAN AKUNTANSI,OFFICER,KEUANGAN DAN AKUNTANSI,G2,S1 Akuntansi/Administrasi Fiskal,1,S1,Rekrut 2025,Keuangan dan Akuntansi,2,0.49
4489,2025,HOLDING,UIT JBB,,OFFICER PENGENDALIAN KONSTRUKSI PERALATAN GARDU INDUK,OFFICER,PENGENDALIAN KONSTRUKSI PERALATAN GARDU INDUK,G2,S1 Teknik Elektro/Teknik Listrik,1,S1,Rekrut 2025,Transmisi dan Gardu Induk,2,0.49
4490,2025,HOLDING,UIP Maluku dan Papua,,OFFICER AKUNTANSI,OFFICER,AKUNTANSI,G2,S1 Akuntansi/Administrasi Fiskal,1,S1,3T,Keuangan dan Akuntansi,2,0.489
4491,2025,HOLDING,UIP Maluku dan Papua,,OFFICER PENGENDALIAN KONTRAK DAN RISIKO PROYEK,OFFICER,PENGENDALIAN KONTRAK DAN RISIKO PROYEK,G2,S1 Logistik/Supply Chain Management,1,S1,3T,Manajemen Konstruksi dan Pengadaan,2,0.489
4492,2025,HOLDING,UIP Maluku dan Papua,,OFFICER PERENCANAAN SIPIL,OFFICER,PERENCANAAN SIPIL,G2,S1 Logistik/Supply Chain Management,1,S1,3T,Manajemen Konstruksi dan Pengadaan,2,0.489
4493,2025,HOLDING,UIP Maluku dan Papua,,OFFICER PERENCANAAN UMUM DAN KINERJA,OFFICER,PERENCANAAN UMUM DAN KINERJA,G2,S1 Komunikasi/Hubungan Masyarakat,1,S1,3T,Komunikasi dan Umum,2,0.489
4494,2025,HOLDING,UIT JBTB,,TECHNICIAN PDKB GI/GITET,TECHNICIAN,PDKB GI/GITET,G2,S1 Teknik Elektro/Teknik Listrik,1,S1,Rekrut 2025,Transmisi dan Gardu Induk,2,0.488
4495,2025,HOLDING,Kantor Pusat,,OFFICER AUDIT TRANSMISI DAN DISTRIBUSI 3D,OFFICER,AUDIT TRANSMISI DAN DISTRIBUSI 3D,G2,S1 Teknik Elektro/Teknik Listrik,1,S1,Rekrut 2025,Transmisi dan Gardu Induk,2,0.485
4496,2025,HOLDING,Kantor Pusat,,OFFICER MANAJEMEN DAN ENJINIRING DATA PERUSAHAAN,OFFICER,MANAJEMEN DAN ENJINIRING DATA PERUSAHAAN,G2,S1 Teknik Kimia/Teknik Lingkungan,1,S1,Rekrut 2025,Perencanaan Sistem,2,0.485
4497,2025,HOLDING,Kantor Pusat,,OFFICER PELAPORAN AUDIT,OFFICER,PELAPORAN AUDIT,G2,S1 Akuntansi/Administrasi Fiskal,1,S1,Rekrut 2025,Audit dan Risiko,2,0.485
4498,2025,HOLDING,Kantor Pusat,,OFFICER PERENCANA PENGADAAN PLTP IPP,OFFICER,PERENCANA PENGADAAN PLTP IPP,G2,S1 Teknik Mesin/Konversi Energi,1,S1,Rekrut 2025,Pembangkitan,2,0.485
4499,2025,HOLDING,Kantor Pusat,,TECHNICIAN KONSTRUKSI PEMBANGKIT,TECHNICIAN,KONSTRUKSI PEMBANGKIT,G2,S1 Teknik Mesin/Konversi Energi,1,S1,Rekrut 2025,Pembangkitan,2,0.485
4500,2025,HOLDING,UID Kalselteng,,OFFICER KEUANGAN DAN ANGGARAN,OFFICER,KEUANGAN DAN ANGGARAN,G2,S1 Akuntansi/Administrasi Fiskal,1,S1,3T,Keuangan dan Akuntansi,2,0.484
4501,2025,HOLDING,UID Kalselteng,,OFFICER KINERJA,OFFICER,KINERJA,G2,S1 Teknik Industri/Teknik Material,1,S1,3T,Perencanaan dan Kinerja,2,0.484
4502,2025,HOLDING,UID Kalselteng,,OFFICER PERENCANAAN DAN EVALUASI SISTEM DISTRIBUSI,OFFICER,PERENCANAAN DAN EVALUASI SISTEM DISTRIBUSI,G2,S1 Teknik Kimia/Teknik Lingkungan,1,S1,3T,Perencanaan Sistem,2,0.484
4503,2025,HOLDING,UID Kalselteng,,TECHNICIAN PEMELIHARAAN DISTRIBUSI,TECHNICIAN,PEMELIHARAAN DISTRIBUSI,G2,S1 Teknik Elektro/Teknik Listrik,1,S1,3T,Distribusi,2,0.484
4504,2025,HOLDING,UID Kaltimra,,TECHNICIAN KONSTRUKSI LISTRIK PERDESAAN,TECHNICIAN,KONSTRUKSI LISTRIK PERDESAAN,G2,S1 Teknik Elektro/Teknik Listrik,1,S1,3T,Distribusi,2,0.484
4505,2025,HOLDING,UID Kaltimra,,TECHNICIAN OPERASI DISTRIBUSI,TECHNICIAN,OPERASI DISTRIBUSI,G2,S1 Teknik Elektro/Teknik Listrik,1,S1,3T,Distribusi,2,0.484
4506,2025,HOLDING,UID Kaltimra,,TECHNICIAN PENGATURAN OPERASI,TECHNICIAN,PENGATURAN OPERASI,G2,S1 Teknik Kimia/Teknik Lingkungan,1,S1,3T,Perencanaan Sistem,2,0.484
4507,2025,HOLDING,UIP3B Kalimantan,,"OFFICER KESELAMATAN, KESEHATAN KERJA, LINGKUNGAN, DAN KEAMANAN",OFFICER,"KESELAMATAN, KESEHATAN KERJA, LINGKUNGAN, DAN KEAMANAN",G2,S1 Keselamatan Dan Kesehatan Kerja/Kesehatan Masyarakat K3,1,S1,3T,K3 dan Lingkungan,2,0.477
4508,2025,HOLDING,UIP3B Kalimantan,,OFFICER PENGENDALIAN ADMINISTRASI KONTRAK,OFFICER,PENGENDALIAN ADMINISTRASI KONTRAK,G2,S1 Logistik/Supply Chain Management,1,S1,3T,Manajemen Konstruksi dan Pengadaan,2,0.477
4509,2025,HOLDING,UIP3B Kalimantan,,OFFICER PERENCANAAN DAN EVALUASI OPERASI SISTEM,OFFICER,PERENCANAAN DAN EVALUASI OPERASI SISTEM,G2,S1 Teknik Kimia/Teknik Lingkungan,1,S1,3T,Perencanaan Sistem,2,0.477
4510,2025,HOLDING,UIP3B Kalimantan,,OFFICER STRATEGI OPERASI SISTEM,OFFICER,STRATEGI OPERASI SISTEM,G2,S1 Teknik Kimia/Teknik Lingkungan,1,S1,3T,Perencanaan Sistem,2,0.477
4511,2025,HOLDING,UIP3B Kalimantan,,TECHNICIAN PENGENDALIAN OPERASI DAN PEMELIHARAAN,TECHNICIAN,PENGENDALIAN OPERASI DAN PEMELIHARAAN,G2,S1 Teknik Elektro/Teknik Listrik,1,S1,3T,Distribusi,2,0.477
4512,2025,HOLDING,UIP3B Kalimantan,,TECHNICIAN PROTEKSI SISTEM,TECHNICIAN,PROTEKSI SISTEM,G2,S1 Teknik Elektro/Teknik Listrik,1,S1,3T,Proteksi dan Kontrol,2,0.477
4513,2025,HOLDING,UID Riau & Kepri,,OFFICER KINERJA KEUANGAN DAN UMUM,OFFICER,KINERJA KEUANGAN DAN UMUM,G2,S1 Akuntansi/Administrasi Fiskal,1,S1,Rekrut 2025,Keuangan dan Akuntansi,2,0.476
4514,2025,HOLDING,UIP Nusa Tenggara,,OFFICER PERIZINAN DAN PERTANAHAN,OFFICER,PERIZINAN DAN PERTANAHAN,G2,S1 Logistik/Supply Chain Management,1,S1,3T,Manajemen Konstruksi dan Pengadaan,2,0.476
4515,2025,HOLDING,UID Suluttenggo,,OFFICER ACCOUNT EXECUTIVE,OFFICER,ACCOUNT EXECUTIVE,G2,S1 Komunikasi/Hubungan Masyarakat,1,S1,3T,Komunikasi dan Umum,2,0.474
4516,2025,HOLDING,UIP Sulawesi,,OFFICER PENGENDALIAN PROYEK,OFFICER,PENGENDALIAN PROYEK,G2,S1 Logistik/Supply Chain Management,1,S1,3T,Manajemen Konstruksi dan Pengadaan,2,0.472
4517,2025,HOLDING,UIT JBT,,TECHNICIAN JARINGAN TRANSMISI DAN GARDU INDUK,TECHNICIAN,JARINGAN TRANSMISI DAN GARDU INDUK,G2,S1 Teknik Elektro/Teknik Listrik,1,S1,Rekrut 2025,Transmisi dan Gardu Induk,2,0.47
4518,2025,HOLDING,UIT JBT,,TECHNICIAN JARINGAN TRANSMISI DAN GARDU INDUK TEGANGAN EKSTRA TINGGI,TECHNICIAN,JARINGAN TRANSMISI DAN GARDU INDUK TEGANGAN EKSTRA TINGGI,G2,S1 Teknik Elektro/Teknik Listrik,1,S1,Rekrut 2025,Transmisi dan Gardu Induk,2,0.47
4519,2025,HOLDING,UIT JBT,,TECHNICIAN PDKB GI/GITET,TECHNICIAN,PDKB GI/GITET,G2,S1 Teknik Elektro/Teknik Listrik,1,S1,Rekrut 2025,Transmisi dan Gardu Induk,2,0.47
4520,2025,HOLDING,UIT JBT,,TECHNICIAN PDKB SUTT/SUTET,TECHNICIAN,PDKB SUTT/SUTET,G2,S1 Teknik Elektro/Teknik Listrik,1,S1,Rekrut 2025,Transmisi dan Gardu Induk,2,0.47
4521,2025,HOLDING,UIP3B Sulawesi,,OFFICER KINERJA KEUANGAN DAN UMUM,OFFICER,KINERJA KEUANGAN DAN UMUM,G2,S1 Akuntansi/Administrasi Fiskal,1,S1,3T,Keuangan dan Akuntansi,2,0.469
4522,2025,HOLDING,Pusat Pengatur Beban,,TECHNICIAN OPERASI SISTEM D,TECHNICIAN,OPERASI SISTEM D,G2,S1 Teknik Kimia/Teknik Lingkungan,1,S1,Rekrut 2025,Perencanaan Sistem,2,0.45
4523,2025,HOLDING,UIP JBB,,OFFICER ADMINISTRASI TEKNIK,OFFICER,ADMINISTRASI TEKNIK,G2,S1 Komunikasi/Hubungan Masyarakat,1,S1,Rekrut 2025,Komunikasi dan Umum,2,0.444
4524,2025,HOLDING,UIP JBB,,OFFICER PENGENDALIAN KONSTRUKSI,OFFICER,PENGENDALIAN KONSTRUKSI,G2,S1 Logistik/Supply Chain Management,1,S1,Rekrut 2025,Manajemen Konstruksi dan Pengadaan,2,0.444
4525,2025,HOLDING,UIP JBB,,TECHNICIAN PROJECT SITE,TECHNICIAN,PROJECT SITE,G2,S1 Teknik Elektro/Teknik Listrik,1,S1,Rekrut 2025,Distribusi,2,0.444
4526,2025,HOLDING,UIW NusaTenggara Barat,,TECHNICIAN ENJINIRING DAN KINERJA,TECHNICIAN,ENJINIRING DAN KINERJA,G2,S1 Teknik Kimia/Teknik Lingkungan,1,S1,3T,Perencanaan Sistem,2,0.441
4527,2025,HOLDING,UID Kalbar,,OFFICER ACCOUNT EXECUTIVE,OFFICER,ACCOUNT EXECUTIVE,G2,S1 Komunikasi/Hubungan Masyarakat,1,S1,3T,Komunikasi dan Umum,2,0.439
4528,2025,HOLDING,UID Kalbar,,OFFICER KINERJA KEUANGAN DAN UMUM,OFFICER,KINERJA KEUANGAN DAN UMUM,G2,S1 Akuntansi/Administrasi Fiskal,1,S1,3T,Keuangan dan Akuntansi,2,0.439
4529,2025,HOLDING,UID Kalbar,,OFFICER PERENCANAAN DAN EVALUASI SISTEM DISTRIBUSI,OFFICER,PERENCANAAN DAN EVALUASI SISTEM DISTRIBUSI,G2,S1 Teknik Kimia/Teknik Lingkungan,1,S1,3T,Perencanaan Sistem,2,0.439
4530,2025,HOLDING,UID Kalbar,,TECHNICIAN KONSTRUKSI LISTRIK PERDESAAN,TECHNICIAN,KONSTRUKSI LISTRIK PERDESAAN,G2,S1 Teknik Elektro/Teknik Listrik,1,S1,3T,Distribusi,2,0.439
4531,2025,HOLDING,UID Kalbar,,TECHNICIAN PEMELIHARAAN DISTRIBUSI,TECHNICIAN,PEMELIHARAAN DISTRIBUSI,G2,S1 Teknik Elektro/Teknik Listrik,1,S1,3T,Distribusi,2,0.439
4532,2025,HOLDING,UID Kalbar,,TECHNICIAN PEMELIHARAAN ELEKTROMEKANIK,TECHNICIAN,PEMELIHARAAN ELEKTROMEKANIK,G2,S1 Teknik Mesin/Konversi Energi,1,S1,3T,Pembangkitan,2,0.439
4533,2025,HOLDING,UIP Sumatera Bag Utara,,TECHNICIAN PENGENDALIAN KONSTRUKSI,TECHNICIAN,PENGENDALIAN KONSTRUKSI,G2,S1 Logistik/Supply Chain Management,1,S1,Rekrut 2025,Manajemen Konstruksi dan Pengadaan,2,0.433
4534,2025,HOLDING,UID Jakarta Raya,,OFFICER KINERJA PEMASARAN,OFFICER,KINERJA PEMASARAN,G2,S1 Manajemen Pemasaran/Digital Marketing Dan Analytics,1,S1,Rekrut 2025,Niaga dan Pemasaran,2,0.432
4535,2025,HOLDING,UID Jakarta Raya,,OFFICER KINERJA PEMELIHARAAN,OFFICER,KINERJA PEMELIHARAAN,G2,S1 Teknik Industri/Teknik Material,1,S1,Rekrut 2025,Perencanaan dan Kinerja,2,0.432
4536,2025,HOLDING,UID Jakarta Raya,,OFFICER PERENCANAAN DAN EVALUASI SISTEM DISTRIBUSI,OFFICER,PERENCANAAN DAN EVALUASI SISTEM DISTRIBUSI,G2,S1 Teknik Kimia/Teknik Lingkungan,1,S1,Rekrut 2025,Perencanaan Sistem,2,0.432
4537,2025,HOLDING,UIP Sumatera Bag Tengah,,OFFICER PENGENDALIAN KONSTRUKSI,OFFICER,PENGENDALIAN KONSTRUKSI,G2,S1 Logistik/Supply Chain Management,1,S1,Rekrut 2025,Manajemen Konstruksi dan Pengadaan,2,0.432
4538,2025,HOLDING,UID Jawa Barat,,TECHNICIAN PEMELIHARAAN DISTRIBUSI,TECHNICIAN,PEMELIHARAAN DISTRIBUSI,G2,S1 Teknik Elektro/Teknik Listrik,1,S1,Rekrut 2025,Distribusi,2,0.431
4539,2025,HOLDING,UID Jawa Barat,,TECHNICIAN PROTEKSI DAN METER,TECHNICIAN,PROTEKSI DAN METER,G2,S1 Teknik Elektro/Teknik Listrik,1,S1,Rekrut 2025,Proteksi dan Kontrol,2,0.431
4540,2025,HOLDING,P3B Sumatera,,OFFICER KEUANGAN DAN ANGGARAN,OFFICER,KEUANGAN DAN ANGGARAN,G2,S1 Akuntansi/Administrasi Fiskal,1,S1,Rekrut 2025,Keuangan dan Akuntansi,2,0.429
4541,2025,HOLDING,P3B Sumatera,,OFFICER PERENCANAAN DAN EVALUASI PEMELIHARAAN GARDU INDUK,OFFICER,PERENCANAAN DAN EVALUASI PEMELIHARAAN GARDU INDUK,G2,S1 Teknik Elektro/Teknik Listrik,1,S1,Rekrut 2025,Transmisi dan Gardu Induk,2,0.429
4542,2025,HOLDING,P3B Sumatera,,TECHNICIAN PROTEKSI SISTEM,TECHNICIAN,PROTEKSI SISTEM,G2,S1 Teknik Elektro/Teknik Listrik,1,S1,Rekrut 2025,Proteksi dan Kontrol,2,0.429
4543,2025,HOLDING,UIW NusaTenggaraTimur,,OFFICER NIAGA DAN PELAYANAN PELANGGAN,OFFICER,NIAGA DAN PELAYANAN PELANGGAN,G2,S1 Manajemen Pemasaran/Digital Marketing Dan Analytics,1,S1,3T,Niaga dan Pemasaran,2,0.429
4544,2025,HOLDING,UIW NusaTenggaraTimur,,OFFICER PERENCANAAN DAN EVALUASI SISTEM DISTRIBUSI,OFFICER,PERENCANAAN DAN EVALUASI SISTEM DISTRIBUSI,G2,S1 Teknik Kimia/Teknik Lingkungan,1,S1,3T,Perencanaan Sistem,2,0.429
4545,2025,HOLDING,UIW NusaTenggaraTimur,,TECHNICIAN ENJINIRING DAN KINERJA,TECHNICIAN,ENJINIRING DAN KINERJA,G2,S1 Teknik Kimia/Teknik Lingkungan,1,S1,3T,Perencanaan Sistem,2,0.429
4546,2025,HOLDING,UIW NusaTenggaraTimur,,TECHNICIAN OPERASI DISTRIBUSI,TECHNICIAN,OPERASI DISTRIBUSI,G2,S1 Teknik Elektro/Teknik Listrik,1,S1,3T,Distribusi,2,0.429
4547,2025,HOLDING,PUSMANPRO,,"OFFICER ASET PROPERTI, KOMUNIKASI DAN UMUM",OFFICER,"ASET PROPERTI, KOMUNIKASI DAN UMUM",G2,S1 Komunikasi/Hubungan Masyarakat,1,S1,Rekrut 2025,Komunikasi dan Umum,2,0.428
4548,2025,HOLDING,PUSMANPRO,,OFFICER KEUANGAN DAN AKUNTANSI,OFFICER,KEUANGAN DAN AKUNTANSI,G2,S1 Akuntansi/Administrasi Fiskal,1,S1,Rekrut 2025,Keuangan dan Akuntansi,2,0.428
4549,2025,HOLDING,UID Jawa Tengah & DIY,,OFFICER KINERJA FASILITAS OPERASI,OFFICER,KINERJA FASILITAS OPERASI,G2,S1 Komunikasi/Hubungan Masyarakat,1,S1,Rekrut 2025,Komunikasi dan Umum,2,0.424
4550,2025,HOLDING,UID Jawa Tengah & DIY,,TECHNICIAN PEMELIHARAAN DISTRIBUSI,TECHNICIAN,PEMELIHARAAN DISTRIBUSI,G2,S1 Teknik Elektro/Teknik Listrik,1,S1,Rekrut 2025,Distribusi,2,0.424
4551,2025,HOLDING,UIP3B Sulawesi,,OFFICER KINERJA KONSTRUKSI DAN PENYALURAN,OFFICER,KINERJA KONSTRUKSI DAN PENYALURAN,G2,S1 Teknik Elektro/Teknik Listrik,1,S1,3T,Transmisi dan Gardu Induk,2,0.417
4552,2025,HOLDING,UIP3B Sulawesi,,TECHNICIAN PDKB GI/GITET,TECHNICIAN,PDKB GI/GITET,G2,S1 Teknik Elektro/Teknik Listrik,1,S1,3T,Transmisi dan Gardu Induk,2,0.417
4553,2025,HOLDING,Kantor Pusat,,OFFICER AUDIT INVESTIGASI 1B,OFFICER,AUDIT INVESTIGASI 1B,G2,S1 Akuntansi/Administrasi Fiskal,1,S1,Rekrut 2025,Audit dan Risiko,2,0.415
4554,2025,HOLDING,Kantor Pusat,,OFFICER AUDIT INVESTIGASI 2A,OFFICER,AUDIT INVESTIGASI 2A,G2,S1 Akuntansi/Administrasi Fiskal,1,S1,Rekrut 2025,Audit dan Risiko,2,0.415
4555,2025,HOLDING,Kantor Pusat,,"OFFICER AUDIT KONSTRUKSI, PEMBANGKITAN, DAN EBT 2A",OFFICER,"AUDIT KONSTRUKSI, PEMBANGKITAN, DAN EBT 2A",G2,S1 Teknik Mesin/Konversi Energi,1,S1,Rekrut 2025,Pembangkitan,2,0.415
4556,2025,HOLDING,Kantor Pusat,,"OFFICER AUDIT KONSTRUKSI, PEMBANGKITAN, DAN EBT 2B",OFFICER,"AUDIT KONSTRUKSI, PEMBANGKITAN, DAN EBT 2B",G2,S1 Teknik Mesin/Konversi Energi,1,S1,Rekrut 2025,Pembangkitan,2,0.415
4557,2025,HOLDING,Kantor Pusat,,"OFFICER AUDIT KONSTRUKSI, PEMBANGKITAN, DAN EBT 3B",OFFICER,"AUDIT KONSTRUKSI, PEMBANGKITAN, DAN EBT 3B",G2,S1 Teknik Mesin/Konversi Energi,1,S1,Rekrut 2025,Pembangkitan,2,0.415
4558,2025,HOLDING,Kantor Pusat,,OFFICER AUDIT TRANSMISI DAN DISTRIBUSI 1C,OFFICER,AUDIT TRANSMISI DAN DISTRIBUSI 1C,G2,S1 Teknik Elektro/Teknik Listrik,1,S1,Rekrut 2025,Transmisi dan Gardu Induk,2,0.415
4559,2025,HOLDING,Kantor Pusat,,OFFICER AUDIT TRANSMISI DAN DISTRIBUSI 1D,OFFICER,AUDIT TRANSMISI DAN DISTRIBUSI 1D,G2,S1 Teknik Elektro/Teknik Listrik,1,S1,Rekrut 2025,Transmisi dan Gardu Induk,2,0.415
4560,2025,HOLDING,Kantor Pusat,,OFFICER AUDIT TRANSMISI DAN DISTRIBUSI 2C,OFFICER,AUDIT TRANSMISI DAN DISTRIBUSI 2C,G2,S1 Teknik Elektro/Teknik Listrik,1,S1,Rekrut 2025,Transmisi dan Gardu Induk,2,0.415
4561,2025,HOLDING,Kantor Pusat,,OFFICER AUDIT TRANSMISI DAN DISTRIBUSI 3A,OFFICER,AUDIT TRANSMISI DAN DISTRIBUSI 3A,G2,S1 Teknik Elektro/Teknik Listrik,1,S1,Rekrut 2025,Transmisi dan Gardu Induk,2,0.415
4562,2025,HOLDING,Kantor Pusat,,OFFICER AUDIT TRANSMISI DAN DISTRIBUSI 3C,OFFICER,AUDIT TRANSMISI DAN DISTRIBUSI 3C,G2,S1 Teknik Elektro/Teknik Listrik,1,S1,Rekrut 2025,Transmisi dan Gardu Induk,2,0.415
4563,2025,HOLDING,Kantor Pusat,,OFFICER ERP FINANCE AND ACCOUNTING,OFFICER,ERP FINANCE AND ACCOUNTING,G2,S1 Komunikasi/Hubungan Masyarakat,1,S1,Rekrut 2025,Komunikasi dan Umum,2,0.415
4564,2025,HOLDING,Kantor Pusat,,OFFICER ERP HUMAN CAPITAL AND QUALITY CONTROL,OFFICER,ERP HUMAN CAPITAL AND QUALITY CONTROL,G2,S1 Psikologi/Kepegawaian,1,S1,Rekrut 2025,Sumber Daya Manusia,2,0.415
4565,2025,HOLDING,Kantor Pusat,,OFFICER JAMINAN KUALITAS AUDIT,OFFICER,JAMINAN KUALITAS AUDIT,G2,S1 Akuntansi/Administrasi Fiskal,1,S1,Rekrut 2025,Audit dan Risiko,2,0.415
4566,2025,HOLDING,Kantor Pusat,,OFFICER KONSULTANSI AUDIT 3A,OFFICER,KONSULTANSI AUDIT 3A,G2,S1 Akuntansi/Administrasi Fiskal,1,S1,Rekrut 2025,Audit dan Risiko,2,0.415
4567,2025,HOLDING,Kantor Pusat,,OFFICER KONSULTANSI AUDIT 3B,OFFICER,KONSULTANSI AUDIT 3B,G2,S1 Akuntansi/Administrasi Fiskal,1,S1,Rekrut 2025,Audit dan Risiko,2,0.415
4568,2025,HOLDING,Kantor Pusat,,OFFICER MARKET INTELLIGENCE DAN EKONOMI ANALITIS,OFFICER,MARKET INTELLIGENCE DAN EKONOMI ANALITIS,G2,S1 Komunikasi/Hubungan Masyarakat,1,S1,Rekrut 2025,Komunikasi dan Umum,2,0.415
4569,2025,HOLDING,Kantor Pusat,,OFFICER PELAYANAN HUMAN CAPITAL MEDAN,OFFICER,PELAYANAN HUMAN CAPITAL MEDAN,G2,S1 Psikologi/Kepegawaian,1,S1,Rekrut 2025,Sumber Daya Manusia,2,0.415
4570,2025,HOLDING,Kantor Pusat,,OFFICER PENGEMBANGAN TALENTA UID JAWA BARAT,OFFICER,PENGEMBANGAN TALENTA UID JAWA BARAT,G2,S1 Psikologi/Kepegawaian,1,S1,Rekrut 2025,Sumber Daya Manusia,2,0.415
4571,2025,HOLDING,Kantor Pusat,,OFFICER PENGEMBANGAN TALENTA UID JAWA TENGAH DAN D.I. YOGYAKARTA,OFFICER,PENGEMBANGAN TALENTA UID JAWA TENGAH DAN D.I. YOGYAKARTA,G2,S1 Psikologi/Kepegawaian,1,S1,Rekrut 2025,Sumber Daya Manusia,2,0.415
4572,2025,HOLDING,Kantor Pusat,,"OFFICER RISIKO KONSTRUKSI JAWA, MADURA, BALI, MALUKU, PAPUA, DAN NUSA TENGGARA",OFFICER,"RISIKO KONSTRUKSI JAWA, MADURA, BALI, MALUKU, PAPUA, DAN NUSA TENGGARA",G2,S1 Logistik/Supply Chain Management,1,S1,Rekrut 2025,Manajemen Konstruksi dan Pengadaan,2,0.415
4573,2025,HOLDING,Kantor Pusat,,OFFICER STRATEGI AUDIT,OFFICER,STRATEGI AUDIT,G2,S1 Akuntansi/Administrasi Fiskal,1,S1,Rekrut 2025,Audit dan Risiko,2,0.415
4574,2025,HOLDING,Kantor Pusat,,TECHNICIAN KONSTRUKSI JARINGAN,TECHNICIAN,KONSTRUKSI JARINGAN,G2,S1 Teknik Elektro/Teknik Listrik,1,S1,Rekrut 2025,Distribusi,2,0.415
4575,2025,HOLDING,UID Banten,,OFFICER KINERJA KONSTRUKSI DISTRIBUSI,OFFICER,KINERJA KONSTRUKSI DISTRIBUSI,G2,S1 Teknik Elektro/Teknik Listrik,1,S1,Rekrut 2025,Distribusi,2,0.414
4576,2025,HOLDING,UID Banten,,OFFICER PELAKSANA PENGADAAN,OFFICER,PELAKSANA PENGADAAN,G2,S1 Logistik/Supply Chain Management,1,S1,Rekrut 2025,Manajemen Konstruksi dan Pengadaan,2,0.414
4577,2025,HOLDING,UID Banten,,TECHNICIAN TEKNIK LAYANAN PELANGGAN,TECHNICIAN,TEKNIK LAYANAN PELANGGAN,G2,S1 Teknik Elektro/Teknik Listrik,1,S1,Rekrut 2025,Distribusi,2,0.414
4578,2025,HOLDING,UIP Kalimantan Bag Timur,,OFFICER ADMINISTRASI DAN UMUM,OFFICER,ADMINISTRASI DAN UMUM,G2,S1 Komunikasi/Hubungan Masyarakat,1,S1,3T,Komunikasi dan Umum,2,0.412
4579,2025,HOLDING,UIP Kalimantan Bag Timur,,OFFICER AKUNTANSI,OFFICER,AKUNTANSI,G2,S1 Akuntansi/Administrasi Fiskal,1,S1,3T,Keuangan dan Akuntansi,2,0.412
4580,2025,HOLDING,UIP Kalimantan Bag Timur,,"OFFICER KEUANGAN, PERIZINAN, PERTANAHAN DAN UMUM",OFFICER,"KEUANGAN, PERIZINAN, PERTANAHAN DAN UMUM",G2,S1 Logistik/Supply Chain Management,1,S1,3T,Manajemen Konstruksi dan Pengadaan,2,0.412
4581,2025,HOLDING,UIP Kalimantan Bag Timur,,OFFICER PENGENDALIAN KONSTRUKSI,OFFICER,PENGENDALIAN KONSTRUKSI,G2,S1 Logistik/Supply Chain Management,1,S1,3T,Manajemen Konstruksi dan Pengadaan,2,0.412
4582,2025,HOLDING,UIP Kalimantan Bag Timur,,OFFICER PENGENDALIAN KONTRAK DAN RISIKO PROYEK,OFFICER,PENGENDALIAN KONTRAK DAN RISIKO PROYEK,G2,S1 Logistik/Supply Chain Management,1,S1,3T,Manajemen Konstruksi dan Pengadaan,2,0.412
4583,2025,HOLDING,UIP Kalimantan Bag Timur,,TECHNICIAN PENGENDALIAN KONTRAK DAN PELAPORAN,TECHNICIAN,PENGENDALIAN KONTRAK DAN PELAPORAN,G2,S1 Logistik/Supply Chain Management,1,S1,3T,Manajemen Konstruksi dan Pengadaan,2,0.412
4584,2025,HOLDING,UIT JBT,,OFFICER KEUANGAN DAN AKUNTANSI,OFFICER,KEUANGAN DAN AKUNTANSI,G2,S1 Akuntansi/Administrasi Fiskal,1,S1,Rekrut 2025,Keuangan dan Akuntansi,2,0.411
4585,2025,HOLDING,UIT JBT,,OFFICER PELAKSANA PENGADAAN,OFFICER,PELAKSANA PENGADAAN,G2,S1 Logistik/Supply Chain Management,1,S1,Rekrut 2025,Manajemen Konstruksi dan Pengadaan,2,0.411
4586,2025,HOLDING,UIT JBT,,OFFICER PERENCANAAN PENGUSAHAAN,OFFICER,PERENCANAAN PENGUSAHAAN,G2,S1 Teknik Industri/Teknik Material,1,S1,Rekrut 2025,Perencanaan dan Kinerja,2,0.411
4587,2025,HOLDING,UIT JBT,,TECHNICIAN PEMELIHARAAN GARDU INDUK,TECHNICIAN,PEMELIHARAAN GARDU INDUK,G2,S1 Teknik Elektro/Teknik Listrik,1,S1,Rekrut 2025,Transmisi dan Gardu Induk,2,0.411
4588,2025,HOLDING,UIP JBT,,OFFICER PELAKSANA PENGADAAN,OFFICER,PELAKSANA PENGADAAN,G2,S1 Logistik/Supply Chain Management,1,S1,Rekrut 2025,Manajemen Konstruksi dan Pengadaan,2,0.408
4589,2025,HOLDING,UIP JBT,,OFFICER PERENCANAAN UMUM DAN KINERJA,OFFICER,PERENCANAAN UMUM DAN KINERJA,G2,S1 Komunikasi/Hubungan Masyarakat,1,S1,Rekrut 2025,Komunikasi dan Umum,2,0.408
4590,2025,HOLDING,PUSDIKLAT,,OFFICER PELAYANAN DAN PENDAYAGUNAAN ASET PROPERTI,OFFICER,PELAYANAN DAN PENDAYAGUNAAN ASET PROPERTI,G2,S1 Teknik Industri/Teknik Material,1,S1,Rekrut 2025,Perencanaan dan Kinerja,2,0.406
4591,2025,HOLDING,PUSDIKLAT,,OFFICER PENGELOLAAN KEMITRAAN DAN RANTAI PASOK PEMBELAJARAN,OFFICER,PENGELOLAAN KEMITRAAN DAN RANTAI PASOK PEMBELAJARAN,G2,S1 Psikologi/Kepegawaian,1,S1,Rekrut 2025,Sumber Daya Manusia,2,0.406
4592,2025,HOLDING,PUSDIKLAT,,OFFICER PENGEMBANGAN PEMBELAJARAN,OFFICER,PENGEMBANGAN PEMBELAJARAN,G2,S1 Psikologi/Kepegawaian,1,S1,Rekrut 2025,Sumber Daya Manusia,2,0.406
4593,2025,HOLDING,UIT JBTB,,OFFICER ADMINISTRASI DAN UMUM,OFFICER,ADMINISTRASI DAN UMUM,G2,S1 Komunikasi/Hubungan Masyarakat,1,S1,Rekrut 2025,Komunikasi dan Umum,2,0.406
4594,2025,HOLDING,UIT JBTB,,TECHNICIAN JARINGAN TRANSMISI DAN GARDU INDUK TEGANGAN EKSTRA TINGGI,TECHNICIAN,JARINGAN TRANSMISI DAN GARDU INDUK TEGANGAN EKSTRA TINGGI,G2,S1 Teknik Elektro/Teknik Listrik,1,S1,Rekrut 2025,Transmisi dan Gardu Induk,2,0.406
4595,2025,HOLDING,UIW Papua&Papua Barat,,OFFICER MAPPING DATA JARINGAN DAN PELANGGAN,OFFICER,MAPPING DATA JARINGAN DAN PELANGGAN,G2,S1 Teknik Elektro/Teknik Listrik,1,S1,3T,Distribusi,2,0.404
4596,2025,HOLDING,UIW Papua&Papua Barat,,OFFICER PERENCANAAN LISTRIK PERDESAAN,OFFICER,PERENCANAAN LISTRIK PERDESAAN,G2,S1 Teknik Elektro/Teknik Listrik,1,S1,3T,Distribusi,2,0.404
4597,2025,HOLDING,UIW Papua&Papua Barat,,OFFICER PERENCANAAN SISTEM KELISTRIKAN,OFFICER,PERENCANAAN SISTEM KELISTRIKAN,G2,S1 Teknik Kimia/Teknik Lingkungan,1,S1,3T,Perencanaan Sistem,2,0.404
4598,2025,HOLDING,UIW Papua&Papua Barat,,TECHNICIAN PENGELOLAAN KONSTRUKSI,TECHNICIAN,PENGELOLAAN KONSTRUKSI,G2,S1 Logistik/Supply Chain Management,1,S1,3T,Manajemen Konstruksi dan Pengadaan,2,0.404
4599,2025,HOLDING,UID Riau & Kepri,,OFFICER KEUANGAN DAN AKUNTANSI,OFFICER,KEUANGAN DAN AKUNTANSI,G2,S1 Akuntansi/Administrasi Fiskal,1,S1,Rekrut 2025,Keuangan dan Akuntansi,2,0.396
4600,2025,HOLDING,UID Riau & Kepri,,OFFICER LOGISTIK LAYANAN PELANGGAN,OFFICER,LOGISTIK LAYANAN PELANGGAN,G2,S1 Logistik/Supply Chain Management,1,S1,Rekrut 2025,Manajemen Konstruksi dan Pengadaan,2,0.396
4601,2025,HOLDING,UID Riau & Kepri,,OFFICER PERENCANAAN SISTEM KELISTRIKAN,OFFICER,PERENCANAAN SISTEM KELISTRIKAN,G2,S1 Teknik Kimia/Teknik Lingkungan,1,S1,Rekrut 2025,Perencanaan Sistem,2,0.396
4602,2025,HOLDING,UIP Nusa Tenggara,,OFFICER PENGENDALIAN PROYEK,OFFICER,PENGENDALIAN PROYEK,G2,S1 Logistik/Supply Chain Management,1,S1,3T,Manajemen Konstruksi dan Pengadaan,2,0.396
4603,2025,HOLDING,UID Bali,,OFFICER KEUANGAN DAN ANGGARAN,OFFICER,KEUANGAN DAN ANGGARAN,G2,S1 Akuntansi/Administrasi Fiskal,1,S1,Rekrut 2025,Keuangan dan Akuntansi,2,0.395
4604,2025,HOLDING,UID Bali,,TECHNICIAN PENGATURAN OPERASI,TECHNICIAN,PENGATURAN OPERASI,G2,S1 Teknik Kimia/Teknik Lingkungan,1,S1,Rekrut 2025,Perencanaan Sistem,2,0.395
4605,2025,HOLDING,UID Suluttenggo,,OFFICER OPERASI DAN PEMELIHARAAN SISTEM DISTRIBUSI,OFFICER,OPERASI DAN PEMELIHARAAN SISTEM DISTRIBUSI,G2,S1 Teknik Elektro/Teknik Listrik,1,S1,3T,Distribusi,2,0.395
4606,2025,HOLDING,UID Suluttenggo,,OFFICER PERENCANAAN SISTEM KELISTRIKAN,OFFICER,PERENCANAAN SISTEM KELISTRIKAN,G2,S1 Teknik Kimia/Teknik Lingkungan,1,S1,3T,Perencanaan Sistem,2,0.395
4607,2025,HOLDING,UID Suluttenggo,,OFFICER STRATEGI PEMASARAN,OFFICER,STRATEGI PEMASARAN,G2,S1 Manajemen Pemasaran/Digital Marketing Dan Analytics,1,S1,3T,Niaga dan Pemasaran,2,0.395
4608,2025,HOLDING,UID Suluttenggo,,TECHNICIAN PENGATURAN OPERASI (PALU),TECHNICIAN,PENGATURAN OPERASI (PALU),G2,S1 Teknik Kimia/Teknik Lingkungan,1,S1,3T,Perencanaan Sistem,2,0.395
4609,2025,HOLDING,UID Suluttenggo,,TECHNICIAN PENGENDALIAN SUSUT,TECHNICIAN,PENGENDALIAN SUSUT,G2,S1 Teknik Elektro/Teknik Listrik,1,S1,3T,Distribusi,2,0.395
4610,2025,HOLDING,Pusat Pengatur Beban,,TECHNICIAN OPERASI SISTEM A,TECHNICIAN,OPERASI SISTEM A,G2,S1 Teknik Kimia/Teknik Lingkungan,1,S1,Rekrut 2025,Perencanaan Sistem,2,0.393
4611,2025,HOLDING,Pusat Pengatur Beban,,TECHNICIAN OPERASI SISTEM E,TECHNICIAN,OPERASI SISTEM E,G2,S1 Teknik Kimia/Teknik Lingkungan,1,S1,Rekrut 2025,Perencanaan Sistem,2,0.393
4612,2025,HOLDING,UID Kaltimra,,OFFICER ACCOUNT EXECUTIVE,OFFICER,ACCOUNT EXECUTIVE,G2,S1 Komunikasi/Hubungan Masyarakat,1,S1,3T,Komunikasi dan Umum,2,0.387
4613,2025,HOLDING,UID Kaltimra,,OFFICER ADMINISTRASI DAN UMUM,OFFICER,ADMINISTRASI DAN UMUM,G2,S1 Komunikasi/Hubungan Masyarakat,1,S1,3T,Komunikasi dan Umum,2,0.387
4614,2025,HOLDING,UID Kaltimra,,OFFICER KEUANGAN DAN ANGGARAN,OFFICER,KEUANGAN DAN ANGGARAN,G2,S1 Akuntansi/Administrasi Fiskal,1,S1,3T,Keuangan dan Akuntansi,2,0.387
4615,2025,HOLDING,UID Kaltimra,,OFFICER KINERJA JARINGAN DAN KONSTRUKSI DISTRIBUSI,OFFICER,KINERJA JARINGAN DAN KONSTRUKSI DISTRIBUSI,G2,S1 Teknik Elektro/Teknik Listrik,1,S1,3T,Distribusi,2,0.387
4616,2025,HOLDING,UID Kaltimra,,OFFICER KINERJA TRANSAKSI ENERGI LISTRIK,OFFICER,KINERJA TRANSAKSI ENERGI LISTRIK,G2,S1 Teknik Elektro/Teknik Listrik,1,S1,3T,Distribusi,2,0.387
4617,2025,HOLDING,UID Kaltimra,,OFFICER PERENCANAAN DAN EVALUASI SISTEM DISTRIBUSI,OFFICER,PERENCANAAN DAN EVALUASI SISTEM DISTRIBUSI,G2,S1 Teknik Kimia/Teknik Lingkungan,1,S1,3T,Perencanaan Sistem,2,0.387
4618,2025,HOLDING,UID Kaltimra,,OFFICER PRIORITY ACCOUNT EXECUTIVE,OFFICER,PRIORITY ACCOUNT EXECUTIVE,G2,S1 Komunikasi/Hubungan Masyarakat,1,S1,3T,Komunikasi dan Umum,2,0.387
4619,2025,HOLDING,UID Kaltimra,,TECHNICIAN PEMELIHARAAN METER TRANSAKSI,TECHNICIAN,PEMELIHARAAN METER TRANSAKSI,G2,S1 Teknik Elektro/Teknik Listrik,1,S1,3T,Distribusi,2,0.387
4620,2025,HOLDING,UID Kaltimra,,TECHNICIAN PENGELOLAAN KONSTRUKSI DISTRIBUSI,TECHNICIAN,PENGELOLAAN KONSTRUKSI DISTRIBUSI,G2,S1 Teknik Elektro/Teknik Listrik,1,S1,3T,Distribusi,2,0.387
4621,2025,HOLDING,UID Kaltimra,,TECHNICIAN PENGENDALIAN SUSUT,TECHNICIAN,PENGENDALIAN SUSUT,G2,S1 Teknik Elektro/Teknik Listrik,1,S1,3T,Distribusi,2,0.387
4622,2025,HOLDING,UIP Sumatera Bag Selatan,,"OFFICER ASET, PERTANAHAN DAN ROW",OFFICER,"ASET, PERTANAHAN DAN ROW",G2,S1 Logistik/Supply Chain Management,1,S1,Rekrut 2025,Manajemen Konstruksi dan Pengadaan,2,0.384
4623,2025,HOLDING,UID Sulselrabar,,OFFICER PRIORITY ACCOUNT EXECUTIVE,OFFICER,PRIORITY ACCOUNT EXECUTIVE,G2,S1 Komunikasi/Hubungan Masyarakat,1,S1,3T,Komunikasi dan Umum,2,0.383
4624,2025,HOLDING,UID Sulselrabar,,TECHNICIAN PEMELIHARAAN ELEKTROMEKANIK,TECHNICIAN,PEMELIHARAAN ELEKTROMEKANIK,G2,S1 Teknik Mesin/Konversi Energi,1,S1,3T,Pembangkitan,2,0.383
4625,2025,HOLDING,UID S2JB,,OFFICER ADMINISTRASI DAN UMUM,OFFICER,ADMINISTRASI DAN UMUM,G2,S1 Komunikasi/Hubungan Masyarakat,1,S1,3T,Komunikasi dan Umum,2,0.379
4626,2025,HOLDING,UID S2JB,,OFFICER PERENCANAAN DAN KINERJA,OFFICER,PERENCANAAN DAN KINERJA,G2,S1 Teknik Industri/Teknik Material,1,S1,3T,Perencanaan dan Kinerja,2,0.379
4627,2025,HOLDING,UIW NusaTenggara Barat,,OFFICER KINERJA OPERASI DAN PEMELIHARAAN PEMBANGKIT,OFFICER,KINERJA OPERASI DAN PEMELIHARAAN PEMBANGKIT,G2,S1 Teknik Mesin/Konversi Energi,1,S1,3T,Pembangkitan,2,0.378
4628,2025,HOLDING,UID Sumbar,,TECHNICIAN PDKB,TECHNICIAN,PDKB,G2,S1 Teknik Elektro/Teknik Listrik,1,S1,Rekrut 2025,Distribusi,2,0.377
4629,2025,HOLDING,UIP JBTB,,OFFICER ADMINISTRASI DAN UMUM,OFFICER,ADMINISTRASI DAN UMUM,G2,S1 Komunikasi/Hubungan Masyarakat,1,S1,Rekrut 2025,Komunikasi dan Umum,2,0.377
4630,2025,HOLDING,UIP JBTB,,OFFICER PELAKSANA PENGADAAN,OFFICER,PELAKSANA PENGADAAN,G2,S1 Logistik/Supply Chain Management,1,S1,Rekrut 2025,Manajemen Konstruksi dan Pengadaan,2,0.377
4631,2025,HOLDING,UIP JBTB,,OFFICER PENGENDALIAN KONSTRUKSI,OFFICER,PENGENDALIAN KONSTRUKSI,G2,S1 Logistik/Supply Chain Management,1,S1,Rekrut 2025,Manajemen Konstruksi dan Pengadaan,2,0.377
4632,2025,HOLDING,UIP JBTB,,OFFICER PERENCANAAN UMUM DAN KINERJA,OFFICER,PERENCANAAN UMUM DAN KINERJA,G2,S1 Komunikasi/Hubungan Masyarakat,1,S1,Rekrut 2025,Komunikasi dan Umum,2,0.377
4633,2025,HOLDING,UID Jawa Timur,,OFFICER KOMUNIKASI,OFFICER,KOMUNIKASI,G2,S1 Komunikasi/Hubungan Masyarakat,1,S1,Rekrut 2025,Komunikasi dan Umum,2,0.376
4634,2025,HOLDING,UID Jawa Timur,,OFFICER LOGISTIK,OFFICER,LOGISTIK,G2,S1 Logistik/Supply Chain Management,1,S1,Rekrut 2025,Manajemen Konstruksi dan Pengadaan,2,0.376
4635,2025,HOLDING,PUSLITBANG,,OFFICER KAJIAN DAN INVESTIGASI TEKNIK DAN TEKNOLOGI SISTEM TRANSMISI DAN DISTRIBUSI,OFFICER,KAJIAN DAN INVESTIGASI TEKNIK DAN TEKNOLOGI SISTEM TRANSMISI DAN DISTRIBUSI,G2,S1 Teknik Elektro/Teknik Listrik,1,S1,Rekrut 2025,Transmisi dan Gardu Induk,2,0.37
4636,2025,HOLDING,PUSLITBANG,,OFFICER KAJIAN DAN INVESTIGASI TEKNIK TEKNOLOGI SISTEM PEMBANGKITAN DAN ENERGI,OFFICER,KAJIAN DAN INVESTIGASI TEKNIK TEKNOLOGI SISTEM PEMBANGKITAN DAN ENERGI,G2,S1 Teknik Mesin/Konversi Energi,1,S1,Rekrut 2025,Pembangkitan,2,0.37
4637,2025,HOLDING,PUSLITBANG,,"OFFICER PERENCANAAN, EVALUASI DAN KINERJA",OFFICER,"PERENCANAAN, EVALUASI DAN KINERJA",G2,S1 Teknik Industri/Teknik Material,1,S1,Rekrut 2025,Perencanaan dan Kinerja,2,0.37
4638,2025,HOLDING,PUSLITBANG,,OFFICER RISET ENERGI,OFFICER,RISET ENERGI,G2,S1 Komunikasi/Hubungan Masyarakat,1,S1,Rekrut 2025,Komunikasi dan Umum,2,0.37
4639,2025,HOLDING,UIP JBB,,"OFFICER ASET, PERTANAHAN DAN ROW",OFFICER,"ASET, PERTANAHAN DAN ROW",G2,S1 Logistik/Supply Chain Management,1,S1,Rekrut 2025,Manajemen Konstruksi dan Pengadaan,2,0.37
4640,2025,HOLDING,UIP JBB,,OFFICER PELAKSANA PENGADAAN,OFFICER,PELAKSANA PENGADAAN,G2,S1 Logistik/Supply Chain Management,1,S1,Rekrut 2025,Manajemen Konstruksi dan Pengadaan,2,0.37
4641,2025,HOLDING,UIP JBB,,OFFICER PERIZINAN DAN PERTANAHAN,OFFICER,PERIZINAN DAN PERTANAHAN,G2,S1 Logistik/Supply Chain Management,1,S1,Rekrut 2025,Manajemen Konstruksi dan Pengadaan,2,0.37
4642,2025,HOLDING,UIP Sumatera Bag Tengah,,"OFFICER KEUANGAN, PERIZINAN, PERTANAHAN DAN UMUM",OFFICER,"KEUANGAN, PERIZINAN, PERTANAHAN DAN UMUM",G2,S1 Logistik/Supply Chain Management,1,S1,Rekrut 2025,Manajemen Konstruksi dan Pengadaan,2,0.37
4643,2025,HOLDING,UIT JBB,,OFFICER ADMINISTRASI DAN UMUM,OFFICER,ADMINISTRASI DAN UMUM,G2,S1 Komunikasi/Hubungan Masyarakat,1,S1,Rekrut 2025,Komunikasi dan Umum,2,0.367
4644,2025,HOLDING,UIT JBB,,OFFICER LABORATORIUM,OFFICER,LABORATORIUM,G2,S1 Komunikasi/Hubungan Masyarakat,1,S1,Rekrut 2025,Komunikasi dan Umum,2,0.367
4645,2025,HOLDING,UIT JBB,,OFFICER LINGKUNGAN,OFFICER,LINGKUNGAN,G2,S1 Keselamatan Dan Kesehatan Kerja/Kesehatan Masyarakat K3,1,S1,Rekrut 2025,K3 dan Lingkungan,2,0.367
4646,2025,HOLDING,UIT JBB,,"OFFICER MANAJEMEN RISIKO, KEPATUHAN DAN SISTEM MANAJEMEN TERINTEGRASI",OFFICER,"MANAJEMEN RISIKO, KEPATUHAN DAN SISTEM MANAJEMEN TERINTEGRASI",G2,S1 Hukum/Public Policy,1,S1,Rekrut 2025,Hukum dan Kepatuhan,2,0.367
4647,2025,HOLDING,UIT JBB,,OFFICER PENGENDALIAN KONSTRUKSI DAN ADMINISTRASI KONTRAK,OFFICER,PENGENDALIAN KONSTRUKSI DAN ADMINISTRASI KONTRAK,G2,S1 Logistik/Supply Chain Management,1,S1,Rekrut 2025,Manajemen Konstruksi dan Pengadaan,2,0.367
4648,2025,HOLDING,UIT JBB,,"TECHNICIAN PEMELIHARAAN PROTEKSI, METER, DAN OTOMASI TRANSMISI DAN GARDUINDUK",TECHNICIAN,"PEMELIHARAAN PROTEKSI, METER, DAN OTOMASI TRANSMISI DAN GARDUINDUK",G2,S1 Teknik Elektro/Teknik Listrik,1,S1,Rekrut 2025,Transmisi dan Gardu Induk,2,0.367
4649,2025,HOLDING,UIP3B Sulawesi,,OFFICER KINERJA DAN PERENCANAAN,OFFICER,KINERJA DAN PERENCANAAN,G2,S1 Teknik Industri/Teknik Material,1,S1,3T,Perencanaan dan Kinerja,2,0.365
4650,2025,HOLDING,UIP3B Sulawesi,,OFFICER UMUM,OFFICER,UMUM,G2,S1 Komunikasi/Hubungan Masyarakat,1,S1,3T,Komunikasi dan Umum,2,0.365
4651,2025,HOLDING,UID Aceh,,OFFICER ADMINISTRASI DAN UMUM,OFFICER,ADMINISTRASI DAN UMUM,G2,S1 Komunikasi/Hubungan Masyarakat,1,S1,3T,Komunikasi dan Umum,2,0.364
4652,2025,HOLDING,UID Kalselteng,,OFFICER ACCOUNT EXECUTIVE,OFFICER,ACCOUNT EXECUTIVE,G2,S1 Komunikasi/Hubungan Masyarakat,1,S1,3T,Komunikasi dan Umum,2,0.363
4653,2025,HOLDING,UID Kalselteng,,OFFICER KINERJA TRANSAKSI ENERGI LISTRIK,OFFICER,KINERJA TRANSAKSI ENERGI LISTRIK,G2,S1 Teknik Elektro/Teknik Listrik,1,S1,3T,Distribusi,2,0.363
4654,2025,HOLDING,UID Kalselteng,,OFFICER MAPPING DATA JARINGAN DAN PELANGGAN,OFFICER,MAPPING DATA JARINGAN DAN PELANGGAN,G2,S1 Teknik Elektro/Teknik Listrik,1,S1,3T,Distribusi,2,0.363
4655,2025,HOLDING,UID Kalselteng,,OFFICER PELAKSANA PENGADAAN,OFFICER,PELAKSANA PENGADAAN,G2,S1 Logistik/Supply Chain Management,1,S1,3T,Manajemen Konstruksi dan Pengadaan,2,0.363
4656,2025,HOLDING,UID Kalselteng,,OFFICER PERENCANAAN DAN KINERJA,OFFICER,PERENCANAAN DAN KINERJA,G2,S1 Teknik Industri/Teknik Material,1,S1,3T,Perencanaan dan Kinerja,2,0.363
4657,2025,HOLDING,UID Kalselteng,,OFFICER PERENCANAAN SISTEM KELISTRIKAN,OFFICER,PERENCANAAN SISTEM KELISTRIKAN,G2,S1 Teknik Kimia/Teknik Lingkungan,1,S1,3T,Perencanaan Sistem,2,0.363
4658,2025,HOLDING,UID Kalselteng,,TECHNICIAN KONSTRUKSI LISTRIK PERDESAAN,TECHNICIAN,KONSTRUKSI LISTRIK PERDESAAN,G2,S1 Teknik Elektro/Teknik Listrik,1,S1,3T,Distribusi,2,0.363
4659,2025,HOLDING,UID Kalselteng,,TECHNICIAN PENGENDALIAN LISTRIK PERDESAAN,TECHNICIAN,PENGENDALIAN LISTRIK PERDESAAN,G2,S1 Teknik Elektro/Teknik Listrik,1,S1,3T,Distribusi,2,0.363
4660,2025,HOLDING,UIP Kalimantan Bag Barat,,OFFICER PERIZINAN DAN PERTANAHAN,OFFICER,PERIZINAN DAN PERTANAHAN,G2,S1 Logistik/Supply Chain Management,1,S1,3T,Manajemen Konstruksi dan Pengadaan,2,0.361
4661,2025,HOLDING,UIP Sumatera Bag Utara,,OFFICER KEUANGAN DAN ANGGARAN,OFFICER,KEUANGAN DAN ANGGARAN,G2,S1 Akuntansi/Administrasi Fiskal,1,S1,Rekrut 2025,Keuangan dan Akuntansi,2,0.361
4662,2025,HOLDING,UIP Sumatera Bag Utara,,OFFICER PENGENDALIAN KONSTRUKSI,OFFICER,PENGENDALIAN KONSTRUKSI,G2,S1 Logistik/Supply Chain Management,1,S1,Rekrut 2025,Manajemen Konstruksi dan Pengadaan,2,0.361
4663,2025,HOLDING,UIP Sumatera Bag Utara,,OFFICER PERENCANAAN UMUM DAN KINERJA,OFFICER,PERENCANAAN UMUM DAN KINERJA,G2,S1 Komunikasi/Hubungan Masyarakat,1,S1,Rekrut 2025,Komunikasi dan Umum,2,0.361
4664,2025,HOLDING,UIP3B Kalimantan,,OFFICER KINERJA DAN PERENCANAAN,OFFICER,KINERJA DAN PERENCANAAN,G2,S1 Teknik Industri/Teknik Material,1,S1,3T,Perencanaan dan Kinerja,2,0.358
4665,2025,HOLDING,UIP3B Kalimantan,,OFFICER PELAKSANA PENGADAAN,OFFICER,PELAKSANA PENGADAAN,G2,S1 Logistik/Supply Chain Management,1,S1,3T,Manajemen Konstruksi dan Pengadaan,2,0.358
4666,2025,HOLDING,UIP3B Kalimantan,,"OFFICER PENGENDALIAN PEMELIHARAAN ASET JARINGAN, GI, DAN PROTEKSI",OFFICER,"PENGENDALIAN PEMELIHARAAN ASET JARINGAN, GI, DAN PROTEKSI",G2,S1 Teknik Elektro/Teknik Listrik,1,S1,3T,Proteksi dan Kontrol,2,0.358
4667,2025,HOLDING,UIP3B Kalimantan,,OFFICER PERENCANAAN PENGUSAHAAN DAN KINERJA,OFFICER,PERENCANAAN PENGUSAHAAN DAN KINERJA,G2,S1 Teknik Industri/Teknik Material,1,S1,3T,Perencanaan dan Kinerja,2,0.358
4668,2025,HOLDING,UIP3B Kalimantan,,OFFICER UMUM,OFFICER,UMUM,G2,S1 Komunikasi/Hubungan Masyarakat,1,S1,3T,Komunikasi dan Umum,2,0.358
4669,2025,HOLDING,UIP3B Kalimantan,,TECHNICIAN ENJINIRING,TECHNICIAN,ENJINIRING,G2,S1 Teknik Kimia/Teknik Lingkungan,1,S1,3T,Perencanaan Sistem,2,0.358
4670,2025,HOLDING,UID Banten,,OFFICER ACCOUNT EXECUTIVE,OFFICER,ACCOUNT EXECUTIVE,G2,S1 Komunikasi/Hubungan Masyarakat,1,S1,Rekrut 2025,Komunikasi dan Umum,2,0.355
4671,2025,HOLDING,UID Banten,,"OFFICER KESELAMATAN, KESEHATAN KERJA, LINGKUNGAN DAN KEAMANAN",OFFICER,"KESELAMATAN, KESEHATAN KERJA, LINGKUNGAN DAN KEAMANAN",G2,S1 Keselamatan Dan Kesehatan Kerja/Kesehatan Masyarakat K3,1,S1,Rekrut 2025,K3 dan Lingkungan,2,0.355
4672,2025,HOLDING,UID Banten,,TECHNICIAN PEMELIHARAAN DISTRIBUSI,TECHNICIAN,PEMELIHARAAN DISTRIBUSI,G2,S1 Teknik Elektro/Teknik Listrik,1,S1,Rekrut 2025,Distribusi,2,0.355
4673,2025,HOLDING,UID Banten,,TECHNICIAN PENGENDALIAN KONSTRUKSI DISTRIBUSI,TECHNICIAN,PENGENDALIAN KONSTRUKSI DISTRIBUSI,G2,S1 Teknik Elektro/Teknik Listrik,1,S1,Rekrut 2025,Distribusi,2,0.355
4674,2025,HOLDING,UIT JBT,,"OFFICER KESELAMATAN, KESEHATAN KERJA DAN KEAMANAN",OFFICER,"KESELAMATAN, KESEHATAN KERJA DAN KEAMANAN",G2,S1 Keselamatan Dan Kesehatan Kerja/Kesehatan Masyarakat K3,1,S1,Rekrut 2025,K3 dan Lingkungan,2,0.353
4675,2025,HOLDING,UID Lampung,,OFFICER PRIORITY ACCOUNT EXECUTIVE,OFFICER,PRIORITY ACCOUNT EXECUTIVE,G2,S1 Komunikasi/Hubungan Masyarakat,1,S1,Rekrut 2025,Komunikasi dan Umum,2,0.352
4676,2025,HOLDING,UID Kalbar,,"OFFICER KESELAMATAN, KESEHATAN KERJA, LINGKUNGAN DAN KEAMANAN",OFFICER,"KESELAMATAN, KESEHATAN KERJA, LINGKUNGAN DAN KEAMANAN",G2,S1 Keselamatan Dan Kesehatan Kerja/Kesehatan Masyarakat K3,1,S1,3T,K3 dan Lingkungan,2,0.351
4677,2025,HOLDING,UID Kalbar,,OFFICER KEUANGAN DAN AKUNTANSI,OFFICER,KEUANGAN DAN AKUNTANSI,G2,S1 Akuntansi/Administrasi Fiskal,1,S1,3T,Keuangan dan Akuntansi,2,0.351
4678,2025,HOLDING,UID Kalbar,,OFFICER PRIORITY ACCOUNT EXECUTIVE,OFFICER,PRIORITY ACCOUNT EXECUTIVE,G2,S1 Komunikasi/Hubungan Masyarakat,1,S1,3T,Komunikasi dan Umum,2,0.351
4679,2025,HOLDING,UID Kalbar,,TECHNICIAN OPERASI DISTRIBUSI,TECHNICIAN,OPERASI DISTRIBUSI,G2,S1 Teknik Elektro/Teknik Listrik,1,S1,3T,Distribusi,2,0.351
4680,2025,HOLDING,UID Kalbar,,TECHNICIAN PEMELIHARAAN METER TRANSAKSI,TECHNICIAN,PEMELIHARAAN METER TRANSAKSI,G2,S1 Teknik Elektro/Teknik Listrik,1,S1,3T,Distribusi,2,0.351
4681,2025,HOLDING,UID Kalbar,,TECHNICIAN PENGELOLAAN KONSTRUKSI DISTRIBUSI,TECHNICIAN,PENGELOLAAN KONSTRUKSI DISTRIBUSI,G2,S1 Teknik Elektro/Teknik Listrik,1,S1,3T,Distribusi,2,0.351
4682,2025,HOLDING,UID Kalbar,,TECHNICIAN PENGENDALIAN LISTRIK PERDESAAN,TECHNICIAN,PENGENDALIAN LISTRIK PERDESAAN,G2,S1 Teknik Elektro/Teknik Listrik,1,S1,3T,Distribusi,2,0.351
4683,2025,HOLDING,UID Kalbar,,TECHNICIAN PENGENDALIAN SUSUT,TECHNICIAN,PENGENDALIAN SUSUT,G2,S1 Teknik Elektro/Teknik Listrik,1,S1,3T,Distribusi,2,0.351
4684,2025,HOLDING,UID Kalbar,,TECHNICIAN TRANSAKSI ENERGI LISTRIK,TECHNICIAN,TRANSAKSI ENERGI LISTRIK,G2,S1 Teknik Elektro/Teknik Listrik,1,S1,3T,Distribusi,2,0.351
4685,2025,HOLDING,UIP JBT,,OFFICER PENGENDALIAN KONSTRUKSI,OFFICER,PENGENDALIAN KONSTRUKSI,G2,S1 Logistik/Supply Chain Management,1,S1,Rekrut 2025,Manajemen Konstruksi dan Pengadaan,2,0.35
4686,2025,HOLDING,UID Sumut,,OFFICER NIAGA DAN PELAYANAN PELANGGAN,OFFICER,NIAGA DAN PELAYANAN PELANGGAN,G2,S1 Manajemen Pemasaran/Digital Marketing Dan Analytics,1,S1,Rekrut 2025,Niaga dan Pemasaran,2,0.347
4687,2025,HOLDING,UID Sumut,,OFFICER PELAKSANA PENGADAAN,OFFICER,PELAKSANA PENGADAAN,G2,S1 Logistik/Supply Chain Management,1,S1,Rekrut 2025,Manajemen Konstruksi dan Pengadaan,2,0.347
4688,2025,HOLDING,UID Sumut,,TECHNICIAN PENGATURAN OPERASI,TECHNICIAN,PENGATURAN OPERASI,G2,S1 Teknik Kimia/Teknik Lingkungan,1,S1,Rekrut 2025,Perencanaan Sistem,2,0.347
4689,2025,HOLDING,UID Sumut,,TECHNICIAN PENGELOLAAN KONSTRUKSI DISTRIBUSI,TECHNICIAN,PENGELOLAAN KONSTRUKSI DISTRIBUSI,G2,S1 Teknik Elektro/Teknik Listrik,1,S1,Rekrut 2025,Distribusi,2,0.347
4690,2025,HOLDING,Kantor Pusat,,OFFICER AKUNTANSI TRANSAKSI KANTOR PUSAT,OFFICER,AKUNTANSI TRANSAKSI KANTOR PUSAT,G2,S1 Akuntansi/Administrasi Fiskal,1,S1,Rekrut 2025,Keuangan dan Akuntansi,2,0.346
4691,2025,HOLDING,Kantor Pusat,,OFFICER APLIKASI PELAYANAN PELANGGAN MOBILE,OFFICER,APLIKASI PELAYANAN PELANGGAN MOBILE,G2,S1 Manajemen Pemasaran/Digital Marketing Dan Analytics,1,S1,Rekrut 2025,Niaga dan Pemasaran,2,0.346
4692,2025,HOLDING,Kantor Pusat,,OFFICER AUDIT DATA ANALITIK DAN CONTINUOUS AUDIT 1,OFFICER,AUDIT DATA ANALITIK DAN CONTINUOUS AUDIT 1,G2,S1 Data Science/Teknik Informatika,1,S1,Rekrut 2025,Teknologi Informasi,2,0.346
4693,2025,HOLDING,Kantor Pusat,,OFFICER AUDIT INVESTIGASI 1A,OFFICER,AUDIT INVESTIGASI 1A,G2,S1 Akuntansi/Administrasi Fiskal,1,S1,Rekrut 2025,Audit dan Risiko,2,0.346
4694,2025,HOLDING,Kantor Pusat,,OFFICER AUDIT INVESTIGASI 2B,OFFICER,AUDIT INVESTIGASI 2B,G2,S1 Akuntansi/Administrasi Fiskal,1,S1,Rekrut 2025,Audit dan Risiko,2,0.346
4695,2025,HOLDING,Kantor Pusat,,OFFICER AUDIT KEUANGAN KORPORASI 2,OFFICER,AUDIT KEUANGAN KORPORASI 2,G2,S1 Akuntansi/Administrasi Fiskal,1,S1,Rekrut 2025,Keuangan dan Akuntansi,2,0.346
4696,2025,HOLDING,Kantor Pusat,,OFFICER AUDIT KEUANGAN KORPORASI 3,OFFICER,AUDIT KEUANGAN KORPORASI 3,G2,S1 Akuntansi/Administrasi Fiskal,1,S1,Rekrut 2025,Keuangan dan Akuntansi,2,0.346
4697,2025,HOLDING,Kantor Pusat,,"OFFICER AUDIT KONSTRUKSI, PEMBANGKITAN, DAN EBT 1A",OFFICER,"AUDIT KONSTRUKSI, PEMBANGKITAN, DAN EBT 1A",G2,S1 Teknik Mesin/Konversi Energi,1,S1,Rekrut 2025,Pembangkitan,2,0.346
4698,2025,HOLDING,Kantor Pusat,,"OFFICER AUDIT KONSTRUKSI, PEMBANGKITAN, DAN EBT 1B",OFFICER,"AUDIT KONSTRUKSI, PEMBANGKITAN, DAN EBT 1B",G2,S1 Teknik Mesin/Konversi Energi,1,S1,Rekrut 2025,Pembangkitan,2,0.346
4699,2025,HOLDING,Kantor Pusat,,"OFFICER AUDIT KONSTRUKSI, PEMBANGKITAN, DAN EBT 1C",OFFICER,"AUDIT KONSTRUKSI, PEMBANGKITAN, DAN EBT 1C",G2,S1 Teknik Mesin/Konversi Energi,1,S1,Rekrut 2025,Pembangkitan,2,0.346
4700,2025,HOLDING,Kantor Pusat,,"OFFICER AUDIT KONSTRUKSI, PEMBANGKITAN, DAN EBT 1D",OFFICER,"AUDIT KONSTRUKSI, PEMBANGKITAN, DAN EBT 1D",G2,S1 Teknik Mesin/Konversi Energi,1,S1,Rekrut 2025,Pembangkitan,2,0.346
4701,2025,HOLDING,Kantor Pusat,,"OFFICER AUDIT KONSTRUKSI, PEMBANGKITAN, DAN EBT 2C",OFFICER,"AUDIT KONSTRUKSI, PEMBANGKITAN, DAN EBT 2C",G2,S1 Teknik Mesin/Konversi Energi,1,S1,Rekrut 2025,Pembangkitan,2,0.346
4702,2025,HOLDING,Kantor Pusat,,"OFFICER AUDIT KONSTRUKSI, PEMBANGKITAN, DAN EBT 3C",OFFICER,"AUDIT KONSTRUKSI, PEMBANGKITAN, DAN EBT 3C",G2,S1 Teknik Mesin/Konversi Energi,1,S1,Rekrut 2025,Pembangkitan,2,0.346
4703,2025,HOLDING,Kantor Pusat,,"OFFICER AUDIT NIAGA, LEGAL, HUMAN CAPITAL, DAN ENABLER 1",OFFICER,"AUDIT NIAGA, LEGAL, HUMAN CAPITAL, DAN ENABLER 1",G2,S1 Psikologi/Kepegawaian,1,S1,Rekrut 2025,Sumber Daya Manusia,2,0.346
4704,2025,HOLDING,Kantor Pusat,,"OFFICER AUDIT NIAGA, LEGAL, HUMAN CAPITAL, DAN ENABLER 2",OFFICER,"AUDIT NIAGA, LEGAL, HUMAN CAPITAL, DAN ENABLER 2",G2,S1 Psikologi/Kepegawaian,1,S1,Rekrut 2025,Sumber Daya Manusia,2,0.346
4705,2025,HOLDING,Kantor Pusat,,"OFFICER AUDIT NIAGA, LEGAL, HUMAN CAPITAL, DAN ENABLER 3",OFFICER,"AUDIT NIAGA, LEGAL, HUMAN CAPITAL, DAN ENABLER 3",G2,S1 Psikologi/Kepegawaian,1,S1,Rekrut 2025,Sumber Daya Manusia,2,0.346
4706,2025,HOLDING,Kantor Pusat,,"OFFICER AUDIT NIAGA, LEGAL, HUMAN CAPITAL, DAN ENABLER 4",OFFICER,"AUDIT NIAGA, LEGAL, HUMAN CAPITAL, DAN ENABLER 4",G2,S1 Psikologi/Kepegawaian,1,S1,Rekrut 2025,Sumber Daya Manusia,2,0.346
4707,2025,HOLDING,Kantor Pusat,,OFFICER AUDIT TRANSMISI DAN DISTRIBUSI 2B,OFFICER,AUDIT TRANSMISI DAN DISTRIBUSI 2B,G2,S1 Teknik Elektro/Teknik Listrik,1,S1,Rekrut 2025,Transmisi dan Gardu Induk,2,0.346
4708,2025,HOLDING,Kantor Pusat,,OFFICER DIGITAL FORENSIK,OFFICER,DIGITAL FORENSIK,G2,S1 Data Science/Teknik Informatika,1,S1,Rekrut 2025,Teknologi Informasi,2,0.346
4709,2025,HOLDING,Kantor Pusat,,OFFICER KONSULTANSI AUDIT 1A,OFFICER,KONSULTANSI AUDIT 1A,G2,S1 Akuntansi/Administrasi Fiskal,1,S1,Rekrut 2025,Audit dan Risiko,2,0.346
4710,2025,HOLDING,Kantor Pusat,,OFFICER LEGAL BUSINESS PARTNER PENGADAAN ENERGI BARU TERBARUKAN,OFFICER,LEGAL BUSINESS PARTNER PENGADAAN ENERGI BARU TERBARUKAN,G2,S1 Logistik/Supply Chain Management,1,S1,Rekrut 2025,Manajemen Konstruksi dan Pengadaan,2,0.346
4711,2025,HOLDING,Kantor Pusat,,OFFICER PELAKSANA PENGADAAN EPC PEMBANGKIT NON EBT,OFFICER,PELAKSANA PENGADAAN EPC PEMBANGKIT NON EBT,G2,S1 Teknik Mesin/Konversi Energi,1,S1,Rekrut 2025,Pembangkitan,2,0.346
4712,2025,HOLDING,Kantor Pusat,,OFFICER PELAKSANA PENGADAAN IPP HIDRO,OFFICER,PELAKSANA PENGADAAN IPP HIDRO,G2,S1 Teknik Mesin/Konversi Energi,1,S1,Rekrut 2025,Pembangkitan,2,0.346
4713,2025,HOLDING,Kantor Pusat,,OFFICER PELAYANAN HUMAN CAPITAL BANDUNG,OFFICER,PELAYANAN HUMAN CAPITAL BANDUNG,G2,S1 Psikologi/Kepegawaian,1,S1,Rekrut 2025,Sumber Daya Manusia,2,0.346
4714,2025,HOLDING,Kantor Pusat,,OFFICER PENDANAAN DAN HIBAH LUAR NEGERI,OFFICER,PENDANAAN DAN HIBAH LUAR NEGERI,G2,S1 Akuntansi/Administrasi Fiskal,1,S1,Rekrut 2025,Keuangan dan Akuntansi,2,0.346
4715,2025,HOLDING,Kantor Pusat,,OFFICER PENGELOLA ADMINISTRASI DAN UMUM,OFFICER,PENGELOLA ADMINISTRASI DAN UMUM,G2,S1 Komunikasi/Hubungan Masyarakat,1,S1,Rekrut 2025,Komunikasi dan Umum,2,0.346
4716,2025,HOLDING,Kantor Pusat,,OFFICER PENGEMBANGAN EXPERT,OFFICER,PENGEMBANGAN EXPERT,G2,S1 Teknik Industri/Teknik Material,1,S1,Rekrut 2025,Perencanaan dan Kinerja,2,0.346
4717,2025,HOLDING,Kantor Pusat,,OFFICER PENGEMBANGAN SISTEM ANGGARAN,OFFICER,PENGEMBANGAN SISTEM ANGGARAN,G2,S1 Akuntansi/Administrasi Fiskal,1,S1,Rekrut 2025,Keuangan dan Akuntansi,2,0.346
4718,2025,HOLDING,Kantor Pusat,,OFFICER PENGEMBANGAN TALENTA UIP3B SUMATERA,OFFICER,PENGEMBANGAN TALENTA UIP3B SUMATERA,G2,S1 Psikologi/Kepegawaian,1,S1,Rekrut 2025,Sumber Daya Manusia,2,0.346
4719,2025,HOLDING,Kantor Pusat,,OFFICER PENGENDALIAN KINERJA DAN ANGGARAN KONSTRUKSI,OFFICER,PENGENDALIAN KINERJA DAN ANGGARAN KONSTRUKSI,G2,S1 Logistik/Supply Chain Management,1,S1,Rekrut 2025,Manajemen Konstruksi dan Pengadaan,2,0.346
4720,2025,HOLDING,Kantor Pusat,,OFFICER RISIKO DISTRIBUSI SUMATERA BAGIAN SELATAN,OFFICER,RISIKO DISTRIBUSI SUMATERA BAGIAN SELATAN,G2,S1 Teknik Elektro/Teknik Listrik,1,S1,Rekrut 2025,Distribusi,2,0.346
4721,2025,HOLDING,Kantor Pusat,,OFFICER RISIKO OPERASI DAN PERENCANAAN SISTEM KETENAGALISTRIKAN,OFFICER,RISIKO OPERASI DAN PERENCANAAN SISTEM KETENAGALISTRIKAN,G2,S1 Teknik Kimia/Teknik Lingkungan,1,S1,Rekrut 2025,Perencanaan Sistem,2,0.346
4722,2025,HOLDING,Kantor Pusat,,"OFFICER RISIKO PERENCANAAN, KONTRAK PROYEK, DAN PMO",OFFICER,"RISIKO PERENCANAAN, KONTRAK PROYEK, DAN PMO",G2,S1 Logistik/Supply Chain Management,1,S1,Rekrut 2025,Manajemen Konstruksi dan Pengadaan,2,0.346
4723,2025,HOLDING,Kantor Pusat,,OFFICER SEKRETARIS DIREKSI,OFFICER,SEKRETARIS DIREKSI,G2,S1 Komunikasi/Hubungan Masyarakat,1,S1,Rekrut 2025,Komunikasi dan Umum,2,0.346
4724,2025,HOLDING,Kantor Pusat,,OFFICER SISTEM TEKNOLOGI INFORMASI BALI,OFFICER,SISTEM TEKNOLOGI INFORMASI BALI,G2,S1 Data Science/Teknik Informatika,1,S1,Rekrut 2025,Teknologi Informasi,2,0.346
4725,2025,HOLDING,Kantor Pusat,,OFFICER SISTEM TEKNOLOGI INFORMASI JAWA TIMUR 1,OFFICER,SISTEM TEKNOLOGI INFORMASI JAWA TIMUR 1,G2,S1 Data Science/Teknik Informatika,1,S1,Rekrut 2025,Teknologi Informasi,2,0.346
4726,2025,HOLDING,Kantor Pusat,,OFFICER SISTEM TEKNOLOGI INFORMASI SUMATERA SELATAN 2,OFFICER,SISTEM TEKNOLOGI INFORMASI SUMATERA SELATAN 2,G2,S1 Data Science/Teknik Informatika,1,S1,Rekrut 2025,Teknologi Informasi,2,0.346
4727,2025,HOLDING,Kantor Pusat,,OFFICER TRACKING,OFFICER,TRACKING,G2,S1 Komunikasi/Hubungan Masyarakat,1,S1,Rekrut 2025,Komunikasi dan Umum,2,0.346
4728,2025,HOLDING,Kantor Pusat,,OFFICER VERIFIKASI PURCHASE ORDER KANTOR PUSAT,OFFICER,VERIFIKASI PURCHASE ORDER KANTOR PUSAT,G2,S1 Akuntansi/Administrasi Fiskal,1,S1,Rekrut 2025,Keuangan dan Akuntansi,2,0.346
4729,2025,HOLDING,Kantor Pusat,,TECHNICIAN ANEKA ENERGI IPP,TECHNICIAN,ANEKA ENERGI IPP,G2,S1 Teknik Mesin/Konversi Energi,1,S1,Rekrut 2025,Pembangkitan,2,0.346
4730,2025,HOLDING,Kantor Pusat,,TECHNICIAN PENGELOLAAN PERUBAHAN IKLIM,TECHNICIAN,PENGELOLAAN PERUBAHAN IKLIM,G2,S1 Teknik Industri/Teknik Material,1,S1,Rekrut 2025,Perencanaan dan Kinerja,2,0.346
4731,2025,HOLDING,UID Jakarta Raya,,OFFICER PERENCANAAN SISTEM KELISTRIKAN,OFFICER,PERENCANAAN SISTEM KELISTRIKAN,G2,S1 Teknik Kimia/Teknik Lingkungan,1,S1,Rekrut 2025,Perencanaan Sistem,2,0.346
4732,2025,HOLDING,UID Jakarta Raya,,TECHNICIAN SCADA DAN TELEKOMUNIKASI,TECHNICIAN,SCADA DAN TELEKOMUNIKASI,G2,S1 Teknik Elektro/Teknik Listrik,1,S1,Rekrut 2025,Proteksi dan Kontrol,2,0.346
4733,2025,HOLDING,UID Jawa Barat,,OFFICER PENGENDALIAN OPERASI DAN PEMELIHARAAN,OFFICER,PENGENDALIAN OPERASI DAN PEMELIHARAAN,G2,S1 Teknik Elektro/Teknik Listrik,1,S1,Rekrut 2025,Distribusi,2,0.345
4734,2025,HOLDING,P3B Sumatera,,OFFICER PERENCANA PENGADAAN,OFFICER,PERENCANA PENGADAAN,G2,S1 Logistik/Supply Chain Management,1,S1,Rekrut 2025,Manajemen Konstruksi dan Pengadaan,2,0.344
4735,2025,HOLDING,P3B Sumatera,,OFFICER UMUM,OFFICER,UMUM,G2,S1 Komunikasi/Hubungan Masyarakat,1,S1,Rekrut 2025,Komunikasi dan Umum,2,0.344
4736,2025,HOLDING,P3B Sumatera,,TECHNICIAN PEMELIHARAAN JARINGAN TRANSMISI,TECHNICIAN,PEMELIHARAAN JARINGAN TRANSMISI,G2,S1 Teknik Elektro/Teknik Listrik,1,S1,Rekrut 2025,Transmisi dan Gardu Induk,2,0.344
4737,2025,HOLDING,P3B Sumatera,,"TECHNICIAN PEMELIHARAAN PROTEKSI, METER, DAN OTOMASI TRANSMISI DAN GARDUINDUK",TECHNICIAN,"PEMELIHARAAN PROTEKSI, METER, DAN OTOMASI TRANSMISI DAN GARDUINDUK",G2,S1 Teknik Elektro/Teknik Listrik,1,S1,Rekrut 2025,Transmisi dan Gardu Induk,2,0.344
4738,2025,HOLDING,Pusat Pengatur Beban,,OFFICER OPERASI SISTEM PEMBANGKITAN,OFFICER,OPERASI SISTEM PEMBANGKITAN,G2,S1 Teknik Mesin/Konversi Energi,1,S1,Rekrut 2025,Pembangkitan,2,0.337
4739,2025,HOLDING,Pusat Pengatur Beban,,TECHNICIAN PROTEKSI SISTEM,TECHNICIAN,PROTEKSI SISTEM,G2,S1 Teknik Elektro/Teknik Listrik,1,S1,Rekrut 2025,Proteksi dan Kontrol,2,0.337
4740,2025,HOLDING,Pusat Pengatur Beban,,TECHNICIAN SCADA DAN MASTER STATION,TECHNICIAN,SCADA DAN MASTER STATION,G2,S1 Teknik Elektro/Teknik Listrik,1,S1,Rekrut 2025,Proteksi dan Kontrol,2,0.337
4741,2025,HOLDING,UIW Bangka Belitung,,OFFICER KINERJA JARINGAN DAN KONSTRUKSI DISTRIBUSI,OFFICER,KINERJA JARINGAN DAN KONSTRUKSI DISTRIBUSI,G2,S1 Teknik Elektro/Teknik Listrik,1,S1,Rekrut 2025,Distribusi,2,0.336
4742,2025,HOLDING,UIW Bangka Belitung,,TECHNICIAN PENGENDALIAN OPERASI DAN PEMELIHARAAN PUSAT LISTRIK,TECHNICIAN,PENGENDALIAN OPERASI DAN PEMELIHARAAN PUSAT LISTRIK,G2,S1 Teknik Mesin/Konversi Energi,1,S1,Rekrut 2025,Pembangkitan,2,0.336
4743,2025,HOLDING,PUSERTIF,,OFFICER PENGELOLAAN SERTIFIKASI SISTEM MANAJEMEN,OFFICER,PENGELOLAAN SERTIFIKASI SISTEM MANAJEMEN,G2,S1 Teknik Industri/Teknik Material,1,S1,Rekrut 2025,Perencanaan dan Kinerja,2,0.334
4744,2025,HOLDING,PUSERTIF,,TECHNICIAN PENGELOLAAN INSPEKSI SISTEM PEMBANGKIT,TECHNICIAN,PENGELOLAAN INSPEKSI SISTEM PEMBANGKIT,G2,S1 Teknik Mesin/Konversi Energi,1,S1,Rekrut 2025,Pembangkitan,2,0.334
4745,2025,HOLDING,PUSERTIF,,TECHNICIAN PENGELOLAAN KALIBRASI,TECHNICIAN,PENGELOLAAN KALIBRASI,G2,S1 Teknik Industri/Teknik Material,1,S1,Rekrut 2025,Perencanaan dan Kinerja,2,0.334
4746,2025,HOLDING,PUSMANPRO,,TECHNICIAN QUALITY ASSURANCE AND QUALITY CONTROL JARINGAN,TECHNICIAN,QUALITY ASSURANCE AND QUALITY CONTROL JARINGAN,G2,S1 Teknik Elektro/Teknik Listrik,1,S1,Rekrut 2025,Distribusi,2,0.333
4747,2025,HOLDING,UIP Sulawesi,,"OFFICER KEUANGAN, PERIZINAN, PERTANAHAN DAN UMUM",OFFICER,"KEUANGAN, PERIZINAN, PERTANAHAN DAN UMUM",G2,S1 Logistik/Supply Chain Management,1,S1,3T,Manajemen Konstruksi dan Pengadaan,2,0.331
4748,2025,HOLDING,UIP Sulawesi,,TECHNICIAN PROJECT SITE,TECHNICIAN,PROJECT SITE,G2,S1 Teknik Elektro/Teknik Listrik,1,S1,3T,Distribusi,2,0.331
4749,2025,HOLDING,UIW Maluku&Malut,,OFFICER KINERJA KEUANGAN DAN UMUM,OFFICER,KINERJA KEUANGAN DAN UMUM,G2,S1 Akuntansi/Administrasi Fiskal,1,S1,3T,Keuangan dan Akuntansi,2,1.483
4750,2025,HOLDING,UIW Maluku&Malut,,TECHNICIAN PDKB,TECHNICIAN,PDKB,G2,S1 Teknik Elektro/Teknik Listrik,1,S1,3T,Distribusi,2,1.483
4751,2025,HOLDING,UID Banten,,TECHNICIAN PDKB,TECHNICIAN,PDKB,G2,S1 Teknik Elektro/Teknik Listrik,1,S1,Rekrut 2025,Distribusi,2,1.478
4752,2025,HOLDING,UID Kalselteng,,TECHNICIAN PDKB,TECHNICIAN,PDKB,G2,S1 Teknik Elektro/Teknik Listrik,1,S1,3T,Distribusi,2,1.453
4753,2025,HOLDING,UID Bali,,OFFICER KINERJA DAN ADMINISTRASI LAYANAN PELANGGAN,OFFICER,KINERJA DAN ADMINISTRASI LAYANAN PELANGGAN,G2,S1 Manajemen Pemasaran/Digital Marketing Dan Analytics,1,S1,Rekrut 2025,Niaga dan Pemasaran,2,1.422
4754,2025,HOLDING,UIW Papua&Papua Barat,,TECHNICIAN PDKB,TECHNICIAN,PDKB,G2,S1 Teknik Elektro/Teknik Listrik,1,S1,3T,Distribusi,2,1.415
4755,2025,HOLDING,UIP JBTB,,OFFICER PENGENDALIAN PROYEK,OFFICER,PENGENDALIAN PROYEK,G2,S1 Logistik/Supply Chain Management,1,S1,Rekrut 2025,Manajemen Konstruksi dan Pengadaan,2,1.413
4756,2025,HOLDING,UIP3B Sulawesi,,TECHNICIAN PENGENDALIAN OPERASI DAN PEMELIHARAAN,TECHNICIAN,PENGENDALIAN OPERASI DAN PEMELIHARAAN,G2,S1 Teknik Elektro/Teknik Listrik,1,S1,3T,Distribusi,2,1.406
4757,2025,HOLDING,UID Kalbar,,OFFICER KINERJA DAN ADMINISTRASI LAYANAN PELANGGAN,OFFICER,KINERJA DAN ADMINISTRASI LAYANAN PELANGGAN,G2,S1 Manajemen Pemasaran/Digital Marketing Dan Analytics,1,S1,3T,Niaga dan Pemasaran,2,1.404
4758,2025,HOLDING,UID Jawa Timur,,TECHNICIAN PENGELOLAAN KONSTRUKSI,TECHNICIAN,PENGELOLAAN KONSTRUKSI,G2,S1 Logistik/Supply Chain Management,1,S1,Rekrut 2025,Manajemen Konstruksi dan Pengadaan,2,1.38
4759,2025,HOLDING,UID Jawa Barat,,TECHNICIAN TRANSAKSI ENERGI LAYANAN PELANGGAN,TECHNICIAN,TRANSAKSI ENERGI LAYANAN PELANGGAN,G2,S1 Teknik Elektro/Teknik Listrik,1,S1,Rekrut 2025,Distribusi,2,1.378
4760,2025,HOLDING,UID Banten,,OFFICER KINERJA JARINGAN DISTRIBUSI,OFFICER,KINERJA JARINGAN DISTRIBUSI,G2,S1 Teknik Elektro/Teknik Listrik,1,S1,Rekrut 2025,Distribusi,2,1.36
4761,2025,HOLDING,PUSERTIF,,TECHNICIAN PENGELOLAAN PENGUJIAN SISTEM PEMBANGKIT,TECHNICIAN,PENGELOLAAN PENGUJIAN SISTEM PEMBANGKIT,G2,S1 Teknik Mesin/Konversi Energi,1,S1,Rekrut 2025,Pembangkitan,2,1.336
4762,2025,HOLDING,UID Kalselteng,,OFFICER KINERJA DAN ADMINISTRASI LAYANAN PELANGGAN,OFFICER,KINERJA DAN ADMINISTRASI LAYANAN PELANGGAN,G2,S1 Manajemen Pemasaran/Digital Marketing Dan Analytics,1,S1,3T,Niaga dan Pemasaran,2,1.332
4763,2025,HOLDING,UIW Papua&Papua Barat,,TECHNICIAN KONSTRUKSI LISTRIK PERDESAAN,TECHNICIAN,KONSTRUKSI LISTRIK PERDESAAN,G2,S1 Teknik Elektro/Teknik Listrik,1,S1,3T,Distribusi,2,1.314
4764,2025,HOLDING,UID Jakarta Raya,,TECHNICIAN OPERASI DISTRIBUSI,TECHNICIAN,OPERASI DISTRIBUSI,G2,S1 Teknik Elektro/Teknik Listrik,1,S1,Rekrut 2025,Distribusi,2,1.297
4765,2025,HOLDING,UIT JBT,,OFFICER KINERJA KEUANGAN DAN UMUM,OFFICER,KINERJA KEUANGAN DAN UMUM,G2,S1 Akuntansi/Administrasi Fiskal,1,S1,Rekrut 2025,Keuangan dan Akuntansi,2,1.293
4766,2025,HOLDING,UID Sumut,,OFFICER KINERJA JARINGAN DAN KONSTRUKSI DISTRIBUSI,OFFICER,KINERJA JARINGAN DAN KONSTRUKSI DISTRIBUSI,G2,S1 Teknik Elektro/Teknik Listrik,1,S1,Rekrut 2025,Distribusi,2,1.274
4767,2025,HOLDING,UID Jawa Tengah & DIY,,OFFICER KINERJA JARINGAN DISTRIBUSI,OFFICER,KINERJA JARINGAN DISTRIBUSI,G2,S1 Teknik Elektro/Teknik Listrik,1,S1,Rekrut 2025,Distribusi,2,1.273
4768,2025,HOLDING,UID S2JB,,OFFICER KINERJA,OFFICER,KINERJA,G2,S1 Teknik Industri/Teknik Material,1,S1,3T,Perencanaan dan Kinerja,2,1.265
4769,2025,HOLDING,UIW Maluku&Malut,,OFFICER KINERJA JARINGAN DAN KONSTRUKSI DISTRIBUSI,OFFICER,KINERJA JARINGAN DAN KONSTRUKSI DISTRIBUSI,G2,S1 Teknik Elektro/Teknik Listrik,1,S1,3T,Distribusi,2,1.236
4770,2025,HOLDING,UIW Maluku&Malut,,TECHNICIAN OPERASI DISTRIBUSI,TECHNICIAN,OPERASI DISTRIBUSI,G2,S1 Teknik Elektro/Teknik Listrik,1,S1,3T,Distribusi,2,1.236
4771,2025,HOLDING,UIP Maluku dan Papua,,OFFICER PENGENDALIAN KONSTRUKSI,OFFICER,PENGENDALIAN KONSTRUKSI,G2,S1 Logistik/Supply Chain Management,1,S1,3T,Manajemen Konstruksi dan Pengadaan,2,1.223
4772,2025,HOLDING,UIT JBTB,,OFFICER KINERJA KEUANGAN DAN UMUM,OFFICER,KINERJA KEUANGAN DAN UMUM,G2,S1 Akuntansi/Administrasi Fiskal,1,S1,Rekrut 2025,Keuangan dan Akuntansi,2,1.219
4773,2025,HOLDING,PUSDIKLAT,,OFFICER KINERJA PELAKSANAAN PEMBELAJARAN,OFFICER,KINERJA PELAKSANAAN PEMBELAJARAN,G2,S1 Psikologi/Kepegawaian,1,S1,Rekrut 2025,Sumber Daya Manusia,2,1.218
4774,2025,HOLDING,UIW Papua&Papua Barat,,TECHNICIAN OPERASI DISTRIBUSI,TECHNICIAN,OPERASI DISTRIBUSI,G2,S1 Teknik Elektro/Teknik Listrik,1,S1,3T,Distribusi,2,1.213
4775,2025,HOLDING,UID Jawa Tengah & DIY,,OFFICER KINERJA,OFFICER,KINERJA,G2,S1 Teknik Industri/Teknik Material,1,S1,Rekrut 2025,Perencanaan dan Kinerja,2,1.203
4776,2025,HOLDING,P3B Sumatera,,OFFICER KEUANGAN DAN AKUNTANSI,OFFICER,KEUANGAN DAN AKUNTANSI,G2,S1 Akuntansi/Administrasi Fiskal,1,S1,Rekrut 2025,Keuangan dan Akuntansi,2,1.203
4777,2025,HOLDING,UID Sulselrabar,,TECHNICIAN PENGELOLAAN KONSTRUKSI DISTRIBUSI,TECHNICIAN,PENGELOLAAN KONSTRUKSI DISTRIBUSI,G2,S1 Teknik Elektro/Teknik Listrik,1,S1,3T,Distribusi,2,1.202
4778,2025,HOLDING,UID Riau & Kepri,,OFFICER KINERJA JARINGAN DAN KONSTRUKSI DISTRIBUSI,OFFICER,KINERJA JARINGAN DAN KONSTRUKSI DISTRIBUSI,G2,S1 Teknik Elektro/Teknik Listrik,1,S1,Rekrut 2025,Distribusi,2,1.189
4779,2025,HOLDING,UID Bali,,OFFICER LOGISTIK LAYANAN PELANGGAN,OFFICER,LOGISTIK LAYANAN PELANGGAN,G2,S1 Logistik/Supply Chain Management,1,S1,Rekrut 2025,Manajemen Konstruksi dan Pengadaan,2,1.185
4780,2025,HOLDING,UID Banten,,OFFICER KINERJA DAN ADMINISTRASI LAYANAN PELANGGAN,OFFICER,KINERJA DAN ADMINISTRASI LAYANAN PELANGGAN,G2,S1 Manajemen Pemasaran/Digital Marketing Dan Analytics,1,S1,Rekrut 2025,Niaga dan Pemasaran,2,1.183
4781,2025,HOLDING,UIW NusaTenggaraTimur,,TECHNICIAN PENGENDALIAN OPERASI DAN PEMELIHARAAN PUSAT LISTRIK,TECHNICIAN,PENGENDALIAN OPERASI DAN PEMELIHARAAN PUSAT LISTRIK,G2,S1 Teknik Mesin/Konversi Energi,1,S1,3T,Pembangkitan,2,1.181
4782,2025,HOLDING,UIT JBB,,JUNIOR TECHNICIAN PEMELIHARAAN JARINGAN TRANSMISI,JUNIOR TECHNICIAN,PEMELIHARAAN JARINGAN TRANSMISI,G1,D3 Teknik Elektro/Teknik Listrik,1,D3,Rekrut 2025,Transmisi dan Gardu Induk,1,1.173
4783,2025,HOLDING,UIT JBTB,,JUNIOR TECHNICIAN PDKB SUTT/SUTET,JUNIOR TECHNICIAN,PDKB SUTT/SUTET,G1,D3 Teknik Elektro/Teknik Listrik,1,D3,Rekrut 2025,Transmisi dan Gardu Induk,1,1.171
4784,2025,HOLDING,UID Kalselteng,,JUNIOR TECHNICIAN PENGATURAN OPERASI,JUNIOR TECHNICIAN,PENGATURAN OPERASI,G1,D3 Teknik Kimia/Teknik Lingkungan,1,D3,3T,Perencanaan Sistem,1,1.167
4785,2025,HOLDING,UID Banten,,JUNIOR OFFICER PELAYANAN PELANGGAN,JUNIOR OFFICER,PELAYANAN PELANGGAN,G1,D3 Manajemen Pemasaran/Digital Marketing Dan Analytics,1,D3,Rekrut 2025,Niaga dan Pemasaran,1,1.163
4786,2025,HOLDING,UID Banten,,JUNIOR TECHNICIAN OPERASI DISTRIBUSI,JUNIOR TECHNICIAN,OPERASI DISTRIBUSI,G1,D3 Teknik Elektro/Teknik Listrik,1,D3,Rekrut 2025,Distribusi,1,1.163
4787,2025,HOLDING,UID Banten,,JUNIOR TECHNICIAN PENGATURAN OPERASI,JUNIOR TECHNICIAN,PENGATURAN OPERASI,G1,D3 Teknik Kimia/Teknik Lingkungan,1,D3,Rekrut 2025,Perencanaan Sistem,1,1.163
4788,2025,HOLDING,UIW Maluku&Malut,,JUNIOR TECHNICIAN PDKB,JUNIOR TECHNICIAN,PDKB,G1,D3 Teknik Elektro/Teknik Listrik,1,D3,3T,Distribusi,1,1.153
4789,2025,HOLDING,UID Sumbar,,JUNIOR TECHNICIAN TRANSAKSI ENERGI LAYANAN PELANGGAN,JUNIOR TECHNICIAN,TRANSAKSI ENERGI LAYANAN PELANGGAN,G1,D3 Teknik Elektro/Teknik Listrik,1,D3,Rekrut 2025,Distribusi,1,1.152
4790,2025,HOLDING,UIP Sumatera Bag Utara,,JUNIOR TECHNICIAN KONSTRUKSI,JUNIOR TECHNICIAN,KONSTRUKSI,G1,D3 Logistik/Supply Chain Management,1,D3,Rekrut 2025,Manajemen Konstruksi dan Pengadaan,1,1.145
4791,2025,HOLDING,UID Bali,,JUNIOR OFFICER PELAYANAN PELANGGAN,JUNIOR OFFICER,PELAYANAN PELANGGAN,G1,D3 Manajemen Pemasaran/Digital Marketing Dan Analytics,1,D3,Rekrut 2025,Niaga dan Pemasaran,1,1.112
4792,2025,HOLDING,UID Jakarta Raya,,JUNIOR TECHNICIAN PENGENDALIAN SUSUT,JUNIOR TECHNICIAN,PENGENDALIAN SUSUT,G1,D3 Teknik Elektro/Teknik Listrik,1,D3,Rekrut 2025,Distribusi,1,1.095
4793,2025,HOLDING,UIW NusaTenggaraTimur,,JUNIOR TECHNICIAN TEKNIK LAYANAN PELANGGAN,JUNIOR TECHNICIAN,TEKNIK LAYANAN PELANGGAN,G1,D3 Teknik Elektro/Teknik Listrik,1,D3,3T,Distribusi,1,1.091
4794,2025,HOLDING,UID S2JB,,JUNIOR TECHNICIAN TEKNIK LAYANAN PELANGGAN,JUNIOR TECHNICIAN,TEKNIK LAYANAN PELANGGAN,G1,D3 Teknik Elektro/Teknik Listrik,1,D3,3T,Distribusi,1,1.049
4795,2025,HOLDING,UIT JBT,,JUNIOR TECHNICIAN PEMELIHARAAN GARDU INDUK,JUNIOR TECHNICIAN,PEMELIHARAAN GARDU INDUK,G1,D3 Teknik Elektro/Teknik Listrik,1,D3,Rekrut 2025,Transmisi dan Gardu Induk,1,1.017
4796,2025,HOLDING,Pusat Pengatur Beban,,JUNIOR TECHNICIAN TELEKOMUNIKASI,JUNIOR TECHNICIAN,TELEKOMUNIKASI,G1,D3 Teknik Elektro/Teknik Listrik,1,D3,Rekrut 2025,Proteksi dan Kontrol,1,1.012
4797,2025,HOLDING,UIP Kalimantan Bag Timur,,JUNIOR OFFICER ADMINISTRASI DAN UMUM,JUNIOR OFFICER,ADMINISTRASI DAN UMUM,G1,D3 Komunikasi/Hubungan Masyarakat,1,D3,3T,Komunikasi dan Umum,1,0.995
4798,2025,HOLDING,UID Jawa Tengah & DIY,,JUNIOR TECHNICIAN PENGATURAN OPERASI,JUNIOR TECHNICIAN,PENGATURAN OPERASI,G1,D3 Teknik Kimia/Teknik Lingkungan,1,D3,Rekrut 2025,Perencanaan Sistem,1,0.994
4799,2025,HOLDING,UID Kaltimra,,JUNIOR OFFICER PELAYANAN PELANGGAN,JUNIOR OFFICER,PELAYANAN PELANGGAN,G1,D3 Manajemen Pemasaran/Digital Marketing Dan Analytics,1,D3,3T,Niaga dan Pemasaran,1,0.961
4800,2025,HOLDING,UIP JBB,,JUNIOR OFFICER KEUANGAN,JUNIOR OFFICER,KEUANGAN,G1,D3 Akuntansi/Administrasi Fiskal,1,D3,Rekrut 2025,Keuangan dan Akuntansi,1,0.954
4801,2025,HOLDING,UIP JBB,,JUNIOR OFFICER PENGADAAN TANAH DAN PENGENDALIAN ROW,JUNIOR OFFICER,PENGADAAN TANAH DAN PENGENDALIAN ROW,G1,D3 Logistik/Supply Chain Management,1,D3,Rekrut 2025,Manajemen Konstruksi dan Pengadaan,1,0.954
4802,2025,HOLDING,UIP Nusa Tenggara,,JUNIOR TECHNICIAN TEKNIK ELEKTRIKAL,JUNIOR TECHNICIAN,TEKNIK ELEKTRIKAL,G1,D3 Teknik Elektro/Teknik Listrik,1,D3,3T,Distribusi,1,0.953
4803,2025,HOLDING,UID Jakarta Raya,,JUNIOR TECHNICIAN PENGATURAN OPERASI,JUNIOR TECHNICIAN,PENGATURAN OPERASI,G1,D3 Teknik Kimia/Teknik Lingkungan,1,D3,Rekrut 2025,Perencanaan Sistem,1,0.949
4804,2025,HOLDING,P3B Sumatera,,"JUNIOR TECHNICIAN PEMELIHARAAN PROTEKSI, METER, DAN OTOMASI TRANSMISI DAN GARDU INDUK",JUNIOR TECHNICIAN,"PEMELIHARAAN PROTEKSI, METER, DAN OTOMASI TRANSMISI DAN GARDU INDUK",G1,D3 Teknik Elektro/Teknik Listrik,1,D3,Rekrut 2025,Transmisi dan Gardu Induk,1,0.944
4805,2025,HOLDING,PUSDIKLAT,,JUNIOR OFFICER ADMINISTRASI UMUM,JUNIOR OFFICER,ADMINISTRASI UMUM,G1,D3 Komunikasi/Hubungan Masyarakat,1,D3,Rekrut 2025,Komunikasi dan Umum,1,0.939
4806,2025,HOLDING,PUSDIKLAT,,JUNIOR OFFICER KEUANGAN DAN AKUNTANSI,JUNIOR OFFICER,KEUANGAN DAN AKUNTANSI,G1,D3 Akuntansi/Administrasi Fiskal,1,D3,Rekrut 2025,Keuangan dan Akuntansi,1,0.939
4807,2025,HOLDING,PUSDIKLAT,,JUNIOR OFFICER PELAYANAN DAN FASILITAS TEKNOLOGI INFORMASI PEMBELAJARAN,JUNIOR OFFICER,PELAYANAN DAN FASILITAS TEKNOLOGI INFORMASI PEMBELAJARAN,G1,D3 Psikologi/Kepegawaian,1,D3,Rekrut 2025,Sumber Daya Manusia,1,0.939
4808,2025,HOLDING,UIP3B Kalimantan,,JUNIOR TECHNICIAN PEMELIHARAAN JARINGAN,JUNIOR TECHNICIAN,PEMELIHARAAN JARINGAN,G1,D3 Teknik Elektro/Teknik Listrik,1,D3,3T,Distribusi,1,0.938
4809,2025,HOLDING,UIW NusaTenggara Barat,,JUNIOR TECHNICIAN TEKNIK LAYANAN PELANGGAN,JUNIOR TECHNICIAN,TEKNIK LAYANAN PELANGGAN,G1,D3 Teknik Elektro/Teknik Listrik,1,D3,3T,Distribusi,1,0.934
4810,2025,HOLDING,P3B Sumatera,,JUNIOR TECHNICIAN PDKB GI/GITET,JUNIOR TECHNICIAN,PDKB GI/GITET,G1,D3 Teknik Elektro/Teknik Listrik,1,D3,Rekrut 2025,Transmisi dan Gardu Induk,1,0.921
4811,2025,HOLDING,UIP3B Kalimantan,,JUNIOR TECHNICIAN PEMELIHARAAN GARDU INDUK,JUNIOR TECHNICIAN,PEMELIHARAAN GARDU INDUK,G1,D3 Teknik Elektro/Teknik Listrik,1,D3,3T,Transmisi dan Gardu Induk,1,0.893
4812,2025,HOLDING,Pusat Pengatur Beban,,JUNIOR OFFICER ADMINISTRASI UMUM,JUNIOR OFFICER,ADMINISTRASI UMUM,G1,D3 Komunikasi/Hubungan Masyarakat,1,D3,Rekrut 2025,Komunikasi dan Umum,1,0.886
4813,2025,HOLDING,UIP JBT,,"JUNIOR OFFICER KESELAMATAN, KESEHATAN KERJA, LINGKUNGAN, DAN KEAMANAN",JUNIOR OFFICER,"KESELAMATAN, KESEHATAN KERJA, LINGKUNGAN, DAN KEAMANAN",G1,D3 Keselamatan Dan Kesehatan Kerja/Kesehatan Masyarakat K3,1,D3,Rekrut 2025,K3 dan Lingkungan,1,0.872
4814,2025,HOLDING,UIP Maluku dan Papua,,JUNIOR OFFICER ADMINISTRASI DAN UMUM,JUNIOR OFFICER,ADMINISTRASI DAN UMUM,G1,D3 Komunikasi/Hubungan Masyarakat,1,D3,3T,Komunikasi dan Umum,1,0.867
4815,2025,HOLDING,UID Kalbar,,JUNIOR TECHNICIAN PDKB,JUNIOR TECHNICIAN,PDKB,G1,D3 Teknik Elektro/Teknik Listrik,1,D3,3T,Distribusi,1,0.86
4816,2025,HOLDING,UIW NusaTenggara Barat,,JUNIOR TECHNICIAN OPERASI PUSAT LISTRIK,JUNIOR TECHNICIAN,OPERASI PUSAT LISTRIK,G1,D3 Teknik Mesin/Konversi Energi,1,D3,3T,Pembangkitan,1,0.858
4817,2025,HOLDING,UIT JBT,,JUNIOR TECHNICIAN PEMELIHARAAN JARINGAN TRANSMISI,JUNIOR TECHNICIAN,PEMELIHARAAN JARINGAN TRANSMISI,G1,D3 Teknik Elektro/Teknik Listrik,1,D3,Rekrut 2025,Transmisi dan Gardu Induk,1,0.851
4818,2025,HOLDING,UID Lampung,,JUNIOR OFFICER PELAYANAN PELANGGAN,JUNIOR OFFICER,PELAYANAN PELANGGAN,G1,D3 Manajemen Pemasaran/Digital Marketing Dan Analytics,1,D3,Rekrut 2025,Niaga dan Pemasaran,1,0.818
4819,2025,HOLDING,UIP3B Sulawesi,,JUNIOR TECHNICIAN PEMELIHARAAN GARDU INDUK,JUNIOR TECHNICIAN,PEMELIHARAAN GARDU INDUK,G1,D3 Teknik Elektro/Teknik Listrik,1,D3,3T,Transmisi dan Gardu Induk,1,0.817
4820,2025,HOLDING,UID S2JB,,JUNIOR TECHNICIAN PENGATURAN OPERASI,JUNIOR TECHNICIAN,PENGATURAN OPERASI,G1,D3 Teknik Kimia/Teknik Lingkungan,1,D3,3T,Perencanaan Sistem,1,0.816
4821,2025,HOLDING,UIW NusaTenggara Barat,,JUNIOR OFFICER PELAYANAN PELANGGAN,JUNIOR OFFICER,PELAYANAN PELANGGAN,G1,D3 Manajemen Pemasaran/Digital Marketing Dan Analytics,1,D3,3T,Niaga dan Pemasaran,1,0.808
4822,2025,HOLDING,UID Jawa Barat,,JUNIOR TECHNICIAN PENGATURAN OPERASI,JUNIOR TECHNICIAN,PENGATURAN OPERASI,G1,D3 Teknik Kimia/Teknik Lingkungan,1,D3,Rekrut 2025,Perencanaan Sistem,1,0.807
4823,2025,HOLDING,UID Jakarta Raya,,JUNIOR TECHNICIAN PENGENDALIAN KONSTRUKSI DISTRIBUSI,JUNIOR TECHNICIAN,PENGENDALIAN KONSTRUKSI DISTRIBUSI,G1,D3 Teknik Elektro/Teknik Listrik,1,D3,Rekrut 2025,Distribusi,1,0.803
4824,2025,HOLDING,UID Jakarta Raya,,JUNIOR TECHNICIAN PENYAMBUNGAN DAN PEMUTUSAN,JUNIOR TECHNICIAN,PENYAMBUNGAN DAN PEMUTUSAN,G1,D3 Teknik Elektro/Teknik Listrik,1,D3,Rekrut 2025,Distribusi,1,0.803
4825,2025,HOLDING,UIT JBTB,,JUNIOR TECHNICIAN PEMELIHARAAN JARINGAN TRANSMISI,JUNIOR TECHNICIAN,PEMELIHARAAN JARINGAN TRANSMISI,G1,D3 Teknik Elektro/Teknik Listrik,1,D3,Rekrut 2025,Transmisi dan Gardu Induk,1,0.798
4826,2025,HOLDING,UIW Maluku&Malut,,JUNIOR OFFICER PELAYANAN PELANGGAN,JUNIOR OFFICER,PELAYANAN PELANGGAN,G1,D3 Manajemen Pemasaran/Digital Marketing Dan Analytics,1,D3,3T,Niaga dan Pemasaran,1,0.798
4827,2025,HOLDING,UIP Kalimantan Bag Timur,,JUNIOR TECHNICIAN TEKNIK ELEKTRIKAL,JUNIOR TECHNICIAN,TEKNIK ELEKTRIKAL,G1,D3 Teknik Elektro/Teknik Listrik,1,D3,3T,Distribusi,1,0.796
4828,2025,HOLDING,UIW NusaTenggara Barat,,JUNIOR TECHNICIAN TRANSAKSI ENERGI LAYANAN PELANGGAN,JUNIOR TECHNICIAN,TRANSAKSI ENERGI LAYANAN PELANGGAN,G1,D3 Teknik Elektro/Teknik Listrik,1,D3,3T,Distribusi,1,0.783
4829,2025,HOLDING,UIW NusaTenggaraTimur,,JUNIOR TECHNICIAN TRANSAKSI ENERGI LAYANAN PELANGGAN,JUNIOR TECHNICIAN,TRANSAKSI ENERGI LAYANAN PELANGGAN,G1,D3 Teknik Elektro/Teknik Listrik,1,D3,3T,Distribusi,1,0.779
4830,2025,HOLDING,UIP Sumatera Bag Tengah,,JUNIOR OFFICER PERIZINAN,JUNIOR OFFICER,PERIZINAN,G1,D3 Komunikasi/Hubungan Masyarakat,1,D3,Rekrut 2025,Komunikasi dan Umum,1,0.752
4831,2025,HOLDING,UIW NusaTenggaraTimur,,JUNIOR OFFICER PELAYANAN PELANGGAN,JUNIOR OFFICER,PELAYANAN PELANGGAN,G1,D3 Manajemen Pemasaran/Digital Marketing Dan Analytics,1,D3,3T,Niaga dan Pemasaran,1,0.748
4832,2025,HOLDING,UID Suluttenggo,,JUNIOR OFFICER PELAYANAN PELANGGAN,JUNIOR OFFICER,PELAYANAN PELANGGAN,G1,D3 Manajemen Pemasaran/Digital Marketing Dan Analytics,1,D3,3T,Niaga dan Pemasaran,1,0.744
4833,2025,HOLDING,UIP Kalimantan Bag Barat,,JUNIOR OFFICER PENGADAAN TANAH DAN PENGENDALIAN ROW,JUNIOR OFFICER,PENGADAAN TANAH DAN PENGENDALIAN ROW,G1,D3 Logistik/Supply Chain Management,1,D3,3T,Manajemen Konstruksi dan Pengadaan,1,0.727
4834,2025,HOLDING,UIP Kalimantan Bag Barat,,JUNIOR TECHNICIAN TEKNIK ELEKTRIKAL,JUNIOR TECHNICIAN,TEKNIK ELEKTRIKAL,G1,D3 Teknik Elektro/Teknik Listrik,1,D3,3T,Distribusi,1,0.727
4835,2025,HOLDING,UIT JBT,,JUNIOR TECHNICIAN PDKB SUTT/SUTET,JUNIOR TECHNICIAN,PDKB SUTT/SUTET,G1,D3 Teknik Elektro/Teknik Listrik,1,D3,Rekrut 2025,Transmisi dan Gardu Induk,1,0.726
4836,2025,HOLDING,UIP Sulawesi,,JUNIOR OFFICER ADMINISTRASI DAN UMUM,JUNIOR OFFICER,ADMINISTRASI DAN UMUM,G1,D3 Komunikasi/Hubungan Masyarakat,1,D3,3T,Komunikasi dan Umum,1,0.722
4837,2025,HOLDING,UIT JBTB,,"JUNIOR TECHNICIAN PEMELIHARAAN PROTEKSI, METER, DAN OTOMASI TRANSMISI DAN GARDU INDUK",JUNIOR TECHNICIAN,"PEMELIHARAAN PROTEKSI, METER, DAN OTOMASI TRANSMISI DAN GARDU INDUK",G1,D3 Teknik Elektro/Teknik Listrik,1,D3,Rekrut 2025,Transmisi dan Gardu Induk,1,0.718
4838,2025,HOLDING,UID Riau & Kepri,,JUNIOR TECHNICIAN PENGATURAN OPERASI,JUNIOR TECHNICIAN,PENGATURAN OPERASI,G1,D3 Teknik Kimia/Teknik Lingkungan,1,D3,Rekrut 2025,Perencanaan Sistem,1,0.709
4839,2025,HOLDING,UIP Maluku dan Papua,,JUNIOR TECHNICIAN TEKNIK ELEKTRIKAL,JUNIOR TECHNICIAN,TEKNIK ELEKTRIKAL,G1,D3 Teknik Elektro/Teknik Listrik,1,D3,3T,Distribusi,1,0.709
4840,2025,HOLDING,UIP Sumatera Bag Selatan,,JUNIOR OFFICER PENGADAAN TANAH DAN PENGENDALIAN ROW,JUNIOR OFFICER,PENGADAAN TANAH DAN PENGENDALIAN ROW,G1,D3 Logistik/Supply Chain Management,1,D3,Rekrut 2025,Manajemen Konstruksi dan Pengadaan,1,0.691
4841,2025,HOLDING,UIT JBB,,JUNIOR TECHNICIAN PDKB SUTT/SUTET,JUNIOR TECHNICIAN,PDKB SUTT/SUTET,G1,D3 Teknik Elektro/Teknik Listrik,1,D3,Rekrut 2025,Transmisi dan Gardu Induk,1,0.69
4842,2025,HOLDING,UIW Papua&Papua Barat,,JUNIOR TECHNICIAN PDKB,JUNIOR TECHNICIAN,PDKB,G1,D3 Teknik Elektro/Teknik Listrik,1,D3,3T,Distribusi,1,0.687
4843,2025,HOLDING,UID Jakarta Raya,,JUNIOR TECHNICIAN PDKB,JUNIOR TECHNICIAN,PDKB,G1,D3 Teknik Elektro/Teknik Listrik,1,D3,Rekrut 2025,Distribusi,1,0.657
4844,2025,HOLDING,PUSERTIF,,JUNIOR TECHNICIAN PENGUJIAN ARUS TINGGI,JUNIOR TECHNICIAN,PENGUJIAN ARUS TINGGI,G1,D3 Teknik Elektro/Teknik Listrik,1,D3,Rekrut 2025,Distribusi,1,0.637
4845,2025,HOLDING,UID Lampung,,JUNIOR TECHNICIAN PENGATURAN OPERASI,JUNIOR TECHNICIAN,PENGATURAN OPERASI,G1,D3 Teknik Kimia/Teknik Lingkungan,1,D3,Rekrut 2025,Perencanaan Sistem,1,0.636
4846,2025,HOLDING,UID Lampung,,JUNIOR TECHNICIAN TEKNIK LAYANAN PELANGGAN,JUNIOR TECHNICIAN,TEKNIK LAYANAN PELANGGAN,G1,D3 Teknik Elektro/Teknik Listrik,1,D3,Rekrut 2025,Distribusi,1,0.636
4847,2025,HOLDING,UIP Nusa Tenggara,,JUNIOR OFFICER PENGADAAN TANAH DAN PENGENDALIAN ROW,JUNIOR OFFICER,PENGADAAN TANAH DAN PENGENDALIAN ROW,G1,D3 Logistik/Supply Chain Management,1,D3,3T,Manajemen Konstruksi dan Pengadaan,1,0.635
4848,2025,HOLDING,PUSHARLIS,,JUNIOR TECHNICIAN MEKANIKAL,JUNIOR TECHNICIAN,MEKANIKAL,G1,D3 Teknik Elektro/Teknik Listrik,1,D3,Rekrut 2025,Distribusi,1,0.633
4849,2025,HOLDING,Pusat Pengatur Beban,,JUNIOR TECHNICIAN OPERASI REAL TIME A,JUNIOR TECHNICIAN,OPERASI REAL TIME A,G1,D3 Teknik Elektro/Teknik Listrik,1,D3,Rekrut 2025,Distribusi,1,0.633
4850,2025,HOLDING,UIP Sumatera Bag Tengah,,JUNIOR OFFICER PENGADAAN TANAH DAN PENGENDALIAN ROW,JUNIOR OFFICER,PENGADAAN TANAH DAN PENGENDALIAN ROW,G1,D3 Logistik/Supply Chain Management,1,D3,Rekrut 2025,Manajemen Konstruksi dan Pengadaan,1,0.627
4851,2025,HOLDING,UID Suluttenggo,,JUNIOR TECHNICIAN PDKB,JUNIOR TECHNICIAN,PDKB,G1,D3 Teknik Elektro/Teknik Listrik,1,D3,3T,Distribusi,1,0.626
4852,2025,HOLDING,UIW NusaTenggaraTimur,,JUNIOR TECHNICIAN OPERASI DISTRIBUSI,JUNIOR TECHNICIAN,OPERASI DISTRIBUSI,G1,D3 Teknik Elektro/Teknik Listrik,1,D3,3T,Distribusi,1,0.623
4853,2025,HOLDING,UIW NusaTenggaraTimur,,JUNIOR TECHNICIAN PDKB,JUNIOR TECHNICIAN,PDKB,G1,D3 Teknik Elektro/Teknik Listrik,1,D3,3T,Distribusi,1,0.623
4854,2025,HOLDING,UID Sulselrabar,,JUNIOR TECHNICIAN PENGATURAN OPERASI,JUNIOR TECHNICIAN,PENGATURAN OPERASI,G1,D3 Teknik Kimia/Teknik Lingkungan,1,D3,3T,Perencanaan Sistem,1,0.61
4855,2025,HOLDING,UIP Kalimantan Bag Timur,,JUNIOR OFFICER PENGADAAN TANAH DAN PENGENDALIAN ROW,JUNIOR OFFICER,PENGADAAN TANAH DAN PENGENDALIAN ROW,G1,D3 Logistik/Supply Chain Management,1,D3,3T,Manajemen Konstruksi dan Pengadaan,1,0.597
4856,2025,HOLDING,UID Kalbar,,JUNIOR TECHNICIAN PENGATURAN OPERASI,JUNIOR TECHNICIAN,PENGATURAN OPERASI,G1,D3 Teknik Kimia/Teknik Lingkungan,1,D3,3T,Perencanaan Sistem,1,0.595
4857,2025,HOLDING,UID Jakarta Raya,,JUNIOR OFFICER ACCOUNT EXECUTIVE,JUNIOR OFFICER,ACCOUNT EXECUTIVE,G1,D3 Komunikasi/Hubungan Masyarakat,1,D3,Rekrut 2025,Komunikasi dan Umum,1,0.584
4858,2025,HOLDING,UID Jakarta Raya,,JUNIOR OFFICER ADMINISTRASI DAN PELAYANAN PELANGGAN,JUNIOR OFFICER,ADMINISTRASI DAN PELAYANAN PELANGGAN,G1,D3 Manajemen Pemasaran/Digital Marketing Dan Analytics,1,D3,Rekrut 2025,Niaga dan Pemasaran,1,0.584
4859,2025,HOLDING,UID Jakarta Raya,,JUNIOR OFFICER PENGELOLAAN PIUTANG,JUNIOR OFFICER,PENGELOLAAN PIUTANG,G1,D3 Teknik Industri/Teknik Material,1,D3,Rekrut 2025,Perencanaan dan Kinerja,1,0.584
4860,2025,HOLDING,UID Banten,,JUNIOR TECHNICIAN TEKNIK LAYANAN PELANGGAN,JUNIOR TECHNICIAN,TEKNIK LAYANAN PELANGGAN,G1,D3 Teknik Elektro/Teknik Listrik,1,D3,Rekrut 2025,Distribusi,1,0.581
4861,2025,HOLDING,UID Sumbar,,JUNIOR TECHNICIAN PDKB,JUNIOR TECHNICIAN,PDKB,G1,D3 Teknik Elektro/Teknik Listrik,1,D3,Rekrut 2025,Distribusi,1,0.576
4862,2025,HOLDING,UID Kaltimra,,JUNIOR TECHNICIAN PENGATURAN OPERASI,JUNIOR TECHNICIAN,PENGATURAN OPERASI,G1,D3 Teknik Kimia/Teknik Lingkungan,1,D3,3T,Perencanaan Sistem,1,0.568
4863,2025,HOLDING,UID Bali,,JUNIOR TECHNICIAN PENGATURAN OPERASI,JUNIOR TECHNICIAN,PENGATURAN OPERASI,G1,D3 Teknik Kimia/Teknik Lingkungan,1,D3,Rekrut 2025,Perencanaan Sistem,1,0.556
4864,2025,HOLDING,UID Lampung,,JUNIOR TECHNICIAN PDKB,JUNIOR TECHNICIAN,PDKB,G1,D3 Teknik Elektro/Teknik Listrik,1,D3,Rekrut 2025,Distribusi,1,0.545
4865,2025,HOLDING,UIP Sumatera Bag Utara,,JUNIOR OFFICER PENGADAAN TANAH DAN PENGENDALIAN ROW,JUNIOR OFFICER,PENGADAAN TANAH DAN PENGENDALIAN ROW,G1,D3 Logistik/Supply Chain Management,1,D3,Rekrut 2025,Manajemen Konstruksi dan Pengadaan,1,0.539
4866,2025,HOLDING,UIW Maluku&Malut,,JUNIOR TECHNICIAN PEMELIHARAAN PUSAT LISTRIK,JUNIOR TECHNICIAN,PEMELIHARAAN PUSAT LISTRIK,G1,D3 Teknik Mesin/Konversi Energi,1,D3,3T,Pembangkitan,1,0.532
4867,2025,HOLDING,UIW Bangka Belitung,,JUNIOR TECHNICIAN PDKB,JUNIOR TECHNICIAN,PDKB,G1,D3 Teknik Elektro/Teknik Listrik,1,D3,Rekrut 2025,Distribusi,1,0.528
4868,2025,HOLDING,UIP3B Sulawesi,,JUNIOR TECHNICIAN PDKB SUTT/SUTET,JUNIOR TECHNICIAN,PDKB SUTT/SUTET,G1,D3 Teknik Elektro/Teknik Listrik,1,D3,3T,Transmisi dan Gardu Induk,1,0.527
4869,2025,HOLDING,UID Jakarta Raya,,"JUNIOR OFFICER KESELAMATAN, KESEHATAN KERJA, LINGKUNGAN DAN KEAMANAN",JUNIOR OFFICER,"KESELAMATAN, KESEHATAN KERJA, LINGKUNGAN DAN KEAMANAN",G1,D3 Keselamatan Dan Kesehatan Kerja/Kesehatan Masyarakat K3,1,D3,Rekrut 2025,K3 dan Lingkungan,1,0.511
4870,2025,HOLDING,UID Jakarta Raya,,JUNIOR OFFICER LOGISTIK,JUNIOR OFFICER,LOGISTIK,G1,D3 Logistik/Supply Chain Management,1,D3,Rekrut 2025,Manajemen Konstruksi dan Pengadaan,1,0.511
4871,2025,HOLDING,UID Jakarta Raya,,JUNIOR OFFICER PEMBACAAN METER,JUNIOR OFFICER,PEMBACAAN METER,G1,D3 Teknik Elektro/Teknik Listrik,1,D3,Rekrut 2025,Distribusi,1,0.511
4872,2025,HOLDING,UID Jakarta Raya,,JUNIOR TECHNICIAN PEMELIHARAAN DISTRIBUSI,JUNIOR TECHNICIAN,PEMELIHARAAN DISTRIBUSI,G1,D3 Teknik Elektro/Teknik Listrik,1,D3,Rekrut 2025,Distribusi,1,0.511
4873,2025,HOLDING,PUSHARLIS,,JUNIOR OFFICER ADMINISTRASI UMUM,JUNIOR OFFICER,ADMINISTRASI UMUM,G1,D3 Komunikasi/Hubungan Masyarakat,1,D3,Rekrut 2025,Komunikasi dan Umum,1,0.507
4874,2025,HOLDING,Pusat Pengatur Beban,,JUNIOR TECHNICIAN DATA DISTURBANCE FAULT RECORDER (DFR) DAN PHASOR MEASUREMENT UNIT (PMU),JUNIOR TECHNICIAN,DATA DISTURBANCE FAULT RECORDER (DFR) DAN PHASOR MEASUREMENT UNIT (PMU),G1,D3 Data Science/Teknik Informatika,1,D3,Rekrut 2025,Teknologi Informasi,1,0.506
4875,2025,HOLDING,Pusat Pengatur Beban,,JUNIOR TECHNICIAN OPERASI REAL TIME C,JUNIOR TECHNICIAN,OPERASI REAL TIME C,G1,D3 Teknik Elektro/Teknik Listrik,1,D3,Rekrut 2025,Distribusi,1,0.506
4876,2025,HOLDING,UIK Tanjung Jati B,,JUNIOR OFFICER ADMINISTRASI DAN UMUM,JUNIOR OFFICER,ADMINISTRASI DAN UMUM,G1,D3 Komunikasi/Hubungan Masyarakat,1,D3,Rekrut 2025,Komunikasi dan Umum,1,0.504
4877,2025,HOLDING,UIK Tanjung Jati B,,JUNIOR OFFICER KESELAMATAN DAN KESEHATAN KERJA,JUNIOR OFFICER,KESELAMATAN DAN KESEHATAN KERJA,G1,D3 Keselamatan Dan Kesehatan Kerja/Kesehatan Masyarakat K3,1,D3,Rekrut 2025,K3 dan Lingkungan,1,0.504
4878,2025,HOLDING,UIP3B Sulawesi,,"JUNIOR TECHNICIAN PEMELIHARAAN PROTEKSI, METER, DAN OTOMASI",JUNIOR TECHNICIAN,"PEMELIHARAAN PROTEKSI, METER, DAN OTOMASI",G1,D3 Teknik Elektro/Teknik Listrik,1,D3,3T,Proteksi dan Kontrol,1,0.501
4879,2025,HOLDING,UIT JBT,,"JUNIOR TECHNICIAN PEMELIHARAAN PROTEKSI, METER, DAN OTOMASI TRANSMISI DAN GARDU INDUK",JUNIOR TECHNICIAN,"PEMELIHARAAN PROTEKSI, METER, DAN OTOMASI TRANSMISI DAN GARDU INDUK",G1,D3 Teknik Elektro/Teknik Listrik,1,D3,Rekrut 2025,Transmisi dan Gardu Induk,1,0.498
4880,2025,HOLDING,UID Sumbar,,JUNIOR TECHNICIAN PENGATURAN OPERASI,JUNIOR TECHNICIAN,PENGATURAN OPERASI,G1,D3 Teknik Kimia/Teknik Lingkungan,1,D3,Rekrut 2025,Perencanaan Sistem,1,0.494
4881,2025,HOLDING,UID Kaltimra,,JUNIOR TECHNICIAN PDKB,JUNIOR TECHNICIAN,PDKB,G1,D3 Teknik Elektro/Teknik Listrik,1,D3,3T,Distribusi,1,0.481
4882,2025,HOLDING,UIP JBB,,JUNIOR OFFICER LOGISTIK,JUNIOR OFFICER,LOGISTIK,G1,D3 Logistik/Supply Chain Management,1,D3,Rekrut 2025,Manajemen Konstruksi dan Pengadaan,1,0.477
4883,2025,HOLDING,UIP Maluku dan Papua,,JUNIOR OFFICER PENGADAAN TANAH DAN PENGENDALIAN ROW,JUNIOR OFFICER,PENGADAAN TANAH DAN PENGENDALIAN ROW,G1,D3 Logistik/Supply Chain Management,1,D3,3T,Manajemen Konstruksi dan Pengadaan,1,0.473
4884,2025,HOLDING,UID Banten,,JUNIOR TECHNICIAN TRANSAKSI ENERGI LAYANAN PELANGGAN,JUNIOR TECHNICIAN,TRANSAKSI ENERGI LAYANAN PELANGGAN,G1,D3 Teknik Elektro/Teknik Listrik,1,D3,Rekrut 2025,Distribusi,1,0.465
4885,2025,HOLDING,UIT JBT,,JUNIOR OFFICER ADMINISTRASI UMUM,JUNIOR OFFICER,ADMINISTRASI UMUM,G1,D3 Komunikasi/Hubungan Masyarakat,1,D3,Rekrut 2025,Komunikasi dan Umum,1,0.457
4886,2025,HOLDING,UIT JBB,,JUNIOR TECHNICIAN PDKB GI/GITET,JUNIOR TECHNICIAN,PDKB GI/GITET,G1,D3 Teknik Elektro/Teknik Listrik,1,D3,Rekrut 2025,Transmisi dan Gardu Induk,1,0.449
4887,2025,HOLDING,UID Aceh,,JUNIOR TECHNICIAN PENGATURAN OPERASI,JUNIOR TECHNICIAN,PENGATURAN OPERASI,G1,D3 Teknik Kimia/Teknik Lingkungan,1,D3,3T,Perencanaan Sistem,1,0.448
4888,2025,HOLDING,UIW Maluku&Malut,,JUNIOR TECHNICIAN OPERASI DISTRIBUSI,JUNIOR TECHNICIAN,OPERASI DISTRIBUSI,G1,D3 Teknik Elektro/Teknik Listrik,1,D3,3T,Distribusi,1,0.444
4889,2025,HOLDING,UIW Maluku&Malut,,JUNIOR TECHNICIAN PEMELIHARAAN JARINGAN TRANSMISI DAN GARDU INDUK,JUNIOR TECHNICIAN,PEMELIHARAAN JARINGAN TRANSMISI DAN GARDU INDUK,G1,D3 Teknik Elektro/Teknik Listrik,1,D3,3T,Transmisi dan Gardu Induk,1,0.444
4890,2025,HOLDING,UIP JBT,,JUNIOR OFFICER KEUANGAN,JUNIOR OFFICER,KEUANGAN,G1,D3 Akuntansi/Administrasi Fiskal,1,D3,Rekrut 2025,Keuangan dan Akuntansi,1,0.436
4891,2025,HOLDING,UIP JBT,,JUNIOR OFFICER PENGADAAN TANAH DAN PENGENDALIAN ROW,JUNIOR OFFICER,PENGADAAN TANAH DAN PENGENDALIAN ROW,G1,D3 Logistik/Supply Chain Management,1,D3,Rekrut 2025,Manajemen Konstruksi dan Pengadaan,1,0.436
4892,2025,HOLDING,UIW NusaTenggaraTimur,,JUNIOR TECHNICIAN PEMELIHARAAN JARINGAN TRANSMISI,JUNIOR TECHNICIAN,PEMELIHARAAN JARINGAN TRANSMISI,G1,D3 Teknik Elektro/Teknik Listrik,1,D3,3T,Transmisi dan Gardu Induk,1,0.436
4893,2025,HOLDING,UIP Sulawesi,,JUNIOR OFFICER PENGADAAN TANAH DAN PENGENDALIAN ROW,JUNIOR OFFICER,PENGADAAN TANAH DAN PENGENDALIAN ROW,G1,D3 Logistik/Supply Chain Management,1,D3,3T,Manajemen Konstruksi dan Pengadaan,1,0.433
4894,2025,HOLDING,UIP Sulawesi,,JUNIOR TECHNICIAN PROYEK,JUNIOR TECHNICIAN,PROYEK,G1,D3 Logistik/Supply Chain Management,1,D3,3T,Manajemen Konstruksi dan Pengadaan,1,0.433
4895,2025,HOLDING,UIP Sulawesi,,JUNIOR TECHNICIAN TEKNIK ELEKTRIKAL,JUNIOR TECHNICIAN,TEKNIK ELEKTRIKAL,G1,D3 Teknik Elektro/Teknik Listrik,1,D3,3T,Distribusi,1,0.433
4896,2025,HOLDING,UIT JBTB,,JUNIOR TECHNICIAN PDKB GI/GITET,JUNIOR TECHNICIAN,PDKB GI/GITET,G1,D3 Teknik Elektro/Teknik Listrik,1,D3,Rekrut 2025,Transmisi dan Gardu Induk,1,0.426
4897,2025,HOLDING,UID Bali,,JUNIOR TECHNICIAN TRANSAKSI ENERGI LAYANAN PELANGGAN,JUNIOR TECHNICIAN,TRANSAKSI ENERGI LAYANAN PELANGGAN,G1,D3 Teknik Elektro/Teknik Listrik,1,D3,Rekrut 2025,Distribusi,1,0.417
4898,2025,HOLDING,UIT JBT,,JUNIOR TECHNICIAN PDKB GI/GITET,JUNIOR TECHNICIAN,PDKB GI/GITET,G1,D3 Teknik Elektro/Teknik Listrik,1,D3,Rekrut 2025,Transmisi dan Gardu Induk,1,0.415
4899,2025,HOLDING,P3B Sumatera,,JUNIOR TECHNICIAN PDKB SUTT/SUTET,JUNIOR TECHNICIAN,PDKB SUTT/SUTET,G1,D3 Teknik Elektro/Teknik Listrik,1,D3,Rekrut 2025,Transmisi dan Gardu Induk,1,1.582
4900,2025,HOLDING,UID Riau & Kepri,,JUNIOR OFFICER PELAYANAN PELANGGAN,JUNIOR OFFICER,PELAYANAN PELANGGAN,G1,D3 Manajemen Pemasaran/Digital Marketing Dan Analytics,1,D3,Rekrut 2025,Niaga dan Pemasaran,1,1.57
4901,2025,HOLDING,UID Sumbar,,JUNIOR TECHNICIAN TEKNIK LAYANAN PELANGGAN,JUNIOR TECHNICIAN,TEKNIK LAYANAN PELANGGAN,G1,D3 Teknik Elektro/Teknik Listrik,1,D3,Rekrut 2025,Distribusi,1,1.563
4902,2025,HOLDING,UID Sulselrabar,,JUNIOR TECHNICIAN PDKB,JUNIOR TECHNICIAN,PDKB,G1,D3 Teknik Elektro/Teknik Listrik,1,D3,3T,Distribusi,1,1.525
4903,2025,HOLDING,UID S2JB,,JUNIOR OFFICER PELAYANAN PELANGGAN,JUNIOR OFFICER,PELAYANAN PELANGGAN,G1,D3 Manajemen Pemasaran/Digital Marketing Dan Analytics,1,D3,3T,Niaga dan Pemasaran,1,1.516
4904,2025,HOLDING,Kantor Pusat,,JUNIOR OFFICER ADMINISTRASI MANAJEMEN DIGITAL,JUNIOR OFFICER,ADMINISTRASI MANAJEMEN DIGITAL,G1,D3 Data Science/Teknik Informatika,1,D3,Rekrut 2025,Teknologi Informasi,1,1.506
4905,2025,HOLDING,Kantor Pusat,,JUNIOR OFFICER ADMINISTRASI STRATEGI HUMAN CAPITAL,JUNIOR OFFICER,ADMINISTRASI STRATEGI HUMAN CAPITAL,G1,D3 Psikologi/Kepegawaian,1,D3,Rekrut 2025,Sumber Daya Manusia,1,1.506
4906,2025,HOLDING,Kantor Pusat,,JUNIOR OFFICER DANA PENSIUN DAN JAMINAN SOSIAL,JUNIOR OFFICER,DANA PENSIUN DAN JAMINAN SOSIAL,G1,D3 Komunikasi/Hubungan Masyarakat,1,D3,Rekrut 2025,Komunikasi dan Umum,1,1.506
4907,2025,HOLDING,Kantor Pusat,,JUNIOR OFFICER HUBUNGAN PEMERINTAHAN,JUNIOR OFFICER,HUBUNGAN PEMERINTAHAN,G1,D3 Komunikasi/Hubungan Masyarakat,1,D3,Rekrut 2025,Komunikasi dan Umum,1,1.506
4908,2025,HOLDING,Kantor Pusat,,JUNIOR OFFICER PELAYANAN HUMAN CAPITAL BALIKPAPAN,JUNIOR OFFICER,PELAYANAN HUMAN CAPITAL BALIKPAPAN,G1,D3 Psikologi/Kepegawaian,1,D3,Rekrut 2025,Sumber Daya Manusia,1,1.506
4909,2025,HOLDING,Kantor Pusat,,JUNIOR OFFICER PELAYANAN HUMAN CAPITAL BANJARBARU,JUNIOR OFFICER,PELAYANAN HUMAN CAPITAL BANJARBARU,G1,D3 Psikologi/Kepegawaian,1,D3,Rekrut 2025,Sumber Daya Manusia,1,1.506
4910,2025,HOLDING,Kantor Pusat,,JUNIOR OFFICER PELAYANAN HUMAN CAPITAL DEPOK,JUNIOR OFFICER,PELAYANAN HUMAN CAPITAL DEPOK,G1,D3 Psikologi/Kepegawaian,1,D3,Rekrut 2025,Sumber Daya Manusia,1,1.506
4911,2025,HOLDING,Kantor Pusat,,JUNIOR OFFICER PELAYANAN HUMAN CAPITAL KANTOR PUSAT,JUNIOR OFFICER,PELAYANAN HUMAN CAPITAL KANTOR PUSAT,G1,D3 Psikologi/Kepegawaian,1,D3,Rekrut 2025,Sumber Daya Manusia,1,1.506
4912,2025,HOLDING,Kantor Pusat,,JUNIOR OFFICER PELAYANAN HUMAN CAPITAL KUPANG,JUNIOR OFFICER,PELAYANAN HUMAN CAPITAL KUPANG,G1,D3 Psikologi/Kepegawaian,1,D3,Rekrut 2025,Sumber Daya Manusia,1,1.506
4913,2025,HOLDING,Kantor Pusat,,JUNIOR OFFICER PELAYANAN HUMAN CAPITAL MAKASSAR,JUNIOR OFFICER,PELAYANAN HUMAN CAPITAL MAKASSAR,G1,D3 Psikologi/Kepegawaian,1,D3,Rekrut 2025,Sumber Daya Manusia,1,1.506
4914,2025,HOLDING,Kantor Pusat,,JUNIOR OFFICER PELAYANAN HUMAN CAPITAL PADANG,JUNIOR OFFICER,PELAYANAN HUMAN CAPITAL PADANG,G1,D3 Psikologi/Kepegawaian,1,D3,Rekrut 2025,Sumber Daya Manusia,1,1.506
4915,2025,HOLDING,Kantor Pusat,,JUNIOR OFFICER PELAYANAN HUMAN CAPITAL PALEMBANG,JUNIOR OFFICER,PELAYANAN HUMAN CAPITAL PALEMBANG,G1,D3 Psikologi/Kepegawaian,1,D3,Rekrut 2025,Sumber Daya Manusia,1,1.506
4916,2025,HOLDING,Kantor Pusat,,JUNIOR OFFICER PELAYANAN HUMAN CAPITAL PEKANBARU,JUNIOR OFFICER,PELAYANAN HUMAN CAPITAL PEKANBARU,G1,D3 Psikologi/Kepegawaian,1,D3,Rekrut 2025,Sumber Daya Manusia,1,1.506
4917,2025,HOLDING,Kantor Pusat,,JUNIOR OFFICER PELAYANAN HUMAN CAPITAL PONTIANAK,JUNIOR OFFICER,PELAYANAN HUMAN CAPITAL PONTIANAK,G1,D3 Psikologi/Kepegawaian,1,D3,Rekrut 2025,Sumber Daya Manusia,1,1.506
4918,2025,HOLDING,Kantor Pusat,,JUNIOR OFFICER PEMBAYARAN UNIT,JUNIOR OFFICER,PEMBAYARAN UNIT,G1,D3 Komunikasi/Hubungan Masyarakat,1,D3,Rekrut 2025,Komunikasi dan Umum,1,1.506
4919,2025,HOLDING,Kantor Pusat,,JUNIOR OFFICER PENGELOLAAN KENDARAAN,JUNIOR OFFICER,PENGELOLAAN KENDARAAN,G1,D3 Teknik Industri/Teknik Material,1,D3,Rekrut 2025,Perencanaan dan Kinerja,1,1.506
4920,2025,HOLDING,Kantor Pusat,,JUNIOR OFFICER PENYETORAN PAJAK,JUNIOR OFFICER,PENYETORAN PAJAK,G1,D3 Akuntansi/Administrasi Fiskal,1,D3,Rekrut 2025,Keuangan dan Akuntansi,1,1.506
4921,2025,HOLDING,Kantor Pusat,,JUNIOR OFFICER PRIVATE OFFICE,JUNIOR OFFICER,PRIVATE OFFICE,G1,D3 Komunikasi/Hubungan Masyarakat,1,D3,Rekrut 2025,Komunikasi dan Umum,1,1.506
4922,2025,HOLDING,Kantor Pusat,,JUNIOR OFFICER VERIFIKASI ENERGI PRIMER,JUNIOR OFFICER,VERIFIKASI ENERGI PRIMER,G1,D3 Teknik Mesin/Konversi Energi,1,D3,Rekrut 2025,Pembangkitan,1,1.506
4923,2025,HOLDING,UID Riau & Kepri,,JUNIOR TECHNICIAN TEKNIK LAYANAN PELANGGAN,JUNIOR TECHNICIAN,TEKNIK LAYANAN PELANGGAN,G1,D3 Teknik Elektro/Teknik Listrik,1,D3,Rekrut 2025,Distribusi,1,1.469
4924,2025,HOLDING,UID Kalbar,,JUNIOR TECHNICIAN TRANSAKSI ENERGI LAYANAN PELANGGAN,JUNIOR TECHNICIAN,TRANSAKSI ENERGI LAYANAN PELANGGAN,G1,D3 Teknik Elektro/Teknik Listrik,1,D3,3T,Distribusi,1,1.455
4925,2025,HOLDING,UIT JBB,,"JUNIOR TECHNICIAN PEMELIHARAAN PROTEKSI, METER, DAN OTOMASI TRANSMISI DAN GARDU INDUK",JUNIOR TECHNICIAN,"PEMELIHARAAN PROTEKSI, METER, DAN OTOMASI TRANSMISI DAN GARDU INDUK",G1,D3 Teknik Elektro/Teknik Listrik,1,D3,Rekrut 2025,Transmisi dan Gardu Induk,1,1.449
4926,2025,HOLDING,UIP JBB,,JUNIOR OFFICER ADMINISTRASI DAN UMUM,JUNIOR OFFICER,ADMINISTRASI DAN UMUM,G1,D3 Komunikasi/Hubungan Masyarakat,1,D3,Rekrut 2025,Komunikasi dan Umum,1,1.431
4927,2025,HOLDING,UID Banten,,JUNIOR TECHNICIAN PDKB,JUNIOR TECHNICIAN,PDKB,G1,D3 Teknik Elektro/Teknik Listrik,1,D3,Rekrut 2025,Distribusi,1,1.395
4928,2025,HOLDING,UID Bali,,JUNIOR TECHNICIAN TEKNIK LAYANAN PELANGGAN,JUNIOR TECHNICIAN,TEKNIK LAYANAN PELANGGAN,G1,D3 Teknik Elektro/Teknik Listrik,1,D3,Rekrut 2025,Distribusi,1,1.39
4929,2025,HOLDING,UID Aceh,,JUNIOR TECHNICIAN TRANSAKSI ENERGI LAYANAN PELANGGAN,JUNIOR TECHNICIAN,TRANSAKSI ENERGI LAYANAN PELANGGAN,G1,D3 Teknik Elektro/Teknik Listrik,1,D3,3T,Distribusi,1,1.384
4930,2025,HOLDING,UIW Papua&Papua Barat,,JUNIOR TECHNICIAN OPERASI PUSAT LISTRIK,JUNIOR TECHNICIAN,OPERASI PUSAT LISTRIK,G1,D3 Teknik Mesin/Konversi Energi,1,D3,3T,Pembangkitan,1,1.374
4931,2025,HOLDING,UID Kalselteng,,JUNIOR OFFICER PELAYANAN PELANGGAN,JUNIOR OFFICER,PELAYANAN PELANGGAN,G1,D3 Manajemen Pemasaran/Digital Marketing Dan Analytics,1,D3,3T,Niaga dan Pemasaran,1,1.361
4932,2025,HOLDING,UID Sumbar,,JUNIOR OFFICER PELAYANAN PELANGGAN,JUNIOR OFFICER,PELAYANAN PELANGGAN,G1,D3 Manajemen Pemasaran/Digital Marketing Dan Analytics,1,D3,Rekrut 2025,Niaga dan Pemasaran,1,1.357
4933,2025,HOLDING,UID Kaltimra,,JUNIOR TECHNICIAN TEKNIK LAYANAN PELANGGAN,JUNIOR TECHNICIAN,TEKNIK LAYANAN PELANGGAN,G1,D3 Teknik Elektro/Teknik Listrik,1,D3,3T,Distribusi,1,1.354
4934,2025,HOLDING,UID Aceh,,JUNIOR OFFICER PELAYANAN PELANGGAN,JUNIOR OFFICER,PELAYANAN PELANGGAN,G1,D3 Manajemen Pemasaran/Digital Marketing Dan Analytics,1,D3,3T,Niaga dan Pemasaran,1,1.343
4935,2025,HOLDING,UIT JBTB,,JUNIOR TECHNICIAN PEMELIHARAAN GARDU INDUK,JUNIOR TECHNICIAN,PEMELIHARAAN GARDU INDUK,G1,D3 Teknik Elektro/Teknik Listrik,1,D3,Rekrut 2025,Transmisi dan Gardu Induk,1,1.331
4936,2025,HOLDING,UID Riau & Kepri,,JUNIOR TECHNICIAN TRANSAKSI ENERGI LAYANAN PELANGGAN,JUNIOR TECHNICIAN,TRANSAKSI ENERGI LAYANAN PELANGGAN,G1,D3 Teknik Elektro/Teknik Listrik,1,D3,Rekrut 2025,Distribusi,1,1.317
4937,2025,HOLDING,UID Kaltimra,,JUNIOR TECHNICIAN TRANSAKSI ENERGI LAYANAN PELANGGAN,JUNIOR TECHNICIAN,TRANSAKSI ENERGI LAYANAN PELANGGAN,G1,D3 Teknik Elektro/Teknik Listrik,1,D3,3T,Distribusi,1,1.31
4938,2025,HOLDING,P3B Sumatera,,JUNIOR TECHNICIAN PEMELIHARAAN GARDU INDUK,JUNIOR TECHNICIAN,PEMELIHARAAN GARDU INDUK,G1,D3 Teknik Elektro/Teknik Listrik,1,D3,Rekrut 2025,Transmisi dan Gardu Induk,1,1.299
4939,2025,HOLDING,UID Kalselteng,,JUNIOR TECHNICIAN PDKB,JUNIOR TECHNICIAN,PDKB,G1,D3 Teknik Elektro/Teknik Listrik,1,D3,3T,Distribusi,1,1.296
4940,2025,HOLDING,UID S2JB,,JUNIOR TECHNICIAN TRANSAKSI ENERGI LAYANAN PELANGGAN,JUNIOR TECHNICIAN,TRANSAKSI ENERGI LAYANAN PELANGGAN,G1,D3 Teknik Elektro/Teknik Listrik,1,D3,3T,Distribusi,1,1.283
4941,2025,HOLDING,UID Sulselrabar,,JUNIOR OFFICER PELAYANAN PELANGGAN,JUNIOR OFFICER,PELAYANAN PELANGGAN,G1,D3 Manajemen Pemasaran/Digital Marketing Dan Analytics,1,D3,3T,Niaga dan Pemasaran,1,1.271
4942,2025,HOLDING,UID Jawa Timur,,SENIOR OFFICER PERFORMANCE ASSISTANT TO MANAGER,SENIOR OFFICER,PERFORMANCE ASSISTANT TO MANAGER,G3,S2 Komunikasi/Hubungan Masyarakat,1,S2,Rekrut 2025,Komunikasi dan Umum,3,0.764
4943,2025,HOLDING,UID Jawa Tengah & DIY,,SENIOR OFFICER PERFORMANCE ASSISTANT TO MANAGER,SENIOR OFFICER,PERFORMANCE ASSISTANT TO MANAGER,G3,S2 Komunikasi/Hubungan Masyarakat,1,S2,Rekrut 2025,Komunikasi dan Umum,3,0.672
4944,2025,HOLDING,UID Jakarta Raya,,SENIOR OFFICER PERFORMANCE ASSISTANT TO MANAGER,SENIOR OFFICER,PERFORMANCE ASSISTANT TO MANAGER,G3,S2 Komunikasi/Hubungan Masyarakat,1,S2,Rekrut 2025,Komunikasi dan Umum,3,0.644
4945,2025,HOLDING,P3B Sumatera,,SENIOR OFFICER PERFORMANCE ASSISTANT TO MANAGER,SENIOR OFFICER,PERFORMANCE ASSISTANT TO MANAGER,G3,S2 Komunikasi/Hubungan Masyarakat,1,S2,Rekrut 2025,Komunikasi dan Umum,3,0.617
4946,2025,HOLDING,UID Jawa Barat,,SENIOR OFFICER PERFORMANCE ASSISTANT to MANAGER,SENIOR OFFICER,PERFORMANCE ASSISTANT to MANAGER,G3,S2 Komunikasi/Hubungan Masyarakat,1,S2,Rekrut 2025,Komunikasi dan Umum,3,0.61
4947,2025,HOLDING,UIW Maluku&Malut,,SENIOR OFFICER PERFORMANCE ASSISTANT TO MANAGER,SENIOR OFFICER,PERFORMANCE ASSISTANT TO MANAGER,G3,S2 Komunikasi/Hubungan Masyarakat,1,S2,3T,Komunikasi dan Umum,3,0.595
4948,2025,HOLDING,UIT JBB,,SENIOR OFFICER PERFORMANCE ASSISTANT TO MANAGER,SENIOR OFFICER,PERFORMANCE ASSISTANT TO MANAGER,G3,S2 Komunikasi/Hubungan Masyarakat,1,S2,Rekrut 2025,Komunikasi dan Umum,3,0.482
4949,2025,HOLDING,UIT JBT,,SENIOR OFFICER PERFORMANCE ASSISTANT TO MANAGER,SENIOR OFFICER,PERFORMANCE ASSISTANT TO MANAGER,G3,S2 Komunikasi/Hubungan Masyarakat,1,S2,Rekrut 2025,Komunikasi dan Umum,3,0.419
4950,2025,HOLDING,UIT JBTB,,SENIOR OFFICER PERFORMANCE ASSISTANT TO MANAGER,SENIOR OFFICER,PERFORMANCE ASSISTANT TO MANAGER,G3,S2 Komunikasi/Hubungan Masyarakat,1,S2,Rekrut 2025,Komunikasi dan Umum,3,0.4
4951,2025,HOLDING,UID Kalselteng,,SENIOR OFFICER PERFORMANCE ASSISTANT TO MANAGER,SENIOR OFFICER,PERFORMANCE ASSISTANT TO MANAGER,G3,S2 Komunikasi/Hubungan Masyarakat,1,S2,3T,Komunikasi dan Umum,3,0.395
4952,2025,HOLDING,UIP Maluku dan Papua,,SENIOR OFFICER PERFORMANCE ASSISTANT TO MANAGER,SENIOR OFFICER,PERFORMANCE ASSISTANT TO MANAGER,G3,S2 Komunikasi/Hubungan Masyarakat,1,S2,3T,Komunikasi dan Umum,3,0.378
4953,2025,HOLDING,UID Jawa Barat,,SENIOR OFFICER PERFORMANCE ASSISTANT TO MANAGER,SENIOR OFFICER,PERFORMANCE ASSISTANT TO MANAGER,G3,S2 Komunikasi/Hubungan Masyarakat,1,S2,Rekrut 2025,Komunikasi dan Umum,3,0.375
4954,2025,HOLDING,UID Jawa Timur,,SENIOR OFFICER PERFORMANCE ASSISTANT to MANAGER,SENIOR OFFICER,PERFORMANCE ASSISTANT to MANAGER,G3,S2 Komunikasi/Hubungan Masyarakat,1,S2,Rekrut 2025,Komunikasi dan Umum,3,0.356
4955,2025,HOLDING,Kantor Pusat,,SENIOR OFFICER VERIFIKASI,SENIOR OFFICER,VERIFIKASI,G3,S2 Akuntansi/Administrasi Fiskal,1,S2,Rekrut 2025,Keuangan dan Akuntansi,3,0.351
4956,2025,HOLDING,UID Jawa Timur,,SENIOR OFFICER KINERJA DAN ADMINISTRASI LAYANAN PELANGGAN,SENIOR OFFICER,KINERJA DAN ADMINISTRASI LAYANAN PELANGGAN,G3,S2 Manajemen Pemasaran/Digital Marketing Dan Analytics,1,S2,Rekrut 2025,Niaga dan Pemasaran,3,0.351
4957,2025,HOLDING,UID Banten,,SENIOR OFFICER PERFORMANCE ASSISTANT TO MANAGER,SENIOR OFFICER,PERFORMANCE ASSISTANT TO MANAGER,G3,S2 Komunikasi/Hubungan Masyarakat,1,S2,Rekrut 2025,Komunikasi dan Umum,3,0.35
4958,2025,HOLDING,UID Kalbar,,SENIOR OFFICER PERFORMANCE ASSISTANT TO MANAGER,SENIOR OFFICER,PERFORMANCE ASSISTANT TO MANAGER,G3,S2 Komunikasi/Hubungan Masyarakat,1,S2,3T,Komunikasi dan Umum,3,0.346
4959,2025,HOLDING,UID Sumut,,SENIOR OFFICER PERFORMANCE ASSISTANT TO MANAGER,SENIOR OFFICER,PERFORMANCE ASSISTANT TO MANAGER,G3,S2 Komunikasi/Hubungan Masyarakat,1,S2,Rekrut 2025,Komunikasi dan Umum,3,0.34
4960,2025,HOLDING,UID S2JB,,SENIOR OFFICER PERFORMANCE ASSISTANT TO MANAGER,SENIOR OFFICER,PERFORMANCE ASSISTANT TO MANAGER,G3,S2 Komunikasi/Hubungan Masyarakat,1,S2,3T,Komunikasi dan Umum,3,0.325
4961,2025,HOLDING,UIT JBT,,SENIOR OFFICER KINERJA DAN ADMINISTRASI TRANSMISI DAN GARDU INDUK,SENIOR OFFICER,KINERJA DAN ADMINISTRASI TRANSMISI DAN GARDU INDUK,G3,S2 Teknik Elektro/Teknik Listrik,1,S2,Rekrut 2025,Transmisi dan Gardu Induk,3,0.319
4962,2025,HOLDING,UIP3B Kalimantan,,SENIOR OFFICER PERFORMANCE ASSISTANT TO MANAGER,SENIOR OFFICER,PERFORMANCE ASSISTANT TO MANAGER,G3,S2 Komunikasi/Hubungan Masyarakat,1,S2,3T,Komunikasi dan Umum,3,0.3
4963,2025,HOLDING,UIW Papua&Papua Barat,,SENIOR OFFICER PERFORMANCE ASSISTANT TO MANAGER,SENIOR OFFICER,PERFORMANCE ASSISTANT TO MANAGER,G3,S2 Komunikasi/Hubungan Masyarakat,1,S2,3T,Komunikasi dan Umum,3,0.284
4964,2025,HOLDING,PUSMANPRO,,SENIOR OFFICER PERFORMANCE ASSISTANT TO MANAGER,SENIOR OFFICER,PERFORMANCE ASSISTANT TO MANAGER,G3,S2 Komunikasi/Hubungan Masyarakat,1,S2,Rekrut 2025,Komunikasi dan Umum,3,0.252
4965,2025,HOLDING,P3B Sumatera,,SENIOR OFFICER KINERJA KONSTRUKSI DAN PENYALURAN,SENIOR OFFICER,KINERJA KONSTRUKSI DAN PENYALURAN,G3,S2 Teknik Elektro/Teknik Listrik,1,S2,Rekrut 2025,Transmisi dan Gardu Induk,3,0.222
4966,2025,HOLDING,Pusat Pengatur Beban,,SENIOR OFFICER PERFORMANCE ASSISTANT TO MANAGER,SENIOR OFFICER,PERFORMANCE ASSISTANT TO MANAGER,G3,S2 Komunikasi/Hubungan Masyarakat,1,S2,Rekrut 2025,Komunikasi dan Umum,3,0.212
4967,2025,HOLDING,UID Bali,,SENIOR OFFICER PERFORMANCE ASSISTANT TO MANAGER,SENIOR OFFICER,PERFORMANCE ASSISTANT TO MANAGER,G3,S2 Komunikasi/Hubungan Masyarakat,1,S2,Rekrut 2025,Komunikasi dan Umum,3,0.187
4968,2025,HOLDING,UID Aceh,,SENIOR OFFICER PERFORMANCE ASSISTANT TO MANAGER,SENIOR OFFICER,PERFORMANCE ASSISTANT TO MANAGER,G3,S2 Komunikasi/Hubungan Masyarakat,1,S2,3T,Komunikasi dan Umum,3,0.186
4969,2025,HOLDING,UIW NusaTenggaraTimur,,SENIOR OFFICER PERFORMANCE ASSISTANT TO MANAGER,SENIOR OFFICER,PERFORMANCE ASSISTANT TO MANAGER,G3,S2 Komunikasi/Hubungan Masyarakat,1,S2,3T,Komunikasi dan Umum,3,0.184
4970,2025,HOLDING,UID Jawa Barat,,SENIOR OFFICER KINERJA DAN ADMINISTRASI LAYANAN PELANGGAN,SENIOR OFFICER,KINERJA DAN ADMINISTRASI LAYANAN PELANGGAN,G3,S2 Manajemen Pemasaran/Digital Marketing Dan Analytics,1,S2,Rekrut 2025,Niaga dan Pemasaran,3,0.183
4971,2025,HOLDING,UID Sulselrabar,,SENIOR OFFICER PERFORMANCE ASSISTANT TO MANAGER,SENIOR OFFICER,PERFORMANCE ASSISTANT TO MANAGER,G3,S2 Komunikasi/Hubungan Masyarakat,1,S2,3T,Komunikasi dan Umum,3,0.174
4972,2025,HOLDING,UIT JBB,,SENIOR OFFICER KINERJA DAN ADMINISTRASI TRANSMISI DAN GARDU INDUK,SENIOR OFFICER,KINERJA DAN ADMINISTRASI TRANSMISI DAN GARDU INDUK,G3,S2 Teknik Elektro/Teknik Listrik,1,S2,Rekrut 2025,Transmisi dan Gardu Induk,3,0.167
4973,2025,HOLDING,UIW Maluku&Malut,,SENIOR OFFICER KINERJA JARINGAN DAN KONSTRUKSI DISTRIBUSI,SENIOR OFFICER,KINERJA JARINGAN DAN KONSTRUKSI DISTRIBUSI,G3,S2 Teknik Elektro/Teknik Listrik,1,S2,3T,Distribusi,3,0.165
4974,2025,HOLDING,UID Sumbar,,SENIOR OFFICER PERFORMANCE ASSISTANT TO MANAGER,SENIOR OFFICER,PERFORMANCE ASSISTANT TO MANAGER,G3,S2 Komunikasi/Hubungan Masyarakat,1,S2,Rekrut 2025,Komunikasi dan Umum,3,0.163
4975,2025,HOLDING,UID Kaltimra,,SENIOR OFFICER PERFORMANCE ASSISTANT TO MANAGER,SENIOR OFFICER,PERFORMANCE ASSISTANT TO MANAGER,G3,S2 Komunikasi/Hubungan Masyarakat,1,S2,3T,Komunikasi dan Umum,3,0.157
